#VRML V2.0 utf8
# 3D model generated by easyeda2kicad.py (https://github.com/uPesy/easyeda2kicad.py)

Shape{
    appearance Appearance {
        material  Material 	{
            diffuseColor 0.20784313725490197 0.20784313725490197 0.20784313725490197
            specularColor 0.01568627450980392 0.01568627450980392 0.01568627450980392
            ambientIntensity 0.298
            transparency 0.0
            shininess 0.5
        }
    }
    geometry IndexedFaceSet {
        ccw TRUE
        solid FALSE
        coord DEF co Coordinate {
            point [
                0.1685 0.0655 0.0079, 0.1879 0.0633 0.0079, 0.126 -0.0823 0.0079, 0.1032 -0.1134 0.0079, 0.1032 0.3346 0.0079, 0.1224 -0.0804 0.0079, 0.1224 -0.102 0.0079, 0.1434 -0.1106 0.0079, 0.1633 -0.1134 0.0079, 1.0039 0.4331 0.0079, 1.0433 0.4331 0.0079, 1.063 0.4134 0.0079, 1.1614 0.4134 0.0079, 1.1614 0.3819 0.0079, 1.0906 0.3622 0.0079, 1.0906 0.2913 0.0079, 1.0039 0.3346 0.0079, 1.4366 0.2874 0.0079, 1.3465 0.2874 0.0079, 1.2795 0.3543 0.0079, 0.3865 -0.1122 0.0079, 0.1882 -0.1134 0.0079, 0.2857 -0.1122 0.0079, 0.2009 -0.1121 0.0079, 0.2199 -0.1055 0.0079, 1.437 -0.1134 0.0079, 0.2026 0.058 0.0079, 0.2163 0.0489 0.0079, 0.2282 0.0357 0.0079, 0.2425 -0.0158 0.0079, 0.2405 -0.0372 0.0079, 0.2351 -0.0541 0.0079, 0.1913 -0.0909 0.0079, 0.173 -0.093 0.0079, 0.2057 -0.0856 0.0079, 0.2177 -0.0775 0.0079, 0.227 -0.0677 0.0079, 0.1468 -0.0901 0.0079, 0.2585 0.0329 0.0079, 0.2469 0.0513 0.0079, 0.3601 0.0847 0.0079, 0.1446 0.0624 0.0079, 0.1224 0.0529 0.0079, 0.1224 0.0793 0.0079, 1.1417 0.3622 0.0079, 1.1468 0.3629 0.0079, 1.1516 0.3648 0.0079, 0.2363 0.0205 0.0079, 0.2415 -0.0005 0.0079, 1.1607 0.3768 0.0079, 1.1588 0.372 0.0079, 1.1557 0.368 0.0079, 1.2795 0.4134 0.0079, 1.437 0.4134 0.0079, 1.4366 0.2087 0.0079, 1.3138 0.2087 0.0079, 1.2312 0.2913 0.0079, 0.2358 -0.0954 0.0079, 0.2506 -0.0798 0.0079, 0.2857 -0.0906 0.0079, 0.261 -0.0611 0.0079, 0.3601 -0.0906 0.0079, 0.2291 0.0684 0.0079, 0.2104 0.0791 0.0079, 0.1885 0.0855 0.0079, 0.267 -0.0403 0.0079, 0.2689 -0.0175 0.0079, 0.266 0.0105 0.0079, 0.1688 0.0871 0.0079, 0.1452 0.0855 0.0079, 1.2795 -0.3543 0.0079, 1.3465 -0.2874 0.0079, 1.4366 -0.2874 0.0079, 1.063 -0.4134 0.0079, 1.0433 -0.4331 0.0079, 1.0039 -0.4331 0.0079, 0.3865 0.0847 0.0079, 0.1766 -0.1146 0.0079, 1.2312 -0.2913 0.0079, 1.0906 -0.2913 0.0079, 1.3138 -0.2087 0.0079, 1.4366 -0.2087 0.0079, 1.2795 -0.4134 0.0079, 1.437 -0.4134 0.0079, 0.1712 -0.1145 0.0079, 1.0906 -0.3622 0.0079, 1.1417 -0.3622 0.0079, 1.1614 -0.3819 0.0079, 1.1468 -0.3629 0.0079, 1.1516 -0.3648 0.0079, 1.1557 -0.368 0.0079, 1.1588 -0.372 0.0079, 1.1607 -0.3768 0.0079, -0.06 -0.1122 0.0079, -0.0216 -0.0906 0.0079, -0.0216 -0.1122 0.0079, -0.2329 -0.1122 0.0079, -0.2086 -0.0582 0.0079, -0.1973 -0.0758 0.0079, -1.437 0.4134 0.0079, -1.2795 0.4134 0.0079, -1.2795 0.3543 0.0079, 0.0576 0.0631 0.0079, 0.0576 -0.0017 0.0079, -0.0168 0.0631 0.0079, -0.012 -0.0017 0.0079, -0.012 -0.0233 0.0079, 0.0576 -0.0233 0.0079, 0.0576 -0.0906 0.0079, -0.1811 -0.0913 0.0079, -0.1606 -0.1033 0.0079, -0.1379 -0.11 0.0079, -0.0168 0.0847 0.0079, -0.06 0.0847 0.0079, -1.2312 0.2913 0.0079, -1.0906 0.2913 0.0079, -1.3138 0.2087 0.0079, -1.4366 0.2087 0.0079, -0.1156 0.0847 0.0079, -1.1614 0.3819 0.0079, -1.1614 0.4134 0.0079, -1.063 0.4134 0.0079, -0.3073 0.0847 0.0079, -0.3337 0.0847 0.0079, -0.4105 -0.1122 0.0079, -1.0906 0.3622 0.0079, -1.0039 0.4331 0.0079, -1.0039 0.3346 0.0079, 0.084 0.0847 0.0079, 0.084 -0.1122 0.0079, -0.1135 -0.1122 0.0079, -0.3817 -0.1122 0.0079, -1.437 -0.1134 0.0079, -1.4366 0.2874 0.0079, -1.3465 0.2874 0.0079, -0.1887 0.059 0.0079, -0.2026 0.0436 0.0079, -0.2117 0.0267 0.0079, -1.1468 0.3629 0.0079, -1.1516 0.3648 0.0079, -0.3618 -0.057 0.0079, -0.2805 -0.057 0.0079, -0.2617 -0.1122 0.0079, -0.144 0.0816 0.0079, -0.167 0.0736 0.0079, -0.1885 0.0592 0.0079, -0.217 0.0073 0.0079, -0.2185 -0.0113 0.0079, -0.2157 -0.0376 0.0079, -1.0433 0.4331 0.0079, -1.1417 0.3622 0.0079, -1.1557 0.368 0.0079, -1.1588 0.372 0.0079, -1.1607 0.3768 0.0079, -1.0039 -0.4331 0.0079, -1.0433 -0.4331 0.0079, -1.063 -0.4134 0.0079, -1.1614 -0.4134 0.0079, -1.1614 -0.3819 0.0079, -1.2312 -0.2913 0.0079, -1.3138 -0.2087 0.0079, -1.0906 -0.2913 0.0079, -1.3465 -0.2874 0.0079, -1.2795 -0.3543 0.0079, -1.4366 -0.2874 0.0079, -1.2795 -0.4134 0.0079, -1.0039 -0.3346 0.0079, -1.0906 -0.3622 0.0079, -1.1417 -0.3622 0.0079, -1.1468 -0.3629 0.0079, -1.1516 -0.3648 0.0079, 0.1032 -0.3346 0.0079, 1.0039 -0.3346 0.0079, 1.1614 -0.4134 0.0079, -1.1607 -0.3768 0.0079, -1.1588 -0.372 0.0079, -1.1557 -0.368 0.0079, -1.4366 -0.2087 0.0079, -1.437 -0.4134 0.0079, 1.2795 -0.4134 0.0394, 1.063 -0.4134 0.2638, 1.437 -0.4134 0.3031, 1.063 -0.4134 0.3031, 1.1614 -0.4134 0.0394, -1.2795 0.4134 0.0394, -1.063 0.4134 0.2638, -1.437 0.4134 0.3031, -1.063 0.4134 0.3031, -1.1614 0.4134 0.0394, -1.0512 0.2835 0.1063, -1.063 0.2953 0.1063, -1.2992 0.2953 0.1063, -1.0512 -0.2835 0.1063, -0.8957 -0.2835 0.1063, -0.8957 -0.1654 0.1063, -1.252 0.0787 0.1063, -1.2992 0.1575 0.1063, -1.2992 -0.2953 0.1063, -1.063 -0.2953 0.1063, -1.2992 -0.1575 0.1063, -1.252 -0.0787 0.1063, -0.8957 0.1654 0.1063, -0.8957 0.2835 0.1063, -1.0236 0.1654 0.1063, -1.0433 0.1457 0.1063, -1.0433 -0.1457 0.1063, -1.0236 -0.1654 0.1063, -1.0512 -0.2835 0.2638, -0.8957 -0.2835 0.2638, -1.0236 -0.1654 0.2638, -0.8957 -0.1654 0.2638, -0.8366 -0.2835 0.1063, -0.7382 -0.2835 0.1063, -0.8366 -0.1654 0.1063, -0.7382 -0.1654 0.1063, -0.8366 -0.2835 0.2638, -0.7382 -0.2835 0.2638, -0.8366 -0.1654 0.2638, -0.7382 -0.1654 0.2638, -0.6791 -0.2835 0.1063, -0.5807 -0.2835 0.1063, -0.6791 -0.1654 0.1063, -0.5807 -0.1654 0.1063, -0.6791 -0.2835 0.2638, -0.5807 -0.2835 0.2638, -0.6791 -0.1654 0.2638, -0.5807 -0.1654 0.2638, -0.5217 -0.2835 0.1063, -0.4232 -0.2835 0.1063, -0.5217 -0.1654 0.1063, -0.4232 -0.1654 0.1063, -0.5217 -0.2835 0.2638, -0.4232 -0.2835 0.2638, -0.5217 -0.1654 0.2638, -0.4232 -0.1654 0.2638, -0.3642 -0.2835 0.1063, -0.2657 -0.2835 0.1063, -0.3642 -0.1654 0.1063, -0.2657 -0.1654 0.1063, -0.3642 -0.2835 0.2638, -0.2657 -0.2835 0.2638, -0.3642 -0.1654 0.2638, -0.2657 -0.1654 0.2638, -0.2067 -0.2835 0.1063, -0.1083 -0.2835 0.1063, -0.2067 -0.1654 0.1063, -0.1083 -0.1654 0.1063, -0.2067 -0.2835 0.2638, -0.1083 -0.2835 0.2638, -0.2067 -0.1654 0.2638, -0.1083 -0.1654 0.2638, -0.0492 -0.2835 0.1063, 0.0492 -0.2835 0.1063, -0.0492 -0.1654 0.1063, 0.0492 -0.1654 0.1063, -0.0492 -0.2835 0.2638, 0.0492 -0.2835 0.2638, -0.0492 -0.1654 0.2638, 0.0492 -0.1654 0.2638, 0.1083 -0.2835 0.1063, 0.2067 -0.2835 0.1063, 0.1083 -0.1654 0.1063, 0.2067 -0.1654 0.1063, 0.1083 -0.2835 0.2638, 0.2067 -0.2835 0.2638, 0.1083 -0.1654 0.2638, 0.2067 -0.1654 0.2638, 0.2657 -0.2835 0.1063, 0.3642 -0.2835 0.1063, 0.2657 -0.1654 0.1063, 0.3642 -0.1654 0.1063, 0.2657 -0.2835 0.2638, 0.3642 -0.2835 0.2638, 0.2657 -0.1654 0.2638, 0.3642 -0.1654 0.2638, 0.4232 -0.2835 0.1063, 0.5217 -0.2835 0.1063, 0.4232 -0.1654 0.1063, 0.5217 -0.1654 0.1063, 0.4232 -0.2835 0.2638, 0.5217 -0.2835 0.2638, 0.4232 -0.1654 0.2638, 0.5217 -0.1654 0.2638, 0.5807 -0.2835 0.1063, 0.6791 -0.2835 0.1063, 0.5807 -0.1654 0.1063, 0.6791 -0.1654 0.1063, 0.5807 -0.2835 0.2638, 0.6791 -0.2835 0.2638, 0.5807 -0.1654 0.2638, 0.6791 -0.1654 0.2638, 0.7382 -0.2835 0.1063, 0.8366 -0.2835 0.1063, 0.7382 -0.1654 0.1063, 0.8366 -0.1654 0.1063, 0.7382 -0.2835 0.2638, 0.8366 -0.2835 0.2638, 0.7382 -0.1654 0.2638, 0.8366 -0.1654 0.2638, -0.8957 0.2835 0.2638, -1.0512 0.2835 0.2638, -1.0236 0.1654 0.2638, -0.8957 0.1654 0.2638, 1.0236 -0.1654 0.1063, 0.8957 -0.1654 0.1063, 0.8957 -0.2835 0.1063, 0.8957 0.2835 0.1063, 0.8957 0.1654 0.1063, 1.0512 0.2835 0.1063, 1.0236 0.1654 0.1063, 1.0433 0.1457 0.1063, 1.2992 0.2953 0.1063, 1.063 0.2953 0.1063, 1.2992 -0.2953 0.1063, 1.0433 -0.1457 0.1063, 1.063 -0.2953 0.1063, 1.0512 -0.2835 0.1063, 1.2992 0.1575 0.1063, 1.252 0.0787 0.1063, 1.252 -0.0787 0.1063, 1.2992 -0.1575 0.1063, -0.7382 0.2835 0.1063, -0.7382 0.2835 0.2638, -0.8366 0.2835 0.1063, -0.8366 0.2835 0.2638, -0.8366 0.1654 0.2638, -0.7382 0.1654 0.2638, -0.8366 0.1654 0.1063, -0.7382 0.1654 0.1063, -0.5807 0.2835 0.1063, -0.5807 0.2835 0.2638, -0.6791 0.2835 0.1063, -0.6791 0.2835 0.2638, -0.6791 0.1654 0.2638, -0.5807 0.1654 0.2638, -0.6791 0.1654 0.1063, -0.5807 0.1654 0.1063, -0.4232 0.2835 0.1063, -0.4232 0.2835 0.2638, -0.5217 0.2835 0.1063, -0.5217 0.2835 0.2638, -0.5217 0.1654 0.2638, -0.4232 0.1654 0.2638, -0.5217 0.1654 0.1063, -0.4232 0.1654 0.1063, -0.2657 0.2835 0.1063, -0.2657 0.2835 0.2638, -0.3642 0.2835 0.1063, -0.3642 0.2835 0.2638, -0.3642 0.1654 0.2638, -0.2657 0.1654 0.2638, -0.3642 0.1654 0.1063, -0.2657 0.1654 0.1063, -0.1083 0.2835 0.1063, -0.1083 0.2835 0.2638, -0.2067 0.2835 0.1063, -0.2067 0.2835 0.2638, -0.2067 0.1654 0.2638, -0.1083 0.1654 0.2638, -0.2067 0.1654 0.1063, -0.1083 0.1654 0.1063, 0.0492 0.2835 0.1063, 0.0492 0.2835 0.2638, -0.0492 0.2835 0.1063, -0.0492 0.2835 0.2638, -0.0492 0.1654 0.2638, 0.0492 0.1654 0.2638, -0.0492 0.1654 0.1063, 0.0492 0.1654 0.1063, 0.2067 0.2835 0.1063, 0.2067 0.2835 0.2638, 0.1083 0.2835 0.1063, 0.1083 0.2835 0.2638, 0.1083 0.1654 0.2638, 0.2067 0.1654 0.2638, 0.1083 0.1654 0.1063, 0.2067 0.1654 0.1063, 0.3642 0.2835 0.1063, 0.3642 0.2835 0.2638, 0.2657 0.2835 0.1063, 0.2657 0.2835 0.2638, 0.2657 0.1654 0.2638, 0.3642 0.1654 0.2638, 0.2657 0.1654 0.1063, 0.3642 0.1654 0.1063, 0.5217 0.2835 0.1063, 0.5217 0.2835 0.2638, 0.4232 0.2835 0.1063, 0.4232 0.2835 0.2638, 0.4232 0.1654 0.2638, 0.5217 0.1654 0.2638, 0.4232 0.1654 0.1063, 0.5217 0.1654 0.1063, 0.6791 0.2835 0.1063, 0.6791 0.2835 0.2638, 0.5807 0.2835 0.1063, 0.5807 0.2835 0.2638, 0.5807 0.1654 0.2638, 0.6791 0.1654 0.2638, 0.5807 0.1654 0.1063, 0.6791 0.1654 0.1063, 0.8366 0.2835 0.1063, 0.8366 0.2835 0.2638, 0.7382 0.2835 0.1063, 0.7382 0.2835 0.2638, 0.7382 0.1654 0.2638, 0.8366 0.1654 0.2638, 0.7382 0.1654 0.1063, 0.8366 0.1654 0.1063, 0.9498 0.4331 0.0866, 1.0433 0.4331 0.2638, 1.0039 0.4331 0.0866, 0.7874 0.4331 0.0866, 0.6299 0.4331 0.0866, 0.4724 0.4331 0.0866, -0.1575 0.4331 0.0866, -1.0433 0.4331 0.2638, 0.0 0.4331 0.0866, 0.315 0.4331 0.0866, -0.315 0.4331 0.0866, -0.4724 0.4331 0.0866, -0.6299 0.4331 0.0866, -1.0039 0.4331 0.0866, -0.7874 0.4331 0.0866, 1.2992 -0.1575 0.2441, 1.2992 -0.2953 0.2441, 1.3189 -0.1575 0.2638, 1.3583 -0.3543 0.3031, 1.3583 -0.1575 0.3031, 1.3583 0.1575 0.3031, 1.3583 0.3543 0.3031, 1.3189 0.1575 0.2638, 1.2992 0.2953 0.2441, 1.2992 0.1575 0.2441, 1.437 0.1575 0.3031, 1.437 0.4134 0.3031, 1.063 0.3543 0.3031, 1.063 0.4134 0.3031, 1.063 -0.3543 0.3031, 1.437 -0.1575 0.3031, 1.437 -0.1575 0.2638, 1.437 0.1575 0.2638, -1.2992 0.1575 0.2441, -1.2992 0.2953 0.2441, -1.3189 0.1575 0.2638, -1.3583 0.3543 0.3031, -1.3583 0.1575 0.3031, -1.3583 -0.1575 0.3031, -1.437 -0.1575 0.3031, -1.3583 -0.3543 0.3031, -1.437 -0.4134 0.3031, -1.063 -0.3543 0.3031, -1.063 -0.4134 0.3031, -1.063 -0.2953 0.2441, -1.2992 -0.2953 0.2441, -1.063 -0.315 0.2638, 1.063 -0.315 0.2638, 1.063 -0.2953 0.2441, -1.063 0.3543 0.3031, -1.437 0.1575 0.3031, -1.063 0.2953 0.2441, -1.063 0.315 0.2638, -1.437 0.1575 0.2638, -1.437 -0.1575 0.2638, -0.9498 -0.4331 0.0866, -1.0433 -0.4331 0.2638, -1.0039 -0.4331 0.0866, -0.7874 -0.4331 0.0866, -0.6299 -0.4331 0.0866, -0.4724 -0.4331 0.0866, -0.315 -0.4331 0.0866, 0.0 -0.4331 0.0866, 1.0433 -0.4331 0.2638, 0.1575 -0.4331 0.0866, 0.315 -0.4331 0.0866, 0.4724 -0.4331 0.0866, 0.6299 -0.4331 0.0866, 1.0039 -0.4331 0.0866, 0.7874 -0.4331 0.0866, 1.063 0.315 0.2638, 1.063 0.4134 0.2638, -1.2992 -0.1575 0.2441, 1.063 0.2953 0.2441, -1.3189 -0.1575 0.2638, 0.5217 0.3622 0.2638, 0.5807 0.3622 0.2638, -0.1083 0.3622 0.2638, -0.0492 0.3622 0.2638, -0.4232 0.3622 0.2638, -0.3642 0.3622 0.2638, -0.2067 0.3622 0.2638, 0.7382 0.3622 0.2638, 0.6791 0.3622 0.2638, 0.8957 0.2835 0.2638, 1.0512 0.2835 0.2638, 1.063 0.2953 0.2638, -0.5217 0.3622 0.2638, 0.8366 0.3622 0.2638, 0.8957 0.3622 0.2638, -0.5807 0.3622 0.2638, -0.6791 0.3622 0.2638, -0.2657 0.3622 0.2638, 0.2067 0.3622 0.2638, 0.2657 0.3622 0.2638, 0.4232 0.3622 0.2638, 0.1083 0.3622 0.2638, -0.8366 0.3622 0.2638, -0.7382 0.3622 0.2638, -1.063 0.2953 0.2638, -0.8957 0.3622 0.2638, 0.0492 0.3622 0.2638, 0.3642 0.3622 0.2638, 1.1614 0.4134 0.0394, 1.2795 0.4134 0.0394, -1.1614 -0.4134 0.0394, -1.063 -0.4134 0.2638, -1.2795 -0.4134 0.0394, 0.8366 -0.3622 0.2638, 0.7382 -0.3622 0.2638, 0.6791 -0.3622 0.2638, 0.5807 -0.3622 0.2638, 0.5217 -0.3622 0.2638, 1.063 -0.2953 0.2638, 1.0512 -0.2835 0.2638, 0.8957 -0.2835 0.2638, 0.8957 -0.3622 0.2638, 0.4232 -0.3622 0.2638, 0.3642 -0.3622 0.2638, 0.2657 -0.3622 0.2638, 0.2067 -0.3622 0.2638, 0.1083 -0.3622 0.2638, 0.0492 -0.3622 0.2638, -0.0492 -0.3622 0.2638, -0.1083 -0.3622 0.2638, -0.2067 -0.3622 0.2638, -0.2657 -0.3622 0.2638, -0.3642 -0.3622 0.2638, -0.4232 -0.3622 0.2638, -0.7382 -0.3622 0.2638, -1.063 -0.2953 0.2638, -0.5217 -0.3622 0.2638, -0.5807 -0.3622 0.2638, -0.8366 -0.3622 0.2638, -0.8957 -0.3622 0.2638, -0.6791 -0.3622 0.2638, -1.2992 0.1575 0.2638, -1.252 0.0787 0.2638, -1.252 -0.0787 0.2638, -1.2992 -0.1575 0.2638, 1.252 -0.0787 0.2638, 1.2992 -0.1575 0.2638, 1.252 0.0787 0.2638, 1.2992 0.1575 0.2638, 1.0433 0.1457 0.2638, 1.0433 -0.1457 0.2638, 0.8957 0.1654 0.2638, 1.0236 0.1654 0.2638, -1.0433 0.1457 0.2638, -1.0433 -0.1457 0.2638, 0.8957 -0.1654 0.2638, 1.0236 -0.1654 0.2638, 0.2067 0.1378 0.2638, 0.7382 0.1378 0.2638, 0.6791 0.1378 0.2638, 0.3642 -0.1378 0.2638, 0.2657 -0.1378 0.2638, 0.5807 0.1378 0.2638, 0.5217 0.1378 0.2638, 0.1083 -0.1378 0.2638, 0.4232 -0.1378 0.2638, 0.5217 -0.1378 0.2638, -0.2067 -0.1378 0.2638, 0.0492 0.1378 0.2638, -0.0492 0.1378 0.2638, 0.5807 -0.1378 0.2638, 0.6791 -0.1378 0.2638, 0.4232 0.1378 0.2638, 0.3642 0.1378 0.2638, -0.1083 0.1378 0.2638, -0.2067 0.1378 0.2638, 0.8366 0.1378 0.2638, 0.7382 -0.1378 0.2638, 0.8366 -0.1378 0.2638, -0.0492 -0.1378 0.2638, 0.1083 0.1378 0.2638, -0.1083 -0.1378 0.2638, 0.2067 -0.1378 0.2638, -0.3642 -0.1378 0.2638, -0.2657 -0.1378 0.2638, 0.2657 0.1378 0.2638, -0.2657 0.1378 0.2638, -0.3642 0.1378 0.2638, 0.8957 0.1378 0.2638, -0.5217 -0.1378 0.2638, -0.4232 -0.1378 0.2638, 0.0492 -0.1378 0.2638, -0.4232 0.1378 0.2638, -0.5217 0.1378 0.2638, -0.6791 -0.1378 0.2638, -0.5807 -0.1378 0.2638, 0.8957 -0.1378 0.2638, -0.5807 0.1378 0.2638, -0.6791 0.1378 0.2638, -0.8366 -0.1378 0.2638, -0.7382 -0.1378 0.2638, -0.8957 -0.1378 0.2638, -0.7382 0.1378 0.2638, -0.8366 0.1378 0.2638, -0.8957 0.1378 0.2638, 1.0039 -0.3346 0.0866, 1.0039 -0.4055 0.0866, -1.0039 -0.4055 0.0866, -1.0039 -0.3346 0.0866, -0.7382 -0.3386 0.0866, -0.7382 -0.378 0.0866, -0.7874 -0.4055 0.0866, -0.315 -0.4055 0.0866, 0.7874 -0.4055 0.0866, 0.6299 -0.4055 0.0866, 0.4724 -0.4055 0.0866, 0.315 -0.4055 0.0866, 0.1575 -0.4055 0.0866, 0.0 -0.4055 0.0866, -0.4724 -0.4055 0.0866, -0.6299 -0.4055 0.0866, -0.9498 -0.4055 0.0866, 0.8366 -0.378 0.0866, 0.8957 -0.378 0.0866, 0.8366 -0.3386 0.0866, 0.7874 -0.3346 0.0866, 0.8957 -0.3386 0.0866, 0.6791 -0.3386 0.0866, 0.6299 -0.3346 0.0866, 0.7382 -0.3386 0.0866, 0.7382 -0.378 0.0866, 0.6791 -0.378 0.0866, 0.5217 -0.3386 0.0866, 0.4724 -0.3346 0.0866, 0.5807 -0.3386 0.0866, 0.5807 -0.378 0.0866, 0.5217 -0.378 0.0866, 0.3642 -0.3386 0.0866, 0.315 -0.3346 0.0866, 0.4232 -0.3386 0.0866, 0.4232 -0.378 0.0866, 0.3642 -0.378 0.0866, 0.2067 -0.3386 0.0866, 0.1575 -0.3346 0.0866, 0.2657 -0.3386 0.0866, 0.2657 -0.378 0.0866, 0.2067 -0.378 0.0866, 0.0492 -0.3386 0.0866, 0.0 -0.3346 0.0866, 0.1083 -0.3386 0.0866, 0.1083 -0.378 0.0866, 0.0492 -0.378 0.0866, -0.1083 -0.378 0.0866, -0.0492 -0.378 0.0866, -0.1083 -0.3386 0.0866, -0.315 -0.3346 0.0866, -0.0492 -0.3386 0.0866, -0.2067 -0.378 0.0866, -0.2067 -0.3386 0.0866, -0.2657 -0.3386 0.0866, -0.2657 -0.378 0.0866, -0.3642 -0.3386 0.0866, -0.4232 -0.3386 0.0866, -0.3642 -0.378 0.0866, -0.4232 -0.378 0.0866, -0.4724 -0.3346 0.0866, -0.5807 -0.3386 0.0866, -0.6299 -0.3346 0.0866, -0.5217 -0.3386 0.0866, -0.5217 -0.378 0.0866, -0.5807 -0.378 0.0866, -0.6791 -0.378 0.0866, -0.8957 -0.3386 0.0866, -0.8957 -0.378 0.0866, -0.8366 -0.378 0.0866, -0.7874 -0.3346 0.0866, -0.6791 -0.3386 0.0866, -0.9498 -0.3346 0.0866, -0.8366 -0.3386 0.0866, 1.0039 0.3366 0.0866, 1.0039 0.3346 0.0866, -1.0039 0.3346 0.0866, -1.0039 0.3366 0.0866, -0.7874 0.3366 0.0866, -0.8366 0.378 0.0866, -0.8366 0.3386 0.0866, -0.8957 0.3386 0.0866, -0.8957 0.378 0.0866, -0.6791 0.378 0.0866, -0.6791 0.3386 0.0866, -0.6299 0.3366 0.0866, -0.7382 0.3386 0.0866, -0.7382 0.378 0.0866, -0.5217 0.378 0.0866, -0.5217 0.3386 0.0866, -0.4724 0.3366 0.0866, -0.5807 0.3386 0.0866, -0.5807 0.378 0.0866, -0.3642 0.378 0.0866, -0.3642 0.3386 0.0866, -0.315 0.3366 0.0866, -0.4232 0.3386 0.0866, -0.4232 0.378 0.0866, -0.2067 0.378 0.0866, -0.2067 0.3386 0.0866, -0.1575 0.3366 0.0866, -0.2657 0.3386 0.0866, -0.2657 0.378 0.0866, -0.0492 0.378 0.0866, -0.0492 0.3386 0.0866, 0.0 0.3366 0.0866, -0.1083 0.3386 0.0866, -0.1083 0.378 0.0866, 0.1083 0.3386 0.0866, 0.315 0.3366 0.0866, 0.2067 0.378 0.0866, 0.2657 0.378 0.0866, 0.2657 0.3386 0.0866, 0.2067 0.3386 0.0866, 0.1083 0.378 0.0866, 0.0492 0.378 0.0866, 0.0492 0.3386 0.0866, 0.3642 0.3386 0.0866, 0.4232 0.3386 0.0866, 0.3642 0.378 0.0866, 0.4232 0.378 0.0866, 0.4724 0.3366 0.0866, 0.5807 0.378 0.0866, 0.5807 0.3386 0.0866, 0.6299 0.3366 0.0866, 0.5217 0.3386 0.0866, 0.5217 0.378 0.0866, 0.6791 0.3386 0.0866, 0.7382 0.3386 0.0866, 0.6791 0.378 0.0866, 0.7382 0.378 0.0866, 0.7874 0.3366 0.0866, 0.9498 0.3366 0.0866, 0.8957 0.3386 0.0866, 0.8366 0.3386 0.0866, 0.8366 0.378 0.0866, 0.8957 0.378 0.0866, -0.7874 0.3346 0.0866, -0.6299 0.3346 0.0866, -0.4724 0.3346 0.0866, -0.315 0.3346 0.0866, -0.1575 0.3346 0.0866, 0.0 0.3346 0.0866, 0.315 0.3346 0.0866, 0.4724 0.3346 0.0866, 0.6299 0.3346 0.0866, 0.7874 0.3346 0.0866, 0.9498 0.3346 0.0866
            ]
        }
        coordIndex [
            0,1,2,-1,3,4,5,-1,5,6,3,-1,3,6,7,-1,3,7,8,-1,9,10,11,-1,11,12,13,-1,14,15,16,-1,17,18,19,-1,20,21,22,-1,22,21,23,-1,22,23,24,-1,16,15,25,-1,1,26,2,-1,2,26,27,-1,2,27,28,-1,29,30,2,-1,2,30,31,-1,32,33,34,-1,34,33,35,-1,31,36,2,-1,2,36,35,-1,2,35,37,-1,37,35,33,-1,38,39,40,-1,0,2,41,-1,41,2,5,-1,41,5,42,-1,42,5,4,-1,42,4,43,-1,16,9,14,-1,14,9,11,-1,14,11,44,-1,44,11,13,-1,44,13,45,-1,45,13,46,-1,28,47,2,-1,2,47,48,-1,2,48,29,-1,49,50,13,-1,13,50,51,-1,13,51,46,-1,19,52,17,-1,17,52,53,-1,17,53,54,-1,54,53,25,-1,54,25,55,-1,55,25,15,-1,55,15,56,-1,24,57,22,-1,22,57,58,-1,22,58,59,-1,59,58,60,-1,59,60,61,-1,62,63,4,-1,4,63,64,-1,60,65,61,-1,61,65,66,-1,61,66,40,-1,40,66,67,-1,40,67,38,-1,64,68,4,-1,4,68,69,-1,4,69,43,-1,70,71,72,-1,73,74,75,-1,39,62,40,-1,40,62,4,-1,40,4,76,-1,76,4,16,-1,76,16,20,-1,20,16,25,-1,20,25,21,-1,21,25,77,-1,78,79,80,-1,80,79,3,-1,80,3,81,-1,82,70,83,-1,83,70,72,-1,83,72,25,-1,25,72,81,-1,25,81,77,-1,77,81,3,-1,77,3,84,-1,84,3,8,-1,85,86,87,-1,87,86,88,-1,87,88,89,-1,89,90,87,-1,87,90,91,-1,87,91,92,-1,93,94,95,-1,96,97,98,-1,99,100,101,-1,102,103,104,-1,104,103,105,-1,106,107,108,-1,98,109,96,-1,96,109,110,-1,96,110,111,-1,112,104,113,-1,113,104,105,-1,113,105,93,-1,93,105,106,-1,93,106,94,-1,94,106,108,-1,114,115,116,-1,116,115,112,-1,116,112,117,-1,117,112,113,-1,117,113,118,-1,119,120,121,-1,122,123,117,-1,117,123,124,-1,125,126,115,-1,115,126,127,-1,115,127,112,-1,112,127,4,-1,112,4,128,-1,128,4,3,-1,128,3,129,-1,130,93,3,-1,3,93,95,-1,3,95,129,-1,131,3,124,-1,124,3,132,-1,124,132,117,-1,117,132,99,-1,117,99,133,-1,133,99,101,-1,133,101,134,-1,135,136,122,-1,122,136,137,-1,138,139,119,-1,140,141,131,-1,131,141,142,-1,131,142,3,-1,3,142,96,-1,3,96,130,-1,130,96,111,-1,118,143,117,-1,117,143,144,-1,117,144,122,-1,122,144,145,-1,122,145,135,-1,137,146,122,-1,122,146,147,-1,122,147,96,-1,96,147,148,-1,96,148,97,-1,149,126,121,-1,121,126,125,-1,121,125,119,-1,119,125,150,-1,119,150,138,-1,139,151,119,-1,119,151,152,-1,119,152,153,-1,154,155,156,-1,156,157,158,-1,159,160,161,-1,161,160,132,-1,162,163,164,-1,164,163,165,-1,166,154,167,-1,167,154,156,-1,167,156,168,-1,168,156,158,-1,168,158,169,-1,169,158,170,-1,167,161,166,-1,166,161,132,-1,166,132,171,-1,171,132,3,-1,171,3,172,-1,172,3,79,-1,172,79,75,-1,75,79,85,-1,75,85,73,-1,73,85,87,-1,73,87,173,-1,174,175,158,-1,158,175,176,-1,158,176,170,-1,160,177,132,-1,132,177,164,-1,132,164,178,-1,178,164,165,-1,179,82,83,-1,180,73,173,-1,181,182,180,-1,83,181,179,-1,179,181,180,-1,179,180,183,-1,183,180,173,-1,184,100,99,-1,185,121,120,-1,186,187,185,-1,99,186,184,-1,184,186,185,-1,184,185,188,-1,188,185,120,-1,189,190,191,-1,192,193,194,-1,192,191,195,-1,195,191,196,-1,197,198,199,-1,199,198,192,-1,199,192,200,-1,200,192,195,-1,201,202,203,-1,203,202,189,-1,203,189,204,-1,204,189,191,-1,204,191,205,-1,205,191,192,-1,205,192,206,-1,206,192,194,-1,192,207,193,-1,193,207,208,-1,209,206,210,-1,210,206,194,-1,211,212,213,-1,213,212,214,-1,215,216,211,-1,211,216,212,-1,213,214,217,-1,217,214,218,-1,219,220,221,-1,221,220,222,-1,223,224,219,-1,219,224,220,-1,221,222,225,-1,225,222,226,-1,227,228,229,-1,229,228,230,-1,231,232,227,-1,227,232,228,-1,229,230,233,-1,233,230,234,-1,235,236,237,-1,237,236,238,-1,239,240,235,-1,235,240,236,-1,237,238,241,-1,241,238,242,-1,243,244,245,-1,245,244,246,-1,247,248,243,-1,243,248,244,-1,245,246,249,-1,249,246,250,-1,251,252,253,-1,253,252,254,-1,255,256,251,-1,251,256,252,-1,253,254,257,-1,257,254,258,-1,259,260,261,-1,261,260,262,-1,263,264,259,-1,259,264,260,-1,261,262,265,-1,265,262,266,-1,267,268,269,-1,269,268,270,-1,271,272,267,-1,267,272,268,-1,269,270,273,-1,273,270,274,-1,275,276,277,-1,277,276,278,-1,279,280,275,-1,275,280,276,-1,277,278,281,-1,281,278,282,-1,283,284,285,-1,285,284,286,-1,287,288,283,-1,283,288,284,-1,285,286,289,-1,289,286,290,-1,291,292,293,-1,293,292,294,-1,295,296,291,-1,291,296,292,-1,293,294,297,-1,297,294,298,-1,299,300,202,-1,202,300,189,-1,203,301,201,-1,201,301,302,-1,303,304,305,-1,306,307,308,-1,308,307,309,-1,310,311,309,-1,309,311,312,-1,309,312,308,-1,313,314,315,-1,315,314,303,-1,315,303,316,-1,316,303,305,-1,317,311,318,-1,318,311,310,-1,318,310,319,-1,319,310,314,-1,319,314,320,-1,320,314,313,-1,321,322,323,-1,323,322,324,-1,325,326,327,-1,327,326,328,-1,327,328,323,-1,323,328,321,-1,329,330,331,-1,331,330,332,-1,333,334,335,-1,335,334,336,-1,335,336,331,-1,331,336,329,-1,337,338,339,-1,339,338,340,-1,341,342,343,-1,343,342,344,-1,343,344,339,-1,339,344,337,-1,345,346,347,-1,347,346,348,-1,349,350,351,-1,351,350,352,-1,351,352,347,-1,347,352,345,-1,353,354,355,-1,355,354,356,-1,357,358,359,-1,359,358,360,-1,359,360,355,-1,355,360,353,-1,361,362,363,-1,363,362,364,-1,365,366,367,-1,367,366,368,-1,367,368,363,-1,363,368,361,-1,369,370,371,-1,371,370,372,-1,373,374,375,-1,375,374,376,-1,375,376,371,-1,371,376,369,-1,377,378,379,-1,379,378,380,-1,381,382,383,-1,383,382,384,-1,383,384,379,-1,379,384,377,-1,385,386,387,-1,387,386,388,-1,389,390,391,-1,391,390,392,-1,391,392,387,-1,387,392,385,-1,393,394,395,-1,395,394,396,-1,397,398,399,-1,399,398,400,-1,399,400,395,-1,395,400,393,-1,401,402,403,-1,403,402,404,-1,405,406,407,-1,407,406,408,-1,409,410,411,-1,411,410,10,-1,411,10,9,-1,409,412,410,-1,410,412,413,-1,410,413,414,-1,415,416,417,-1,417,416,410,-1,417,410,418,-1,418,410,414,-1,415,419,416,-1,416,419,420,-1,416,420,421,-1,126,149,422,-1,422,149,416,-1,422,416,423,-1,423,416,421,-1,407,408,403,-1,403,408,401,-1,424,425,426,-1,426,425,427,-1,426,427,428,-1,429,430,431,-1,431,430,432,-1,431,432,433,-1,313,425,320,-1,320,425,424,-1,432,311,433,-1,433,311,317,-1,429,434,430,-1,430,434,435,-1,430,435,436,-1,436,435,437,-1,438,182,427,-1,427,182,181,-1,427,181,428,-1,428,181,439,-1,439,181,440,-1,440,181,83,-1,440,83,441,-1,441,83,53,-1,441,53,434,-1,434,53,435,-1,196,191,442,-1,442,191,443,-1,442,443,444,-1,444,443,445,-1,444,445,446,-1,447,448,449,-1,449,448,450,-1,449,450,451,-1,451,450,452,-1,453,454,455,-1,455,454,449,-1,455,449,451,-1,438,427,456,-1,456,427,425,-1,456,425,457,-1,197,454,198,-1,198,454,453,-1,425,313,457,-1,457,313,315,-1,458,187,445,-1,445,187,186,-1,445,186,446,-1,446,186,459,-1,460,443,190,-1,190,443,191,-1,458,445,461,-1,461,445,443,-1,461,443,460,-1,459,186,462,-1,462,186,99,-1,462,99,463,-1,463,99,178,-1,463,178,448,-1,448,178,450,-1,464,465,466,-1,466,465,155,-1,466,155,154,-1,464,467,465,-1,465,467,468,-1,465,468,469,-1,469,470,465,-1,465,470,471,-1,465,471,472,-1,472,471,473,-1,473,474,472,-1,472,474,475,-1,472,475,476,-1,75,74,477,-1,477,74,472,-1,477,472,478,-1,478,472,476,-1,479,436,480,-1,480,436,437,-1,481,454,199,-1,199,454,197,-1,312,311,482,-1,482,311,432,-1,482,432,479,-1,479,432,430,-1,479,430,436,-1,447,449,483,-1,483,449,454,-1,483,454,481,-1,187,458,185,-1,185,458,461,-1,484,485,410,-1,486,487,410,-1,488,489,410,-1,490,356,354,-1,491,410,492,-1,492,410,485,-1,492,485,394,-1,394,485,396,-1,493,494,495,-1,496,340,338,-1,404,402,491,-1,491,402,497,-1,491,497,410,-1,410,497,498,-1,410,498,480,-1,480,498,493,-1,480,493,479,-1,479,493,495,-1,338,488,496,-1,496,488,410,-1,496,410,499,-1,499,410,500,-1,499,500,330,-1,330,500,332,-1,354,486,490,-1,490,486,410,-1,490,410,501,-1,501,410,489,-1,501,489,346,-1,346,489,348,-1,502,503,410,-1,504,388,386,-1,505,372,370,-1,324,322,506,-1,506,322,507,-1,508,300,461,-1,461,300,299,-1,461,299,185,-1,185,299,509,-1,185,509,416,-1,416,509,506,-1,416,506,410,-1,410,506,507,-1,410,507,500,-1,370,502,505,-1,505,502,410,-1,505,410,510,-1,510,410,487,-1,510,487,362,-1,362,487,364,-1,386,484,504,-1,504,484,410,-1,504,410,511,-1,511,410,503,-1,511,503,378,-1,378,503,380,-1,512,12,11,-1,435,53,52,-1,480,437,435,-1,11,480,512,-1,512,480,435,-1,512,435,513,-1,513,435,52,-1,514,157,156,-1,450,178,165,-1,515,452,450,-1,156,515,514,-1,514,515,450,-1,514,450,516,-1,516,450,165,-1,460,508,461,-1,495,482,479,-1,308,494,306,-1,306,494,493,-1,182,438,180,-1,180,438,456,-1,515,455,452,-1,452,455,451,-1,517,296,295,-1,472,518,519,-1,288,287,519,-1,519,287,520,-1,519,520,472,-1,472,520,521,-1,522,523,456,-1,456,523,524,-1,456,524,180,-1,180,524,525,-1,180,525,472,-1,472,525,517,-1,472,517,518,-1,518,517,295,-1,280,279,521,-1,521,279,526,-1,521,526,472,-1,472,526,527,-1,272,271,527,-1,527,271,528,-1,527,528,472,-1,472,528,529,-1,264,263,529,-1,529,263,530,-1,529,530,472,-1,472,530,531,-1,256,255,531,-1,531,255,532,-1,531,532,472,-1,472,532,533,-1,248,247,533,-1,533,247,534,-1,533,534,472,-1,472,534,535,-1,240,239,535,-1,535,239,536,-1,535,536,472,-1,472,536,537,-1,538,216,215,-1,208,207,539,-1,232,231,537,-1,537,231,540,-1,537,540,472,-1,472,540,541,-1,472,542,465,-1,465,542,543,-1,465,543,515,-1,515,543,208,-1,515,208,455,-1,455,208,539,-1,215,542,538,-1,538,542,472,-1,538,472,544,-1,544,472,541,-1,544,541,223,-1,223,541,224,-1,539,453,455,-1,524,523,305,-1,305,523,316,-1,457,522,456,-1,180,472,73,-1,73,472,74,-1,465,515,155,-1,155,515,156,-1,410,480,10,-1,10,480,11,-1,185,416,121,-1,121,416,149,-1,192,198,207,-1,207,198,453,-1,207,453,539,-1,315,316,457,-1,457,316,523,-1,457,523,522,-1,190,189,460,-1,460,189,300,-1,460,300,508,-1,308,312,494,-1,494,312,482,-1,494,482,495,-1,483,463,447,-1,447,463,448,-1,446,459,444,-1,444,459,462,-1,462,463,444,-1,444,463,483,-1,545,444,546,-1,546,444,483,-1,546,483,547,-1,547,483,548,-1,545,442,444,-1,481,548,483,-1,200,195,547,-1,547,195,546,-1,429,431,434,-1,434,431,441,-1,426,428,440,-1,440,428,439,-1,440,441,426,-1,426,441,431,-1,549,550,551,-1,551,550,426,-1,551,426,552,-1,552,426,431,-1,550,424,426,-1,549,551,319,-1,319,551,318,-1,433,552,431,-1,199,200,481,-1,481,200,547,-1,481,547,548,-1,545,546,442,-1,442,546,195,-1,442,195,196,-1,550,549,424,-1,424,549,319,-1,424,319,320,-1,317,318,433,-1,433,318,551,-1,433,551,552,-1,553,554,310,-1,310,554,314,-1,555,556,307,-1,307,556,309,-1,204,205,557,-1,557,205,558,-1,304,303,559,-1,559,303,560,-1,561,374,373,-1,562,563,564,-1,565,566,567,-1,568,265,266,-1,281,282,569,-1,569,282,570,-1,398,397,563,-1,563,397,566,-1,563,566,564,-1,564,566,565,-1,564,565,274,-1,274,565,273,-1,571,249,250,-1,366,365,572,-1,572,365,573,-1,289,290,574,-1,574,290,575,-1,390,389,567,-1,567,389,576,-1,567,576,565,-1,565,576,577,-1,358,357,578,-1,578,357,579,-1,406,405,580,-1,580,405,562,-1,297,298,581,-1,581,298,582,-1,583,584,585,-1,585,584,572,-1,586,565,584,-1,241,242,587,-1,587,242,588,-1,560,554,553,-1,382,381,577,-1,577,381,589,-1,577,589,565,-1,565,589,561,-1,565,561,584,-1,584,561,373,-1,350,349,590,-1,590,349,591,-1,556,555,553,-1,553,555,592,-1,564,569,562,-1,562,569,570,-1,562,570,580,-1,580,570,574,-1,580,574,592,-1,592,574,575,-1,233,234,593,-1,593,234,594,-1,257,258,583,-1,583,258,595,-1,583,595,584,-1,584,595,568,-1,584,568,586,-1,586,568,266,-1,342,341,596,-1,596,341,597,-1,225,226,598,-1,598,226,599,-1,559,560,600,-1,600,560,553,-1,600,553,582,-1,582,553,592,-1,582,592,581,-1,581,592,575,-1,334,333,601,-1,601,333,602,-1,217,218,603,-1,603,218,604,-1,209,210,605,-1,326,325,606,-1,606,325,607,-1,250,585,571,-1,571,585,572,-1,571,572,588,-1,588,572,573,-1,588,573,587,-1,587,573,578,-1,587,578,594,-1,594,578,579,-1,594,579,593,-1,593,579,590,-1,593,590,599,-1,599,590,591,-1,599,591,598,-1,598,591,596,-1,598,596,604,-1,604,596,597,-1,604,597,603,-1,603,597,601,-1,603,601,605,-1,605,601,602,-1,605,602,209,-1,301,557,558,-1,302,301,608,-1,608,301,558,-1,608,558,607,-1,607,558,209,-1,607,209,606,-1,606,209,602,-1,310,309,553,-1,553,309,556,-1,303,314,560,-1,560,314,554,-1,203,204,301,-1,301,204,557,-1,205,206,558,-1,558,206,209,-1,609,172,610,-1,610,172,75,-1,610,75,477,-1,466,154,611,-1,611,154,166,-1,611,166,612,-1,613,614,615,-1,471,470,616,-1,617,478,618,-1,618,478,476,-1,618,476,619,-1,619,476,475,-1,619,475,620,-1,620,475,474,-1,620,474,621,-1,621,474,473,-1,621,473,622,-1,616,470,623,-1,623,470,469,-1,623,469,624,-1,624,469,468,-1,624,468,615,-1,466,611,464,-1,464,611,625,-1,464,625,467,-1,617,626,627,-1,626,617,628,-1,628,617,629,-1,628,629,630,-1,630,629,609,-1,630,609,627,-1,627,609,610,-1,627,610,617,-1,617,610,477,-1,617,477,478,-1,631,632,633,-1,633,632,629,-1,633,629,634,-1,634,629,617,-1,634,617,635,-1,635,617,618,-1,635,618,631,-1,631,618,632,-1,636,637,638,-1,638,637,632,-1,638,632,639,-1,639,632,618,-1,639,618,640,-1,640,618,619,-1,640,619,636,-1,636,619,637,-1,641,642,643,-1,643,642,637,-1,643,637,644,-1,644,637,619,-1,644,619,645,-1,645,619,620,-1,645,620,641,-1,641,620,642,-1,646,647,648,-1,648,647,642,-1,648,642,649,-1,649,642,620,-1,649,620,650,-1,650,620,621,-1,650,621,646,-1,646,621,647,-1,651,652,653,-1,653,652,647,-1,653,647,654,-1,654,647,621,-1,654,621,655,-1,655,621,622,-1,655,622,651,-1,651,622,652,-1,656,657,622,-1,658,659,652,-1,622,657,652,-1,652,657,660,-1,652,660,658,-1,473,471,622,-1,622,471,616,-1,622,616,656,-1,656,616,661,-1,656,661,658,-1,658,661,662,-1,658,662,659,-1,659,662,663,-1,659,663,616,-1,616,663,664,-1,616,664,661,-1,659,665,666,-1,665,659,667,-1,667,659,616,-1,667,616,668,-1,668,616,623,-1,668,623,666,-1,666,623,669,-1,666,669,659,-1,670,671,672,-1,672,671,669,-1,672,669,673,-1,673,669,623,-1,673,623,674,-1,674,623,624,-1,674,624,670,-1,670,624,671,-1,615,614,624,-1,624,614,675,-1,624,675,671,-1,676,677,625,-1,625,677,615,-1,625,615,467,-1,467,615,468,-1,677,678,615,-1,615,678,679,-1,615,679,613,-1,613,679,671,-1,613,671,680,-1,680,671,675,-1,611,612,625,-1,625,612,681,-1,625,681,676,-1,676,681,679,-1,676,679,682,-1,682,679,678,-1,172,609,629,-1,629,632,172,-1,172,632,637,-1,172,637,642,-1,642,647,172,-1,172,647,652,-1,172,652,166,-1,652,659,166,-1,166,659,669,-1,166,669,671,-1,671,679,166,-1,166,679,681,-1,166,681,612,-1,411,9,683,-1,683,9,16,-1,683,16,684,-1,685,686,687,-1,688,423,689,-1,689,423,687,-1,689,687,690,-1,690,687,686,-1,690,686,691,-1,691,686,422,-1,691,422,688,-1,688,422,423,-1,692,421,693,-1,693,421,694,-1,693,694,695,-1,695,694,687,-1,695,687,696,-1,696,687,423,-1,696,423,692,-1,692,423,421,-1,697,420,698,-1,698,420,699,-1,698,699,700,-1,700,699,694,-1,700,694,701,-1,701,694,421,-1,701,421,697,-1,697,421,420,-1,702,419,703,-1,703,419,704,-1,703,704,705,-1,705,704,699,-1,705,699,706,-1,706,699,420,-1,706,420,702,-1,702,420,419,-1,707,415,708,-1,708,415,709,-1,708,709,710,-1,710,709,704,-1,710,704,711,-1,711,704,419,-1,711,419,707,-1,707,419,415,-1,712,417,713,-1,713,417,714,-1,713,714,715,-1,715,714,709,-1,715,709,716,-1,716,709,415,-1,716,415,712,-1,712,415,417,-1,717,718,714,-1,417,418,719,-1,719,418,720,-1,720,418,721,-1,721,418,718,-1,721,718,722,-1,722,718,717,-1,722,717,719,-1,719,717,723,-1,719,723,417,-1,417,723,724,-1,417,724,714,-1,714,724,725,-1,714,725,717,-1,718,726,727,-1,726,718,728,-1,728,718,418,-1,728,418,729,-1,729,418,414,-1,729,414,727,-1,727,414,730,-1,727,730,718,-1,731,413,732,-1,732,413,733,-1,732,733,734,-1,734,733,730,-1,734,730,735,-1,735,730,414,-1,735,414,731,-1,731,414,413,-1,733,736,737,-1,736,733,738,-1,738,733,413,-1,738,413,739,-1,739,413,412,-1,739,412,737,-1,737,412,740,-1,737,740,733,-1,741,740,742,-1,742,740,743,-1,743,740,744,-1,744,740,412,-1,744,412,745,-1,745,412,409,-1,745,409,742,-1,742,409,741,-1,741,409,411,-1,741,411,683,-1,685,687,746,-1,746,687,694,-1,746,694,747,-1,747,694,699,-1,747,699,748,-1,748,699,704,-1,748,704,749,-1,749,704,709,-1,749,709,750,-1,750,709,714,-1,750,714,751,-1,751,714,718,-1,751,718,752,-1,752,718,730,-1,752,730,753,-1,753,730,733,-1,753,733,754,-1,754,733,740,-1,754,740,755,-1,755,740,741,-1,755,741,756,-1,756,741,683,-1,756,683,684,-1,685,127,686,-1,686,127,126,-1,686,126,422,-1,127,685,746,-1,746,747,127,-1,127,747,748,-1,127,748,749,-1,749,750,127,-1,127,750,751,-1,127,751,16,-1,751,752,16,-1,16,752,753,-1,16,753,754,-1,754,755,16,-1,16,755,756,-1,16,756,684,-1,
        ]
    }
}
Shape{
    appearance Appearance {
        material  Material 	{
            diffuseColor 0.8274509803921568 0.6666666666666666 0.12941176470588237
            specularColor 0.8274509803921568 0.6666666666666666 0.12941176470588237
            ambientIntensity 0.6535
            transparency 0.0
            shininess 0.5
        }
    }
    geometry IndexedFaceSet {
        ccw TRUE
        solid FALSE
        coord DEF co Coordinate {
            point [
                0.8957 0.3386 0.0472, 0.8366 0.3386 0.0472, 0.8366 0.3398 0.0367, 0.8957 0.3398 0.0367, 0.8366 0.3433 0.0267, 0.8957 0.3433 0.0267, 0.8366 0.3489 0.0178, 0.8957 0.3489 0.0178, 0.8366 0.3564 0.0103, 0.8957 0.3564 0.0103, 0.8366 0.3653 0.0047, 0.8957 0.3653 0.0047, 0.8366 0.3753 0.0012, 0.8957 0.3753 0.0012, 0.8366 0.3858 0.0, 0.8957 0.3858 0.0, 0.8957 0.4921 0.0, 0.8366 0.4921 0.0, 0.8957 0.4921 0.0394, 0.8366 0.4921 0.0394, 0.8957 0.3858 0.0394, 0.8366 0.3858 0.0394, 0.8957 0.3841 0.0396, 0.8366 0.3841 0.0396, 0.8957 0.3824 0.0401, 0.8366 0.3824 0.0401, 0.8957 0.3809 0.0411, 0.8366 0.3809 0.0411, 0.8957 0.3797 0.0423, 0.8366 0.3797 0.0423, 0.8957 0.3787 0.0438, 0.8366 0.3787 0.0438, 0.8957 0.3782 0.0455, 0.8366 0.3782 0.0455, 0.8957 0.378 0.0472, 0.8366 0.378 0.0472, 0.8957 0.378 0.0866, 0.8957 0.3386 0.0866, 0.8366 0.378 0.0866, 0.8366 0.3386 0.0866, 0.8366 0.3622 0.2638, 0.8366 0.3583 0.2642, 0.8957 0.3622 0.2638, 0.8957 0.3583 0.2642, 0.8957 0.1378 0.2642, 0.8366 0.1378 0.2642, 0.8957 0.1378 0.2638, 0.8366 0.1378 0.2638, 0.8957 0.2835 0.2638, 0.8957 0.2835 0.2642, 0.8957 0.2791 0.2637, 0.8957 0.1654 0.2642, 0.8957 0.1654 0.2638, 0.8957 0.1697 0.2637, 0.8957 0.2681 0.2568, 0.8957 0.2657 0.253, 0.8957 0.2749 0.2622, 0.8957 0.2712 0.2599, 0.8957 0.185 0.2445, 0.8957 0.185 0.126, 0.8957 0.1654 0.1063, 0.8957 0.2638 0.126, 0.8957 0.2835 0.1063, 0.8957 0.2638 0.2445, 0.8957 0.2643 0.2489, 0.8957 0.1845 0.2489, 0.8957 0.1831 0.253, 0.8957 0.1807 0.2568, 0.8957 0.1776 0.2599, 0.8957 0.1739 0.2622, 0.8366 0.2791 0.2637, 0.8366 0.2835 0.2642, 0.8366 0.2835 0.2638, 0.8366 0.1654 0.2638, 0.8366 0.1654 0.2642, 0.8366 0.1697 0.2637, 0.8366 0.2657 0.253, 0.8366 0.2681 0.2568, 0.8366 0.2712 0.2599, 0.8366 0.2749 0.2622, 0.8366 0.185 0.2445, 0.8366 0.1654 0.1063, 0.8366 0.185 0.126, 0.8366 0.2835 0.1063, 0.8366 0.2638 0.126, 0.8366 0.2638 0.2445, 0.8366 0.2643 0.2489, 0.8366 0.1739 0.2622, 0.8366 0.1776 0.2599, 0.8366 0.1807 0.2568, 0.8366 0.1831 0.253, 0.8366 0.1845 0.2489, 0.7382 0.3386 0.0472, 0.6791 0.3386 0.0472, 0.6791 0.3398 0.0367, 0.7382 0.3398 0.0367, 0.6791 0.3433 0.0267, 0.7382 0.3433 0.0267, 0.6791 0.3489 0.0178, 0.7382 0.3489 0.0178, 0.6791 0.3564 0.0103, 0.7382 0.3564 0.0103, 0.6791 0.3653 0.0047, 0.7382 0.3653 0.0047, 0.6791 0.3753 0.0012, 0.7382 0.3753 0.0012, 0.6791 0.3858 0.0, 0.7382 0.3858 0.0, 0.7382 0.4921 0.0, 0.6791 0.4921 0.0, 0.7382 0.4921 0.0394, 0.6791 0.4921 0.0394, 0.7382 0.3858 0.0394, 0.6791 0.3858 0.0394, 0.7382 0.3841 0.0396, 0.6791 0.3841 0.0396, 0.7382 0.3824 0.0401, 0.6791 0.3824 0.0401, 0.7382 0.3809 0.0411, 0.6791 0.3809 0.0411, 0.7382 0.3797 0.0423, 0.6791 0.3797 0.0423, 0.7382 0.3787 0.0438, 0.6791 0.3787 0.0438, 0.7382 0.3782 0.0455, 0.6791 0.3782 0.0455, 0.7382 0.378 0.0472, 0.6791 0.378 0.0472, 0.7382 0.378 0.0866, 0.7382 0.3386 0.0866, 0.6791 0.378 0.0866, 0.6791 0.3386 0.0866, 0.6791 0.3622 0.2638, 0.6791 0.3583 0.2642, 0.7382 0.3622 0.2638, 0.7382 0.3583 0.2642, 0.7382 0.1378 0.2642, 0.6791 0.1378 0.2642, 0.7382 0.1378 0.2638, 0.6791 0.1378 0.2638, 0.7382 0.2835 0.2638, 0.7382 0.2835 0.2642, 0.7382 0.2791 0.2637, 0.7382 0.1654 0.2642, 0.7382 0.1654 0.2638, 0.7382 0.1697 0.2637, 0.7382 0.2681 0.2568, 0.7382 0.2657 0.253, 0.7382 0.2749 0.2622, 0.7382 0.2712 0.2599, 0.7382 0.185 0.2445, 0.7382 0.185 0.126, 0.7382 0.1654 0.1063, 0.7382 0.2638 0.126, 0.7382 0.2835 0.1063, 0.7382 0.2638 0.2445, 0.7382 0.2643 0.2489, 0.7382 0.1845 0.2489, 0.7382 0.1831 0.253, 0.7382 0.1807 0.2568, 0.7382 0.1776 0.2599, 0.7382 0.1739 0.2622, 0.6791 0.2791 0.2637, 0.6791 0.2835 0.2642, 0.6791 0.2835 0.2638, 0.6791 0.1654 0.2638, 0.6791 0.1654 0.2642, 0.6791 0.1697 0.2637, 0.6791 0.2657 0.253, 0.6791 0.2681 0.2568, 0.6791 0.2712 0.2599, 0.6791 0.2749 0.2622, 0.6791 0.185 0.2445, 0.6791 0.1654 0.1063, 0.6791 0.185 0.126, 0.6791 0.2835 0.1063, 0.6791 0.2638 0.126, 0.6791 0.2638 0.2445, 0.6791 0.2643 0.2489, 0.6791 0.1739 0.2622, 0.6791 0.1776 0.2599, 0.6791 0.1807 0.2568, 0.6791 0.1831 0.253, 0.6791 0.1845 0.2489, 0.5807 0.3386 0.0472, 0.5217 0.3386 0.0472, 0.5217 0.3398 0.0367, 0.5807 0.3398 0.0367, 0.5217 0.3433 0.0267, 0.5807 0.3433 0.0267, 0.5217 0.3489 0.0178, 0.5807 0.3489 0.0178, 0.5217 0.3564 0.0103, 0.5807 0.3564 0.0103, 0.5217 0.3653 0.0047, 0.5807 0.3653 0.0047, 0.5217 0.3753 0.0012, 0.5807 0.3753 0.0012, 0.5217 0.3858 0.0, 0.5807 0.3858 0.0, 0.5807 0.4921 0.0, 0.5217 0.4921 0.0, 0.5807 0.4921 0.0394, 0.5217 0.4921 0.0394, 0.5807 0.3858 0.0394, 0.5217 0.3858 0.0394, 0.5807 0.3841 0.0396, 0.5217 0.3841 0.0396, 0.5807 0.3824 0.0401, 0.5217 0.3824 0.0401, 0.5807 0.3809 0.0411, 0.5217 0.3809 0.0411, 0.5807 0.3797 0.0423, 0.5217 0.3797 0.0423, 0.5807 0.3787 0.0438, 0.5217 0.3787 0.0438, 0.5807 0.3782 0.0455, 0.5217 0.3782 0.0455, 0.5807 0.378 0.0472, 0.5217 0.378 0.0472, 0.5807 0.378 0.0866, 0.5807 0.3386 0.0866, 0.5217 0.378 0.0866, 0.5217 0.3386 0.0866, 0.5217 0.3622 0.2638, 0.5217 0.3583 0.2642, 0.5807 0.3622 0.2638, 0.5807 0.3583 0.2642, 0.5807 0.1378 0.2642, 0.5217 0.1378 0.2642, 0.5807 0.1378 0.2638, 0.5217 0.1378 0.2638, 0.5807 0.2835 0.2638, 0.5807 0.2835 0.2642, 0.5807 0.2791 0.2637, 0.5807 0.1654 0.2642, 0.5807 0.1654 0.2638, 0.5807 0.1697 0.2637, 0.5807 0.2681 0.2568, 0.5807 0.2657 0.253, 0.5807 0.2749 0.2622, 0.5807 0.2712 0.2599, 0.5807 0.185 0.2445, 0.5807 0.185 0.126, 0.5807 0.1654 0.1063, 0.5807 0.2638 0.126, 0.5807 0.2835 0.1063, 0.5807 0.2638 0.2445, 0.5807 0.2643 0.2489, 0.5807 0.1845 0.2489, 0.5807 0.1831 0.253, 0.5807 0.1807 0.2568, 0.5807 0.1776 0.2599, 0.5807 0.1739 0.2622, 0.5217 0.2791 0.2637, 0.5217 0.2835 0.2642, 0.5217 0.2835 0.2638, 0.5217 0.1654 0.2638, 0.5217 0.1654 0.2642, 0.5217 0.1697 0.2637, 0.5217 0.2657 0.253, 0.5217 0.2681 0.2568, 0.5217 0.2712 0.2599, 0.5217 0.2749 0.2622, 0.5217 0.185 0.2445, 0.5217 0.1654 0.1063, 0.5217 0.185 0.126, 0.5217 0.2835 0.1063, 0.5217 0.2638 0.126, 0.5217 0.2638 0.2445, 0.5217 0.2643 0.2489, 0.5217 0.1739 0.2622, 0.5217 0.1776 0.2599, 0.5217 0.1807 0.2568, 0.5217 0.1831 0.253, 0.5217 0.1845 0.2489, 0.4232 0.3386 0.0472, 0.3642 0.3386 0.0472, 0.3642 0.3398 0.0367, 0.4232 0.3398 0.0367, 0.3642 0.3433 0.0267, 0.4232 0.3433 0.0267, 0.3642 0.3489 0.0178, 0.4232 0.3489 0.0178, 0.3642 0.3564 0.0103, 0.4232 0.3564 0.0103, 0.3642 0.3653 0.0047, 0.4232 0.3653 0.0047, 0.3642 0.3753 0.0012, 0.4232 0.3753 0.0012, 0.3642 0.3858 0.0, 0.4232 0.3858 0.0, 0.4232 0.4921 0.0, 0.3642 0.4921 0.0, 0.4232 0.4921 0.0394, 0.3642 0.4921 0.0394, 0.4232 0.3858 0.0394, 0.3642 0.3858 0.0394, 0.4232 0.3841 0.0396, 0.3642 0.3841 0.0396, 0.4232 0.3824 0.0401, 0.3642 0.3824 0.0401, 0.4232 0.3809 0.0411, 0.3642 0.3809 0.0411, 0.4232 0.3797 0.0423, 0.3642 0.3797 0.0423, 0.4232 0.3787 0.0438, 0.3642 0.3787 0.0438, 0.4232 0.3782 0.0455, 0.3642 0.3782 0.0455, 0.4232 0.378 0.0472, 0.3642 0.378 0.0472, 0.4232 0.378 0.0866, 0.4232 0.3386 0.0866, 0.3642 0.378 0.0866, 0.3642 0.3386 0.0866, 0.3642 0.3622 0.2638, 0.3642 0.3583 0.2642, 0.4232 0.3622 0.2638, 0.4232 0.3583 0.2642, 0.4232 0.1378 0.2642, 0.3642 0.1378 0.2642, 0.4232 0.1378 0.2638, 0.3642 0.1378 0.2638, 0.4232 0.2835 0.2638, 0.4232 0.2835 0.2642, 0.4232 0.2791 0.2637, 0.4232 0.1654 0.2642, 0.4232 0.1654 0.2638, 0.4232 0.1697 0.2637, 0.4232 0.2681 0.2568, 0.4232 0.2657 0.253, 0.4232 0.2749 0.2622, 0.4232 0.2712 0.2599, 0.4232 0.185 0.2445, 0.4232 0.185 0.126, 0.4232 0.1654 0.1063, 0.4232 0.2638 0.126, 0.4232 0.2835 0.1063, 0.4232 0.2638 0.2445, 0.4232 0.2643 0.2489, 0.4232 0.1845 0.2489, 0.4232 0.1831 0.253, 0.4232 0.1807 0.2568, 0.4232 0.1776 0.2599, 0.4232 0.1739 0.2622, 0.3642 0.2791 0.2637, 0.3642 0.2835 0.2642, 0.3642 0.2835 0.2638, 0.3642 0.1654 0.2638, 0.3642 0.1654 0.2642, 0.3642 0.1697 0.2637, 0.3642 0.2657 0.253, 0.3642 0.2681 0.2568, 0.3642 0.2712 0.2599, 0.3642 0.2749 0.2622, 0.3642 0.185 0.2445, 0.3642 0.1654 0.1063, 0.3642 0.185 0.126, 0.3642 0.2835 0.1063, 0.3642 0.2638 0.126, 0.3642 0.2638 0.2445, 0.3642 0.2643 0.2489, 0.3642 0.1739 0.2622, 0.3642 0.1776 0.2599, 0.3642 0.1807 0.2568, 0.3642 0.1831 0.253, 0.3642 0.1845 0.2489, 0.2657 0.3386 0.0472, 0.2067 0.3386 0.0472, 0.2067 0.3398 0.0367, 0.2657 0.3398 0.0367, 0.2067 0.3433 0.0267, 0.2657 0.3433 0.0267, 0.2067 0.3489 0.0178, 0.2657 0.3489 0.0178, 0.2067 0.3564 0.0103, 0.2657 0.3564 0.0103, 0.2067 0.3653 0.0047, 0.2657 0.3653 0.0047, 0.2067 0.3753 0.0012, 0.2657 0.3753 0.0012, 0.2067 0.3858 0.0, 0.2657 0.3858 0.0, 0.2657 0.4921 0.0, 0.2067 0.4921 0.0, 0.2657 0.4921 0.0394, 0.2067 0.4921 0.0394, 0.2657 0.3858 0.0394, 0.2067 0.3858 0.0394, 0.2657 0.3841 0.0396, 0.2067 0.3841 0.0396, 0.2657 0.3824 0.0401, 0.2067 0.3824 0.0401, 0.2657 0.3809 0.0411, 0.2067 0.3809 0.0411, 0.2657 0.3797 0.0423, 0.2067 0.3797 0.0423, 0.2657 0.3787 0.0438, 0.2067 0.3787 0.0438, 0.2657 0.3782 0.0455, 0.2067 0.3782 0.0455, 0.2657 0.378 0.0472, 0.2067 0.378 0.0472, 0.2657 0.378 0.0866, 0.2657 0.3386 0.0866, 0.2067 0.378 0.0866, 0.2067 0.3386 0.0866, 0.2067 0.3622 0.2638, 0.2067 0.3583 0.2642, 0.2657 0.3622 0.2638, 0.2657 0.3583 0.2642, 0.2657 0.1378 0.2642, 0.2067 0.1378 0.2642, 0.2657 0.1378 0.2638, 0.2067 0.1378 0.2638, 0.2657 0.2835 0.2638, 0.2657 0.2835 0.2642, 0.2657 0.2791 0.2637, 0.2657 0.1654 0.2642, 0.2657 0.1654 0.2638, 0.2657 0.1697 0.2637, 0.2657 0.2681 0.2568, 0.2657 0.2657 0.253, 0.2657 0.2749 0.2622, 0.2657 0.2712 0.2599, 0.2657 0.185 0.2445, 0.2657 0.185 0.126, 0.2657 0.1654 0.1063, 0.2657 0.2638 0.126, 0.2657 0.2835 0.1063, 0.2657 0.2638 0.2445, 0.2657 0.2643 0.2489, 0.2657 0.1845 0.2489, 0.2657 0.1831 0.253, 0.2657 0.1807 0.2568, 0.2657 0.1776 0.2599, 0.2657 0.1739 0.2622, 0.2067 0.2791 0.2637, 0.2067 0.2835 0.2642, 0.2067 0.2835 0.2638, 0.2067 0.1654 0.2638, 0.2067 0.1654 0.2642, 0.2067 0.1697 0.2637, 0.2067 0.2657 0.253, 0.2067 0.2681 0.2568, 0.2067 0.2712 0.2599, 0.2067 0.2749 0.2622, 0.2067 0.185 0.2445, 0.2067 0.1654 0.1063, 0.2067 0.185 0.126, 0.2067 0.2835 0.1063, 0.2067 0.2638 0.126, 0.2067 0.2638 0.2445, 0.2067 0.2643 0.2489, 0.2067 0.1739 0.2622, 0.2067 0.1776 0.2599, 0.2067 0.1807 0.2568, 0.2067 0.1831 0.253, 0.2067 0.1845 0.2489, 0.1083 0.3386 0.0472, 0.0492 0.3386 0.0472, 0.0492 0.3398 0.0367, 0.1083 0.3398 0.0367, 0.0492 0.3433 0.0267, 0.1083 0.3433 0.0267, 0.0492 0.3489 0.0178, 0.1083 0.3489 0.0178, 0.0492 0.3564 0.0103, 0.1083 0.3564 0.0103, 0.0492 0.3653 0.0047, 0.1083 0.3653 0.0047, 0.0492 0.3753 0.0012, 0.1083 0.3753 0.0012, 0.0492 0.3858 0.0, 0.1083 0.3858 0.0, 0.1083 0.4921 0.0, 0.0492 0.4921 0.0, 0.1083 0.4921 0.0394, 0.0492 0.4921 0.0394, 0.1083 0.3858 0.0394, 0.0492 0.3858 0.0394, 0.1083 0.3841 0.0396, 0.0492 0.3841 0.0396, 0.1083 0.3824 0.0401, 0.0492 0.3824 0.0401, 0.1083 0.3809 0.0411, 0.0492 0.3809 0.0411, 0.1083 0.3797 0.0423, 0.0492 0.3797 0.0423, 0.1083 0.3787 0.0438, 0.0492 0.3787 0.0438, 0.1083 0.3782 0.0455, 0.0492 0.3782 0.0455, 0.1083 0.378 0.0472, 0.0492 0.378 0.0472, 0.1083 0.378 0.0866, 0.1083 0.3386 0.0866, 0.0492 0.378 0.0866, 0.0492 0.3386 0.0866, 0.0492 0.3622 0.2638, 0.0492 0.3583 0.2642, 0.1083 0.3622 0.2638, 0.1083 0.3583 0.2642, 0.1083 0.1378 0.2642, 0.0492 0.1378 0.2642, 0.1083 0.1378 0.2638, 0.0492 0.1378 0.2638, 0.1083 0.2835 0.2638, 0.1083 0.2835 0.2642, 0.1083 0.2791 0.2637, 0.1083 0.1654 0.2642, 0.1083 0.1654 0.2638, 0.1083 0.1697 0.2637, 0.1083 0.2681 0.2568, 0.1083 0.2657 0.253, 0.1083 0.2749 0.2622, 0.1083 0.2712 0.2599, 0.1083 0.185 0.2445, 0.1083 0.185 0.126, 0.1083 0.1654 0.1063, 0.1083 0.2638 0.126, 0.1083 0.2835 0.1063, 0.1083 0.2638 0.2445, 0.1083 0.2643 0.2489, 0.1083 0.1845 0.2489, 0.1083 0.1831 0.253, 0.1083 0.1807 0.2568, 0.1083 0.1776 0.2599, 0.1083 0.1739 0.2622, 0.0492 0.2791 0.2637, 0.0492 0.2835 0.2642, 0.0492 0.2835 0.2638, 0.0492 0.1654 0.2638, 0.0492 0.1654 0.2642, 0.0492 0.1697 0.2637, 0.0492 0.2657 0.253, 0.0492 0.2681 0.2568, 0.0492 0.2712 0.2599, 0.0492 0.2749 0.2622, 0.0492 0.185 0.2445, 0.0492 0.1654 0.1063, 0.0492 0.185 0.126, 0.0492 0.2835 0.1063, 0.0492 0.2638 0.126, 0.0492 0.2638 0.2445, 0.0492 0.2643 0.2489, 0.0492 0.1739 0.2622, 0.0492 0.1776 0.2599, 0.0492 0.1807 0.2568, 0.0492 0.1831 0.253, 0.0492 0.1845 0.2489, -0.0492 0.3386 0.0472, -0.1083 0.3386 0.0472, -0.1083 0.3398 0.0367, -0.0492 0.3398 0.0367, -0.1083 0.3433 0.0267, -0.0492 0.3433 0.0267, -0.1083 0.3489 0.0178, -0.0492 0.3489 0.0178, -0.1083 0.3564 0.0103, -0.0492 0.3564 0.0103, -0.1083 0.3653 0.0047, -0.0492 0.3653 0.0047, -0.1083 0.3753 0.0012, -0.0492 0.3753 0.0012, -0.1083 0.3858 0.0, -0.0492 0.3858 0.0, -0.0492 0.4921 0.0, -0.1083 0.4921 0.0, -0.0492 0.4921 0.0394, -0.1083 0.4921 0.0394, -0.0492 0.3858 0.0394, -0.1083 0.3858 0.0394, -0.0492 0.3841 0.0396, -0.1083 0.3841 0.0396, -0.0492 0.3824 0.0401, -0.1083 0.3824 0.0401, -0.0492 0.3809 0.0411, -0.1083 0.3809 0.0411, -0.0492 0.3797 0.0423, -0.1083 0.3797 0.0423, -0.0492 0.3787 0.0438, -0.1083 0.3787 0.0438, -0.0492 0.3782 0.0455, -0.1083 0.3782 0.0455, -0.0492 0.378 0.0472, -0.1083 0.378 0.0472, -0.0492 0.378 0.0866, -0.0492 0.3386 0.0866, -0.1083 0.378 0.0866, -0.1083 0.3386 0.0866, -0.1083 0.3622 0.2638, -0.1083 0.3583 0.2642, -0.0492 0.3622 0.2638, -0.0492 0.3583 0.2642, -0.0492 0.1378 0.2642, -0.1083 0.1378 0.2642, -0.0492 0.1378 0.2638, -0.1083 0.1378 0.2638, -0.0492 0.2835 0.2638, -0.0492 0.2835 0.2642, -0.0492 0.2791 0.2637, -0.0492 0.1654 0.2642, -0.0492 0.1654 0.2638, -0.0492 0.1697 0.2637, -0.0492 0.2681 0.2568, -0.0492 0.2657 0.253, -0.0492 0.2749 0.2622, -0.0492 0.2712 0.2599, -0.0492 0.185 0.2445, -0.0492 0.185 0.126, -0.0492 0.1654 0.1063, -0.0492 0.2638 0.126, -0.0492 0.2835 0.1063, -0.0492 0.2638 0.2445, -0.0492 0.2643 0.2489, -0.0492 0.1845 0.2489, -0.0492 0.1831 0.253, -0.0492 0.1807 0.2568, -0.0492 0.1776 0.2599, -0.0492 0.1739 0.2622, -0.1083 0.2791 0.2637, -0.1083 0.2835 0.2642, -0.1083 0.2835 0.2638, -0.1083 0.1654 0.2638, -0.1083 0.1654 0.2642, -0.1083 0.1697 0.2637, -0.1083 0.2657 0.253, -0.1083 0.2681 0.2568, -0.1083 0.2712 0.2599, -0.1083 0.2749 0.2622, -0.1083 0.185 0.2445, -0.1083 0.1654 0.1063, -0.1083 0.185 0.126, -0.1083 0.2835 0.1063, -0.1083 0.2638 0.126, -0.1083 0.2638 0.2445, -0.1083 0.2643 0.2489, -0.1083 0.1739 0.2622, -0.1083 0.1776 0.2599, -0.1083 0.1807 0.2568, -0.1083 0.1831 0.253, -0.1083 0.1845 0.2489, -0.2067 0.3386 0.0472, -0.2657 0.3386 0.0472, -0.2657 0.3398 0.0367, -0.2067 0.3398 0.0367, -0.2657 0.3433 0.0267, -0.2067 0.3433 0.0267, -0.2657 0.3489 0.0178, -0.2067 0.3489 0.0178, -0.2657 0.3564 0.0103, -0.2067 0.3564 0.0103, -0.2657 0.3653 0.0047, -0.2067 0.3653 0.0047, -0.2657 0.3753 0.0012, -0.2067 0.3753 0.0012, -0.2657 0.3858 0.0, -0.2067 0.3858 0.0, -0.2067 0.4921 0.0, -0.2657 0.4921 0.0, -0.2067 0.4921 0.0394, -0.2657 0.4921 0.0394, -0.2067 0.3858 0.0394, -0.2657 0.3858 0.0394, -0.2067 0.3841 0.0396, -0.2657 0.3841 0.0396, -0.2067 0.3824 0.0401, -0.2657 0.3824 0.0401, -0.2067 0.3809 0.0411, -0.2657 0.3809 0.0411, -0.2067 0.3797 0.0423, -0.2657 0.3797 0.0423, -0.2067 0.3787 0.0438, -0.2657 0.3787 0.0438, -0.2067 0.3782 0.0455, -0.2657 0.3782 0.0455, -0.2067 0.378 0.0472, -0.2657 0.378 0.0472, -0.2067 0.378 0.0866, -0.2067 0.3386 0.0866, -0.2657 0.378 0.0866, -0.2657 0.3386 0.0866, -0.2657 0.3622 0.2638, -0.2657 0.3583 0.2642, -0.2067 0.3622 0.2638, -0.2067 0.3583 0.2642, -0.2067 0.1378 0.2642, -0.2657 0.1378 0.2642, -0.2067 0.1378 0.2638, -0.2657 0.1378 0.2638, -0.2067 0.2835 0.2638, -0.2067 0.2835 0.2642, -0.2067 0.2791 0.2637, -0.2067 0.1654 0.2642, -0.2067 0.1654 0.2638, -0.2067 0.1697 0.2637, -0.2067 0.2681 0.2568, -0.2067 0.2657 0.253, -0.2067 0.2749 0.2622, -0.2067 0.2712 0.2599, -0.2067 0.185 0.2445, -0.2067 0.185 0.126, -0.2067 0.1654 0.1063, -0.2067 0.2638 0.126, -0.2067 0.2835 0.1063, -0.2067 0.2638 0.2445, -0.2067 0.2643 0.2489, -0.2067 0.1845 0.2489, -0.2067 0.1831 0.253, -0.2067 0.1807 0.2568, -0.2067 0.1776 0.2599, -0.2067 0.1739 0.2622, -0.2657 0.2791 0.2637, -0.2657 0.2835 0.2642, -0.2657 0.2835 0.2638, -0.2657 0.1654 0.2638, -0.2657 0.1654 0.2642, -0.2657 0.1697 0.2637, -0.2657 0.2657 0.253, -0.2657 0.2681 0.2568, -0.2657 0.2712 0.2599, -0.2657 0.2749 0.2622, -0.2657 0.185 0.2445, -0.2657 0.1654 0.1063, -0.2657 0.185 0.126, -0.2657 0.2835 0.1063, -0.2657 0.2638 0.126, -0.2657 0.2638 0.2445, -0.2657 0.2643 0.2489, -0.2657 0.1739 0.2622, -0.2657 0.1776 0.2599, -0.2657 0.1807 0.2568, -0.2657 0.1831 0.253, -0.2657 0.1845 0.2489, -0.3642 0.3386 0.0472, -0.4232 0.3386 0.0472, -0.4232 0.3398 0.0367, -0.3642 0.3398 0.0367, -0.4232 0.3433 0.0267, -0.3642 0.3433 0.0267, -0.4232 0.3489 0.0178, -0.3642 0.3489 0.0178, -0.4232 0.3564 0.0103, -0.3642 0.3564 0.0103, -0.4232 0.3653 0.0047, -0.3642 0.3653 0.0047, -0.4232 0.3753 0.0012, -0.3642 0.3753 0.0012, -0.4232 0.3858 0.0, -0.3642 0.3858 0.0, -0.3642 0.4921 0.0, -0.4232 0.4921 0.0, -0.3642 0.4921 0.0394, -0.4232 0.4921 0.0394, -0.3642 0.3858 0.0394, -0.4232 0.3858 0.0394, -0.3642 0.3841 0.0396, -0.4232 0.3841 0.0396, -0.3642 0.3824 0.0401, -0.4232 0.3824 0.0401, -0.3642 0.3809 0.0411, -0.4232 0.3809 0.0411, -0.3642 0.3797 0.0423, -0.4232 0.3797 0.0423, -0.3642 0.3787 0.0438, -0.4232 0.3787 0.0438, -0.3642 0.3782 0.0455, -0.4232 0.3782 0.0455, -0.3642 0.378 0.0472, -0.4232 0.378 0.0472, -0.3642 0.378 0.0866, -0.3642 0.3386 0.0866, -0.4232 0.378 0.0866, -0.4232 0.3386 0.0866, -0.4232 0.3622 0.2638, -0.4232 0.3583 0.2642, -0.3642 0.3622 0.2638, -0.3642 0.3583 0.2642, -0.3642 0.1378 0.2642, -0.4232 0.1378 0.2642, -0.3642 0.1378 0.2638, -0.4232 0.1378 0.2638, -0.3642 0.2835 0.2638, -0.3642 0.2835 0.2642, -0.3642 0.2791 0.2637, -0.3642 0.1654 0.2642, -0.3642 0.1654 0.2638, -0.3642 0.1697 0.2637, -0.3642 0.2681 0.2568, -0.3642 0.2657 0.253, -0.3642 0.2749 0.2622, -0.3642 0.2712 0.2599, -0.3642 0.185 0.2445, -0.3642 0.185 0.126, -0.3642 0.1654 0.1063, -0.3642 0.2638 0.126, -0.3642 0.2835 0.1063, -0.3642 0.2638 0.2445, -0.3642 0.2643 0.2489, -0.3642 0.1845 0.2489, -0.3642 0.1831 0.253, -0.3642 0.1807 0.2568, -0.3642 0.1776 0.2599, -0.3642 0.1739 0.2622, -0.4232 0.2791 0.2637, -0.4232 0.2835 0.2642, -0.4232 0.2835 0.2638, -0.4232 0.1654 0.2638, -0.4232 0.1654 0.2642, -0.4232 0.1697 0.2637, -0.4232 0.2657 0.253, -0.4232 0.2681 0.2568, -0.4232 0.2712 0.2599, -0.4232 0.2749 0.2622, -0.4232 0.185 0.2445, -0.4232 0.1654 0.1063, -0.4232 0.185 0.126, -0.4232 0.2835 0.1063, -0.4232 0.2638 0.126, -0.4232 0.2638 0.2445, -0.4232 0.2643 0.2489, -0.4232 0.1739 0.2622, -0.4232 0.1776 0.2599, -0.4232 0.1807 0.2568, -0.4232 0.1831 0.253, -0.4232 0.1845 0.2489, -0.5217 0.3386 0.0472, -0.5807 0.3386 0.0472, -0.5807 0.3398 0.0367, -0.5217 0.3398 0.0367, -0.5807 0.3433 0.0267, -0.5217 0.3433 0.0267, -0.5807 0.3489 0.0178, -0.5217 0.3489 0.0178, -0.5807 0.3564 0.0103, -0.5217 0.3564 0.0103, -0.5807 0.3653 0.0047, -0.5217 0.3653 0.0047, -0.5807 0.3753 0.0012, -0.5217 0.3753 0.0012, -0.5807 0.3858 0.0, -0.5217 0.3858 0.0, -0.5217 0.4921 0.0, -0.5807 0.4921 0.0, -0.5217 0.4921 0.0394, -0.5807 0.4921 0.0394, -0.5217 0.3858 0.0394, -0.5807 0.3858 0.0394, -0.5217 0.3841 0.0396, -0.5807 0.3841 0.0396, -0.5217 0.3824 0.0401, -0.5807 0.3824 0.0401, -0.5217 0.3809 0.0411, -0.5807 0.3809 0.0411, -0.5217 0.3797 0.0423, -0.5807 0.3797 0.0423, -0.5217 0.3787 0.0438, -0.5807 0.3787 0.0438, -0.5217 0.3782 0.0455, -0.5807 0.3782 0.0455, -0.5217 0.378 0.0472, -0.5807 0.378 0.0472, -0.5217 0.378 0.0866, -0.5217 0.3386 0.0866, -0.5807 0.378 0.0866, -0.5807 0.3386 0.0866, -0.5807 0.3622 0.2638, -0.5807 0.3583 0.2642, -0.5217 0.3622 0.2638, -0.5217 0.3583 0.2642, -0.5217 0.1378 0.2642, -0.5807 0.1378 0.2642, -0.5217 0.1378 0.2638, -0.5807 0.1378 0.2638, -0.5217 0.2835 0.2638, -0.5217 0.2835 0.2642, -0.5217 0.2791 0.2637, -0.5217 0.1654 0.2642, -0.5217 0.1654 0.2638, -0.5217 0.1697 0.2637, -0.5217 0.2681 0.2568, -0.5217 0.2657 0.253, -0.5217 0.2749 0.2622, -0.5217 0.2712 0.2599, -0.5217 0.185 0.2445, -0.5217 0.185 0.126, -0.5217 0.1654 0.1063, -0.5217 0.2638 0.126, -0.5217 0.2835 0.1063, -0.5217 0.2638 0.2445, -0.5217 0.2643 0.2489, -0.5217 0.1845 0.2489, -0.5217 0.1831 0.253, -0.5217 0.1807 0.2568, -0.5217 0.1776 0.2599, -0.5217 0.1739 0.2622, -0.5807 0.2791 0.2637, -0.5807 0.2835 0.2642, -0.5807 0.2835 0.2638, -0.5807 0.1654 0.2638, -0.5807 0.1654 0.2642, -0.5807 0.1697 0.2637, -0.5807 0.2657 0.253, -0.5807 0.2681 0.2568, -0.5807 0.2712 0.2599, -0.5807 0.2749 0.2622, -0.5807 0.185 0.2445, -0.5807 0.1654 0.1063, -0.5807 0.185 0.126, -0.5807 0.2835 0.1063, -0.5807 0.2638 0.126, -0.5807 0.2638 0.2445, -0.5807 0.2643 0.2489, -0.5807 0.1739 0.2622, -0.5807 0.1776 0.2599, -0.5807 0.1807 0.2568, -0.5807 0.1831 0.253, -0.5807 0.1845 0.2489, -0.6791 0.3386 0.0472, -0.7382 0.3386 0.0472, -0.7382 0.3398 0.0367, -0.6791 0.3398 0.0367, -0.7382 0.3433 0.0267, -0.6791 0.3433 0.0267, -0.7382 0.3489 0.0178, -0.6791 0.3489 0.0178, -0.7382 0.3564 0.0103, -0.6791 0.3564 0.0103, -0.7382 0.3653 0.0047, -0.6791 0.3653 0.0047, -0.7382 0.3753 0.0012, -0.6791 0.3753 0.0012, -0.7382 0.3858 0.0, -0.6791 0.3858 0.0, -0.6791 0.4921 0.0, -0.7382 0.4921 0.0, -0.6791 0.4921 0.0394, -0.7382 0.4921 0.0394, -0.6791 0.3858 0.0394, -0.7382 0.3858 0.0394, -0.6791 0.3841 0.0396, -0.7382 0.3841 0.0396, -0.6791 0.3824 0.0401, -0.7382 0.3824 0.0401, -0.6791 0.3809 0.0411, -0.7382 0.3809 0.0411, -0.6791 0.3797 0.0423, -0.7382 0.3797 0.0423, -0.6791 0.3787 0.0438, -0.7382 0.3787 0.0438, -0.6791 0.3782 0.0455, -0.7382 0.3782 0.0455, -0.6791 0.378 0.0472, -0.7382 0.378 0.0472, -0.6791 0.378 0.0866, -0.6791 0.3386 0.0866, -0.7382 0.378 0.0866, -0.7382 0.3386 0.0866, -0.7382 0.3622 0.2638, -0.7382 0.3583 0.2642, -0.6791 0.3622 0.2638, -0.6791 0.3583 0.2642, -0.6791 0.1378 0.2642, -0.7382 0.1378 0.2642, -0.6791 0.1378 0.2638, -0.7382 0.1378 0.2638, -0.6791 0.2835 0.2638, -0.6791 0.2835 0.2642, -0.6791 0.2791 0.2637, -0.6791 0.1654 0.2642, -0.6791 0.1654 0.2638, -0.6791 0.1697 0.2637, -0.6791 0.2681 0.2568, -0.6791 0.2657 0.253, -0.6791 0.2749 0.2622, -0.6791 0.2712 0.2599, -0.6791 0.185 0.2445, -0.6791 0.185 0.126, -0.6791 0.1654 0.1063, -0.6791 0.2638 0.126, -0.6791 0.2835 0.1063, -0.6791 0.2638 0.2445, -0.6791 0.2643 0.2489, -0.6791 0.1845 0.2489, -0.6791 0.1831 0.253, -0.6791 0.1807 0.2568, -0.6791 0.1776 0.2599, -0.6791 0.1739 0.2622, -0.7382 0.2791 0.2637, -0.7382 0.2835 0.2642, -0.7382 0.2835 0.2638, -0.7382 0.1654 0.2638, -0.7382 0.1654 0.2642, -0.7382 0.1697 0.2637, -0.7382 0.2657 0.253, -0.7382 0.2681 0.2568, -0.7382 0.2712 0.2599, -0.7382 0.2749 0.2622, -0.7382 0.185 0.2445, -0.7382 0.1654 0.1063, -0.7382 0.185 0.126, -0.7382 0.2835 0.1063, -0.7382 0.2638 0.126, -0.7382 0.2638 0.2445, -0.7382 0.2643 0.2489, -0.7382 0.1739 0.2622, -0.7382 0.1776 0.2599, -0.7382 0.1807 0.2568, -0.7382 0.1831 0.253, -0.7382 0.1845 0.2489, -0.8366 0.3386 0.0472, -0.8957 0.3386 0.0472, -0.8957 0.3398 0.0367, -0.8366 0.3398 0.0367, -0.8957 0.3433 0.0267, -0.8366 0.3433 0.0267, -0.8957 0.3489 0.0178, -0.8366 0.3489 0.0178, -0.8957 0.3564 0.0103, -0.8366 0.3564 0.0103, -0.8957 0.3653 0.0047, -0.8366 0.3653 0.0047, -0.8957 0.3753 0.0012, -0.8366 0.3753 0.0012, -0.8957 0.3858 0.0, -0.8366 0.3858 0.0, -0.8366 0.4921 0.0, -0.8957 0.4921 0.0, -0.8366 0.4921 0.0394, -0.8957 0.4921 0.0394, -0.8366 0.3858 0.0394, -0.8957 0.3858 0.0394, -0.8366 0.3841 0.0396, -0.8957 0.3841 0.0396, -0.8366 0.3824 0.0401, -0.8957 0.3824 0.0401, -0.8366 0.3809 0.0411, -0.8957 0.3809 0.0411, -0.8366 0.3797 0.0423, -0.8957 0.3797 0.0423, -0.8366 0.3787 0.0438, -0.8957 0.3787 0.0438, -0.8366 0.3782 0.0455, -0.8957 0.3782 0.0455, -0.8366 0.378 0.0472, -0.8957 0.378 0.0472, -0.8366 0.378 0.0866, -0.8366 0.3386 0.0866, -0.8957 0.378 0.0866, -0.8957 0.3386 0.0866, -0.8957 0.3622 0.2638, -0.8957 0.3583 0.2642, -0.8366 0.3622 0.2638, -0.8366 0.3583 0.2642, -0.8366 0.1378 0.2642, -0.8957 0.1378 0.2642, -0.8366 0.1378 0.2638, -0.8957 0.1378 0.2638, -0.8366 0.2835 0.2638, -0.8366 0.2835 0.2642, -0.8366 0.2791 0.2637, -0.8366 0.1654 0.2642, -0.8366 0.1654 0.2638, -0.8366 0.1697 0.2637, -0.8366 0.2681 0.2568, -0.8366 0.2657 0.253, -0.8366 0.2749 0.2622, -0.8366 0.2712 0.2599, -0.8366 0.185 0.2445, -0.8366 0.185 0.126, -0.8366 0.1654 0.1063, -0.8366 0.2638 0.126, -0.8366 0.2835 0.1063, -0.8366 0.2638 0.2445, -0.8366 0.2643 0.2489, -0.8366 0.1845 0.2489, -0.8366 0.1831 0.253, -0.8366 0.1807 0.2568, -0.8366 0.1776 0.2599, -0.8366 0.1739 0.2622, -0.8957 0.2791 0.2637, -0.8957 0.2835 0.2642, -0.8957 0.2835 0.2638, -0.8957 0.1654 0.2638, -0.8957 0.1654 0.2642, -0.8957 0.1697 0.2637, -0.8957 0.2657 0.253, -0.8957 0.2681 0.2568, -0.8957 0.2712 0.2599, -0.8957 0.2749 0.2622, -0.8957 0.185 0.2445, -0.8957 0.1654 0.1063, -0.8957 0.185 0.126, -0.8957 0.2835 0.1063, -0.8957 0.2638 0.126, -0.8957 0.2638 0.2445, -0.8957 0.2643 0.2489, -0.8957 0.1739 0.2622, -0.8957 0.1776 0.2599, -0.8957 0.1807 0.2568, -0.8957 0.1831 0.253, -0.8957 0.1845 0.2489, 0.8957 -0.378 0.0472, 0.8366 -0.378 0.0472, 0.8957 -0.3782 0.0455, 0.8366 -0.3782 0.0455, 0.8957 -0.3787 0.0438, 0.8366 -0.3787 0.0438, 0.8957 -0.3797 0.0423, 0.8366 -0.3797 0.0423, 0.8957 -0.3809 0.0411, 0.8366 -0.3809 0.0411, 0.8957 -0.3824 0.0401, 0.8366 -0.3824 0.0401, 0.8957 -0.3841 0.0396, 0.8366 -0.3841 0.0396, 0.8957 -0.3858 0.0394, 0.8366 -0.3858 0.0394, 0.8957 -0.4921 0.0394, 0.8366 -0.4921 0.0394, 0.8957 -0.4921 0.0, 0.8366 -0.4921 0.0, 0.8957 -0.3858 0.0, 0.8366 -0.3858 0.0, 0.8366 -0.3753 0.0012, 0.8957 -0.3753 0.0012, 0.8366 -0.3653 0.0047, 0.8957 -0.3653 0.0047, 0.8366 -0.3564 0.0103, 0.8957 -0.3564 0.0103, 0.8366 -0.3489 0.0178, 0.8957 -0.3489 0.0178, 0.8366 -0.3433 0.0267, 0.8957 -0.3433 0.0267, 0.8366 -0.3398 0.0367, 0.8957 -0.3398 0.0367, 0.8366 -0.3386 0.0472, 0.8957 -0.3386 0.0472, 0.8366 -0.378 0.0866, 0.8366 -0.3386 0.0866, 0.8957 -0.378 0.0866, 0.8957 -0.3386 0.0866, 0.8366 -0.3583 0.2642, 0.8366 -0.3622 0.2638, 0.8957 -0.3583 0.2642, 0.8957 -0.3622 0.2638, 0.8366 -0.1378 0.2638, 0.8366 -0.1378 0.2642, 0.8957 -0.1378 0.2638, 0.8957 -0.1378 0.2642, 0.8957 -0.2791 0.2637, 0.8957 -0.2835 0.2642, 0.8957 -0.2835 0.2638, 0.8957 -0.1654 0.2638, 0.8957 -0.1654 0.2642, 0.8957 -0.2712 0.2599, 0.8957 -0.2749 0.2622, 0.8957 -0.2681 0.2568, 0.8957 -0.2657 0.253, 0.8957 -0.1697 0.2637, 0.8957 -0.1739 0.2622, 0.8957 -0.185 0.2445, 0.8957 -0.1654 0.1063, 0.8957 -0.185 0.126, 0.8957 -0.2835 0.1063, 0.8957 -0.2638 0.126, 0.8957 -0.2638 0.2445, 0.8957 -0.2643 0.2489, 0.8957 -0.1776 0.2599, 0.8957 -0.1807 0.2568, 0.8957 -0.1845 0.2489, 0.8957 -0.1831 0.253, 0.8366 -0.2835 0.2638, 0.8366 -0.1654 0.2642, 0.8366 -0.1654 0.2638, 0.8366 -0.1697 0.2637, 0.8366 -0.2835 0.2642, 0.8366 -0.2791 0.2637, 0.8366 -0.2749 0.2622, 0.8366 -0.2712 0.2599, 0.8366 -0.2681 0.2568, 0.8366 -0.2657 0.253, 0.8366 -0.1845 0.2489, 0.8366 -0.1831 0.253, 0.8366 -0.1807 0.2568, 0.8366 -0.2643 0.2489, 0.8366 -0.2638 0.2445, 0.8366 -0.2835 0.1063, 0.8366 -0.2638 0.126, 0.8366 -0.1654 0.1063, 0.8366 -0.185 0.126, 0.8366 -0.185 0.2445, 0.8366 -0.1739 0.2622, 0.8366 -0.1776 0.2599, 0.7382 -0.378 0.0472, 0.6791 -0.378 0.0472, 0.7382 -0.3782 0.0455, 0.6791 -0.3782 0.0455, 0.7382 -0.3787 0.0438, 0.6791 -0.3787 0.0438, 0.7382 -0.3797 0.0423, 0.6791 -0.3797 0.0423, 0.7382 -0.3809 0.0411, 0.6791 -0.3809 0.0411, 0.7382 -0.3824 0.0401, 0.6791 -0.3824 0.0401, 0.7382 -0.3841 0.0396, 0.6791 -0.3841 0.0396, 0.7382 -0.3858 0.0394, 0.6791 -0.3858 0.0394, 0.7382 -0.4921 0.0394, 0.6791 -0.4921 0.0394, 0.7382 -0.4921 0.0, 0.6791 -0.4921 0.0, 0.7382 -0.3858 0.0, 0.6791 -0.3858 0.0, 0.6791 -0.3753 0.0012, 0.7382 -0.3753 0.0012, 0.6791 -0.3653 0.0047, 0.7382 -0.3653 0.0047, 0.6791 -0.3564 0.0103, 0.7382 -0.3564 0.0103, 0.6791 -0.3489 0.0178, 0.7382 -0.3489 0.0178, 0.6791 -0.3433 0.0267, 0.7382 -0.3433 0.0267, 0.6791 -0.3398 0.0367, 0.7382 -0.3398 0.0367, 0.6791 -0.3386 0.0472, 0.7382 -0.3386 0.0472, 0.6791 -0.378 0.0866, 0.6791 -0.3386 0.0866, 0.7382 -0.378 0.0866, 0.7382 -0.3386 0.0866, 0.6791 -0.3583 0.2642, 0.6791 -0.3622 0.2638, 0.7382 -0.3583 0.2642, 0.7382 -0.3622 0.2638, 0.6791 -0.1378 0.2638, 0.6791 -0.1378 0.2642, 0.7382 -0.1378 0.2638, 0.7382 -0.1378 0.2642, 0.7382 -0.2791 0.2637, 0.7382 -0.2835 0.2642, 0.7382 -0.2835 0.2638, 0.7382 -0.1654 0.2638, 0.7382 -0.1654 0.2642, 0.7382 -0.2712 0.2599, 0.7382 -0.2749 0.2622, 0.7382 -0.2681 0.2568, 0.7382 -0.2657 0.253, 0.7382 -0.1697 0.2637, 0.7382 -0.1739 0.2622, 0.7382 -0.185 0.2445, 0.7382 -0.1654 0.1063, 0.7382 -0.185 0.126, 0.7382 -0.2835 0.1063, 0.7382 -0.2638 0.126, 0.7382 -0.2638 0.2445, 0.7382 -0.2643 0.2489, 0.7382 -0.1776 0.2599, 0.7382 -0.1807 0.2568, 0.7382 -0.1845 0.2489, 0.7382 -0.1831 0.253, 0.6791 -0.2835 0.2638, 0.6791 -0.1654 0.2642, 0.6791 -0.1654 0.2638, 0.6791 -0.1697 0.2637, 0.6791 -0.2835 0.2642, 0.6791 -0.2791 0.2637, 0.6791 -0.2749 0.2622, 0.6791 -0.2712 0.2599, 0.6791 -0.2681 0.2568, 0.6791 -0.2657 0.253, 0.6791 -0.1845 0.2489, 0.6791 -0.1831 0.253, 0.6791 -0.1807 0.2568, 0.6791 -0.2643 0.2489, 0.6791 -0.2638 0.2445, 0.6791 -0.2835 0.1063, 0.6791 -0.2638 0.126, 0.6791 -0.1654 0.1063, 0.6791 -0.185 0.126, 0.6791 -0.185 0.2445, 0.6791 -0.1739 0.2622, 0.6791 -0.1776 0.2599, 0.5807 -0.378 0.0472, 0.5217 -0.378 0.0472, 0.5807 -0.3782 0.0455, 0.5217 -0.3782 0.0455, 0.5807 -0.3787 0.0438, 0.5217 -0.3787 0.0438, 0.5807 -0.3797 0.0423, 0.5217 -0.3797 0.0423, 0.5807 -0.3809 0.0411, 0.5217 -0.3809 0.0411, 0.5807 -0.3824 0.0401, 0.5217 -0.3824 0.0401, 0.5807 -0.3841 0.0396, 0.5217 -0.3841 0.0396, 0.5807 -0.3858 0.0394, 0.5217 -0.3858 0.0394, 0.5807 -0.4921 0.0394, 0.5217 -0.4921 0.0394, 0.5807 -0.4921 0.0, 0.5217 -0.4921 0.0, 0.5807 -0.3858 0.0, 0.5217 -0.3858 0.0, 0.5217 -0.3753 0.0012, 0.5807 -0.3753 0.0012, 0.5217 -0.3653 0.0047, 0.5807 -0.3653 0.0047, 0.5217 -0.3564 0.0103, 0.5807 -0.3564 0.0103, 0.5217 -0.3489 0.0178, 0.5807 -0.3489 0.0178, 0.5217 -0.3433 0.0267, 0.5807 -0.3433 0.0267, 0.5217 -0.3398 0.0367, 0.5807 -0.3398 0.0367, 0.5217 -0.3386 0.0472, 0.5807 -0.3386 0.0472, 0.5217 -0.378 0.0866, 0.5217 -0.3386 0.0866, 0.5807 -0.378 0.0866, 0.5807 -0.3386 0.0866, 0.5217 -0.3583 0.2642, 0.5217 -0.3622 0.2638, 0.5807 -0.3583 0.2642, 0.5807 -0.3622 0.2638, 0.5217 -0.1378 0.2638, 0.5217 -0.1378 0.2642, 0.5807 -0.1378 0.2638, 0.5807 -0.1378 0.2642, 0.5807 -0.2791 0.2637, 0.5807 -0.2835 0.2642, 0.5807 -0.2835 0.2638, 0.5807 -0.1654 0.2638, 0.5807 -0.1654 0.2642, 0.5807 -0.2712 0.2599, 0.5807 -0.2749 0.2622, 0.5807 -0.2681 0.2568, 0.5807 -0.2657 0.253, 0.5807 -0.1697 0.2637, 0.5807 -0.1739 0.2622, 0.5807 -0.185 0.2445, 0.5807 -0.1654 0.1063, 0.5807 -0.185 0.126, 0.5807 -0.2835 0.1063, 0.5807 -0.2638 0.126, 0.5807 -0.2638 0.2445, 0.5807 -0.2643 0.2489, 0.5807 -0.1776 0.2599, 0.5807 -0.1807 0.2568, 0.5807 -0.1845 0.2489, 0.5807 -0.1831 0.253, 0.5217 -0.2835 0.2638, 0.5217 -0.1654 0.2642, 0.5217 -0.1654 0.2638, 0.5217 -0.1697 0.2637, 0.5217 -0.2835 0.2642, 0.5217 -0.2791 0.2637, 0.5217 -0.2749 0.2622, 0.5217 -0.2712 0.2599, 0.5217 -0.2681 0.2568, 0.5217 -0.2657 0.253, 0.5217 -0.1845 0.2489, 0.5217 -0.1831 0.253, 0.5217 -0.1807 0.2568, 0.5217 -0.2643 0.2489, 0.5217 -0.2638 0.2445, 0.5217 -0.2835 0.1063, 0.5217 -0.2638 0.126, 0.5217 -0.1654 0.1063, 0.5217 -0.185 0.126, 0.5217 -0.185 0.2445, 0.5217 -0.1739 0.2622, 0.5217 -0.1776 0.2599, 0.4232 -0.378 0.0472, 0.3642 -0.378 0.0472, 0.4232 -0.3782 0.0455, 0.3642 -0.3782 0.0455, 0.4232 -0.3787 0.0438, 0.3642 -0.3787 0.0438, 0.4232 -0.3797 0.0423, 0.3642 -0.3797 0.0423, 0.4232 -0.3809 0.0411, 0.3642 -0.3809 0.0411, 0.4232 -0.3824 0.0401, 0.3642 -0.3824 0.0401, 0.4232 -0.3841 0.0396, 0.3642 -0.3841 0.0396, 0.4232 -0.3858 0.0394, 0.3642 -0.3858 0.0394, 0.4232 -0.4921 0.0394, 0.3642 -0.4921 0.0394, 0.4232 -0.4921 0.0, 0.3642 -0.4921 0.0, 0.4232 -0.3858 0.0, 0.3642 -0.3858 0.0, 0.3642 -0.3753 0.0012, 0.4232 -0.3753 0.0012, 0.3642 -0.3653 0.0047, 0.4232 -0.3653 0.0047, 0.3642 -0.3564 0.0103, 0.4232 -0.3564 0.0103, 0.3642 -0.3489 0.0178, 0.4232 -0.3489 0.0178, 0.3642 -0.3433 0.0267, 0.4232 -0.3433 0.0267, 0.3642 -0.3398 0.0367, 0.4232 -0.3398 0.0367, 0.3642 -0.3386 0.0472, 0.4232 -0.3386 0.0472, 0.3642 -0.378 0.0866, 0.3642 -0.3386 0.0866, 0.4232 -0.378 0.0866, 0.4232 -0.3386 0.0866, 0.3642 -0.3583 0.2642, 0.3642 -0.3622 0.2638, 0.4232 -0.3583 0.2642, 0.4232 -0.3622 0.2638, 0.3642 -0.1378 0.2638, 0.3642 -0.1378 0.2642, 0.4232 -0.1378 0.2638, 0.4232 -0.1378 0.2642, 0.4232 -0.2791 0.2637, 0.4232 -0.2835 0.2642, 0.4232 -0.2835 0.2638, 0.4232 -0.1654 0.2638, 0.4232 -0.1654 0.2642, 0.4232 -0.2712 0.2599, 0.4232 -0.2749 0.2622, 0.4232 -0.2681 0.2568, 0.4232 -0.2657 0.253, 0.4232 -0.1697 0.2637, 0.4232 -0.1739 0.2622, 0.4232 -0.185 0.2445, 0.4232 -0.1654 0.1063, 0.4232 -0.185 0.126, 0.4232 -0.2835 0.1063, 0.4232 -0.2638 0.126, 0.4232 -0.2638 0.2445, 0.4232 -0.2643 0.2489, 0.4232 -0.1776 0.2599, 0.4232 -0.1807 0.2568, 0.4232 -0.1845 0.2489, 0.4232 -0.1831 0.253, 0.3642 -0.2835 0.2638, 0.3642 -0.1654 0.2642, 0.3642 -0.1654 0.2638, 0.3642 -0.1697 0.2637, 0.3642 -0.2835 0.2642, 0.3642 -0.2791 0.2637, 0.3642 -0.2749 0.2622, 0.3642 -0.2712 0.2599, 0.3642 -0.2681 0.2568, 0.3642 -0.2657 0.253, 0.3642 -0.1845 0.2489, 0.3642 -0.1831 0.253, 0.3642 -0.1807 0.2568, 0.3642 -0.2643 0.2489, 0.3642 -0.2638 0.2445, 0.3642 -0.2835 0.1063, 0.3642 -0.2638 0.126, 0.3642 -0.1654 0.1063, 0.3642 -0.185 0.126, 0.3642 -0.185 0.2445, 0.3642 -0.1739 0.2622, 0.3642 -0.1776 0.2599, 0.2657 -0.378 0.0472, 0.2067 -0.378 0.0472, 0.2657 -0.3782 0.0455, 0.2067 -0.3782 0.0455, 0.2657 -0.3787 0.0438, 0.2067 -0.3787 0.0438, 0.2657 -0.3797 0.0423, 0.2067 -0.3797 0.0423, 0.2657 -0.3809 0.0411, 0.2067 -0.3809 0.0411, 0.2657 -0.3824 0.0401, 0.2067 -0.3824 0.0401, 0.2657 -0.3841 0.0396, 0.2067 -0.3841 0.0396, 0.2657 -0.3858 0.0394, 0.2067 -0.3858 0.0394, 0.2657 -0.4921 0.0394, 0.2067 -0.4921 0.0394, 0.2657 -0.4921 0.0, 0.2067 -0.4921 0.0, 0.2657 -0.3858 0.0, 0.2067 -0.3858 0.0, 0.2067 -0.3753 0.0012, 0.2657 -0.3753 0.0012, 0.2067 -0.3653 0.0047, 0.2657 -0.3653 0.0047, 0.2067 -0.3564 0.0103, 0.2657 -0.3564 0.0103, 0.2067 -0.3489 0.0178, 0.2657 -0.3489 0.0178, 0.2067 -0.3433 0.0267, 0.2657 -0.3433 0.0267, 0.2067 -0.3398 0.0367, 0.2657 -0.3398 0.0367, 0.2067 -0.3386 0.0472, 0.2657 -0.3386 0.0472, 0.2067 -0.378 0.0866, 0.2067 -0.3386 0.0866, 0.2657 -0.378 0.0866, 0.2657 -0.3386 0.0866, 0.2067 -0.3583 0.2642, 0.2067 -0.3622 0.2638, 0.2657 -0.3583 0.2642, 0.2657 -0.3622 0.2638, 0.2067 -0.1378 0.2638, 0.2067 -0.1378 0.2642, 0.2657 -0.1378 0.2638, 0.2657 -0.1378 0.2642, 0.2657 -0.2791 0.2637, 0.2657 -0.2835 0.2642, 0.2657 -0.2835 0.2638, 0.2657 -0.1654 0.2638, 0.2657 -0.1654 0.2642, 0.2657 -0.2712 0.2599, 0.2657 -0.2749 0.2622, 0.2657 -0.2681 0.2568, 0.2657 -0.2657 0.253, 0.2657 -0.1697 0.2637, 0.2657 -0.1739 0.2622, 0.2657 -0.185 0.2445, 0.2657 -0.1654 0.1063, 0.2657 -0.185 0.126, 0.2657 -0.2835 0.1063, 0.2657 -0.2638 0.126, 0.2657 -0.2638 0.2445, 0.2657 -0.2643 0.2489, 0.2657 -0.1776 0.2599, 0.2657 -0.1807 0.2568, 0.2657 -0.1845 0.2489, 0.2657 -0.1831 0.253, 0.2067 -0.2835 0.2638, 0.2067 -0.1654 0.2642, 0.2067 -0.1654 0.2638, 0.2067 -0.1697 0.2637, 0.2067 -0.2835 0.2642, 0.2067 -0.2791 0.2637, 0.2067 -0.2749 0.2622, 0.2067 -0.2712 0.2599, 0.2067 -0.2681 0.2568, 0.2067 -0.2657 0.253, 0.2067 -0.1845 0.2489, 0.2067 -0.1831 0.253, 0.2067 -0.1807 0.2568, 0.2067 -0.2643 0.2489, 0.2067 -0.2638 0.2445, 0.2067 -0.2835 0.1063, 0.2067 -0.2638 0.126, 0.2067 -0.1654 0.1063, 0.2067 -0.185 0.126, 0.2067 -0.185 0.2445, 0.2067 -0.1739 0.2622, 0.2067 -0.1776 0.2599, 0.1083 -0.378 0.0472, 0.0492 -0.378 0.0472, 0.1083 -0.3782 0.0455, 0.0492 -0.3782 0.0455, 0.1083 -0.3787 0.0438, 0.0492 -0.3787 0.0438, 0.1083 -0.3797 0.0423, 0.0492 -0.3797 0.0423, 0.1083 -0.3809 0.0411, 0.0492 -0.3809 0.0411, 0.1083 -0.3824 0.0401, 0.0492 -0.3824 0.0401, 0.1083 -0.3841 0.0396, 0.0492 -0.3841 0.0396, 0.1083 -0.3858 0.0394, 0.0492 -0.3858 0.0394, 0.1083 -0.4921 0.0394, 0.0492 -0.4921 0.0394, 0.1083 -0.4921 0.0, 0.0492 -0.4921 0.0, 0.1083 -0.3858 0.0, 0.0492 -0.3858 0.0, 0.0492 -0.3753 0.0012, 0.1083 -0.3753 0.0012, 0.0492 -0.3653 0.0047, 0.1083 -0.3653 0.0047, 0.0492 -0.3564 0.0103, 0.1083 -0.3564 0.0103, 0.0492 -0.3489 0.0178, 0.1083 -0.3489 0.0178, 0.0492 -0.3433 0.0267, 0.1083 -0.3433 0.0267, 0.0492 -0.3398 0.0367, 0.1083 -0.3398 0.0367, 0.0492 -0.3386 0.0472, 0.1083 -0.3386 0.0472, 0.0492 -0.378 0.0866, 0.0492 -0.3386 0.0866, 0.1083 -0.378 0.0866, 0.1083 -0.3386 0.0866, 0.0492 -0.3583 0.2642, 0.0492 -0.3622 0.2638, 0.1083 -0.3583 0.2642, 0.1083 -0.3622 0.2638, 0.0492 -0.1378 0.2638, 0.0492 -0.1378 0.2642, 0.1083 -0.1378 0.2638, 0.1083 -0.1378 0.2642, 0.1083 -0.2791 0.2637, 0.1083 -0.2835 0.2642, 0.1083 -0.2835 0.2638, 0.1083 -0.1654 0.2638, 0.1083 -0.1654 0.2642, 0.1083 -0.2712 0.2599, 0.1083 -0.2749 0.2622, 0.1083 -0.2681 0.2568, 0.1083 -0.2657 0.253, 0.1083 -0.1697 0.2637, 0.1083 -0.1739 0.2622, 0.1083 -0.185 0.2445, 0.1083 -0.1654 0.1063, 0.1083 -0.185 0.126, 0.1083 -0.2835 0.1063, 0.1083 -0.2638 0.126, 0.1083 -0.2638 0.2445, 0.1083 -0.2643 0.2489, 0.1083 -0.1776 0.2599, 0.1083 -0.1807 0.2568, 0.1083 -0.1845 0.2489, 0.1083 -0.1831 0.253, 0.0492 -0.2835 0.2638, 0.0492 -0.1654 0.2642, 0.0492 -0.1654 0.2638, 0.0492 -0.1697 0.2637, 0.0492 -0.2835 0.2642, 0.0492 -0.2791 0.2637, 0.0492 -0.2749 0.2622, 0.0492 -0.2712 0.2599, 0.0492 -0.2681 0.2568, 0.0492 -0.2657 0.253, 0.0492 -0.1845 0.2489, 0.0492 -0.1831 0.253, 0.0492 -0.1807 0.2568, 0.0492 -0.2643 0.2489, 0.0492 -0.2638 0.2445, 0.0492 -0.2835 0.1063, 0.0492 -0.2638 0.126, 0.0492 -0.1654 0.1063, 0.0492 -0.185 0.126, 0.0492 -0.185 0.2445, 0.0492 -0.1739 0.2622, 0.0492 -0.1776 0.2599, -0.0492 -0.378 0.0472, -0.1083 -0.378 0.0472, -0.0492 -0.3782 0.0455, -0.1083 -0.3782 0.0455, -0.0492 -0.3787 0.0438, -0.1083 -0.3787 0.0438, -0.0492 -0.3797 0.0423, -0.1083 -0.3797 0.0423, -0.0492 -0.3809 0.0411, -0.1083 -0.3809 0.0411, -0.0492 -0.3824 0.0401, -0.1083 -0.3824 0.0401, -0.0492 -0.3841 0.0396, -0.1083 -0.3841 0.0396, -0.0492 -0.3858 0.0394, -0.1083 -0.3858 0.0394, -0.0492 -0.4921 0.0394, -0.1083 -0.4921 0.0394, -0.0492 -0.4921 0.0, -0.1083 -0.4921 0.0, -0.0492 -0.3858 0.0, -0.1083 -0.3858 0.0, -0.1083 -0.3753 0.0012, -0.0492 -0.3753 0.0012, -0.1083 -0.3653 0.0047, -0.0492 -0.3653 0.0047, -0.1083 -0.3564 0.0103, -0.0492 -0.3564 0.0103, -0.1083 -0.3489 0.0178, -0.0492 -0.3489 0.0178, -0.1083 -0.3433 0.0267, -0.0492 -0.3433 0.0267, -0.1083 -0.3398 0.0367, -0.0492 -0.3398 0.0367, -0.1083 -0.3386 0.0472, -0.0492 -0.3386 0.0472, -0.1083 -0.378 0.0866, -0.1083 -0.3386 0.0866, -0.0492 -0.378 0.0866, -0.0492 -0.3386 0.0866, -0.1083 -0.3583 0.2642, -0.1083 -0.3622 0.2638, -0.0492 -0.3583 0.2642, -0.0492 -0.3622 0.2638, -0.1083 -0.1378 0.2638, -0.1083 -0.1378 0.2642, -0.0492 -0.1378 0.2638, -0.0492 -0.1378 0.2642, -0.0492 -0.2791 0.2637, -0.0492 -0.2835 0.2642, -0.0492 -0.2835 0.2638, -0.0492 -0.1654 0.2638, -0.0492 -0.1654 0.2642, -0.0492 -0.2712 0.2599, -0.0492 -0.2749 0.2622, -0.0492 -0.2681 0.2568, -0.0492 -0.2657 0.253, -0.0492 -0.1697 0.2637, -0.0492 -0.1739 0.2622, -0.0492 -0.185 0.2445, -0.0492 -0.1654 0.1063, -0.0492 -0.185 0.126, -0.0492 -0.2835 0.1063, -0.0492 -0.2638 0.126, -0.0492 -0.2638 0.2445, -0.0492 -0.2643 0.2489, -0.0492 -0.1776 0.2599, -0.0492 -0.1807 0.2568, -0.0492 -0.1845 0.2489, -0.0492 -0.1831 0.253, -0.1083 -0.2835 0.2638, -0.1083 -0.1654 0.2642, -0.1083 -0.1654 0.2638, -0.1083 -0.1697 0.2637, -0.1083 -0.2835 0.2642, -0.1083 -0.2791 0.2637, -0.1083 -0.2749 0.2622, -0.1083 -0.2712 0.2599, -0.1083 -0.2681 0.2568, -0.1083 -0.2657 0.253, -0.1083 -0.1845 0.2489, -0.1083 -0.1831 0.253, -0.1083 -0.1807 0.2568, -0.1083 -0.2643 0.2489, -0.1083 -0.2638 0.2445, -0.1083 -0.2835 0.1063, -0.1083 -0.2638 0.126, -0.1083 -0.1654 0.1063, -0.1083 -0.185 0.126, -0.1083 -0.185 0.2445, -0.1083 -0.1739 0.2622, -0.1083 -0.1776 0.2599, -0.2067 -0.378 0.0472, -0.2657 -0.378 0.0472, -0.2067 -0.3782 0.0455, -0.2657 -0.3782 0.0455, -0.2067 -0.3787 0.0438, -0.2657 -0.3787 0.0438, -0.2067 -0.3797 0.0423, -0.2657 -0.3797 0.0423, -0.2067 -0.3809 0.0411, -0.2657 -0.3809 0.0411, -0.2067 -0.3824 0.0401, -0.2657 -0.3824 0.0401, -0.2067 -0.3841 0.0396, -0.2657 -0.3841 0.0396, -0.2067 -0.3858 0.0394, -0.2657 -0.3858 0.0394, -0.2067 -0.4921 0.0394, -0.2657 -0.4921 0.0394, -0.2067 -0.4921 0.0, -0.2657 -0.4921 0.0, -0.2067 -0.3858 0.0, -0.2657 -0.3858 0.0, -0.2657 -0.3753 0.0012, -0.2067 -0.3753 0.0012, -0.2657 -0.3653 0.0047, -0.2067 -0.3653 0.0047, -0.2657 -0.3564 0.0103, -0.2067 -0.3564 0.0103, -0.2657 -0.3489 0.0178, -0.2067 -0.3489 0.0178, -0.2657 -0.3433 0.0267, -0.2067 -0.3433 0.0267, -0.2657 -0.3398 0.0367, -0.2067 -0.3398 0.0367, -0.2657 -0.3386 0.0472, -0.2067 -0.3386 0.0472, -0.2657 -0.378 0.0866, -0.2657 -0.3386 0.0866, -0.2067 -0.378 0.0866, -0.2067 -0.3386 0.0866, -0.2657 -0.3583 0.2642, -0.2657 -0.3622 0.2638, -0.2067 -0.3583 0.2642, -0.2067 -0.3622 0.2638, -0.2657 -0.1378 0.2638, -0.2657 -0.1378 0.2642, -0.2067 -0.1378 0.2638, -0.2067 -0.1378 0.2642, -0.2067 -0.2791 0.2637, -0.2067 -0.2835 0.2642, -0.2067 -0.2835 0.2638, -0.2067 -0.1654 0.2638, -0.2067 -0.1654 0.2642, -0.2067 -0.2712 0.2599, -0.2067 -0.2749 0.2622, -0.2067 -0.2681 0.2568, -0.2067 -0.2657 0.253, -0.2067 -0.1697 0.2637, -0.2067 -0.1739 0.2622, -0.2067 -0.185 0.2445, -0.2067 -0.1654 0.1063, -0.2067 -0.185 0.126, -0.2067 -0.2835 0.1063, -0.2067 -0.2638 0.126, -0.2067 -0.2638 0.2445, -0.2067 -0.2643 0.2489, -0.2067 -0.1776 0.2599, -0.2067 -0.1807 0.2568, -0.2067 -0.1845 0.2489, -0.2067 -0.1831 0.253, -0.2657 -0.2835 0.2638, -0.2657 -0.1654 0.2642, -0.2657 -0.1654 0.2638, -0.2657 -0.1697 0.2637, -0.2657 -0.2835 0.2642, -0.2657 -0.2791 0.2637, -0.2657 -0.2749 0.2622, -0.2657 -0.2712 0.2599, -0.2657 -0.2681 0.2568, -0.2657 -0.2657 0.253, -0.2657 -0.1845 0.2489, -0.2657 -0.1831 0.253, -0.2657 -0.1807 0.2568, -0.2657 -0.2643 0.2489, -0.2657 -0.2638 0.2445, -0.2657 -0.2835 0.1063, -0.2657 -0.2638 0.126, -0.2657 -0.1654 0.1063, -0.2657 -0.185 0.126, -0.2657 -0.185 0.2445, -0.2657 -0.1739 0.2622, -0.2657 -0.1776 0.2599, -0.3642 -0.378 0.0472, -0.4232 -0.378 0.0472, -0.3642 -0.3782 0.0455, -0.4232 -0.3782 0.0455, -0.3642 -0.3787 0.0438, -0.4232 -0.3787 0.0438, -0.3642 -0.3797 0.0423, -0.4232 -0.3797 0.0423, -0.3642 -0.3809 0.0411, -0.4232 -0.3809 0.0411, -0.3642 -0.3824 0.0401, -0.4232 -0.3824 0.0401, -0.3642 -0.3841 0.0396, -0.4232 -0.3841 0.0396, -0.3642 -0.3858 0.0394, -0.4232 -0.3858 0.0394, -0.3642 -0.4921 0.0394, -0.4232 -0.4921 0.0394, -0.3642 -0.4921 0.0, -0.4232 -0.4921 0.0, -0.3642 -0.3858 0.0, -0.4232 -0.3858 0.0, -0.4232 -0.3753 0.0012, -0.3642 -0.3753 0.0012, -0.4232 -0.3653 0.0047, -0.3642 -0.3653 0.0047, -0.4232 -0.3564 0.0103, -0.3642 -0.3564 0.0103, -0.4232 -0.3489 0.0178, -0.3642 -0.3489 0.0178, -0.4232 -0.3433 0.0267, -0.3642 -0.3433 0.0267, -0.4232 -0.3398 0.0367, -0.3642 -0.3398 0.0367, -0.4232 -0.3386 0.0472, -0.3642 -0.3386 0.0472, -0.4232 -0.378 0.0866, -0.4232 -0.3386 0.0866, -0.3642 -0.378 0.0866, -0.3642 -0.3386 0.0866, -0.4232 -0.3583 0.2642, -0.4232 -0.3622 0.2638, -0.3642 -0.3583 0.2642, -0.3642 -0.3622 0.2638, -0.4232 -0.1378 0.2638, -0.4232 -0.1378 0.2642, -0.3642 -0.1378 0.2638, -0.3642 -0.1378 0.2642, -0.3642 -0.2791 0.2637, -0.3642 -0.2835 0.2642, -0.3642 -0.2835 0.2638, -0.3642 -0.1654 0.2638, -0.3642 -0.1654 0.2642, -0.3642 -0.2712 0.2599, -0.3642 -0.2749 0.2622, -0.3642 -0.2681 0.2568, -0.3642 -0.2657 0.253, -0.3642 -0.1697 0.2637, -0.3642 -0.1739 0.2622, -0.3642 -0.185 0.2445, -0.3642 -0.1654 0.1063, -0.3642 -0.185 0.126, -0.3642 -0.2835 0.1063, -0.3642 -0.2638 0.126, -0.3642 -0.2638 0.2445, -0.3642 -0.2643 0.2489, -0.3642 -0.1776 0.2599, -0.3642 -0.1807 0.2568, -0.3642 -0.1845 0.2489, -0.3642 -0.1831 0.253, -0.4232 -0.2835 0.2638, -0.4232 -0.1654 0.2642, -0.4232 -0.1654 0.2638, -0.4232 -0.1697 0.2637, -0.4232 -0.2835 0.2642, -0.4232 -0.2791 0.2637, -0.4232 -0.2749 0.2622, -0.4232 -0.2712 0.2599, -0.4232 -0.2681 0.2568, -0.4232 -0.2657 0.253, -0.4232 -0.1845 0.2489, -0.4232 -0.1831 0.253, -0.4232 -0.1807 0.2568, -0.4232 -0.2643 0.2489, -0.4232 -0.2638 0.2445, -0.4232 -0.2835 0.1063, -0.4232 -0.2638 0.126, -0.4232 -0.1654 0.1063, -0.4232 -0.185 0.126, -0.4232 -0.185 0.2445, -0.4232 -0.1739 0.2622, -0.4232 -0.1776 0.2599, -0.5217 -0.378 0.0472, -0.5807 -0.378 0.0472, -0.5217 -0.3782 0.0455, -0.5807 -0.3782 0.0455, -0.5217 -0.3787 0.0438, -0.5807 -0.3787 0.0438, -0.5217 -0.3797 0.0423, -0.5807 -0.3797 0.0423, -0.5217 -0.3809 0.0411, -0.5807 -0.3809 0.0411, -0.5217 -0.3824 0.0401, -0.5807 -0.3824 0.0401, -0.5217 -0.3841 0.0396, -0.5807 -0.3841 0.0396, -0.5217 -0.3858 0.0394, -0.5807 -0.3858 0.0394, -0.5217 -0.4921 0.0394, -0.5807 -0.4921 0.0394, -0.5217 -0.4921 0.0, -0.5807 -0.4921 0.0, -0.5217 -0.3858 0.0, -0.5807 -0.3858 0.0, -0.5807 -0.3753 0.0012, -0.5217 -0.3753 0.0012, -0.5807 -0.3653 0.0047, -0.5217 -0.3653 0.0047, -0.5807 -0.3564 0.0103, -0.5217 -0.3564 0.0103, -0.5807 -0.3489 0.0178, -0.5217 -0.3489 0.0178, -0.5807 -0.3433 0.0267, -0.5217 -0.3433 0.0267, -0.5807 -0.3398 0.0367, -0.5217 -0.3398 0.0367, -0.5807 -0.3386 0.0472, -0.5217 -0.3386 0.0472, -0.5807 -0.378 0.0866, -0.5807 -0.3386 0.0866, -0.5217 -0.378 0.0866, -0.5217 -0.3386 0.0866, -0.5807 -0.3583 0.2642, -0.5807 -0.3622 0.2638, -0.5217 -0.3583 0.2642, -0.5217 -0.3622 0.2638, -0.5807 -0.1378 0.2638, -0.5807 -0.1378 0.2642, -0.5217 -0.1378 0.2638, -0.5217 -0.1378 0.2642, -0.5217 -0.2791 0.2637, -0.5217 -0.2835 0.2642, -0.5217 -0.2835 0.2638, -0.5217 -0.1654 0.2638, -0.5217 -0.1654 0.2642, -0.5217 -0.2712 0.2599, -0.5217 -0.2749 0.2622, -0.5217 -0.2681 0.2568, -0.5217 -0.2657 0.253, -0.5217 -0.1697 0.2637, -0.5217 -0.1739 0.2622, -0.5217 -0.185 0.2445, -0.5217 -0.1654 0.1063, -0.5217 -0.185 0.126, -0.5217 -0.2835 0.1063, -0.5217 -0.2638 0.126, -0.5217 -0.2638 0.2445, -0.5217 -0.2643 0.2489, -0.5217 -0.1776 0.2599, -0.5217 -0.1807 0.2568, -0.5217 -0.1845 0.2489, -0.5217 -0.1831 0.253, -0.5807 -0.2835 0.2638, -0.5807 -0.1654 0.2642, -0.5807 -0.1654 0.2638, -0.5807 -0.1697 0.2637, -0.5807 -0.2835 0.2642, -0.5807 -0.2791 0.2637, -0.5807 -0.2749 0.2622, -0.5807 -0.2712 0.2599, -0.5807 -0.2681 0.2568, -0.5807 -0.2657 0.253, -0.5807 -0.1845 0.2489, -0.5807 -0.1831 0.253, -0.5807 -0.1807 0.2568, -0.5807 -0.2643 0.2489, -0.5807 -0.2638 0.2445, -0.5807 -0.2835 0.1063, -0.5807 -0.2638 0.126, -0.5807 -0.1654 0.1063, -0.5807 -0.185 0.126, -0.5807 -0.185 0.2445, -0.5807 -0.1739 0.2622, -0.5807 -0.1776 0.2599, -0.6791 -0.378 0.0472, -0.7382 -0.378 0.0472, -0.6791 -0.3782 0.0455, -0.7382 -0.3782 0.0455, -0.6791 -0.3787 0.0438, -0.7382 -0.3787 0.0438, -0.6791 -0.3797 0.0423, -0.7382 -0.3797 0.0423, -0.6791 -0.3809 0.0411, -0.7382 -0.3809 0.0411, -0.6791 -0.3824 0.0401, -0.7382 -0.3824 0.0401, -0.6791 -0.3841 0.0396, -0.7382 -0.3841 0.0396, -0.6791 -0.3858 0.0394, -0.7382 -0.3858 0.0394, -0.6791 -0.4921 0.0394, -0.7382 -0.4921 0.0394, -0.6791 -0.4921 0.0, -0.7382 -0.4921 0.0, -0.6791 -0.3858 0.0, -0.7382 -0.3858 0.0, -0.7382 -0.3753 0.0012, -0.6791 -0.3753 0.0012, -0.7382 -0.3653 0.0047, -0.6791 -0.3653 0.0047, -0.7382 -0.3564 0.0103, -0.6791 -0.3564 0.0103, -0.7382 -0.3489 0.0178, -0.6791 -0.3489 0.0178, -0.7382 -0.3433 0.0267, -0.6791 -0.3433 0.0267, -0.7382 -0.3398 0.0367, -0.6791 -0.3398 0.0367, -0.7382 -0.3386 0.0472, -0.6791 -0.3386 0.0472, -0.7382 -0.378 0.0866, -0.7382 -0.3386 0.0866, -0.6791 -0.378 0.0866, -0.6791 -0.3386 0.0866, -0.7382 -0.3583 0.2642, -0.7382 -0.3622 0.2638, -0.6791 -0.3583 0.2642, -0.6791 -0.3622 0.2638, -0.7382 -0.1378 0.2638, -0.7382 -0.1378 0.2642, -0.6791 -0.1378 0.2638, -0.6791 -0.1378 0.2642, -0.6791 -0.2791 0.2637, -0.6791 -0.2835 0.2642, -0.6791 -0.2835 0.2638, -0.6791 -0.1654 0.2638, -0.6791 -0.1654 0.2642, -0.6791 -0.2712 0.2599, -0.6791 -0.2749 0.2622, -0.6791 -0.2681 0.2568, -0.6791 -0.2657 0.253, -0.6791 -0.1697 0.2637, -0.6791 -0.1739 0.2622, -0.6791 -0.185 0.2445, -0.6791 -0.1654 0.1063, -0.6791 -0.185 0.126, -0.6791 -0.2835 0.1063, -0.6791 -0.2638 0.126, -0.6791 -0.2638 0.2445, -0.6791 -0.2643 0.2489, -0.6791 -0.1776 0.2599, -0.6791 -0.1807 0.2568, -0.6791 -0.1845 0.2489, -0.6791 -0.1831 0.253, -0.7382 -0.2835 0.2638, -0.7382 -0.1654 0.2642, -0.7382 -0.1654 0.2638, -0.7382 -0.1697 0.2637, -0.7382 -0.2835 0.2642, -0.7382 -0.2791 0.2637, -0.7382 -0.2749 0.2622, -0.7382 -0.2712 0.2599, -0.7382 -0.2681 0.2568, -0.7382 -0.2657 0.253, -0.7382 -0.1845 0.2489, -0.7382 -0.1831 0.253, -0.7382 -0.1807 0.2568, -0.7382 -0.2643 0.2489, -0.7382 -0.2638 0.2445, -0.7382 -0.2835 0.1063, -0.7382 -0.2638 0.126, -0.7382 -0.1654 0.1063, -0.7382 -0.185 0.126, -0.7382 -0.185 0.2445, -0.7382 -0.1739 0.2622, -0.7382 -0.1776 0.2599, -0.8366 -0.378 0.0472, -0.8957 -0.378 0.0472, -0.8366 -0.3782 0.0455, -0.8957 -0.3782 0.0455, -0.8366 -0.3787 0.0438, -0.8957 -0.3787 0.0438, -0.8366 -0.3797 0.0423, -0.8957 -0.3797 0.0423, -0.8366 -0.3809 0.0411, -0.8957 -0.3809 0.0411, -0.8366 -0.3824 0.0401, -0.8957 -0.3824 0.0401, -0.8366 -0.3841 0.0396, -0.8957 -0.3841 0.0396, -0.8366 -0.3858 0.0394, -0.8957 -0.3858 0.0394, -0.8366 -0.4921 0.0394, -0.8957 -0.4921 0.0394, -0.8366 -0.4921 0.0, -0.8957 -0.4921 0.0, -0.8366 -0.3858 0.0, -0.8957 -0.3858 0.0, -0.8957 -0.3753 0.0012, -0.8366 -0.3753 0.0012, -0.8957 -0.3653 0.0047, -0.8366 -0.3653 0.0047, -0.8957 -0.3564 0.0103, -0.8366 -0.3564 0.0103, -0.8957 -0.3489 0.0178, -0.8366 -0.3489 0.0178, -0.8957 -0.3433 0.0267, -0.8366 -0.3433 0.0267, -0.8957 -0.3398 0.0367, -0.8366 -0.3398 0.0367, -0.8957 -0.3386 0.0472, -0.8366 -0.3386 0.0472, -0.8957 -0.378 0.0866, -0.8957 -0.3386 0.0866, -0.8366 -0.378 0.0866, -0.8366 -0.3386 0.0866, -0.8957 -0.3583 0.2642, -0.8957 -0.3622 0.2638, -0.8366 -0.3583 0.2642, -0.8366 -0.3622 0.2638, -0.8957 -0.1378 0.2638, -0.8957 -0.1378 0.2642, -0.8366 -0.1378 0.2638, -0.8366 -0.1378 0.2642, -0.8366 -0.2791 0.2637, -0.8366 -0.2835 0.2642, -0.8366 -0.2835 0.2638, -0.8366 -0.1654 0.2638, -0.8366 -0.1654 0.2642, -0.8366 -0.2712 0.2599, -0.8366 -0.2749 0.2622, -0.8366 -0.2681 0.2568, -0.8366 -0.2657 0.253, -0.8366 -0.1697 0.2637, -0.8366 -0.1739 0.2622, -0.8366 -0.185 0.2445, -0.8366 -0.1654 0.1063, -0.8366 -0.185 0.126, -0.8366 -0.2835 0.1063, -0.8366 -0.2638 0.126, -0.8366 -0.2638 0.2445, -0.8366 -0.2643 0.2489, -0.8366 -0.1776 0.2599, -0.8366 -0.1807 0.2568, -0.8366 -0.1845 0.2489, -0.8366 -0.1831 0.253, -0.8957 -0.2835 0.2638, -0.8957 -0.1654 0.2642, -0.8957 -0.1654 0.2638, -0.8957 -0.1697 0.2637, -0.8957 -0.2835 0.2642, -0.8957 -0.2791 0.2637, -0.8957 -0.2749 0.2622, -0.8957 -0.2712 0.2599, -0.8957 -0.2681 0.2568, -0.8957 -0.2657 0.253, -0.8957 -0.1845 0.2489, -0.8957 -0.1831 0.253, -0.8957 -0.1807 0.2568, -0.8957 -0.2643 0.2489, -0.8957 -0.2638 0.2445, -0.8957 -0.2835 0.1063, -0.8957 -0.2638 0.126, -0.8957 -0.1654 0.1063, -0.8957 -0.185 0.126, -0.8957 -0.185 0.2445, -0.8957 -0.1739 0.2622, -0.8957 -0.1776 0.2599, 1.4366 0.2087 0.0079, 1.4366 0.2087 0.0, 1.4366 0.2874 0.0079, 1.4366 0.2874 0.0, 1.3465 0.2874 0.0079, 1.3465 0.2874 0.0, 1.2795 0.3543 0.0079, 1.2795 0.3543 0.0, 1.2795 0.4134 0.0079, 1.2795 0.4921 0.0, 1.2795 0.4134 0.0394, 1.2795 0.4921 0.0394, 1.1614 0.4921 0.0, 1.1614 0.4921 0.0394, 1.1614 0.3819 0.0, 1.1614 0.3819 0.0079, 1.1614 0.4134 0.0079, 1.1614 0.4134 0.0394, 1.1607 0.3768 0.0079, 1.1607 0.3768 0.0, 1.1588 0.372 0.0079, 1.1588 0.372 0.0, 1.1557 0.368 0.0079, 1.1557 0.368 0.0, 1.1516 0.3648 0.0079, 1.1516 0.3648 0.0, 1.1468 0.3629 0.0079, 1.1468 0.3629 0.0, 1.1417 0.3622 0.0079, 1.1417 0.3622 0.0, 1.0906 0.3622 0.0079, 1.0906 0.3622 0.0, 1.0906 0.2913 0.0079, 1.0906 0.2913 0.0, 1.2312 0.2913 0.0079, 1.2312 0.2913 0.0, 1.3138 0.2087 0.0079, 1.3138 0.2087 0.0, -1.1614 0.4134 0.0394, -1.1614 0.4921 0.0394, -1.2795 0.4134 0.0394, -1.2795 0.4921 0.0394, -1.4366 0.2874 0.0, -1.4366 0.2087 0.0, -1.4366 0.2874 0.0079, -1.4366 0.2087 0.0079, -1.3138 0.2087 0.0, -1.3138 0.2087 0.0079, -1.2312 0.2913 0.0, -1.2312 0.2913 0.0079, -1.0906 0.2913 0.0, -1.0906 0.2913 0.0079, -1.0906 0.3622 0.0, -1.0906 0.3622 0.0079, -1.1417 0.3622 0.0, -1.1417 0.3622 0.0079, -1.1468 0.3629 0.0079, -1.1468 0.3629 0.0, -1.1516 0.3648 0.0079, -1.1516 0.3648 0.0, -1.1557 0.368 0.0079, -1.1557 0.368 0.0, -1.1588 0.372 0.0079, -1.1588 0.372 0.0, -1.1607 0.3768 0.0079, -1.1607 0.3768 0.0, -1.1614 0.3819 0.0079, -1.1614 0.3819 0.0, -1.1614 0.4134 0.0079, -1.1614 0.4921 0.0, -1.2795 0.4921 0.0, -1.2795 0.3543 0.0, -1.2795 0.3543 0.0079, -1.2795 0.4134 0.0079, -1.3465 0.2874 0.0, -1.3465 0.2874 0.0079, -1.4366 -0.2087 0.0079, -1.4366 -0.2087 0.0, -1.4366 -0.2874 0.0079, -1.4366 -0.2874 0.0, -1.3465 -0.2874 0.0079, -1.3465 -0.2874 0.0, -1.2795 -0.3543 0.0079, -1.2795 -0.3543 0.0, -1.2795 -0.4134 0.0079, -1.2795 -0.4921 0.0, -1.2795 -0.4134 0.0394, -1.2795 -0.4921 0.0394, -1.1614 -0.4921 0.0, -1.1614 -0.4921 0.0394, -1.1614 -0.3819 0.0, -1.1614 -0.3819 0.0079, -1.1614 -0.4134 0.0079, -1.1614 -0.4134 0.0394, -1.1607 -0.3768 0.0079, -1.1607 -0.3768 0.0, -1.1588 -0.372 0.0079, -1.1588 -0.372 0.0, -1.1557 -0.368 0.0079, -1.1557 -0.368 0.0, -1.1516 -0.3648 0.0079, -1.1516 -0.3648 0.0, -1.1468 -0.3629 0.0079, -1.1468 -0.3629 0.0, -1.1417 -0.3622 0.0079, -1.1417 -0.3622 0.0, -1.0906 -0.3622 0.0079, -1.0906 -0.3622 0.0, -1.0906 -0.2913 0.0079, -1.0906 -0.2913 0.0, -1.2312 -0.2913 0.0079, -1.2312 -0.2913 0.0, -1.3138 -0.2087 0.0079, -1.3138 -0.2087 0.0, 1.1614 -0.4134 0.0394, 1.1614 -0.4921 0.0394, 1.2795 -0.4134 0.0394, 1.2795 -0.4921 0.0394, 1.4366 -0.2874 0.0, 1.4366 -0.2087 0.0, 1.4366 -0.2874 0.0079, 1.4366 -0.2087 0.0079, 1.3138 -0.2087 0.0, 1.3138 -0.2087 0.0079, 1.2312 -0.2913 0.0, 1.2312 -0.2913 0.0079, 1.0906 -0.2913 0.0, 1.0906 -0.2913 0.0079, 1.0906 -0.3622 0.0, 1.0906 -0.3622 0.0079, 1.1417 -0.3622 0.0, 1.1417 -0.3622 0.0079, 1.1468 -0.3629 0.0079, 1.1468 -0.3629 0.0, 1.1516 -0.3648 0.0079, 1.1516 -0.3648 0.0, 1.1557 -0.368 0.0079, 1.1557 -0.368 0.0, 1.1588 -0.372 0.0079, 1.1588 -0.372 0.0, 1.1607 -0.3768 0.0079, 1.1607 -0.3768 0.0, 1.1614 -0.3819 0.0079, 1.1614 -0.3819 0.0, 1.1614 -0.4134 0.0079, 1.1614 -0.4921 0.0, 1.2795 -0.4921 0.0, 1.2795 -0.3543 0.0, 1.2795 -0.3543 0.0079, 1.2795 -0.4134 0.0079, 1.3465 -0.2874 0.0, 1.3465 -0.2874 0.0079
            ]
        }
        coordIndex [
            0,1,2,-1,0,2,3,-1,3,2,4,-1,3,4,5,-1,5,4,6,-1,5,6,7,-1,7,6,8,-1,7,8,9,-1,9,8,10,-1,9,10,11,-1,11,10,12,-1,11,12,13,-1,13,12,14,-1,13,14,15,-1,16,15,17,-1,17,15,14,-1,18,16,19,-1,19,16,17,-1,20,18,21,-1,21,18,19,-1,20,21,22,-1,22,21,23,-1,22,23,24,-1,24,23,25,-1,24,25,26,-1,26,25,27,-1,26,27,28,-1,28,27,29,-1,28,29,30,-1,30,29,31,-1,30,31,32,-1,32,31,33,-1,32,33,34,-1,34,33,35,-1,36,37,34,-1,34,37,0,-1,34,0,32,-1,32,0,3,-1,32,3,30,-1,30,3,5,-1,30,5,28,-1,28,5,7,-1,28,7,26,-1,26,7,9,-1,26,9,24,-1,24,9,11,-1,24,11,22,-1,22,11,13,-1,22,13,20,-1,20,13,15,-1,20,15,18,-1,18,15,16,-1,19,17,21,-1,21,17,14,-1,21,14,23,-1,23,14,12,-1,23,12,25,-1,25,12,10,-1,25,10,27,-1,27,10,8,-1,27,8,29,-1,29,8,6,-1,29,6,31,-1,31,6,4,-1,31,4,33,-1,33,4,2,-1,33,2,35,-1,35,2,1,-1,35,1,38,-1,38,1,39,-1,1,0,39,-1,39,0,37,-1,36,34,38,-1,38,34,35,-1,40,41,42,-1,42,41,43,-1,44,45,46,-1,46,45,47,-1,42,43,48,-1,48,43,49,-1,48,49,50,-1,44,46,51,-1,51,46,52,-1,51,52,53,-1,48,54,55,-1,50,56,48,-1,48,56,57,-1,48,57,54,-1,58,52,59,-1,59,52,60,-1,59,60,61,-1,61,60,62,-1,61,62,63,-1,63,62,48,-1,63,48,64,-1,64,48,55,-1,58,65,52,-1,52,65,66,-1,52,66,67,-1,67,68,52,-1,52,68,69,-1,52,69,53,-1,70,71,72,-1,72,71,41,-1,72,41,40,-1,47,45,73,-1,73,45,74,-1,73,74,75,-1,76,77,70,-1,70,77,78,-1,70,78,79,-1,73,80,81,-1,81,80,82,-1,81,82,83,-1,83,82,84,-1,83,84,72,-1,72,84,85,-1,72,85,70,-1,70,85,86,-1,70,86,76,-1,75,87,73,-1,73,87,88,-1,73,88,89,-1,89,90,73,-1,73,90,91,-1,73,91,80,-1,49,43,71,-1,71,43,41,-1,49,71,70,-1,49,70,50,-1,50,70,79,-1,50,79,56,-1,56,79,78,-1,56,78,57,-1,57,78,77,-1,57,77,54,-1,54,77,76,-1,54,76,55,-1,55,76,86,-1,55,86,64,-1,64,86,85,-1,64,85,63,-1,61,63,84,-1,84,63,85,-1,59,61,82,-1,82,61,84,-1,58,59,80,-1,80,59,82,-1,58,80,91,-1,58,91,65,-1,65,91,90,-1,65,90,66,-1,66,90,89,-1,66,89,67,-1,67,89,88,-1,67,88,68,-1,68,88,87,-1,68,87,69,-1,69,87,75,-1,69,75,53,-1,53,75,74,-1,53,74,51,-1,44,51,45,-1,45,51,74,-1,92,93,94,-1,92,94,95,-1,95,94,96,-1,95,96,97,-1,97,96,98,-1,97,98,99,-1,99,98,100,-1,99,100,101,-1,101,100,102,-1,101,102,103,-1,103,102,104,-1,103,104,105,-1,105,104,106,-1,105,106,107,-1,108,107,109,-1,109,107,106,-1,110,108,111,-1,111,108,109,-1,112,110,113,-1,113,110,111,-1,112,113,114,-1,114,113,115,-1,114,115,116,-1,116,115,117,-1,116,117,118,-1,118,117,119,-1,118,119,120,-1,120,119,121,-1,120,121,122,-1,122,121,123,-1,122,123,124,-1,124,123,125,-1,124,125,126,-1,126,125,127,-1,128,129,126,-1,126,129,92,-1,126,92,124,-1,124,92,95,-1,124,95,122,-1,122,95,97,-1,122,97,120,-1,120,97,99,-1,120,99,118,-1,118,99,101,-1,118,101,116,-1,116,101,103,-1,116,103,114,-1,114,103,105,-1,114,105,112,-1,112,105,107,-1,112,107,110,-1,110,107,108,-1,111,109,113,-1,113,109,106,-1,113,106,115,-1,115,106,104,-1,115,104,117,-1,117,104,102,-1,117,102,119,-1,119,102,100,-1,119,100,121,-1,121,100,98,-1,121,98,123,-1,123,98,96,-1,123,96,125,-1,125,96,94,-1,125,94,127,-1,127,94,93,-1,127,93,130,-1,130,93,131,-1,93,92,131,-1,131,92,129,-1,128,126,130,-1,130,126,127,-1,132,133,134,-1,134,133,135,-1,136,137,138,-1,138,137,139,-1,134,135,140,-1,140,135,141,-1,140,141,142,-1,136,138,143,-1,143,138,144,-1,143,144,145,-1,140,146,147,-1,142,148,140,-1,140,148,149,-1,140,149,146,-1,150,144,151,-1,151,144,152,-1,151,152,153,-1,153,152,154,-1,153,154,155,-1,155,154,140,-1,155,140,156,-1,156,140,147,-1,150,157,144,-1,144,157,158,-1,144,158,159,-1,159,160,144,-1,144,160,161,-1,144,161,145,-1,162,163,164,-1,164,163,133,-1,164,133,132,-1,139,137,165,-1,165,137,166,-1,165,166,167,-1,168,169,162,-1,162,169,170,-1,162,170,171,-1,165,172,173,-1,173,172,174,-1,173,174,175,-1,175,174,176,-1,175,176,164,-1,164,176,177,-1,164,177,162,-1,162,177,178,-1,162,178,168,-1,167,179,165,-1,165,179,180,-1,165,180,181,-1,181,182,165,-1,165,182,183,-1,165,183,172,-1,141,135,163,-1,163,135,133,-1,141,163,162,-1,141,162,142,-1,142,162,171,-1,142,171,148,-1,148,171,170,-1,148,170,149,-1,149,170,169,-1,149,169,146,-1,146,169,168,-1,146,168,147,-1,147,168,178,-1,147,178,156,-1,156,178,177,-1,156,177,155,-1,153,155,176,-1,176,155,177,-1,151,153,174,-1,174,153,176,-1,150,151,172,-1,172,151,174,-1,150,172,183,-1,150,183,157,-1,157,183,182,-1,157,182,158,-1,158,182,181,-1,158,181,159,-1,159,181,180,-1,159,180,160,-1,160,180,179,-1,160,179,161,-1,161,179,167,-1,161,167,145,-1,145,167,166,-1,145,166,143,-1,136,143,137,-1,137,143,166,-1,184,185,186,-1,184,186,187,-1,187,186,188,-1,187,188,189,-1,189,188,190,-1,189,190,191,-1,191,190,192,-1,191,192,193,-1,193,192,194,-1,193,194,195,-1,195,194,196,-1,195,196,197,-1,197,196,198,-1,197,198,199,-1,200,199,201,-1,201,199,198,-1,202,200,203,-1,203,200,201,-1,204,202,205,-1,205,202,203,-1,204,205,206,-1,206,205,207,-1,206,207,208,-1,208,207,209,-1,208,209,210,-1,210,209,211,-1,210,211,212,-1,212,211,213,-1,212,213,214,-1,214,213,215,-1,214,215,216,-1,216,215,217,-1,216,217,218,-1,218,217,219,-1,220,221,218,-1,218,221,184,-1,218,184,216,-1,216,184,187,-1,216,187,214,-1,214,187,189,-1,214,189,212,-1,212,189,191,-1,212,191,210,-1,210,191,193,-1,210,193,208,-1,208,193,195,-1,208,195,206,-1,206,195,197,-1,206,197,204,-1,204,197,199,-1,204,199,202,-1,202,199,200,-1,203,201,205,-1,205,201,198,-1,205,198,207,-1,207,198,196,-1,207,196,209,-1,209,196,194,-1,209,194,211,-1,211,194,192,-1,211,192,213,-1,213,192,190,-1,213,190,215,-1,215,190,188,-1,215,188,217,-1,217,188,186,-1,217,186,219,-1,219,186,185,-1,219,185,222,-1,222,185,223,-1,185,184,223,-1,223,184,221,-1,220,218,222,-1,222,218,219,-1,224,225,226,-1,226,225,227,-1,228,229,230,-1,230,229,231,-1,226,227,232,-1,232,227,233,-1,232,233,234,-1,228,230,235,-1,235,230,236,-1,235,236,237,-1,232,238,239,-1,234,240,232,-1,232,240,241,-1,232,241,238,-1,242,236,243,-1,243,236,244,-1,243,244,245,-1,245,244,246,-1,245,246,247,-1,247,246,232,-1,247,232,248,-1,248,232,239,-1,242,249,236,-1,236,249,250,-1,236,250,251,-1,251,252,236,-1,236,252,253,-1,236,253,237,-1,254,255,256,-1,256,255,225,-1,256,225,224,-1,231,229,257,-1,257,229,258,-1,257,258,259,-1,260,261,254,-1,254,261,262,-1,254,262,263,-1,257,264,265,-1,265,264,266,-1,265,266,267,-1,267,266,268,-1,267,268,256,-1,256,268,269,-1,256,269,254,-1,254,269,270,-1,254,270,260,-1,259,271,257,-1,257,271,272,-1,257,272,273,-1,273,274,257,-1,257,274,275,-1,257,275,264,-1,233,227,255,-1,255,227,225,-1,233,255,254,-1,233,254,234,-1,234,254,263,-1,234,263,240,-1,240,263,262,-1,240,262,241,-1,241,262,261,-1,241,261,238,-1,238,261,260,-1,238,260,239,-1,239,260,270,-1,239,270,248,-1,248,270,269,-1,248,269,247,-1,245,247,268,-1,268,247,269,-1,243,245,266,-1,266,245,268,-1,242,243,264,-1,264,243,266,-1,242,264,275,-1,242,275,249,-1,249,275,274,-1,249,274,250,-1,250,274,273,-1,250,273,251,-1,251,273,272,-1,251,272,252,-1,252,272,271,-1,252,271,253,-1,253,271,259,-1,253,259,237,-1,237,259,258,-1,237,258,235,-1,228,235,229,-1,229,235,258,-1,276,277,278,-1,276,278,279,-1,279,278,280,-1,279,280,281,-1,281,280,282,-1,281,282,283,-1,283,282,284,-1,283,284,285,-1,285,284,286,-1,285,286,287,-1,287,286,288,-1,287,288,289,-1,289,288,290,-1,289,290,291,-1,292,291,293,-1,293,291,290,-1,294,292,295,-1,295,292,293,-1,296,294,297,-1,297,294,295,-1,296,297,298,-1,298,297,299,-1,298,299,300,-1,300,299,301,-1,300,301,302,-1,302,301,303,-1,302,303,304,-1,304,303,305,-1,304,305,306,-1,306,305,307,-1,306,307,308,-1,308,307,309,-1,308,309,310,-1,310,309,311,-1,312,313,310,-1,310,313,276,-1,310,276,308,-1,308,276,279,-1,308,279,306,-1,306,279,281,-1,306,281,304,-1,304,281,283,-1,304,283,302,-1,302,283,285,-1,302,285,300,-1,300,285,287,-1,300,287,298,-1,298,287,289,-1,298,289,296,-1,296,289,291,-1,296,291,294,-1,294,291,292,-1,295,293,297,-1,297,293,290,-1,297,290,299,-1,299,290,288,-1,299,288,301,-1,301,288,286,-1,301,286,303,-1,303,286,284,-1,303,284,305,-1,305,284,282,-1,305,282,307,-1,307,282,280,-1,307,280,309,-1,309,280,278,-1,309,278,311,-1,311,278,277,-1,311,277,314,-1,314,277,315,-1,277,276,315,-1,315,276,313,-1,312,310,314,-1,314,310,311,-1,316,317,318,-1,318,317,319,-1,320,321,322,-1,322,321,323,-1,318,319,324,-1,324,319,325,-1,324,325,326,-1,320,322,327,-1,327,322,328,-1,327,328,329,-1,324,330,331,-1,326,332,324,-1,324,332,333,-1,324,333,330,-1,334,328,335,-1,335,328,336,-1,335,336,337,-1,337,336,338,-1,337,338,339,-1,339,338,324,-1,339,324,340,-1,340,324,331,-1,334,341,328,-1,328,341,342,-1,328,342,343,-1,343,344,328,-1,328,344,345,-1,328,345,329,-1,346,347,348,-1,348,347,317,-1,348,317,316,-1,323,321,349,-1,349,321,350,-1,349,350,351,-1,352,353,346,-1,346,353,354,-1,346,354,355,-1,349,356,357,-1,357,356,358,-1,357,358,359,-1,359,358,360,-1,359,360,348,-1,348,360,361,-1,348,361,346,-1,346,361,362,-1,346,362,352,-1,351,363,349,-1,349,363,364,-1,349,364,365,-1,365,366,349,-1,349,366,367,-1,349,367,356,-1,325,319,347,-1,347,319,317,-1,325,347,346,-1,325,346,326,-1,326,346,355,-1,326,355,332,-1,332,355,354,-1,332,354,333,-1,333,354,353,-1,333,353,330,-1,330,353,352,-1,330,352,331,-1,331,352,362,-1,331,362,340,-1,340,362,361,-1,340,361,339,-1,337,339,360,-1,360,339,361,-1,335,337,358,-1,358,337,360,-1,334,335,356,-1,356,335,358,-1,334,356,367,-1,334,367,341,-1,341,367,366,-1,341,366,342,-1,342,366,365,-1,342,365,343,-1,343,365,364,-1,343,364,344,-1,344,364,363,-1,344,363,345,-1,345,363,351,-1,345,351,329,-1,329,351,350,-1,329,350,327,-1,320,327,321,-1,321,327,350,-1,368,369,370,-1,368,370,371,-1,371,370,372,-1,371,372,373,-1,373,372,374,-1,373,374,375,-1,375,374,376,-1,375,376,377,-1,377,376,378,-1,377,378,379,-1,379,378,380,-1,379,380,381,-1,381,380,382,-1,381,382,383,-1,384,383,385,-1,385,383,382,-1,386,384,387,-1,387,384,385,-1,388,386,389,-1,389,386,387,-1,388,389,390,-1,390,389,391,-1,390,391,392,-1,392,391,393,-1,392,393,394,-1,394,393,395,-1,394,395,396,-1,396,395,397,-1,396,397,398,-1,398,397,399,-1,398,399,400,-1,400,399,401,-1,400,401,402,-1,402,401,403,-1,404,405,402,-1,402,405,368,-1,402,368,400,-1,400,368,371,-1,400,371,398,-1,398,371,373,-1,398,373,396,-1,396,373,375,-1,396,375,394,-1,394,375,377,-1,394,377,392,-1,392,377,379,-1,392,379,390,-1,390,379,381,-1,390,381,388,-1,388,381,383,-1,388,383,386,-1,386,383,384,-1,387,385,389,-1,389,385,382,-1,389,382,391,-1,391,382,380,-1,391,380,393,-1,393,380,378,-1,393,378,395,-1,395,378,376,-1,395,376,397,-1,397,376,374,-1,397,374,399,-1,399,374,372,-1,399,372,401,-1,401,372,370,-1,401,370,403,-1,403,370,369,-1,403,369,406,-1,406,369,407,-1,369,368,407,-1,407,368,405,-1,404,402,406,-1,406,402,403,-1,408,409,410,-1,410,409,411,-1,412,413,414,-1,414,413,415,-1,410,411,416,-1,416,411,417,-1,416,417,418,-1,412,414,419,-1,419,414,420,-1,419,420,421,-1,416,422,423,-1,418,424,416,-1,416,424,425,-1,416,425,422,-1,426,420,427,-1,427,420,428,-1,427,428,429,-1,429,428,430,-1,429,430,431,-1,431,430,416,-1,431,416,432,-1,432,416,423,-1,426,433,420,-1,420,433,434,-1,420,434,435,-1,435,436,420,-1,420,436,437,-1,420,437,421,-1,438,439,440,-1,440,439,409,-1,440,409,408,-1,415,413,441,-1,441,413,442,-1,441,442,443,-1,444,445,438,-1,438,445,446,-1,438,446,447,-1,441,448,449,-1,449,448,450,-1,449,450,451,-1,451,450,452,-1,451,452,440,-1,440,452,453,-1,440,453,438,-1,438,453,454,-1,438,454,444,-1,443,455,441,-1,441,455,456,-1,441,456,457,-1,457,458,441,-1,441,458,459,-1,441,459,448,-1,417,411,439,-1,439,411,409,-1,417,439,438,-1,417,438,418,-1,418,438,447,-1,418,447,424,-1,424,447,446,-1,424,446,425,-1,425,446,445,-1,425,445,422,-1,422,445,444,-1,422,444,423,-1,423,444,454,-1,423,454,432,-1,432,454,453,-1,432,453,431,-1,429,431,452,-1,452,431,453,-1,427,429,450,-1,450,429,452,-1,426,427,448,-1,448,427,450,-1,426,448,459,-1,426,459,433,-1,433,459,458,-1,433,458,434,-1,434,458,457,-1,434,457,435,-1,435,457,456,-1,435,456,436,-1,436,456,455,-1,436,455,437,-1,437,455,443,-1,437,443,421,-1,421,443,442,-1,421,442,419,-1,412,419,413,-1,413,419,442,-1,460,461,462,-1,460,462,463,-1,463,462,464,-1,463,464,465,-1,465,464,466,-1,465,466,467,-1,467,466,468,-1,467,468,469,-1,469,468,470,-1,469,470,471,-1,471,470,472,-1,471,472,473,-1,473,472,474,-1,473,474,475,-1,476,475,477,-1,477,475,474,-1,478,476,479,-1,479,476,477,-1,480,478,481,-1,481,478,479,-1,480,481,482,-1,482,481,483,-1,482,483,484,-1,484,483,485,-1,484,485,486,-1,486,485,487,-1,486,487,488,-1,488,487,489,-1,488,489,490,-1,490,489,491,-1,490,491,492,-1,492,491,493,-1,492,493,494,-1,494,493,495,-1,496,497,494,-1,494,497,460,-1,494,460,492,-1,492,460,463,-1,492,463,490,-1,490,463,465,-1,490,465,488,-1,488,465,467,-1,488,467,486,-1,486,467,469,-1,486,469,484,-1,484,469,471,-1,484,471,482,-1,482,471,473,-1,482,473,480,-1,480,473,475,-1,480,475,478,-1,478,475,476,-1,479,477,481,-1,481,477,474,-1,481,474,483,-1,483,474,472,-1,483,472,485,-1,485,472,470,-1,485,470,487,-1,487,470,468,-1,487,468,489,-1,489,468,466,-1,489,466,491,-1,491,466,464,-1,491,464,493,-1,493,464,462,-1,493,462,495,-1,495,462,461,-1,495,461,498,-1,498,461,499,-1,461,460,499,-1,499,460,497,-1,496,494,498,-1,498,494,495,-1,500,501,502,-1,502,501,503,-1,504,505,506,-1,506,505,507,-1,502,503,508,-1,508,503,509,-1,508,509,510,-1,504,506,511,-1,511,506,512,-1,511,512,513,-1,508,514,515,-1,510,516,508,-1,508,516,517,-1,508,517,514,-1,518,512,519,-1,519,512,520,-1,519,520,521,-1,521,520,522,-1,521,522,523,-1,523,522,508,-1,523,508,524,-1,524,508,515,-1,518,525,512,-1,512,525,526,-1,512,526,527,-1,527,528,512,-1,512,528,529,-1,512,529,513,-1,530,531,532,-1,532,531,501,-1,532,501,500,-1,507,505,533,-1,533,505,534,-1,533,534,535,-1,536,537,530,-1,530,537,538,-1,530,538,539,-1,533,540,541,-1,541,540,542,-1,541,542,543,-1,543,542,544,-1,543,544,532,-1,532,544,545,-1,532,545,530,-1,530,545,546,-1,530,546,536,-1,535,547,533,-1,533,547,548,-1,533,548,549,-1,549,550,533,-1,533,550,551,-1,533,551,540,-1,509,503,531,-1,531,503,501,-1,509,531,530,-1,509,530,510,-1,510,530,539,-1,510,539,516,-1,516,539,538,-1,516,538,517,-1,517,538,537,-1,517,537,514,-1,514,537,536,-1,514,536,515,-1,515,536,546,-1,515,546,524,-1,524,546,545,-1,524,545,523,-1,521,523,544,-1,544,523,545,-1,519,521,542,-1,542,521,544,-1,518,519,540,-1,540,519,542,-1,518,540,551,-1,518,551,525,-1,525,551,550,-1,525,550,526,-1,526,550,549,-1,526,549,527,-1,527,549,548,-1,527,548,528,-1,528,548,547,-1,528,547,529,-1,529,547,535,-1,529,535,513,-1,513,535,534,-1,513,534,511,-1,504,511,505,-1,505,511,534,-1,552,553,554,-1,552,554,555,-1,555,554,556,-1,555,556,557,-1,557,556,558,-1,557,558,559,-1,559,558,560,-1,559,560,561,-1,561,560,562,-1,561,562,563,-1,563,562,564,-1,563,564,565,-1,565,564,566,-1,565,566,567,-1,568,567,569,-1,569,567,566,-1,570,568,571,-1,571,568,569,-1,572,570,573,-1,573,570,571,-1,572,573,574,-1,574,573,575,-1,574,575,576,-1,576,575,577,-1,576,577,578,-1,578,577,579,-1,578,579,580,-1,580,579,581,-1,580,581,582,-1,582,581,583,-1,582,583,584,-1,584,583,585,-1,584,585,586,-1,586,585,587,-1,588,589,586,-1,586,589,552,-1,586,552,584,-1,584,552,555,-1,584,555,582,-1,582,555,557,-1,582,557,580,-1,580,557,559,-1,580,559,578,-1,578,559,561,-1,578,561,576,-1,576,561,563,-1,576,563,574,-1,574,563,565,-1,574,565,572,-1,572,565,567,-1,572,567,570,-1,570,567,568,-1,571,569,573,-1,573,569,566,-1,573,566,575,-1,575,566,564,-1,575,564,577,-1,577,564,562,-1,577,562,579,-1,579,562,560,-1,579,560,581,-1,581,560,558,-1,581,558,583,-1,583,558,556,-1,583,556,585,-1,585,556,554,-1,585,554,587,-1,587,554,553,-1,587,553,590,-1,590,553,591,-1,553,552,591,-1,591,552,589,-1,588,586,590,-1,590,586,587,-1,592,593,594,-1,594,593,595,-1,596,597,598,-1,598,597,599,-1,594,595,600,-1,600,595,601,-1,600,601,602,-1,596,598,603,-1,603,598,604,-1,603,604,605,-1,600,606,607,-1,602,608,600,-1,600,608,609,-1,600,609,606,-1,610,604,611,-1,611,604,612,-1,611,612,613,-1,613,612,614,-1,613,614,615,-1,615,614,600,-1,615,600,616,-1,616,600,607,-1,610,617,604,-1,604,617,618,-1,604,618,619,-1,619,620,604,-1,604,620,621,-1,604,621,605,-1,622,623,624,-1,624,623,593,-1,624,593,592,-1,599,597,625,-1,625,597,626,-1,625,626,627,-1,628,629,622,-1,622,629,630,-1,622,630,631,-1,625,632,633,-1,633,632,634,-1,633,634,635,-1,635,634,636,-1,635,636,624,-1,624,636,637,-1,624,637,622,-1,622,637,638,-1,622,638,628,-1,627,639,625,-1,625,639,640,-1,625,640,641,-1,641,642,625,-1,625,642,643,-1,625,643,632,-1,601,595,623,-1,623,595,593,-1,601,623,622,-1,601,622,602,-1,602,622,631,-1,602,631,608,-1,608,631,630,-1,608,630,609,-1,609,630,629,-1,609,629,606,-1,606,629,628,-1,606,628,607,-1,607,628,638,-1,607,638,616,-1,616,638,637,-1,616,637,615,-1,613,615,636,-1,636,615,637,-1,611,613,634,-1,634,613,636,-1,610,611,632,-1,632,611,634,-1,610,632,643,-1,610,643,617,-1,617,643,642,-1,617,642,618,-1,618,642,641,-1,618,641,619,-1,619,641,640,-1,619,640,620,-1,620,640,639,-1,620,639,621,-1,621,639,627,-1,621,627,605,-1,605,627,626,-1,605,626,603,-1,596,603,597,-1,597,603,626,-1,644,645,646,-1,644,646,647,-1,647,646,648,-1,647,648,649,-1,649,648,650,-1,649,650,651,-1,651,650,652,-1,651,652,653,-1,653,652,654,-1,653,654,655,-1,655,654,656,-1,655,656,657,-1,657,656,658,-1,657,658,659,-1,660,659,661,-1,661,659,658,-1,662,660,663,-1,663,660,661,-1,664,662,665,-1,665,662,663,-1,664,665,666,-1,666,665,667,-1,666,667,668,-1,668,667,669,-1,668,669,670,-1,670,669,671,-1,670,671,672,-1,672,671,673,-1,672,673,674,-1,674,673,675,-1,674,675,676,-1,676,675,677,-1,676,677,678,-1,678,677,679,-1,680,681,678,-1,678,681,644,-1,678,644,676,-1,676,644,647,-1,676,647,674,-1,674,647,649,-1,674,649,672,-1,672,649,651,-1,672,651,670,-1,670,651,653,-1,670,653,668,-1,668,653,655,-1,668,655,666,-1,666,655,657,-1,666,657,664,-1,664,657,659,-1,664,659,662,-1,662,659,660,-1,663,661,665,-1,665,661,658,-1,665,658,667,-1,667,658,656,-1,667,656,669,-1,669,656,654,-1,669,654,671,-1,671,654,652,-1,671,652,673,-1,673,652,650,-1,673,650,675,-1,675,650,648,-1,675,648,677,-1,677,648,646,-1,677,646,679,-1,679,646,645,-1,679,645,682,-1,682,645,683,-1,645,644,683,-1,683,644,681,-1,680,678,682,-1,682,678,679,-1,684,685,686,-1,686,685,687,-1,688,689,690,-1,690,689,691,-1,686,687,692,-1,692,687,693,-1,692,693,694,-1,688,690,695,-1,695,690,696,-1,695,696,697,-1,692,698,699,-1,694,700,692,-1,692,700,701,-1,692,701,698,-1,702,696,703,-1,703,696,704,-1,703,704,705,-1,705,704,706,-1,705,706,707,-1,707,706,692,-1,707,692,708,-1,708,692,699,-1,702,709,696,-1,696,709,710,-1,696,710,711,-1,711,712,696,-1,696,712,713,-1,696,713,697,-1,714,715,716,-1,716,715,685,-1,716,685,684,-1,691,689,717,-1,717,689,718,-1,717,718,719,-1,720,721,714,-1,714,721,722,-1,714,722,723,-1,717,724,725,-1,725,724,726,-1,725,726,727,-1,727,726,728,-1,727,728,716,-1,716,728,729,-1,716,729,714,-1,714,729,730,-1,714,730,720,-1,719,731,717,-1,717,731,732,-1,717,732,733,-1,733,734,717,-1,717,734,735,-1,717,735,724,-1,693,687,715,-1,715,687,685,-1,693,715,714,-1,693,714,694,-1,694,714,723,-1,694,723,700,-1,700,723,722,-1,700,722,701,-1,701,722,721,-1,701,721,698,-1,698,721,720,-1,698,720,699,-1,699,720,730,-1,699,730,708,-1,708,730,729,-1,708,729,707,-1,705,707,728,-1,728,707,729,-1,703,705,726,-1,726,705,728,-1,702,703,724,-1,724,703,726,-1,702,724,735,-1,702,735,709,-1,709,735,734,-1,709,734,710,-1,710,734,733,-1,710,733,711,-1,711,733,732,-1,711,732,712,-1,712,732,731,-1,712,731,713,-1,713,731,719,-1,713,719,697,-1,697,719,718,-1,697,718,695,-1,688,695,689,-1,689,695,718,-1,736,737,738,-1,736,738,739,-1,739,738,740,-1,739,740,741,-1,741,740,742,-1,741,742,743,-1,743,742,744,-1,743,744,745,-1,745,744,746,-1,745,746,747,-1,747,746,748,-1,747,748,749,-1,749,748,750,-1,749,750,751,-1,752,751,753,-1,753,751,750,-1,754,752,755,-1,755,752,753,-1,756,754,757,-1,757,754,755,-1,756,757,758,-1,758,757,759,-1,758,759,760,-1,760,759,761,-1,760,761,762,-1,762,761,763,-1,762,763,764,-1,764,763,765,-1,764,765,766,-1,766,765,767,-1,766,767,768,-1,768,767,769,-1,768,769,770,-1,770,769,771,-1,772,773,770,-1,770,773,736,-1,770,736,768,-1,768,736,739,-1,768,739,766,-1,766,739,741,-1,766,741,764,-1,764,741,743,-1,764,743,762,-1,762,743,745,-1,762,745,760,-1,760,745,747,-1,760,747,758,-1,758,747,749,-1,758,749,756,-1,756,749,751,-1,756,751,754,-1,754,751,752,-1,755,753,757,-1,757,753,750,-1,757,750,759,-1,759,750,748,-1,759,748,761,-1,761,748,746,-1,761,746,763,-1,763,746,744,-1,763,744,765,-1,765,744,742,-1,765,742,767,-1,767,742,740,-1,767,740,769,-1,769,740,738,-1,769,738,771,-1,771,738,737,-1,771,737,774,-1,774,737,775,-1,737,736,775,-1,775,736,773,-1,772,770,774,-1,774,770,771,-1,776,777,778,-1,778,777,779,-1,780,781,782,-1,782,781,783,-1,778,779,784,-1,784,779,785,-1,784,785,786,-1,780,782,787,-1,787,782,788,-1,787,788,789,-1,784,790,791,-1,786,792,784,-1,784,792,793,-1,784,793,790,-1,794,788,795,-1,795,788,796,-1,795,796,797,-1,797,796,798,-1,797,798,799,-1,799,798,784,-1,799,784,800,-1,800,784,791,-1,794,801,788,-1,788,801,802,-1,788,802,803,-1,803,804,788,-1,788,804,805,-1,788,805,789,-1,806,807,808,-1,808,807,777,-1,808,777,776,-1,783,781,809,-1,809,781,810,-1,809,810,811,-1,812,813,806,-1,806,813,814,-1,806,814,815,-1,809,816,817,-1,817,816,818,-1,817,818,819,-1,819,818,820,-1,819,820,808,-1,808,820,821,-1,808,821,806,-1,806,821,822,-1,806,822,812,-1,811,823,809,-1,809,823,824,-1,809,824,825,-1,825,826,809,-1,809,826,827,-1,809,827,816,-1,785,779,807,-1,807,779,777,-1,785,807,806,-1,785,806,786,-1,786,806,815,-1,786,815,792,-1,792,815,814,-1,792,814,793,-1,793,814,813,-1,793,813,790,-1,790,813,812,-1,790,812,791,-1,791,812,822,-1,791,822,800,-1,800,822,821,-1,800,821,799,-1,797,799,820,-1,820,799,821,-1,795,797,818,-1,818,797,820,-1,794,795,816,-1,816,795,818,-1,794,816,827,-1,794,827,801,-1,801,827,826,-1,801,826,802,-1,802,826,825,-1,802,825,803,-1,803,825,824,-1,803,824,804,-1,804,824,823,-1,804,823,805,-1,805,823,811,-1,805,811,789,-1,789,811,810,-1,789,810,787,-1,780,787,781,-1,781,787,810,-1,828,829,830,-1,828,830,831,-1,831,830,832,-1,831,832,833,-1,833,832,834,-1,833,834,835,-1,835,834,836,-1,835,836,837,-1,837,836,838,-1,837,838,839,-1,839,838,840,-1,839,840,841,-1,841,840,842,-1,841,842,843,-1,844,843,845,-1,845,843,842,-1,846,844,847,-1,847,844,845,-1,848,846,849,-1,849,846,847,-1,848,849,850,-1,850,849,851,-1,850,851,852,-1,852,851,853,-1,852,853,854,-1,854,853,855,-1,854,855,856,-1,856,855,857,-1,856,857,858,-1,858,857,859,-1,858,859,860,-1,860,859,861,-1,860,861,862,-1,862,861,863,-1,864,865,862,-1,862,865,828,-1,862,828,860,-1,860,828,831,-1,860,831,858,-1,858,831,833,-1,858,833,856,-1,856,833,835,-1,856,835,854,-1,854,835,837,-1,854,837,852,-1,852,837,839,-1,852,839,850,-1,850,839,841,-1,850,841,848,-1,848,841,843,-1,848,843,846,-1,846,843,844,-1,847,845,849,-1,849,845,842,-1,849,842,851,-1,851,842,840,-1,851,840,853,-1,853,840,838,-1,853,838,855,-1,855,838,836,-1,855,836,857,-1,857,836,834,-1,857,834,859,-1,859,834,832,-1,859,832,861,-1,861,832,830,-1,861,830,863,-1,863,830,829,-1,863,829,866,-1,866,829,867,-1,829,828,867,-1,867,828,865,-1,864,862,866,-1,866,862,863,-1,868,869,870,-1,870,869,871,-1,872,873,874,-1,874,873,875,-1,870,871,876,-1,876,871,877,-1,876,877,878,-1,872,874,879,-1,879,874,880,-1,879,880,881,-1,876,882,883,-1,878,884,876,-1,876,884,885,-1,876,885,882,-1,886,880,887,-1,887,880,888,-1,887,888,889,-1,889,888,890,-1,889,890,891,-1,891,890,876,-1,891,876,892,-1,892,876,883,-1,886,893,880,-1,880,893,894,-1,880,894,895,-1,895,896,880,-1,880,896,897,-1,880,897,881,-1,898,899,900,-1,900,899,869,-1,900,869,868,-1,875,873,901,-1,901,873,902,-1,901,902,903,-1,904,905,898,-1,898,905,906,-1,898,906,907,-1,901,908,909,-1,909,908,910,-1,909,910,911,-1,911,910,912,-1,911,912,900,-1,900,912,913,-1,900,913,898,-1,898,913,914,-1,898,914,904,-1,903,915,901,-1,901,915,916,-1,901,916,917,-1,917,918,901,-1,901,918,919,-1,901,919,908,-1,877,871,899,-1,899,871,869,-1,877,899,898,-1,877,898,878,-1,878,898,907,-1,878,907,884,-1,884,907,906,-1,884,906,885,-1,885,906,905,-1,885,905,882,-1,882,905,904,-1,882,904,883,-1,883,904,914,-1,883,914,892,-1,892,914,913,-1,892,913,891,-1,889,891,912,-1,912,891,913,-1,887,889,910,-1,910,889,912,-1,886,887,908,-1,908,887,910,-1,886,908,919,-1,886,919,893,-1,893,919,918,-1,893,918,894,-1,894,918,917,-1,894,917,895,-1,895,917,916,-1,895,916,896,-1,896,916,915,-1,896,915,897,-1,897,915,903,-1,897,903,881,-1,881,903,902,-1,881,902,879,-1,872,879,873,-1,873,879,902,-1,920,921,922,-1,920,922,923,-1,923,922,924,-1,923,924,925,-1,925,924,926,-1,925,926,927,-1,927,926,928,-1,927,928,929,-1,929,928,930,-1,929,930,931,-1,931,930,932,-1,931,932,933,-1,933,932,934,-1,933,934,935,-1,936,935,937,-1,937,935,934,-1,938,936,939,-1,939,936,937,-1,940,938,941,-1,941,938,939,-1,940,941,942,-1,942,941,943,-1,942,943,944,-1,944,943,945,-1,944,945,946,-1,946,945,947,-1,946,947,948,-1,948,947,949,-1,948,949,950,-1,950,949,951,-1,950,951,952,-1,952,951,953,-1,952,953,954,-1,954,953,955,-1,956,957,954,-1,954,957,920,-1,954,920,952,-1,952,920,923,-1,952,923,950,-1,950,923,925,-1,950,925,948,-1,948,925,927,-1,948,927,946,-1,946,927,929,-1,946,929,944,-1,944,929,931,-1,944,931,942,-1,942,931,933,-1,942,933,940,-1,940,933,935,-1,940,935,938,-1,938,935,936,-1,939,937,941,-1,941,937,934,-1,941,934,943,-1,943,934,932,-1,943,932,945,-1,945,932,930,-1,945,930,947,-1,947,930,928,-1,947,928,949,-1,949,928,926,-1,949,926,951,-1,951,926,924,-1,951,924,953,-1,953,924,922,-1,953,922,955,-1,955,922,921,-1,955,921,958,-1,958,921,959,-1,921,920,959,-1,959,920,957,-1,956,954,958,-1,958,954,955,-1,960,961,962,-1,962,961,963,-1,964,965,966,-1,966,965,967,-1,962,963,968,-1,968,963,969,-1,968,969,970,-1,964,966,971,-1,971,966,972,-1,971,972,973,-1,968,974,975,-1,970,976,968,-1,968,976,977,-1,968,977,974,-1,978,972,979,-1,979,972,980,-1,979,980,981,-1,981,980,982,-1,981,982,983,-1,983,982,968,-1,983,968,984,-1,984,968,975,-1,978,985,972,-1,972,985,986,-1,972,986,987,-1,987,988,972,-1,972,988,989,-1,972,989,973,-1,990,991,992,-1,992,991,961,-1,992,961,960,-1,967,965,993,-1,993,965,994,-1,993,994,995,-1,996,997,990,-1,990,997,998,-1,990,998,999,-1,993,1000,1001,-1,1001,1000,1002,-1,1001,1002,1003,-1,1003,1002,1004,-1,1003,1004,992,-1,992,1004,1005,-1,992,1005,990,-1,990,1005,1006,-1,990,1006,996,-1,995,1007,993,-1,993,1007,1008,-1,993,1008,1009,-1,1009,1010,993,-1,993,1010,1011,-1,993,1011,1000,-1,969,963,991,-1,991,963,961,-1,969,991,990,-1,969,990,970,-1,970,990,999,-1,970,999,976,-1,976,999,998,-1,976,998,977,-1,977,998,997,-1,977,997,974,-1,974,997,996,-1,974,996,975,-1,975,996,1006,-1,975,1006,984,-1,984,1006,1005,-1,984,1005,983,-1,981,983,1004,-1,1004,983,1005,-1,979,981,1002,-1,1002,981,1004,-1,978,979,1000,-1,1000,979,1002,-1,978,1000,1011,-1,978,1011,985,-1,985,1011,1010,-1,985,1010,986,-1,986,1010,1009,-1,986,1009,987,-1,987,1009,1008,-1,987,1008,988,-1,988,1008,1007,-1,988,1007,989,-1,989,1007,995,-1,989,995,973,-1,973,995,994,-1,973,994,971,-1,964,971,965,-1,965,971,994,-1,1012,1013,1014,-1,1012,1014,1015,-1,1015,1014,1016,-1,1015,1016,1017,-1,1017,1016,1018,-1,1017,1018,1019,-1,1019,1018,1020,-1,1019,1020,1021,-1,1021,1020,1022,-1,1021,1022,1023,-1,1023,1022,1024,-1,1023,1024,1025,-1,1025,1024,1026,-1,1025,1026,1027,-1,1028,1027,1029,-1,1029,1027,1026,-1,1030,1028,1031,-1,1031,1028,1029,-1,1032,1030,1033,-1,1033,1030,1031,-1,1032,1033,1034,-1,1034,1033,1035,-1,1034,1035,1036,-1,1036,1035,1037,-1,1036,1037,1038,-1,1038,1037,1039,-1,1038,1039,1040,-1,1040,1039,1041,-1,1040,1041,1042,-1,1042,1041,1043,-1,1042,1043,1044,-1,1044,1043,1045,-1,1044,1045,1046,-1,1046,1045,1047,-1,1048,1049,1046,-1,1046,1049,1012,-1,1046,1012,1044,-1,1044,1012,1015,-1,1044,1015,1042,-1,1042,1015,1017,-1,1042,1017,1040,-1,1040,1017,1019,-1,1040,1019,1038,-1,1038,1019,1021,-1,1038,1021,1036,-1,1036,1021,1023,-1,1036,1023,1034,-1,1034,1023,1025,-1,1034,1025,1032,-1,1032,1025,1027,-1,1032,1027,1030,-1,1030,1027,1028,-1,1031,1029,1033,-1,1033,1029,1026,-1,1033,1026,1035,-1,1035,1026,1024,-1,1035,1024,1037,-1,1037,1024,1022,-1,1037,1022,1039,-1,1039,1022,1020,-1,1039,1020,1041,-1,1041,1020,1018,-1,1041,1018,1043,-1,1043,1018,1016,-1,1043,1016,1045,-1,1045,1016,1014,-1,1045,1014,1047,-1,1047,1014,1013,-1,1047,1013,1050,-1,1050,1013,1051,-1,1013,1012,1051,-1,1051,1012,1049,-1,1048,1046,1050,-1,1050,1046,1047,-1,1052,1053,1054,-1,1054,1053,1055,-1,1056,1057,1058,-1,1058,1057,1059,-1,1054,1055,1060,-1,1060,1055,1061,-1,1060,1061,1062,-1,1056,1058,1063,-1,1063,1058,1064,-1,1063,1064,1065,-1,1060,1066,1067,-1,1062,1068,1060,-1,1060,1068,1069,-1,1060,1069,1066,-1,1070,1064,1071,-1,1071,1064,1072,-1,1071,1072,1073,-1,1073,1072,1074,-1,1073,1074,1075,-1,1075,1074,1060,-1,1075,1060,1076,-1,1076,1060,1067,-1,1070,1077,1064,-1,1064,1077,1078,-1,1064,1078,1079,-1,1079,1080,1064,-1,1064,1080,1081,-1,1064,1081,1065,-1,1082,1083,1084,-1,1084,1083,1053,-1,1084,1053,1052,-1,1059,1057,1085,-1,1085,1057,1086,-1,1085,1086,1087,-1,1088,1089,1082,-1,1082,1089,1090,-1,1082,1090,1091,-1,1085,1092,1093,-1,1093,1092,1094,-1,1093,1094,1095,-1,1095,1094,1096,-1,1095,1096,1084,-1,1084,1096,1097,-1,1084,1097,1082,-1,1082,1097,1098,-1,1082,1098,1088,-1,1087,1099,1085,-1,1085,1099,1100,-1,1085,1100,1101,-1,1101,1102,1085,-1,1085,1102,1103,-1,1085,1103,1092,-1,1061,1055,1083,-1,1083,1055,1053,-1,1061,1083,1082,-1,1061,1082,1062,-1,1062,1082,1091,-1,1062,1091,1068,-1,1068,1091,1090,-1,1068,1090,1069,-1,1069,1090,1089,-1,1069,1089,1066,-1,1066,1089,1088,-1,1066,1088,1067,-1,1067,1088,1098,-1,1067,1098,1076,-1,1076,1098,1097,-1,1076,1097,1075,-1,1073,1075,1096,-1,1096,1075,1097,-1,1071,1073,1094,-1,1094,1073,1096,-1,1070,1071,1092,-1,1092,1071,1094,-1,1070,1092,1103,-1,1070,1103,1077,-1,1077,1103,1102,-1,1077,1102,1078,-1,1078,1102,1101,-1,1078,1101,1079,-1,1079,1101,1100,-1,1079,1100,1080,-1,1080,1100,1099,-1,1080,1099,1081,-1,1081,1099,1087,-1,1081,1087,1065,-1,1065,1087,1086,-1,1065,1086,1063,-1,1056,1063,1057,-1,1057,1063,1086,-1,1104,1105,1106,-1,1106,1105,1107,-1,1106,1107,1108,-1,1108,1107,1109,-1,1108,1109,1110,-1,1110,1109,1111,-1,1110,1111,1112,-1,1112,1111,1113,-1,1112,1113,1114,-1,1114,1113,1115,-1,1114,1115,1116,-1,1116,1115,1117,-1,1116,1117,1118,-1,1118,1117,1119,-1,1120,1118,1121,-1,1121,1118,1119,-1,1122,1120,1123,-1,1123,1120,1121,-1,1124,1122,1125,-1,1125,1122,1123,-1,1124,1125,1126,-1,1124,1126,1127,-1,1127,1126,1128,-1,1127,1128,1129,-1,1129,1128,1130,-1,1129,1130,1131,-1,1131,1130,1132,-1,1131,1132,1133,-1,1133,1132,1134,-1,1133,1134,1135,-1,1135,1134,1136,-1,1135,1136,1137,-1,1137,1136,1138,-1,1137,1138,1139,-1,1140,1141,1105,-1,1105,1141,1138,-1,1105,1138,1107,-1,1107,1138,1136,-1,1107,1136,1109,-1,1109,1136,1134,-1,1109,1134,1111,-1,1111,1134,1132,-1,1111,1132,1113,-1,1113,1132,1130,-1,1113,1130,1115,-1,1115,1130,1128,-1,1115,1128,1117,-1,1117,1128,1126,-1,1117,1126,1119,-1,1119,1126,1125,-1,1119,1125,1121,-1,1121,1125,1123,-1,1120,1122,1118,-1,1118,1122,1124,-1,1118,1124,1116,-1,1116,1124,1127,-1,1116,1127,1114,-1,1114,1127,1129,-1,1114,1129,1112,-1,1112,1129,1131,-1,1112,1131,1110,-1,1110,1131,1133,-1,1110,1133,1108,-1,1108,1133,1135,-1,1108,1135,1106,-1,1106,1135,1137,-1,1106,1137,1104,-1,1104,1137,1139,-1,1104,1139,1142,-1,1142,1139,1143,-1,1140,1105,1142,-1,1142,1105,1104,-1,1139,1138,1143,-1,1143,1138,1141,-1,1144,1145,1146,-1,1146,1145,1147,-1,1148,1149,1150,-1,1150,1149,1151,-1,1152,1153,1154,-1,1154,1153,1146,-1,1154,1146,1147,-1,1150,1151,1155,-1,1155,1151,1156,-1,1157,1158,1159,-1,1159,1158,1152,-1,1159,1152,1160,-1,1161,1162,1163,-1,1156,1161,1155,-1,1155,1161,1163,-1,1155,1163,1164,-1,1164,1163,1165,-1,1164,1165,1166,-1,1166,1165,1167,-1,1166,1167,1154,-1,1154,1167,1168,-1,1154,1168,1152,-1,1152,1168,1169,-1,1152,1169,1160,-1,1162,1170,1163,-1,1163,1170,1171,-1,1163,1171,1172,-1,1172,1171,1173,-1,1174,1145,1144,-1,1149,1148,1175,-1,1175,1148,1176,-1,1175,1176,1177,-1,1144,1178,1174,-1,1174,1178,1179,-1,1174,1179,1180,-1,1180,1181,1174,-1,1174,1181,1182,-1,1174,1182,1183,-1,1184,1185,1186,-1,1183,1187,1174,-1,1174,1187,1188,-1,1174,1188,1189,-1,1189,1188,1190,-1,1189,1190,1191,-1,1191,1190,1192,-1,1191,1192,1176,-1,1176,1192,1193,-1,1176,1193,1177,-1,1177,1193,1194,-1,1184,1186,1193,-1,1193,1186,1195,-1,1193,1195,1194,-1,1156,1151,1175,-1,1175,1151,1149,-1,1156,1175,1177,-1,1156,1177,1161,-1,1161,1177,1194,-1,1161,1194,1162,-1,1162,1194,1195,-1,1162,1195,1170,-1,1170,1195,1186,-1,1170,1186,1171,-1,1171,1186,1185,-1,1171,1185,1173,-1,1173,1185,1184,-1,1173,1184,1172,-1,1172,1184,1193,-1,1172,1193,1163,-1,1165,1163,1192,-1,1192,1163,1193,-1,1167,1165,1190,-1,1190,1165,1192,-1,1168,1167,1188,-1,1188,1167,1190,-1,1168,1188,1187,-1,1168,1187,1169,-1,1169,1187,1183,-1,1169,1183,1160,-1,1160,1183,1182,-1,1160,1182,1159,-1,1159,1182,1181,-1,1159,1181,1157,-1,1157,1181,1180,-1,1157,1180,1158,-1,1158,1180,1179,-1,1158,1179,1152,-1,1152,1179,1178,-1,1152,1178,1153,-1,1146,1153,1144,-1,1144,1153,1178,-1,1196,1197,1198,-1,1198,1197,1199,-1,1198,1199,1200,-1,1200,1199,1201,-1,1200,1201,1202,-1,1202,1201,1203,-1,1202,1203,1204,-1,1204,1203,1205,-1,1204,1205,1206,-1,1206,1205,1207,-1,1206,1207,1208,-1,1208,1207,1209,-1,1208,1209,1210,-1,1210,1209,1211,-1,1212,1210,1213,-1,1213,1210,1211,-1,1214,1212,1215,-1,1215,1212,1213,-1,1216,1214,1217,-1,1217,1214,1215,-1,1216,1217,1218,-1,1216,1218,1219,-1,1219,1218,1220,-1,1219,1220,1221,-1,1221,1220,1222,-1,1221,1222,1223,-1,1223,1222,1224,-1,1223,1224,1225,-1,1225,1224,1226,-1,1225,1226,1227,-1,1227,1226,1228,-1,1227,1228,1229,-1,1229,1228,1230,-1,1229,1230,1231,-1,1232,1233,1197,-1,1197,1233,1230,-1,1197,1230,1199,-1,1199,1230,1228,-1,1199,1228,1201,-1,1201,1228,1226,-1,1201,1226,1203,-1,1203,1226,1224,-1,1203,1224,1205,-1,1205,1224,1222,-1,1205,1222,1207,-1,1207,1222,1220,-1,1207,1220,1209,-1,1209,1220,1218,-1,1209,1218,1211,-1,1211,1218,1217,-1,1211,1217,1213,-1,1213,1217,1215,-1,1212,1214,1210,-1,1210,1214,1216,-1,1210,1216,1208,-1,1208,1216,1219,-1,1208,1219,1206,-1,1206,1219,1221,-1,1206,1221,1204,-1,1204,1221,1223,-1,1204,1223,1202,-1,1202,1223,1225,-1,1202,1225,1200,-1,1200,1225,1227,-1,1200,1227,1198,-1,1198,1227,1229,-1,1198,1229,1196,-1,1196,1229,1231,-1,1196,1231,1234,-1,1234,1231,1235,-1,1232,1197,1234,-1,1234,1197,1196,-1,1231,1230,1235,-1,1235,1230,1233,-1,1236,1237,1238,-1,1238,1237,1239,-1,1240,1241,1242,-1,1242,1241,1243,-1,1244,1245,1246,-1,1246,1245,1238,-1,1246,1238,1239,-1,1242,1243,1247,-1,1247,1243,1248,-1,1249,1250,1251,-1,1251,1250,1244,-1,1251,1244,1252,-1,1253,1254,1255,-1,1248,1253,1247,-1,1247,1253,1255,-1,1247,1255,1256,-1,1256,1255,1257,-1,1256,1257,1258,-1,1258,1257,1259,-1,1258,1259,1246,-1,1246,1259,1260,-1,1246,1260,1244,-1,1244,1260,1261,-1,1244,1261,1252,-1,1254,1262,1255,-1,1255,1262,1263,-1,1255,1263,1264,-1,1264,1263,1265,-1,1266,1237,1236,-1,1241,1240,1267,-1,1267,1240,1268,-1,1267,1268,1269,-1,1236,1270,1266,-1,1266,1270,1271,-1,1266,1271,1272,-1,1272,1273,1266,-1,1266,1273,1274,-1,1266,1274,1275,-1,1276,1277,1278,-1,1275,1279,1266,-1,1266,1279,1280,-1,1266,1280,1281,-1,1281,1280,1282,-1,1281,1282,1283,-1,1283,1282,1284,-1,1283,1284,1268,-1,1268,1284,1285,-1,1268,1285,1269,-1,1269,1285,1286,-1,1276,1278,1285,-1,1285,1278,1287,-1,1285,1287,1286,-1,1248,1243,1267,-1,1267,1243,1241,-1,1248,1267,1269,-1,1248,1269,1253,-1,1253,1269,1286,-1,1253,1286,1254,-1,1254,1286,1287,-1,1254,1287,1262,-1,1262,1287,1278,-1,1262,1278,1263,-1,1263,1278,1277,-1,1263,1277,1265,-1,1265,1277,1276,-1,1265,1276,1264,-1,1264,1276,1285,-1,1264,1285,1255,-1,1257,1255,1284,-1,1284,1255,1285,-1,1259,1257,1282,-1,1282,1257,1284,-1,1260,1259,1280,-1,1280,1259,1282,-1,1260,1280,1279,-1,1260,1279,1261,-1,1261,1279,1275,-1,1261,1275,1252,-1,1252,1275,1274,-1,1252,1274,1251,-1,1251,1274,1273,-1,1251,1273,1249,-1,1249,1273,1272,-1,1249,1272,1250,-1,1250,1272,1271,-1,1250,1271,1244,-1,1244,1271,1270,-1,1244,1270,1245,-1,1238,1245,1236,-1,1236,1245,1270,-1,1288,1289,1290,-1,1290,1289,1291,-1,1290,1291,1292,-1,1292,1291,1293,-1,1292,1293,1294,-1,1294,1293,1295,-1,1294,1295,1296,-1,1296,1295,1297,-1,1296,1297,1298,-1,1298,1297,1299,-1,1298,1299,1300,-1,1300,1299,1301,-1,1300,1301,1302,-1,1302,1301,1303,-1,1304,1302,1305,-1,1305,1302,1303,-1,1306,1304,1307,-1,1307,1304,1305,-1,1308,1306,1309,-1,1309,1306,1307,-1,1308,1309,1310,-1,1308,1310,1311,-1,1311,1310,1312,-1,1311,1312,1313,-1,1313,1312,1314,-1,1313,1314,1315,-1,1315,1314,1316,-1,1315,1316,1317,-1,1317,1316,1318,-1,1317,1318,1319,-1,1319,1318,1320,-1,1319,1320,1321,-1,1321,1320,1322,-1,1321,1322,1323,-1,1324,1325,1289,-1,1289,1325,1322,-1,1289,1322,1291,-1,1291,1322,1320,-1,1291,1320,1293,-1,1293,1320,1318,-1,1293,1318,1295,-1,1295,1318,1316,-1,1295,1316,1297,-1,1297,1316,1314,-1,1297,1314,1299,-1,1299,1314,1312,-1,1299,1312,1301,-1,1301,1312,1310,-1,1301,1310,1303,-1,1303,1310,1309,-1,1303,1309,1305,-1,1305,1309,1307,-1,1304,1306,1302,-1,1302,1306,1308,-1,1302,1308,1300,-1,1300,1308,1311,-1,1300,1311,1298,-1,1298,1311,1313,-1,1298,1313,1296,-1,1296,1313,1315,-1,1296,1315,1294,-1,1294,1315,1317,-1,1294,1317,1292,-1,1292,1317,1319,-1,1292,1319,1290,-1,1290,1319,1321,-1,1290,1321,1288,-1,1288,1321,1323,-1,1288,1323,1326,-1,1326,1323,1327,-1,1324,1289,1326,-1,1326,1289,1288,-1,1323,1322,1327,-1,1327,1322,1325,-1,1328,1329,1330,-1,1330,1329,1331,-1,1332,1333,1334,-1,1334,1333,1335,-1,1336,1337,1338,-1,1338,1337,1330,-1,1338,1330,1331,-1,1334,1335,1339,-1,1339,1335,1340,-1,1341,1342,1343,-1,1343,1342,1336,-1,1343,1336,1344,-1,1345,1346,1347,-1,1340,1345,1339,-1,1339,1345,1347,-1,1339,1347,1348,-1,1348,1347,1349,-1,1348,1349,1350,-1,1350,1349,1351,-1,1350,1351,1338,-1,1338,1351,1352,-1,1338,1352,1336,-1,1336,1352,1353,-1,1336,1353,1344,-1,1346,1354,1347,-1,1347,1354,1355,-1,1347,1355,1356,-1,1356,1355,1357,-1,1358,1329,1328,-1,1333,1332,1359,-1,1359,1332,1360,-1,1359,1360,1361,-1,1328,1362,1358,-1,1358,1362,1363,-1,1358,1363,1364,-1,1364,1365,1358,-1,1358,1365,1366,-1,1358,1366,1367,-1,1368,1369,1370,-1,1367,1371,1358,-1,1358,1371,1372,-1,1358,1372,1373,-1,1373,1372,1374,-1,1373,1374,1375,-1,1375,1374,1376,-1,1375,1376,1360,-1,1360,1376,1377,-1,1360,1377,1361,-1,1361,1377,1378,-1,1368,1370,1377,-1,1377,1370,1379,-1,1377,1379,1378,-1,1340,1335,1359,-1,1359,1335,1333,-1,1340,1359,1361,-1,1340,1361,1345,-1,1345,1361,1378,-1,1345,1378,1346,-1,1346,1378,1379,-1,1346,1379,1354,-1,1354,1379,1370,-1,1354,1370,1355,-1,1355,1370,1369,-1,1355,1369,1357,-1,1357,1369,1368,-1,1357,1368,1356,-1,1356,1368,1377,-1,1356,1377,1347,-1,1349,1347,1376,-1,1376,1347,1377,-1,1351,1349,1374,-1,1374,1349,1376,-1,1352,1351,1372,-1,1372,1351,1374,-1,1352,1372,1371,-1,1352,1371,1353,-1,1353,1371,1367,-1,1353,1367,1344,-1,1344,1367,1366,-1,1344,1366,1343,-1,1343,1366,1365,-1,1343,1365,1341,-1,1341,1365,1364,-1,1341,1364,1342,-1,1342,1364,1363,-1,1342,1363,1336,-1,1336,1363,1362,-1,1336,1362,1337,-1,1330,1337,1328,-1,1328,1337,1362,-1,1380,1381,1382,-1,1382,1381,1383,-1,1382,1383,1384,-1,1384,1383,1385,-1,1384,1385,1386,-1,1386,1385,1387,-1,1386,1387,1388,-1,1388,1387,1389,-1,1388,1389,1390,-1,1390,1389,1391,-1,1390,1391,1392,-1,1392,1391,1393,-1,1392,1393,1394,-1,1394,1393,1395,-1,1396,1394,1397,-1,1397,1394,1395,-1,1398,1396,1399,-1,1399,1396,1397,-1,1400,1398,1401,-1,1401,1398,1399,-1,1400,1401,1402,-1,1400,1402,1403,-1,1403,1402,1404,-1,1403,1404,1405,-1,1405,1404,1406,-1,1405,1406,1407,-1,1407,1406,1408,-1,1407,1408,1409,-1,1409,1408,1410,-1,1409,1410,1411,-1,1411,1410,1412,-1,1411,1412,1413,-1,1413,1412,1414,-1,1413,1414,1415,-1,1416,1417,1381,-1,1381,1417,1414,-1,1381,1414,1383,-1,1383,1414,1412,-1,1383,1412,1385,-1,1385,1412,1410,-1,1385,1410,1387,-1,1387,1410,1408,-1,1387,1408,1389,-1,1389,1408,1406,-1,1389,1406,1391,-1,1391,1406,1404,-1,1391,1404,1393,-1,1393,1404,1402,-1,1393,1402,1395,-1,1395,1402,1401,-1,1395,1401,1397,-1,1397,1401,1399,-1,1396,1398,1394,-1,1394,1398,1400,-1,1394,1400,1392,-1,1392,1400,1403,-1,1392,1403,1390,-1,1390,1403,1405,-1,1390,1405,1388,-1,1388,1405,1407,-1,1388,1407,1386,-1,1386,1407,1409,-1,1386,1409,1384,-1,1384,1409,1411,-1,1384,1411,1382,-1,1382,1411,1413,-1,1382,1413,1380,-1,1380,1413,1415,-1,1380,1415,1418,-1,1418,1415,1419,-1,1416,1381,1418,-1,1418,1381,1380,-1,1415,1414,1419,-1,1419,1414,1417,-1,1420,1421,1422,-1,1422,1421,1423,-1,1424,1425,1426,-1,1426,1425,1427,-1,1428,1429,1430,-1,1430,1429,1422,-1,1430,1422,1423,-1,1426,1427,1431,-1,1431,1427,1432,-1,1433,1434,1435,-1,1435,1434,1428,-1,1435,1428,1436,-1,1437,1438,1439,-1,1432,1437,1431,-1,1431,1437,1439,-1,1431,1439,1440,-1,1440,1439,1441,-1,1440,1441,1442,-1,1442,1441,1443,-1,1442,1443,1430,-1,1430,1443,1444,-1,1430,1444,1428,-1,1428,1444,1445,-1,1428,1445,1436,-1,1438,1446,1439,-1,1439,1446,1447,-1,1439,1447,1448,-1,1448,1447,1449,-1,1450,1421,1420,-1,1425,1424,1451,-1,1451,1424,1452,-1,1451,1452,1453,-1,1420,1454,1450,-1,1450,1454,1455,-1,1450,1455,1456,-1,1456,1457,1450,-1,1450,1457,1458,-1,1450,1458,1459,-1,1460,1461,1462,-1,1459,1463,1450,-1,1450,1463,1464,-1,1450,1464,1465,-1,1465,1464,1466,-1,1465,1466,1467,-1,1467,1466,1468,-1,1467,1468,1452,-1,1452,1468,1469,-1,1452,1469,1453,-1,1453,1469,1470,-1,1460,1462,1469,-1,1469,1462,1471,-1,1469,1471,1470,-1,1432,1427,1451,-1,1451,1427,1425,-1,1432,1451,1453,-1,1432,1453,1437,-1,1437,1453,1470,-1,1437,1470,1438,-1,1438,1470,1471,-1,1438,1471,1446,-1,1446,1471,1462,-1,1446,1462,1447,-1,1447,1462,1461,-1,1447,1461,1449,-1,1449,1461,1460,-1,1449,1460,1448,-1,1448,1460,1469,-1,1448,1469,1439,-1,1441,1439,1468,-1,1468,1439,1469,-1,1443,1441,1466,-1,1466,1441,1468,-1,1444,1443,1464,-1,1464,1443,1466,-1,1444,1464,1463,-1,1444,1463,1445,-1,1445,1463,1459,-1,1445,1459,1436,-1,1436,1459,1458,-1,1436,1458,1435,-1,1435,1458,1457,-1,1435,1457,1433,-1,1433,1457,1456,-1,1433,1456,1434,-1,1434,1456,1455,-1,1434,1455,1428,-1,1428,1455,1454,-1,1428,1454,1429,-1,1422,1429,1420,-1,1420,1429,1454,-1,1472,1473,1474,-1,1474,1473,1475,-1,1474,1475,1476,-1,1476,1475,1477,-1,1476,1477,1478,-1,1478,1477,1479,-1,1478,1479,1480,-1,1480,1479,1481,-1,1480,1481,1482,-1,1482,1481,1483,-1,1482,1483,1484,-1,1484,1483,1485,-1,1484,1485,1486,-1,1486,1485,1487,-1,1488,1486,1489,-1,1489,1486,1487,-1,1490,1488,1491,-1,1491,1488,1489,-1,1492,1490,1493,-1,1493,1490,1491,-1,1492,1493,1494,-1,1492,1494,1495,-1,1495,1494,1496,-1,1495,1496,1497,-1,1497,1496,1498,-1,1497,1498,1499,-1,1499,1498,1500,-1,1499,1500,1501,-1,1501,1500,1502,-1,1501,1502,1503,-1,1503,1502,1504,-1,1503,1504,1505,-1,1505,1504,1506,-1,1505,1506,1507,-1,1508,1509,1473,-1,1473,1509,1506,-1,1473,1506,1475,-1,1475,1506,1504,-1,1475,1504,1477,-1,1477,1504,1502,-1,1477,1502,1479,-1,1479,1502,1500,-1,1479,1500,1481,-1,1481,1500,1498,-1,1481,1498,1483,-1,1483,1498,1496,-1,1483,1496,1485,-1,1485,1496,1494,-1,1485,1494,1487,-1,1487,1494,1493,-1,1487,1493,1489,-1,1489,1493,1491,-1,1488,1490,1486,-1,1486,1490,1492,-1,1486,1492,1484,-1,1484,1492,1495,-1,1484,1495,1482,-1,1482,1495,1497,-1,1482,1497,1480,-1,1480,1497,1499,-1,1480,1499,1478,-1,1478,1499,1501,-1,1478,1501,1476,-1,1476,1501,1503,-1,1476,1503,1474,-1,1474,1503,1505,-1,1474,1505,1472,-1,1472,1505,1507,-1,1472,1507,1510,-1,1510,1507,1511,-1,1508,1473,1510,-1,1510,1473,1472,-1,1507,1506,1511,-1,1511,1506,1509,-1,1512,1513,1514,-1,1514,1513,1515,-1,1516,1517,1518,-1,1518,1517,1519,-1,1520,1521,1522,-1,1522,1521,1514,-1,1522,1514,1515,-1,1518,1519,1523,-1,1523,1519,1524,-1,1525,1526,1527,-1,1527,1526,1520,-1,1527,1520,1528,-1,1529,1530,1531,-1,1524,1529,1523,-1,1523,1529,1531,-1,1523,1531,1532,-1,1532,1531,1533,-1,1532,1533,1534,-1,1534,1533,1535,-1,1534,1535,1522,-1,1522,1535,1536,-1,1522,1536,1520,-1,1520,1536,1537,-1,1520,1537,1528,-1,1530,1538,1531,-1,1531,1538,1539,-1,1531,1539,1540,-1,1540,1539,1541,-1,1542,1513,1512,-1,1517,1516,1543,-1,1543,1516,1544,-1,1543,1544,1545,-1,1512,1546,1542,-1,1542,1546,1547,-1,1542,1547,1548,-1,1548,1549,1542,-1,1542,1549,1550,-1,1542,1550,1551,-1,1552,1553,1554,-1,1551,1555,1542,-1,1542,1555,1556,-1,1542,1556,1557,-1,1557,1556,1558,-1,1557,1558,1559,-1,1559,1558,1560,-1,1559,1560,1544,-1,1544,1560,1561,-1,1544,1561,1545,-1,1545,1561,1562,-1,1552,1554,1561,-1,1561,1554,1563,-1,1561,1563,1562,-1,1524,1519,1543,-1,1543,1519,1517,-1,1524,1543,1545,-1,1524,1545,1529,-1,1529,1545,1562,-1,1529,1562,1530,-1,1530,1562,1563,-1,1530,1563,1538,-1,1538,1563,1554,-1,1538,1554,1539,-1,1539,1554,1553,-1,1539,1553,1541,-1,1541,1553,1552,-1,1541,1552,1540,-1,1540,1552,1561,-1,1540,1561,1531,-1,1533,1531,1560,-1,1560,1531,1561,-1,1535,1533,1558,-1,1558,1533,1560,-1,1536,1535,1556,-1,1556,1535,1558,-1,1536,1556,1555,-1,1536,1555,1537,-1,1537,1555,1551,-1,1537,1551,1528,-1,1528,1551,1550,-1,1528,1550,1527,-1,1527,1550,1549,-1,1527,1549,1525,-1,1525,1549,1548,-1,1525,1548,1526,-1,1526,1548,1547,-1,1526,1547,1520,-1,1520,1547,1546,-1,1520,1546,1521,-1,1514,1521,1512,-1,1512,1521,1546,-1,1564,1565,1566,-1,1566,1565,1567,-1,1566,1567,1568,-1,1568,1567,1569,-1,1568,1569,1570,-1,1570,1569,1571,-1,1570,1571,1572,-1,1572,1571,1573,-1,1572,1573,1574,-1,1574,1573,1575,-1,1574,1575,1576,-1,1576,1575,1577,-1,1576,1577,1578,-1,1578,1577,1579,-1,1580,1578,1581,-1,1581,1578,1579,-1,1582,1580,1583,-1,1583,1580,1581,-1,1584,1582,1585,-1,1585,1582,1583,-1,1584,1585,1586,-1,1584,1586,1587,-1,1587,1586,1588,-1,1587,1588,1589,-1,1589,1588,1590,-1,1589,1590,1591,-1,1591,1590,1592,-1,1591,1592,1593,-1,1593,1592,1594,-1,1593,1594,1595,-1,1595,1594,1596,-1,1595,1596,1597,-1,1597,1596,1598,-1,1597,1598,1599,-1,1600,1601,1565,-1,1565,1601,1598,-1,1565,1598,1567,-1,1567,1598,1596,-1,1567,1596,1569,-1,1569,1596,1594,-1,1569,1594,1571,-1,1571,1594,1592,-1,1571,1592,1573,-1,1573,1592,1590,-1,1573,1590,1575,-1,1575,1590,1588,-1,1575,1588,1577,-1,1577,1588,1586,-1,1577,1586,1579,-1,1579,1586,1585,-1,1579,1585,1581,-1,1581,1585,1583,-1,1580,1582,1578,-1,1578,1582,1584,-1,1578,1584,1576,-1,1576,1584,1587,-1,1576,1587,1574,-1,1574,1587,1589,-1,1574,1589,1572,-1,1572,1589,1591,-1,1572,1591,1570,-1,1570,1591,1593,-1,1570,1593,1568,-1,1568,1593,1595,-1,1568,1595,1566,-1,1566,1595,1597,-1,1566,1597,1564,-1,1564,1597,1599,-1,1564,1599,1602,-1,1602,1599,1603,-1,1600,1565,1602,-1,1602,1565,1564,-1,1599,1598,1603,-1,1603,1598,1601,-1,1604,1605,1606,-1,1606,1605,1607,-1,1608,1609,1610,-1,1610,1609,1611,-1,1612,1613,1614,-1,1614,1613,1606,-1,1614,1606,1607,-1,1610,1611,1615,-1,1615,1611,1616,-1,1617,1618,1619,-1,1619,1618,1612,-1,1619,1612,1620,-1,1621,1622,1623,-1,1616,1621,1615,-1,1615,1621,1623,-1,1615,1623,1624,-1,1624,1623,1625,-1,1624,1625,1626,-1,1626,1625,1627,-1,1626,1627,1614,-1,1614,1627,1628,-1,1614,1628,1612,-1,1612,1628,1629,-1,1612,1629,1620,-1,1622,1630,1623,-1,1623,1630,1631,-1,1623,1631,1632,-1,1632,1631,1633,-1,1634,1605,1604,-1,1609,1608,1635,-1,1635,1608,1636,-1,1635,1636,1637,-1,1604,1638,1634,-1,1634,1638,1639,-1,1634,1639,1640,-1,1640,1641,1634,-1,1634,1641,1642,-1,1634,1642,1643,-1,1644,1645,1646,-1,1643,1647,1634,-1,1634,1647,1648,-1,1634,1648,1649,-1,1649,1648,1650,-1,1649,1650,1651,-1,1651,1650,1652,-1,1651,1652,1636,-1,1636,1652,1653,-1,1636,1653,1637,-1,1637,1653,1654,-1,1644,1646,1653,-1,1653,1646,1655,-1,1653,1655,1654,-1,1616,1611,1635,-1,1635,1611,1609,-1,1616,1635,1637,-1,1616,1637,1621,-1,1621,1637,1654,-1,1621,1654,1622,-1,1622,1654,1655,-1,1622,1655,1630,-1,1630,1655,1646,-1,1630,1646,1631,-1,1631,1646,1645,-1,1631,1645,1633,-1,1633,1645,1644,-1,1633,1644,1632,-1,1632,1644,1653,-1,1632,1653,1623,-1,1625,1623,1652,-1,1652,1623,1653,-1,1627,1625,1650,-1,1650,1625,1652,-1,1628,1627,1648,-1,1648,1627,1650,-1,1628,1648,1647,-1,1628,1647,1629,-1,1629,1647,1643,-1,1629,1643,1620,-1,1620,1643,1642,-1,1620,1642,1619,-1,1619,1642,1641,-1,1619,1641,1617,-1,1617,1641,1640,-1,1617,1640,1618,-1,1618,1640,1639,-1,1618,1639,1612,-1,1612,1639,1638,-1,1612,1638,1613,-1,1606,1613,1604,-1,1604,1613,1638,-1,1656,1657,1658,-1,1658,1657,1659,-1,1658,1659,1660,-1,1660,1659,1661,-1,1660,1661,1662,-1,1662,1661,1663,-1,1662,1663,1664,-1,1664,1663,1665,-1,1664,1665,1666,-1,1666,1665,1667,-1,1666,1667,1668,-1,1668,1667,1669,-1,1668,1669,1670,-1,1670,1669,1671,-1,1672,1670,1673,-1,1673,1670,1671,-1,1674,1672,1675,-1,1675,1672,1673,-1,1676,1674,1677,-1,1677,1674,1675,-1,1676,1677,1678,-1,1676,1678,1679,-1,1679,1678,1680,-1,1679,1680,1681,-1,1681,1680,1682,-1,1681,1682,1683,-1,1683,1682,1684,-1,1683,1684,1685,-1,1685,1684,1686,-1,1685,1686,1687,-1,1687,1686,1688,-1,1687,1688,1689,-1,1689,1688,1690,-1,1689,1690,1691,-1,1692,1693,1657,-1,1657,1693,1690,-1,1657,1690,1659,-1,1659,1690,1688,-1,1659,1688,1661,-1,1661,1688,1686,-1,1661,1686,1663,-1,1663,1686,1684,-1,1663,1684,1665,-1,1665,1684,1682,-1,1665,1682,1667,-1,1667,1682,1680,-1,1667,1680,1669,-1,1669,1680,1678,-1,1669,1678,1671,-1,1671,1678,1677,-1,1671,1677,1673,-1,1673,1677,1675,-1,1672,1674,1670,-1,1670,1674,1676,-1,1670,1676,1668,-1,1668,1676,1679,-1,1668,1679,1666,-1,1666,1679,1681,-1,1666,1681,1664,-1,1664,1681,1683,-1,1664,1683,1662,-1,1662,1683,1685,-1,1662,1685,1660,-1,1660,1685,1687,-1,1660,1687,1658,-1,1658,1687,1689,-1,1658,1689,1656,-1,1656,1689,1691,-1,1656,1691,1694,-1,1694,1691,1695,-1,1692,1657,1694,-1,1694,1657,1656,-1,1691,1690,1695,-1,1695,1690,1693,-1,1696,1697,1698,-1,1698,1697,1699,-1,1700,1701,1702,-1,1702,1701,1703,-1,1704,1705,1706,-1,1706,1705,1698,-1,1706,1698,1699,-1,1702,1703,1707,-1,1707,1703,1708,-1,1709,1710,1711,-1,1711,1710,1704,-1,1711,1704,1712,-1,1713,1714,1715,-1,1708,1713,1707,-1,1707,1713,1715,-1,1707,1715,1716,-1,1716,1715,1717,-1,1716,1717,1718,-1,1718,1717,1719,-1,1718,1719,1706,-1,1706,1719,1720,-1,1706,1720,1704,-1,1704,1720,1721,-1,1704,1721,1712,-1,1714,1722,1715,-1,1715,1722,1723,-1,1715,1723,1724,-1,1724,1723,1725,-1,1726,1697,1696,-1,1701,1700,1727,-1,1727,1700,1728,-1,1727,1728,1729,-1,1696,1730,1726,-1,1726,1730,1731,-1,1726,1731,1732,-1,1732,1733,1726,-1,1726,1733,1734,-1,1726,1734,1735,-1,1736,1737,1738,-1,1735,1739,1726,-1,1726,1739,1740,-1,1726,1740,1741,-1,1741,1740,1742,-1,1741,1742,1743,-1,1743,1742,1744,-1,1743,1744,1728,-1,1728,1744,1745,-1,1728,1745,1729,-1,1729,1745,1746,-1,1736,1738,1745,-1,1745,1738,1747,-1,1745,1747,1746,-1,1708,1703,1727,-1,1727,1703,1701,-1,1708,1727,1729,-1,1708,1729,1713,-1,1713,1729,1746,-1,1713,1746,1714,-1,1714,1746,1747,-1,1714,1747,1722,-1,1722,1747,1738,-1,1722,1738,1723,-1,1723,1738,1737,-1,1723,1737,1725,-1,1725,1737,1736,-1,1725,1736,1724,-1,1724,1736,1745,-1,1724,1745,1715,-1,1717,1715,1744,-1,1744,1715,1745,-1,1719,1717,1742,-1,1742,1717,1744,-1,1720,1719,1740,-1,1740,1719,1742,-1,1720,1740,1739,-1,1720,1739,1721,-1,1721,1739,1735,-1,1721,1735,1712,-1,1712,1735,1734,-1,1712,1734,1711,-1,1711,1734,1733,-1,1711,1733,1709,-1,1709,1733,1732,-1,1709,1732,1710,-1,1710,1732,1731,-1,1710,1731,1704,-1,1704,1731,1730,-1,1704,1730,1705,-1,1698,1705,1696,-1,1696,1705,1730,-1,1748,1749,1750,-1,1750,1749,1751,-1,1750,1751,1752,-1,1752,1751,1753,-1,1752,1753,1754,-1,1754,1753,1755,-1,1754,1755,1756,-1,1756,1755,1757,-1,1756,1757,1758,-1,1758,1757,1759,-1,1758,1759,1760,-1,1760,1759,1761,-1,1760,1761,1762,-1,1762,1761,1763,-1,1764,1762,1765,-1,1765,1762,1763,-1,1766,1764,1767,-1,1767,1764,1765,-1,1768,1766,1769,-1,1769,1766,1767,-1,1768,1769,1770,-1,1768,1770,1771,-1,1771,1770,1772,-1,1771,1772,1773,-1,1773,1772,1774,-1,1773,1774,1775,-1,1775,1774,1776,-1,1775,1776,1777,-1,1777,1776,1778,-1,1777,1778,1779,-1,1779,1778,1780,-1,1779,1780,1781,-1,1781,1780,1782,-1,1781,1782,1783,-1,1784,1785,1749,-1,1749,1785,1782,-1,1749,1782,1751,-1,1751,1782,1780,-1,1751,1780,1753,-1,1753,1780,1778,-1,1753,1778,1755,-1,1755,1778,1776,-1,1755,1776,1757,-1,1757,1776,1774,-1,1757,1774,1759,-1,1759,1774,1772,-1,1759,1772,1761,-1,1761,1772,1770,-1,1761,1770,1763,-1,1763,1770,1769,-1,1763,1769,1765,-1,1765,1769,1767,-1,1764,1766,1762,-1,1762,1766,1768,-1,1762,1768,1760,-1,1760,1768,1771,-1,1760,1771,1758,-1,1758,1771,1773,-1,1758,1773,1756,-1,1756,1773,1775,-1,1756,1775,1754,-1,1754,1775,1777,-1,1754,1777,1752,-1,1752,1777,1779,-1,1752,1779,1750,-1,1750,1779,1781,-1,1750,1781,1748,-1,1748,1781,1783,-1,1748,1783,1786,-1,1786,1783,1787,-1,1784,1749,1786,-1,1786,1749,1748,-1,1783,1782,1787,-1,1787,1782,1785,-1,1788,1789,1790,-1,1790,1789,1791,-1,1792,1793,1794,-1,1794,1793,1795,-1,1796,1797,1798,-1,1798,1797,1790,-1,1798,1790,1791,-1,1794,1795,1799,-1,1799,1795,1800,-1,1801,1802,1803,-1,1803,1802,1796,-1,1803,1796,1804,-1,1805,1806,1807,-1,1800,1805,1799,-1,1799,1805,1807,-1,1799,1807,1808,-1,1808,1807,1809,-1,1808,1809,1810,-1,1810,1809,1811,-1,1810,1811,1798,-1,1798,1811,1812,-1,1798,1812,1796,-1,1796,1812,1813,-1,1796,1813,1804,-1,1806,1814,1807,-1,1807,1814,1815,-1,1807,1815,1816,-1,1816,1815,1817,-1,1818,1789,1788,-1,1793,1792,1819,-1,1819,1792,1820,-1,1819,1820,1821,-1,1788,1822,1818,-1,1818,1822,1823,-1,1818,1823,1824,-1,1824,1825,1818,-1,1818,1825,1826,-1,1818,1826,1827,-1,1828,1829,1830,-1,1827,1831,1818,-1,1818,1831,1832,-1,1818,1832,1833,-1,1833,1832,1834,-1,1833,1834,1835,-1,1835,1834,1836,-1,1835,1836,1820,-1,1820,1836,1837,-1,1820,1837,1821,-1,1821,1837,1838,-1,1828,1830,1837,-1,1837,1830,1839,-1,1837,1839,1838,-1,1800,1795,1819,-1,1819,1795,1793,-1,1800,1819,1821,-1,1800,1821,1805,-1,1805,1821,1838,-1,1805,1838,1806,-1,1806,1838,1839,-1,1806,1839,1814,-1,1814,1839,1830,-1,1814,1830,1815,-1,1815,1830,1829,-1,1815,1829,1817,-1,1817,1829,1828,-1,1817,1828,1816,-1,1816,1828,1837,-1,1816,1837,1807,-1,1809,1807,1836,-1,1836,1807,1837,-1,1811,1809,1834,-1,1834,1809,1836,-1,1812,1811,1832,-1,1832,1811,1834,-1,1812,1832,1831,-1,1812,1831,1813,-1,1813,1831,1827,-1,1813,1827,1804,-1,1804,1827,1826,-1,1804,1826,1803,-1,1803,1826,1825,-1,1803,1825,1801,-1,1801,1825,1824,-1,1801,1824,1802,-1,1802,1824,1823,-1,1802,1823,1796,-1,1796,1823,1822,-1,1796,1822,1797,-1,1790,1797,1788,-1,1788,1797,1822,-1,1840,1841,1842,-1,1842,1841,1843,-1,1842,1843,1844,-1,1844,1843,1845,-1,1844,1845,1846,-1,1846,1845,1847,-1,1846,1847,1848,-1,1848,1847,1849,-1,1848,1849,1850,-1,1850,1849,1851,-1,1850,1851,1852,-1,1852,1851,1853,-1,1852,1853,1854,-1,1854,1853,1855,-1,1856,1854,1857,-1,1857,1854,1855,-1,1858,1856,1859,-1,1859,1856,1857,-1,1860,1858,1861,-1,1861,1858,1859,-1,1860,1861,1862,-1,1860,1862,1863,-1,1863,1862,1864,-1,1863,1864,1865,-1,1865,1864,1866,-1,1865,1866,1867,-1,1867,1866,1868,-1,1867,1868,1869,-1,1869,1868,1870,-1,1869,1870,1871,-1,1871,1870,1872,-1,1871,1872,1873,-1,1873,1872,1874,-1,1873,1874,1875,-1,1876,1877,1841,-1,1841,1877,1874,-1,1841,1874,1843,-1,1843,1874,1872,-1,1843,1872,1845,-1,1845,1872,1870,-1,1845,1870,1847,-1,1847,1870,1868,-1,1847,1868,1849,-1,1849,1868,1866,-1,1849,1866,1851,-1,1851,1866,1864,-1,1851,1864,1853,-1,1853,1864,1862,-1,1853,1862,1855,-1,1855,1862,1861,-1,1855,1861,1857,-1,1857,1861,1859,-1,1856,1858,1854,-1,1854,1858,1860,-1,1854,1860,1852,-1,1852,1860,1863,-1,1852,1863,1850,-1,1850,1863,1865,-1,1850,1865,1848,-1,1848,1865,1867,-1,1848,1867,1846,-1,1846,1867,1869,-1,1846,1869,1844,-1,1844,1869,1871,-1,1844,1871,1842,-1,1842,1871,1873,-1,1842,1873,1840,-1,1840,1873,1875,-1,1840,1875,1878,-1,1878,1875,1879,-1,1876,1841,1878,-1,1878,1841,1840,-1,1875,1874,1879,-1,1879,1874,1877,-1,1880,1881,1882,-1,1882,1881,1883,-1,1884,1885,1886,-1,1886,1885,1887,-1,1888,1889,1890,-1,1890,1889,1882,-1,1890,1882,1883,-1,1886,1887,1891,-1,1891,1887,1892,-1,1893,1894,1895,-1,1895,1894,1888,-1,1895,1888,1896,-1,1897,1898,1899,-1,1892,1897,1891,-1,1891,1897,1899,-1,1891,1899,1900,-1,1900,1899,1901,-1,1900,1901,1902,-1,1902,1901,1903,-1,1902,1903,1890,-1,1890,1903,1904,-1,1890,1904,1888,-1,1888,1904,1905,-1,1888,1905,1896,-1,1898,1906,1899,-1,1899,1906,1907,-1,1899,1907,1908,-1,1908,1907,1909,-1,1910,1881,1880,-1,1885,1884,1911,-1,1911,1884,1912,-1,1911,1912,1913,-1,1880,1914,1910,-1,1910,1914,1915,-1,1910,1915,1916,-1,1916,1917,1910,-1,1910,1917,1918,-1,1910,1918,1919,-1,1920,1921,1922,-1,1919,1923,1910,-1,1910,1923,1924,-1,1910,1924,1925,-1,1925,1924,1926,-1,1925,1926,1927,-1,1927,1926,1928,-1,1927,1928,1912,-1,1912,1928,1929,-1,1912,1929,1913,-1,1913,1929,1930,-1,1920,1922,1929,-1,1929,1922,1931,-1,1929,1931,1930,-1,1892,1887,1911,-1,1911,1887,1885,-1,1892,1911,1913,-1,1892,1913,1897,-1,1897,1913,1930,-1,1897,1930,1898,-1,1898,1930,1931,-1,1898,1931,1906,-1,1906,1931,1922,-1,1906,1922,1907,-1,1907,1922,1921,-1,1907,1921,1909,-1,1909,1921,1920,-1,1909,1920,1908,-1,1908,1920,1929,-1,1908,1929,1899,-1,1901,1899,1928,-1,1928,1899,1929,-1,1903,1901,1926,-1,1926,1901,1928,-1,1904,1903,1924,-1,1924,1903,1926,-1,1904,1924,1923,-1,1904,1923,1905,-1,1905,1923,1919,-1,1905,1919,1896,-1,1896,1919,1918,-1,1896,1918,1895,-1,1895,1918,1917,-1,1895,1917,1893,-1,1893,1917,1916,-1,1893,1916,1894,-1,1894,1916,1915,-1,1894,1915,1888,-1,1888,1915,1914,-1,1888,1914,1889,-1,1882,1889,1880,-1,1880,1889,1914,-1,1932,1933,1934,-1,1934,1933,1935,-1,1934,1935,1936,-1,1936,1935,1937,-1,1936,1937,1938,-1,1938,1937,1939,-1,1938,1939,1940,-1,1940,1939,1941,-1,1940,1941,1942,-1,1942,1941,1943,-1,1942,1943,1944,-1,1944,1943,1945,-1,1944,1945,1946,-1,1946,1945,1947,-1,1948,1946,1949,-1,1949,1946,1947,-1,1950,1948,1951,-1,1951,1948,1949,-1,1952,1950,1953,-1,1953,1950,1951,-1,1952,1953,1954,-1,1952,1954,1955,-1,1955,1954,1956,-1,1955,1956,1957,-1,1957,1956,1958,-1,1957,1958,1959,-1,1959,1958,1960,-1,1959,1960,1961,-1,1961,1960,1962,-1,1961,1962,1963,-1,1963,1962,1964,-1,1963,1964,1965,-1,1965,1964,1966,-1,1965,1966,1967,-1,1968,1969,1933,-1,1933,1969,1966,-1,1933,1966,1935,-1,1935,1966,1964,-1,1935,1964,1937,-1,1937,1964,1962,-1,1937,1962,1939,-1,1939,1962,1960,-1,1939,1960,1941,-1,1941,1960,1958,-1,1941,1958,1943,-1,1943,1958,1956,-1,1943,1956,1945,-1,1945,1956,1954,-1,1945,1954,1947,-1,1947,1954,1953,-1,1947,1953,1949,-1,1949,1953,1951,-1,1948,1950,1946,-1,1946,1950,1952,-1,1946,1952,1944,-1,1944,1952,1955,-1,1944,1955,1942,-1,1942,1955,1957,-1,1942,1957,1940,-1,1940,1957,1959,-1,1940,1959,1938,-1,1938,1959,1961,-1,1938,1961,1936,-1,1936,1961,1963,-1,1936,1963,1934,-1,1934,1963,1965,-1,1934,1965,1932,-1,1932,1965,1967,-1,1932,1967,1970,-1,1970,1967,1971,-1,1968,1933,1970,-1,1970,1933,1932,-1,1967,1966,1971,-1,1971,1966,1969,-1,1972,1973,1974,-1,1974,1973,1975,-1,1976,1977,1978,-1,1978,1977,1979,-1,1980,1981,1982,-1,1982,1981,1974,-1,1982,1974,1975,-1,1978,1979,1983,-1,1983,1979,1984,-1,1985,1986,1987,-1,1987,1986,1980,-1,1987,1980,1988,-1,1989,1990,1991,-1,1984,1989,1983,-1,1983,1989,1991,-1,1983,1991,1992,-1,1992,1991,1993,-1,1992,1993,1994,-1,1994,1993,1995,-1,1994,1995,1982,-1,1982,1995,1996,-1,1982,1996,1980,-1,1980,1996,1997,-1,1980,1997,1988,-1,1990,1998,1991,-1,1991,1998,1999,-1,1991,1999,2000,-1,2000,1999,2001,-1,2002,1973,1972,-1,1977,1976,2003,-1,2003,1976,2004,-1,2003,2004,2005,-1,1972,2006,2002,-1,2002,2006,2007,-1,2002,2007,2008,-1,2008,2009,2002,-1,2002,2009,2010,-1,2002,2010,2011,-1,2012,2013,2014,-1,2011,2015,2002,-1,2002,2015,2016,-1,2002,2016,2017,-1,2017,2016,2018,-1,2017,2018,2019,-1,2019,2018,2020,-1,2019,2020,2004,-1,2004,2020,2021,-1,2004,2021,2005,-1,2005,2021,2022,-1,2012,2014,2021,-1,2021,2014,2023,-1,2021,2023,2022,-1,1984,1979,2003,-1,2003,1979,1977,-1,1984,2003,2005,-1,1984,2005,1989,-1,1989,2005,2022,-1,1989,2022,1990,-1,1990,2022,2023,-1,1990,2023,1998,-1,1998,2023,2014,-1,1998,2014,1999,-1,1999,2014,2013,-1,1999,2013,2001,-1,2001,2013,2012,-1,2001,2012,2000,-1,2000,2012,2021,-1,2000,2021,1991,-1,1993,1991,2020,-1,2020,1991,2021,-1,1995,1993,2018,-1,2018,1993,2020,-1,1996,1995,2016,-1,2016,1995,2018,-1,1996,2016,2015,-1,1996,2015,1997,-1,1997,2015,2011,-1,1997,2011,1988,-1,1988,2011,2010,-1,1988,2010,1987,-1,1987,2010,2009,-1,1987,2009,1985,-1,1985,2009,2008,-1,1985,2008,1986,-1,1986,2008,2007,-1,1986,2007,1980,-1,1980,2007,2006,-1,1980,2006,1981,-1,1974,1981,1972,-1,1972,1981,2006,-1,2024,2025,2026,-1,2026,2025,2027,-1,2026,2027,2028,-1,2028,2027,2029,-1,2028,2029,2030,-1,2030,2029,2031,-1,2030,2031,2032,-1,2032,2031,2033,-1,2032,2033,2034,-1,2034,2033,2035,-1,2034,2035,2036,-1,2036,2035,2037,-1,2036,2037,2038,-1,2038,2037,2039,-1,2040,2038,2041,-1,2041,2038,2039,-1,2042,2040,2043,-1,2043,2040,2041,-1,2044,2042,2045,-1,2045,2042,2043,-1,2044,2045,2046,-1,2044,2046,2047,-1,2047,2046,2048,-1,2047,2048,2049,-1,2049,2048,2050,-1,2049,2050,2051,-1,2051,2050,2052,-1,2051,2052,2053,-1,2053,2052,2054,-1,2053,2054,2055,-1,2055,2054,2056,-1,2055,2056,2057,-1,2057,2056,2058,-1,2057,2058,2059,-1,2060,2061,2025,-1,2025,2061,2058,-1,2025,2058,2027,-1,2027,2058,2056,-1,2027,2056,2029,-1,2029,2056,2054,-1,2029,2054,2031,-1,2031,2054,2052,-1,2031,2052,2033,-1,2033,2052,2050,-1,2033,2050,2035,-1,2035,2050,2048,-1,2035,2048,2037,-1,2037,2048,2046,-1,2037,2046,2039,-1,2039,2046,2045,-1,2039,2045,2041,-1,2041,2045,2043,-1,2040,2042,2038,-1,2038,2042,2044,-1,2038,2044,2036,-1,2036,2044,2047,-1,2036,2047,2034,-1,2034,2047,2049,-1,2034,2049,2032,-1,2032,2049,2051,-1,2032,2051,2030,-1,2030,2051,2053,-1,2030,2053,2028,-1,2028,2053,2055,-1,2028,2055,2026,-1,2026,2055,2057,-1,2026,2057,2024,-1,2024,2057,2059,-1,2024,2059,2062,-1,2062,2059,2063,-1,2060,2025,2062,-1,2062,2025,2024,-1,2059,2058,2063,-1,2063,2058,2061,-1,2064,2065,2066,-1,2066,2065,2067,-1,2068,2069,2070,-1,2070,2069,2071,-1,2072,2073,2074,-1,2074,2073,2066,-1,2074,2066,2067,-1,2070,2071,2075,-1,2075,2071,2076,-1,2077,2078,2079,-1,2079,2078,2072,-1,2079,2072,2080,-1,2081,2082,2083,-1,2076,2081,2075,-1,2075,2081,2083,-1,2075,2083,2084,-1,2084,2083,2085,-1,2084,2085,2086,-1,2086,2085,2087,-1,2086,2087,2074,-1,2074,2087,2088,-1,2074,2088,2072,-1,2072,2088,2089,-1,2072,2089,2080,-1,2082,2090,2083,-1,2083,2090,2091,-1,2083,2091,2092,-1,2092,2091,2093,-1,2094,2065,2064,-1,2069,2068,2095,-1,2095,2068,2096,-1,2095,2096,2097,-1,2064,2098,2094,-1,2094,2098,2099,-1,2094,2099,2100,-1,2100,2101,2094,-1,2094,2101,2102,-1,2094,2102,2103,-1,2104,2105,2106,-1,2103,2107,2094,-1,2094,2107,2108,-1,2094,2108,2109,-1,2109,2108,2110,-1,2109,2110,2111,-1,2111,2110,2112,-1,2111,2112,2096,-1,2096,2112,2113,-1,2096,2113,2097,-1,2097,2113,2114,-1,2104,2106,2113,-1,2113,2106,2115,-1,2113,2115,2114,-1,2076,2071,2095,-1,2095,2071,2069,-1,2076,2095,2097,-1,2076,2097,2081,-1,2081,2097,2114,-1,2081,2114,2082,-1,2082,2114,2115,-1,2082,2115,2090,-1,2090,2115,2106,-1,2090,2106,2091,-1,2091,2106,2105,-1,2091,2105,2093,-1,2093,2105,2104,-1,2093,2104,2092,-1,2092,2104,2113,-1,2092,2113,2083,-1,2085,2083,2112,-1,2112,2083,2113,-1,2087,2085,2110,-1,2110,2085,2112,-1,2088,2087,2108,-1,2108,2087,2110,-1,2088,2108,2107,-1,2088,2107,2089,-1,2089,2107,2103,-1,2089,2103,2080,-1,2080,2103,2102,-1,2080,2102,2079,-1,2079,2102,2101,-1,2079,2101,2077,-1,2077,2101,2100,-1,2077,2100,2078,-1,2078,2100,2099,-1,2078,2099,2072,-1,2072,2099,2098,-1,2072,2098,2073,-1,2066,2073,2064,-1,2064,2073,2098,-1,2116,2117,2118,-1,2118,2117,2119,-1,2118,2119,2120,-1,2120,2119,2121,-1,2120,2121,2122,-1,2122,2121,2123,-1,2122,2123,2124,-1,2124,2123,2125,-1,2124,2125,2126,-1,2126,2125,2127,-1,2126,2127,2128,-1,2128,2127,2129,-1,2128,2129,2130,-1,2130,2129,2131,-1,2132,2130,2133,-1,2133,2130,2131,-1,2134,2132,2135,-1,2135,2132,2133,-1,2136,2134,2137,-1,2137,2134,2135,-1,2136,2137,2138,-1,2136,2138,2139,-1,2139,2138,2140,-1,2139,2140,2141,-1,2141,2140,2142,-1,2141,2142,2143,-1,2143,2142,2144,-1,2143,2144,2145,-1,2145,2144,2146,-1,2145,2146,2147,-1,2147,2146,2148,-1,2147,2148,2149,-1,2149,2148,2150,-1,2149,2150,2151,-1,2152,2153,2117,-1,2117,2153,2150,-1,2117,2150,2119,-1,2119,2150,2148,-1,2119,2148,2121,-1,2121,2148,2146,-1,2121,2146,2123,-1,2123,2146,2144,-1,2123,2144,2125,-1,2125,2144,2142,-1,2125,2142,2127,-1,2127,2142,2140,-1,2127,2140,2129,-1,2129,2140,2138,-1,2129,2138,2131,-1,2131,2138,2137,-1,2131,2137,2133,-1,2133,2137,2135,-1,2132,2134,2130,-1,2130,2134,2136,-1,2130,2136,2128,-1,2128,2136,2139,-1,2128,2139,2126,-1,2126,2139,2141,-1,2126,2141,2124,-1,2124,2141,2143,-1,2124,2143,2122,-1,2122,2143,2145,-1,2122,2145,2120,-1,2120,2145,2147,-1,2120,2147,2118,-1,2118,2147,2149,-1,2118,2149,2116,-1,2116,2149,2151,-1,2116,2151,2154,-1,2154,2151,2155,-1,2152,2117,2154,-1,2154,2117,2116,-1,2151,2150,2155,-1,2155,2150,2153,-1,2156,2157,2158,-1,2158,2157,2159,-1,2160,2161,2162,-1,2162,2161,2163,-1,2164,2165,2166,-1,2166,2165,2158,-1,2166,2158,2159,-1,2162,2163,2167,-1,2167,2163,2168,-1,2169,2170,2171,-1,2171,2170,2164,-1,2171,2164,2172,-1,2173,2174,2175,-1,2168,2173,2167,-1,2167,2173,2175,-1,2167,2175,2176,-1,2176,2175,2177,-1,2176,2177,2178,-1,2178,2177,2179,-1,2178,2179,2166,-1,2166,2179,2180,-1,2166,2180,2164,-1,2164,2180,2181,-1,2164,2181,2172,-1,2174,2182,2175,-1,2175,2182,2183,-1,2175,2183,2184,-1,2184,2183,2185,-1,2186,2157,2156,-1,2161,2160,2187,-1,2187,2160,2188,-1,2187,2188,2189,-1,2156,2190,2186,-1,2186,2190,2191,-1,2186,2191,2192,-1,2192,2193,2186,-1,2186,2193,2194,-1,2186,2194,2195,-1,2196,2197,2198,-1,2195,2199,2186,-1,2186,2199,2200,-1,2186,2200,2201,-1,2201,2200,2202,-1,2201,2202,2203,-1,2203,2202,2204,-1,2203,2204,2188,-1,2188,2204,2205,-1,2188,2205,2189,-1,2189,2205,2206,-1,2196,2198,2205,-1,2205,2198,2207,-1,2205,2207,2206,-1,2168,2163,2187,-1,2187,2163,2161,-1,2168,2187,2189,-1,2168,2189,2173,-1,2173,2189,2206,-1,2173,2206,2174,-1,2174,2206,2207,-1,2174,2207,2182,-1,2182,2207,2198,-1,2182,2198,2183,-1,2183,2198,2197,-1,2183,2197,2185,-1,2185,2197,2196,-1,2185,2196,2184,-1,2184,2196,2205,-1,2184,2205,2175,-1,2177,2175,2204,-1,2204,2175,2205,-1,2179,2177,2202,-1,2202,2177,2204,-1,2180,2179,2200,-1,2200,2179,2202,-1,2180,2200,2199,-1,2180,2199,2181,-1,2181,2199,2195,-1,2181,2195,2172,-1,2172,2195,2194,-1,2172,2194,2171,-1,2171,2194,2193,-1,2171,2193,2169,-1,2169,2193,2192,-1,2169,2192,2170,-1,2170,2192,2191,-1,2170,2191,2164,-1,2164,2191,2190,-1,2164,2190,2165,-1,2158,2165,2156,-1,2156,2165,2190,-1,2208,2209,2210,-1,2210,2209,2211,-1,2210,2211,2212,-1,2212,2211,2213,-1,2212,2213,2214,-1,2214,2213,2215,-1,2214,2215,2216,-1,2216,2215,2217,-1,2216,2217,2218,-1,2218,2217,2219,-1,2220,2221,2217,-1,2217,2221,2219,-1,2222,2223,2224,-1,2225,2221,2224,-1,2224,2221,2220,-1,2224,2220,2222,-1,2223,2222,2226,-1,2226,2222,2227,-1,2226,2227,2228,-1,2228,2227,2229,-1,2228,2229,2230,-1,2230,2229,2231,-1,2230,2231,2232,-1,2232,2231,2233,-1,2232,2233,2234,-1,2234,2233,2235,-1,2234,2235,2236,-1,2236,2235,2237,-1,2236,2237,2238,-1,2238,2237,2239,-1,2238,2239,2240,-1,2240,2239,2241,-1,2240,2241,2242,-1,2242,2241,2243,-1,2242,2243,2244,-1,2244,2243,2245,-1,2244,2245,2208,-1,2208,2245,2209,-1,2219,2221,2218,-1,2218,2221,2225,-1,2222,2220,2217,-1,2241,2239,2237,-1,2211,2209,2213,-1,2213,2209,2245,-1,2213,2245,2215,-1,2215,2245,2243,-1,2215,2243,2217,-1,2217,2243,2227,-1,2217,2227,2222,-1,2233,2231,2243,-1,2243,2231,2229,-1,2243,2229,2227,-1,2241,2237,2243,-1,2243,2237,2235,-1,2243,2235,2233,-1,2246,2247,2248,-1,2248,2247,2249,-1,2250,2251,2252,-1,2252,2251,2253,-1,2251,2254,2253,-1,2253,2254,2255,-1,2254,2256,2255,-1,2255,2256,2257,-1,2256,2258,2257,-1,2257,2258,2259,-1,2258,2260,2259,-1,2259,2260,2261,-1,2260,2262,2261,-1,2261,2262,2263,-1,2263,2262,2264,-1,2264,2262,2265,-1,2264,2265,2266,-1,2266,2265,2267,-1,2266,2267,2268,-1,2268,2267,2269,-1,2268,2269,2270,-1,2270,2269,2271,-1,2270,2271,2272,-1,2272,2271,2273,-1,2272,2273,2274,-1,2274,2273,2275,-1,2274,2275,2276,-1,2276,2275,2277,-1,2276,2277,2246,-1,2246,2277,2247,-1,2278,2249,2277,-1,2277,2249,2247,-1,2279,2280,2281,-1,2248,2249,2281,-1,2281,2249,2278,-1,2281,2278,2279,-1,2279,2282,2280,-1,2280,2282,2283,-1,2282,2250,2283,-1,2283,2250,2252,-1,2278,2277,2275,-1,2271,2269,2256,-1,2251,2250,2254,-1,2254,2250,2282,-1,2254,2282,2256,-1,2256,2282,2279,-1,2256,2279,2278,-1,2278,2275,2256,-1,2256,2275,2273,-1,2256,2273,2271,-1,2269,2267,2256,-1,2256,2267,2265,-1,2256,2265,2258,-1,2258,2265,2262,-1,2258,2262,2260,-1,2284,2285,2286,-1,2286,2285,2287,-1,2286,2287,2288,-1,2288,2287,2289,-1,2288,2289,2290,-1,2290,2289,2291,-1,2290,2291,2292,-1,2292,2291,2293,-1,2292,2293,2294,-1,2294,2293,2295,-1,2296,2297,2293,-1,2293,2297,2295,-1,2298,2299,2300,-1,2301,2297,2300,-1,2300,2297,2296,-1,2300,2296,2298,-1,2299,2298,2302,-1,2302,2298,2303,-1,2302,2303,2304,-1,2304,2303,2305,-1,2304,2305,2306,-1,2306,2305,2307,-1,2306,2307,2308,-1,2308,2307,2309,-1,2308,2309,2310,-1,2310,2309,2311,-1,2310,2311,2312,-1,2312,2311,2313,-1,2312,2313,2314,-1,2314,2313,2315,-1,2314,2315,2316,-1,2316,2315,2317,-1,2316,2317,2318,-1,2318,2317,2319,-1,2318,2319,2320,-1,2320,2319,2321,-1,2320,2321,2284,-1,2284,2321,2285,-1,2295,2297,2294,-1,2294,2297,2301,-1,2298,2296,2293,-1,2317,2315,2313,-1,2287,2285,2289,-1,2289,2285,2321,-1,2289,2321,2291,-1,2291,2321,2319,-1,2291,2319,2293,-1,2293,2319,2303,-1,2293,2303,2298,-1,2309,2307,2319,-1,2319,2307,2305,-1,2319,2305,2303,-1,2317,2313,2319,-1,2319,2313,2311,-1,2319,2311,2309,-1,2322,2323,2324,-1,2324,2323,2325,-1,2326,2327,2328,-1,2328,2327,2329,-1,2327,2330,2329,-1,2329,2330,2331,-1,2330,2332,2331,-1,2331,2332,2333,-1,2332,2334,2333,-1,2333,2334,2335,-1,2334,2336,2335,-1,2335,2336,2337,-1,2336,2338,2337,-1,2337,2338,2339,-1,2339,2338,2340,-1,2340,2338,2341,-1,2340,2341,2342,-1,2342,2341,2343,-1,2342,2343,2344,-1,2344,2343,2345,-1,2344,2345,2346,-1,2346,2345,2347,-1,2346,2347,2348,-1,2348,2347,2349,-1,2348,2349,2350,-1,2350,2349,2351,-1,2350,2351,2352,-1,2352,2351,2353,-1,2352,2353,2322,-1,2322,2353,2323,-1,2354,2325,2353,-1,2353,2325,2323,-1,2355,2356,2357,-1,2324,2325,2357,-1,2357,2325,2354,-1,2357,2354,2355,-1,2355,2358,2356,-1,2356,2358,2359,-1,2358,2326,2359,-1,2359,2326,2328,-1,2354,2353,2351,-1,2347,2345,2332,-1,2327,2326,2330,-1,2330,2326,2358,-1,2330,2358,2332,-1,2332,2358,2355,-1,2332,2355,2354,-1,2354,2351,2332,-1,2332,2351,2349,-1,2332,2349,2347,-1,2345,2343,2332,-1,2332,2343,2341,-1,2332,2341,2334,-1,2334,2341,2338,-1,2334,2338,2336,-1,
        ]
    }
}
Shape{
    appearance Appearance {
        material  Material 	{
            diffuseColor 1.0 1.0 1.0
            specularColor 0.8784313725490196 0.8784313725490196 0.8784313725490196
            ambientIntensity 1.0
            transparency 0.0
            shininess 0.5
        }
    }
    geometry IndexedFaceSet {
        ccw TRUE
        solid FALSE
        coord DEF co Coordinate {
            point [
                -0.3337 0.0847 0.0157, -0.4105 -0.1122 0.0157, -0.3337 0.0847 0.0079, -0.4105 -0.1122 0.0079, -0.3817 -0.1122 0.0157, -0.3817 -0.1122 0.0079, -0.3618 -0.057 0.0157, -0.3618 -0.057 0.0079, -0.2805 -0.057 0.0157, -0.2805 -0.057 0.0079, -0.2617 -0.1122 0.0157, -0.2617 -0.1122 0.0079, -0.2329 -0.1122 0.0157, -0.2329 -0.1122 0.0079, -0.3073 0.0847 0.0157, -0.3073 0.0847 0.0079, -0.2871 -0.0353 0.0157, -0.3529 -0.0353 0.0157, -0.3165 0.0469 0.0157, -0.3184 0.0537 0.0157, -0.3196 0.0607 0.0157, -0.3203 0.0607 0.0157, -0.3215 0.0537 0.0157, -0.3233 0.0469 0.0157, -0.2871 -0.0353 0.0079, -0.3529 -0.0353 0.0079, -0.3165 0.0469 0.0079, -0.3184 0.0537 0.0079, -0.3196 0.0607 0.0079, -0.3203 0.0607 0.0079, -0.3215 0.0537 0.0079, -0.3233 0.0469 0.0079, -0.1135 -0.1122 0.0157, -0.06 -0.1122 0.0157, -0.1135 -0.1122 0.0079, -0.06 -0.1122 0.0079, -0.06 0.0847 0.0157, -0.06 0.0847 0.0079, -0.1156 0.0847 0.0157, -0.1156 0.0847 0.0079, -0.2185 -0.0113 0.0157, -0.2185 -0.0113 0.0079, -0.217 0.0073 0.0079, -0.217 0.0073 0.0157, -0.2117 0.0267 0.0079, -0.2117 0.0267 0.0157, -0.2026 0.0436 0.0079, -0.2026 0.0436 0.0157, -0.1887 0.059 0.0079, -0.1887 0.059 0.0157, -0.1885 0.0592 0.0079, -0.1885 0.0592 0.0157, -0.167 0.0736 0.0079, -0.167 0.0736 0.0157, -0.144 0.0816 0.0079, -0.144 0.0816 0.0157, -0.1379 -0.11 0.0079, -0.1379 -0.11 0.0157, -0.1606 -0.1033 0.0079, -0.1606 -0.1033 0.0157, -0.1811 -0.0913 0.0079, -0.1811 -0.0913 0.0157, -0.1973 -0.0758 0.0079, -0.1973 -0.0758 0.0157, -0.2086 -0.0582 0.0079, -0.2086 -0.0582 0.0157, -0.2157 -0.0376 0.0079, -0.2157 -0.0376 0.0157, -0.1789 0.0355 0.0157, -0.1694 0.0456 0.0157, -0.155 0.0549 0.0157, -0.1388 0.0606 0.0157, -0.1155 0.0631 0.0157, -0.0864 0.0631 0.0157, -0.0864 -0.0906 0.0157, -0.1144 -0.0906 0.0157, -0.1351 -0.0886 0.0157, -0.1517 -0.0835 0.0157, -0.1651 -0.0755 0.0157, -0.1762 -0.0646 0.0157, -0.1845 -0.051 0.0157, -0.1902 -0.0325 0.0157, -0.192 -0.0118 0.0157, -0.1904 0.0078 0.0157, -0.1858 0.0233 0.0157, -0.1155 0.0631 0.0079, -0.0864 0.0631 0.0079, -0.1388 0.0606 0.0079, -0.155 0.0549 0.0079, -0.1694 0.0456 0.0079, -0.1789 0.0355 0.0079, -0.1858 0.0233 0.0079, -0.1904 0.0078 0.0079, -0.192 -0.0118 0.0079, -0.1902 -0.0325 0.0079, -0.1845 -0.051 0.0079, -0.1762 -0.0646 0.0079, -0.1651 -0.0755 0.0079, -0.1517 -0.0835 0.0079, -0.1351 -0.0886 0.0079, -0.1144 -0.0906 0.0079, -0.0864 -0.0906 0.0079, -0.0216 -0.0906 0.0157, -0.0216 -0.1122 0.0157, -0.0216 -0.0906 0.0079, -0.0216 -0.1122 0.0079, 0.084 -0.1122 0.0157, 0.084 -0.1122 0.0079, 0.084 0.0847 0.0157, 0.084 0.0847 0.0079, -0.0168 0.0847 0.0157, -0.0168 0.0847 0.0079, -0.0168 0.0631 0.0157, -0.0168 0.0631 0.0079, 0.0576 0.0631 0.0157, 0.0576 0.0631 0.0079, 0.0576 -0.0017 0.0157, 0.0576 -0.0017 0.0079, -0.012 -0.0017 0.0157, -0.012 -0.0017 0.0079, -0.012 -0.0233 0.0157, -0.012 -0.0233 0.0079, 0.0576 -0.0233 0.0157, 0.0576 -0.0233 0.0079, 0.0576 -0.0906 0.0157, 0.0576 -0.0906 0.0079, 0.1224 -0.0804 0.0157, 0.1224 -0.102 0.0157, 0.1224 -0.0804 0.0079, 0.1224 -0.102 0.0079, 0.1434 -0.1106 0.0157, 0.1766 -0.1146 0.0157, 0.1766 -0.1146 0.0079, 0.1712 -0.1145 0.0079, 0.1712 -0.1145 0.0157, 0.1633 -0.1134 0.0079, 0.1434 -0.1106 0.0079, 0.2689 -0.0175 0.0157, 0.2689 -0.0175 0.0079, 0.267 -0.0403 0.0079, 0.267 -0.0403 0.0157, 0.261 -0.0611 0.0079, 0.261 -0.0611 0.0157, 0.2506 -0.0798 0.0079, 0.2506 -0.0798 0.0157, 0.2358 -0.0954 0.0079, 0.2358 -0.0954 0.0157, 0.2199 -0.1055 0.0079, 0.2199 -0.1055 0.0157, 0.2009 -0.1121 0.0079, 0.2009 -0.1121 0.0157, 0.1882 -0.1134 0.0079, 0.1688 0.0871 0.0157, 0.1688 0.0871 0.0079, 0.1885 0.0855 0.0079, 0.1885 0.0855 0.0157, 0.2104 0.0791 0.0079, 0.2104 0.0791 0.0157, 0.2291 0.0684 0.0079, 0.2291 0.0684 0.0157, 0.2469 0.0513 0.0079, 0.2469 0.0513 0.0157, 0.2585 0.0329 0.0079, 0.2585 0.0329 0.0157, 0.266 0.0105 0.0079, 0.266 0.0105 0.0157, 0.1224 0.0793 0.0157, 0.1224 0.0793 0.0079, 0.1452 0.0855 0.0079, 0.1452 0.0855 0.0157, 0.1224 0.0529 0.0157, 0.1224 0.0529 0.0079, 0.1685 0.0655 0.0157, 0.1685 0.0655 0.0079, 0.1446 0.0624 0.0079, 0.1446 0.0624 0.0157, 0.2425 -0.0158 0.0157, 0.2425 -0.0158 0.0079, 0.2415 -0.0005 0.0079, 0.2415 -0.0005 0.0157, 0.2363 0.0205 0.0079, 0.2363 0.0205 0.0157, 0.2282 0.0357 0.0079, 0.2282 0.0357 0.0157, 0.2163 0.0489 0.0079, 0.2163 0.0489 0.0157, 0.2026 0.058 0.0079, 0.2026 0.058 0.0157, 0.1879 0.0633 0.0079, 0.1879 0.0633 0.0157, 0.173 -0.093 0.0157, 0.173 -0.093 0.0079, 0.1913 -0.0909 0.0079, 0.1913 -0.0909 0.0157, 0.2057 -0.0856 0.0079, 0.2057 -0.0856 0.0157, 0.2177 -0.0775 0.0079, 0.2177 -0.0775 0.0157, 0.227 -0.0677 0.0079, 0.227 -0.0677 0.0157, 0.2351 -0.0541 0.0079, 0.2351 -0.0541 0.0157, 0.2405 -0.0372 0.0079, 0.2405 -0.0372 0.0157, 0.126 -0.0823 0.0079, 0.126 -0.0823 0.0157, 0.1468 -0.0901 0.0079, 0.1468 -0.0901 0.0157, 0.2857 -0.0906 0.0157, 0.2857 -0.1122 0.0157, 0.2857 -0.0906 0.0079, 0.2857 -0.1122 0.0079, 0.3865 -0.1122 0.0157, 0.3865 -0.1122 0.0079, 0.3865 0.0847 0.0157, 0.3865 0.0847 0.0079, 0.3601 0.0847 0.0157, 0.3601 0.0847 0.0079, 0.3601 -0.0906 0.0157, 0.3601 -0.0906 0.0079
            ]
        }
        coordIndex [
            0,1,2,-1,2,1,3,-1,1,4,3,-1,3,4,5,-1,4,6,5,-1,5,6,7,-1,6,8,7,-1,7,8,9,-1,8,10,9,-1,9,10,11,-1,10,12,11,-1,11,12,13,-1,12,14,13,-1,13,14,15,-1,14,0,15,-1,15,0,2,-1,16,8,17,-1,17,8,6,-1,18,14,16,-1,16,14,12,-1,16,12,8,-1,8,12,10,-1,18,19,14,-1,14,19,20,-1,14,20,0,-1,0,20,21,-1,0,21,22,-1,22,23,0,-1,0,23,17,-1,0,17,1,-1,1,17,6,-1,1,6,4,-1,16,17,24,-1,24,17,25,-1,18,16,26,-1,26,16,24,-1,18,26,27,-1,18,27,19,-1,19,27,28,-1,19,28,20,-1,21,20,29,-1,29,20,28,-1,21,29,30,-1,21,30,22,-1,22,30,31,-1,22,31,23,-1,17,23,25,-1,25,23,31,-1,32,33,34,-1,34,33,35,-1,33,36,35,-1,35,36,37,-1,36,38,37,-1,37,38,39,-1,40,41,42,-1,40,42,43,-1,43,42,44,-1,43,44,45,-1,45,44,46,-1,45,46,47,-1,47,46,48,-1,47,48,49,-1,49,48,50,-1,49,50,51,-1,51,50,52,-1,51,52,53,-1,53,52,54,-1,53,54,55,-1,55,54,39,-1,55,39,38,-1,32,34,56,-1,32,56,57,-1,57,56,58,-1,57,58,59,-1,59,58,60,-1,59,60,61,-1,61,60,62,-1,61,62,63,-1,63,62,64,-1,63,64,65,-1,65,64,66,-1,65,66,67,-1,67,66,41,-1,67,41,40,-1,45,47,68,-1,68,47,49,-1,68,49,69,-1,69,49,51,-1,69,51,70,-1,70,51,53,-1,70,53,71,-1,71,53,55,-1,71,55,72,-1,72,55,38,-1,72,38,73,-1,73,38,36,-1,73,36,74,-1,74,36,33,-1,74,33,75,-1,75,33,32,-1,75,32,76,-1,76,32,57,-1,76,57,77,-1,77,57,59,-1,77,59,78,-1,78,59,61,-1,78,61,79,-1,79,61,63,-1,79,63,80,-1,80,63,65,-1,80,65,81,-1,81,65,67,-1,81,67,82,-1,82,67,40,-1,82,40,83,-1,83,40,43,-1,83,43,84,-1,84,43,45,-1,84,45,68,-1,72,73,85,-1,85,73,86,-1,72,85,87,-1,72,87,71,-1,71,87,88,-1,71,88,70,-1,70,88,89,-1,70,89,69,-1,69,89,90,-1,69,90,68,-1,68,90,91,-1,68,91,84,-1,84,91,92,-1,84,92,83,-1,83,92,93,-1,83,93,82,-1,82,93,94,-1,82,94,81,-1,81,94,95,-1,81,95,80,-1,80,95,96,-1,80,96,79,-1,79,96,97,-1,79,97,78,-1,78,97,98,-1,78,98,77,-1,77,98,99,-1,77,99,76,-1,76,99,100,-1,76,100,75,-1,74,75,101,-1,101,75,100,-1,73,74,86,-1,86,74,101,-1,102,103,104,-1,104,103,105,-1,103,106,105,-1,105,106,107,-1,106,108,107,-1,107,108,109,-1,108,110,109,-1,109,110,111,-1,110,112,111,-1,111,112,113,-1,112,114,113,-1,113,114,115,-1,114,116,115,-1,115,116,117,-1,116,118,117,-1,117,118,119,-1,118,120,119,-1,119,120,121,-1,120,122,121,-1,121,122,123,-1,122,124,123,-1,123,124,125,-1,124,102,125,-1,125,102,104,-1,106,103,102,-1,102,124,106,-1,106,124,122,-1,106,122,108,-1,112,110,114,-1,114,110,108,-1,114,108,116,-1,116,108,122,-1,116,122,118,-1,118,122,120,-1,126,127,128,-1,128,127,129,-1,129,127,130,-1,131,132,133,-1,131,133,134,-1,134,133,135,-1,134,135,130,-1,130,135,136,-1,130,136,129,-1,137,138,139,-1,137,139,140,-1,140,139,141,-1,140,141,142,-1,142,141,143,-1,142,143,144,-1,144,143,145,-1,144,145,146,-1,146,145,147,-1,146,147,148,-1,148,147,149,-1,148,149,150,-1,150,149,131,-1,131,149,151,-1,131,151,132,-1,152,153,154,-1,152,154,155,-1,155,154,156,-1,155,156,157,-1,157,156,158,-1,157,158,159,-1,159,158,160,-1,159,160,161,-1,161,160,162,-1,161,162,163,-1,163,162,164,-1,163,164,165,-1,165,164,138,-1,165,138,137,-1,166,167,168,-1,166,168,169,-1,169,168,153,-1,169,153,152,-1,166,170,167,-1,167,170,171,-1,172,173,174,-1,172,174,175,-1,175,174,171,-1,175,171,170,-1,176,177,178,-1,176,178,179,-1,179,178,180,-1,179,180,181,-1,181,180,182,-1,181,182,183,-1,183,182,184,-1,183,184,185,-1,185,184,186,-1,185,186,187,-1,187,186,188,-1,187,188,189,-1,189,188,173,-1,189,173,172,-1,190,191,192,-1,190,192,193,-1,193,192,194,-1,193,194,195,-1,195,194,196,-1,195,196,197,-1,197,196,198,-1,197,198,199,-1,199,198,200,-1,199,200,201,-1,201,200,202,-1,201,202,203,-1,203,202,177,-1,203,177,176,-1,126,128,204,-1,126,204,205,-1,205,204,206,-1,205,206,207,-1,207,206,191,-1,207,191,190,-1,193,131,190,-1,190,131,134,-1,190,134,207,-1,207,134,130,-1,207,130,205,-1,205,130,127,-1,205,127,126,-1,170,166,175,-1,175,166,169,-1,175,169,172,-1,172,169,152,-1,172,152,189,-1,189,152,155,-1,189,155,187,-1,187,155,157,-1,187,157,185,-1,185,157,159,-1,185,159,183,-1,183,159,161,-1,183,161,181,-1,181,161,163,-1,181,163,179,-1,179,163,165,-1,179,165,176,-1,176,165,137,-1,176,137,203,-1,203,137,140,-1,203,140,201,-1,201,140,142,-1,201,142,199,-1,199,142,144,-1,199,144,197,-1,197,144,146,-1,197,146,195,-1,195,146,148,-1,195,148,193,-1,193,148,150,-1,193,150,131,-1,208,209,210,-1,210,209,211,-1,209,212,211,-1,211,212,213,-1,212,214,213,-1,213,214,215,-1,214,216,215,-1,215,216,217,-1,216,218,217,-1,217,218,219,-1,218,208,219,-1,219,208,210,-1,216,214,218,-1,218,214,212,-1,218,212,208,-1,208,212,209,-1,
        ]
    }
}
Shape{
    appearance Appearance {
        material  Material 	{
            diffuseColor 0.20784313725490197 0.20784313725490197 0.20784313725490197
            specularColor 0.01568627450980392 0.01568627450980392 0.01568627450980392
            ambientIntensity 0.298
            transparency 0.0
            shininess 0.5
        }
    }
    geometry IndexedFaceSet {
        ccw TRUE
        solid FALSE
        coord DEF co Coordinate {
            point [
                -0.2871 -0.0353 0.0079, -0.3529 -0.0353 0.0079, -0.3165 0.0469 0.0079, -0.3233 0.0469 0.0079, -0.3184 0.0537 0.0079, -0.3215 0.0537 0.0079, -0.3196 0.0607 0.0079, -0.3203 0.0607 0.0079, -0.0864 0.0631 0.0079, -0.0864 -0.0906 0.0079, -0.1155 0.0631 0.0079, -0.1144 -0.0906 0.0079, -0.1351 -0.0886 0.0079, -0.192 -0.0118 0.0079, -0.1904 0.0078 0.0079, -0.1858 0.0233 0.0079, -0.1388 0.0606 0.0079, -0.1517 -0.0835 0.0079, -0.1651 -0.0755 0.0079, -0.1762 -0.0646 0.0079, -0.1845 -0.051 0.0079, -0.1902 -0.0325 0.0079, -0.1789 0.0355 0.0079, -0.1694 0.0456 0.0079, -0.155 0.0549 0.0079
            ]
        }
        coordIndex [
            0,1,2,-1,2,1,3,-1,2,3,4,-1,4,3,5,-1,4,5,6,-1,6,5,7,-1,8,9,10,-1,10,9,11,-1,10,11,12,-1,13,14,10,-1,10,14,15,-1,10,15,16,-1,12,17,10,-1,10,17,18,-1,10,18,19,-1,19,20,10,-1,10,20,21,-1,10,21,13,-1,22,23,15,-1,15,23,24,-1,15,24,16,-1,
        ]
    }
}