ISO-10303-21;
HEADER;
FILE_DESCRIPTION(('KiCad electronic assembly'),'2;1');
FILE_NAME('FLEX-MIPI.step','2026-09-10T20:48:37',('Pcbnew'),('Kicad'),
  'Open CASCADE STEP processor 7.9','KiCad to STEP converter','Unknown'
  );
FILE_SCHEMA(('AUTOMOTIVE_DESIGN { 1 0 10303 214 1 1 1 1 }'));
ENDSEC;
DATA;
#1 = APPLICATION_PROTOCOL_DEFINITION('international standard',
  'automotive_design',2000,#2);
#2 = APPLICATION_CONTEXT(
  'core data for automotive mechanical design processes');
#3 = SHAPE_DEFINITION_REPRESENTATION(#4,#10);
#4 = PRODUCT_DEFINITION_SHAPE('','',#5);
#5 = PRODUCT_DEFINITION('design','',#6,#9);
#6 = PRODUCT_DEFINITION_FORMATION('','',#7);
#7 = PRODUCT('FLEX-MIPI 1','FLEX-MIPI 1','',(#8));
#8 = PRODUCT_CONTEXT('',#2,'mechanical');
#9 = PRODUCT_DEFINITION_CONTEXT('part definition',#2,'design');
#10 = SHAPE_REPRESENTATION('',(#11,#15,#19,#23,#27,#31,#35,#39,#43,#47),
  #51);
#11 = AXIS2_PLACEMENT_3D('',#12,#13,#14);
#12 = CARTESIAN_POINT('',(0.,0.,0.));
#13 = DIRECTION('',(0.,0.,1.));
#14 = DIRECTION('',(1.,0.,-0.));
#15 = AXIS2_PLACEMENT_3D('',#16,#17,#18);
#16 = CARTESIAN_POINT('',(93.7565,-60.7028,1.595));
#17 = DIRECTION('',(0.,0.,1.));
#18 = DIRECTION('',(1.,0.,0.));
#19 = AXIS2_PLACEMENT_3D('',#20,#21,#22);
#20 = CARTESIAN_POINT('',(93.689,-53.1028,1.595));
#21 = DIRECTION('',(-0.,0.,1.));
#22 = DIRECTION('',(1.110223024625E-16,-1.,0.));
#23 = AXIS2_PLACEMENT_3D('',#24,#25,#26);
#24 = CARTESIAN_POINT('',(93.7715,-58.2528,1.595));
#25 = DIRECTION('',(0.,0.,1.));
#26 = DIRECTION('',(-1.,1.224646799147E-16,0.));
#27 = AXIS2_PLACEMENT_3D('',#28,#29,#30);
#28 = CARTESIAN_POINT('',(97.31,-56.58,1.595));
#29 = DIRECTION('',(0.,-0.,1.));
#30 = DIRECTION('',(1.110223024625E-16,1.,0.));
#31 = AXIS2_PLACEMENT_3D('',#32,#33,#34);
#32 = CARTESIAN_POINT('',(93.7715,-57.5028,1.595));
#33 = DIRECTION('',(0.,0.,1.));
#34 = DIRECTION('',(-1.,1.224646799147E-16,0.));
#35 = AXIS2_PLACEMENT_3D('',#36,#37,#38);
#36 = CARTESIAN_POINT('',(94.3144,-55.9089,1.595));
#37 = DIRECTION('',(0.,-0.,1.));
#38 = DIRECTION('',(1.110223024625E-16,1.,0.));
#39 = AXIS2_PLACEMENT_3D('',#40,#41,#42);
#40 = CARTESIAN_POINT('',(93.589,-55.9203,1.595));
#41 = DIRECTION('',(-0.,0.,1.));
#42 = DIRECTION('',(1.110223024625E-16,-1.,0.));
#43 = AXIS2_PLACEMENT_3D('',#44,#45,#46);
#44 = CARTESIAN_POINT('',(93.7565,-60.0028,1.595));
#45 = DIRECTION('',(0.,0.,1.));
#46 = DIRECTION('',(1.,0.,0.));
#47 = AXIS2_PLACEMENT_3D('',#48,#49,#50);
#48 = CARTESIAN_POINT('',(0.,0.,0.));
#49 = DIRECTION('',(0.,0.,1.));
#50 = DIRECTION('',(1.,0.,-0.));
#51 = ( GEOMETRIC_REPRESENTATION_CONTEXT(3) 
GLOBAL_UNCERTAINTY_ASSIGNED_CONTEXT((#55)) GLOBAL_UNIT_ASSIGNED_CONTEXT(
(#52,#53,#54)) REPRESENTATION_CONTEXT('Context #1',
  '3D Context with UNIT and UNCERTAINTY') );
#52 = ( LENGTH_UNIT() NAMED_UNIT(*) SI_UNIT(.MILLI.,.METRE.) );
#53 = ( NAMED_UNIT(*) PLANE_ANGLE_UNIT() SI_UNIT($,.RADIAN.) );
#54 = ( NAMED_UNIT(*) SI_UNIT($,.STERADIAN.) SOLID_ANGLE_UNIT() );
#55 = UNCERTAINTY_MEASURE_WITH_UNIT(LENGTH_MEASURE(1.E-07),#52,
  'distance_accuracy_value','confusion accuracy');
#56 = PRODUCT_RELATED_PRODUCT_CATEGORY('part',$,(#7));
#57 = SHAPE_DEFINITION_REPRESENTATION(#58,#64);
#58 = PRODUCT_DEFINITION_SHAPE('','',#59);
#59 = PRODUCT_DEFINITION('design','',#60,#63);
#60 = PRODUCT_DEFINITION_FORMATION('','',#61);
#61 = PRODUCT('R_0201_0603Metric','R_0201_0603Metric','',(#62));
#62 = PRODUCT_CONTEXT('',#2,'mechanical');
#63 = PRODUCT_DEFINITION_CONTEXT('part definition',#2,'design');
#64 = SHAPE_REPRESENTATION('',(#11,#65),#69);
#65 = AXIS2_PLACEMENT_3D('',#66,#67,#68);
#66 = CARTESIAN_POINT('',(0.,0.,0.));
#67 = DIRECTION('',(0.,0.,1.));
#68 = DIRECTION('',(1.,0.,-0.));
#69 = ( GEOMETRIC_REPRESENTATION_CONTEXT(3) 
GLOBAL_UNCERTAINTY_ASSIGNED_CONTEXT((#73)) GLOBAL_UNIT_ASSIGNED_CONTEXT(
(#70,#71,#72)) REPRESENTATION_CONTEXT('Context #1',
  '3D Context with UNIT and UNCERTAINTY') );
#70 = ( LENGTH_UNIT() NAMED_UNIT(*) SI_UNIT(.MILLI.,.METRE.) );
#71 = ( NAMED_UNIT(*) PLANE_ANGLE_UNIT() SI_UNIT($,.RADIAN.) );
#72 = ( NAMED_UNIT(*) SI_UNIT($,.STERADIAN.) SOLID_ANGLE_UNIT() );
#73 = UNCERTAINTY_MEASURE_WITH_UNIT(LENGTH_MEASURE(1.E-07),#70,
  'distance_accuracy_value','confusion accuracy');
#74 = CONTEXT_DEPENDENT_SHAPE_REPRESENTATION(#75,#77);
#75 = ( REPRESENTATION_RELATIONSHIP('','',#64,#10) 
REPRESENTATION_RELATIONSHIP_WITH_TRANSFORMATION(#76) 
SHAPE_REPRESENTATION_RELATIONSHIP() );
#76 = ITEM_DEFINED_TRANSFORMATION('','',#11,#15);
#77 = PRODUCT_DEFINITION_SHAPE('Placement','Placement of an item',#78);
#78 = NEXT_ASSEMBLY_USAGE_OCCURRENCE('2','R1','',#5,#59,$);
#79 = PRODUCT_RELATED_PRODUCT_CATEGORY('part',$,(#61));
#80 = SHAPE_DEFINITION_REPRESENTATION(#81,#87);
#81 = PRODUCT_DEFINITION_SHAPE('','',#82);
#82 = PRODUCT_DEFINITION('design','',#83,#86);
#83 = PRODUCT_DEFINITION_FORMATION('','',#84);
#84 = PRODUCT('R_0201_0603Metric','R_0201_0603Metric','',(#85));
#85 = PRODUCT_CONTEXT('',#2,'mechanical');
#86 = PRODUCT_DEFINITION_CONTEXT('part definition',#2,'design');
#87 = ADVANCED_BREP_SHAPE_REPRESENTATION('',(#11,#88),#878);
#88 = MANIFOLD_SOLID_BREP('',#89);
#89 = CLOSED_SHELL('',(#90,#130,#213,#238,#263,#330,#347,#364,#413,#430,
    #447,#496,#513,#582,#613,#637,#706,#730,#747,#764,#781,#798,#815,
    #832,#849,#866));
#90 = ADVANCED_FACE('',(#91),#125,.F.);
#91 = FACE_BOUND('',#92,.F.);
#92 = EDGE_LOOP('',(#93,#103,#111,#119));
#93 = ORIENTED_EDGE('',*,*,#94,.F.);
#94 = EDGE_CURVE('',#95,#97,#99,.T.);
#95 = VERTEX_POINT('',#96);
#96 = CARTESIAN_POINT('',(-0.3,-0.15,2.3E-02));
#97 = VERTEX_POINT('',#98);
#98 = CARTESIAN_POINT('',(-0.3,-0.15,0.207));
#99 = LINE('',#100,#101);
#100 = CARTESIAN_POINT('',(-0.3,-0.15,0.));
#101 = VECTOR('',#102,1.);
#102 = DIRECTION('',(0.,0.,1.));
#103 = ORIENTED_EDGE('',*,*,#104,.T.);
#104 = EDGE_CURVE('',#95,#105,#107,.T.);
#105 = VERTEX_POINT('',#106);
#106 = CARTESIAN_POINT('',(-0.3,0.15,2.3E-02));
#107 = LINE('',#108,#109);
#108 = CARTESIAN_POINT('',(-0.3,-0.15,2.3E-02));
#109 = VECTOR('',#110,1.);
#110 = DIRECTION('',(0.,1.,0.));
#111 = ORIENTED_EDGE('',*,*,#112,.T.);
#112 = EDGE_CURVE('',#105,#113,#115,.T.);
#113 = VERTEX_POINT('',#114);
#114 = CARTESIAN_POINT('',(-0.3,0.15,0.207));
#115 = LINE('',#116,#117);
#116 = CARTESIAN_POINT('',(-0.3,0.15,0.));
#117 = VECTOR('',#118,1.);
#118 = DIRECTION('',(0.,0.,1.));
#119 = ORIENTED_EDGE('',*,*,#120,.F.);
#120 = EDGE_CURVE('',#97,#113,#121,.T.);
#121 = LINE('',#122,#123);
#122 = CARTESIAN_POINT('',(-0.3,-0.15,0.207));
#123 = VECTOR('',#124,1.);
#124 = DIRECTION('',(0.,1.,0.));
#125 = PLANE('',#126);
#126 = AXIS2_PLACEMENT_3D('',#127,#128,#129);
#127 = CARTESIAN_POINT('',(-0.3,-0.15,0.));
#128 = DIRECTION('',(1.,0.,0.));
#129 = DIRECTION('',(0.,0.,1.));
#130 = ADVANCED_FACE('',(#131),#208,.F.);
#131 = FACE_BOUND('',#132,.F.);
#132 = EDGE_LOOP('',(#133,#143,#150,#151,#160,#168,#177,#185,#193,#201)
  );
#133 = ORIENTED_EDGE('',*,*,#134,.F.);
#134 = EDGE_CURVE('',#135,#137,#139,.T.);
#135 = VERTEX_POINT('',#136);
#136 = CARTESIAN_POINT('',(-0.277,-0.15,-1.387778780781E-17));
#137 = VERTEX_POINT('',#138);
#138 = CARTESIAN_POINT('',(-0.223,-0.15,-1.387778780781E-17));
#139 = LINE('',#140,#141);
#140 = CARTESIAN_POINT('',(-0.3,-0.15,0.));
#141 = VECTOR('',#142,1.);
#142 = DIRECTION('',(1.,0.,0.));
#143 = ORIENTED_EDGE('',*,*,#144,.F.);
#144 = EDGE_CURVE('',#95,#135,#145,.T.);
#145 = CIRCLE('',#146,2.3E-02);
#146 = AXIS2_PLACEMENT_3D('',#147,#148,#149);
#147 = CARTESIAN_POINT('',(-0.277,-0.15,2.3E-02));
#148 = DIRECTION('',(0.,-1.,0.));
#149 = DIRECTION('',(0.,0.,1.));
#150 = ORIENTED_EDGE('',*,*,#94,.T.);
#151 = ORIENTED_EDGE('',*,*,#152,.T.);
#152 = EDGE_CURVE('',#97,#153,#155,.T.);
#153 = VERTEX_POINT('',#154);
#154 = CARTESIAN_POINT('',(-0.277,-0.15,0.23));
#155 = CIRCLE('',#156,2.3E-02);
#156 = AXIS2_PLACEMENT_3D('',#157,#158,#159);
#157 = CARTESIAN_POINT('',(-0.277,-0.15,0.207));
#158 = DIRECTION('',(0.,1.,0.));
#159 = DIRECTION('',(0.,-0.,1.));
#160 = ORIENTED_EDGE('',*,*,#161,.T.);
#161 = EDGE_CURVE('',#153,#162,#164,.T.);
#162 = VERTEX_POINT('',#163);
#163 = CARTESIAN_POINT('',(-0.223,-0.15,0.23));
#164 = LINE('',#165,#166);
#165 = CARTESIAN_POINT('',(-0.3,-0.15,0.23));
#166 = VECTOR('',#167,1.);
#167 = DIRECTION('',(1.,0.,0.));
#168 = ORIENTED_EDGE('',*,*,#169,.F.);
#169 = EDGE_CURVE('',#170,#162,#172,.T.);
#170 = VERTEX_POINT('',#171);
#171 = CARTESIAN_POINT('',(-0.2,-0.15,0.207));
#172 = CIRCLE('',#173,2.3E-02);
#173 = AXIS2_PLACEMENT_3D('',#174,#175,#176);
#174 = CARTESIAN_POINT('',(-0.223,-0.15,0.207));
#175 = DIRECTION('',(0.,-1.,0.));
#176 = DIRECTION('',(0.,0.,1.));
#177 = ORIENTED_EDGE('',*,*,#178,.F.);
#178 = EDGE_CURVE('',#179,#170,#181,.T.);
#179 = VERTEX_POINT('',#180);
#180 = CARTESIAN_POINT('',(-0.277,-0.15,0.207));
#181 = LINE('',#182,#183);
#182 = CARTESIAN_POINT('',(-0.277,-0.15,0.207));
#183 = VECTOR('',#184,1.);
#184 = DIRECTION('',(1.,0.,0.));
#185 = ORIENTED_EDGE('',*,*,#186,.F.);
#186 = EDGE_CURVE('',#187,#179,#189,.T.);
#187 = VERTEX_POINT('',#188);
#188 = CARTESIAN_POINT('',(-0.277,-0.15,2.3E-02));
#189 = LINE('',#190,#191);
#190 = CARTESIAN_POINT('',(-0.277,-0.15,2.3E-02));
#191 = VECTOR('',#192,1.);
#192 = DIRECTION('',(0.,0.,1.));
#193 = ORIENTED_EDGE('',*,*,#194,.T.);
#194 = EDGE_CURVE('',#187,#195,#197,.T.);
#195 = VERTEX_POINT('',#196);
#196 = CARTESIAN_POINT('',(-0.2,-0.15,2.3E-02));
#197 = LINE('',#198,#199);
#198 = CARTESIAN_POINT('',(-0.277,-0.15,2.3E-02));
#199 = VECTOR('',#200,1.);
#200 = DIRECTION('',(1.,0.,0.));
#201 = ORIENTED_EDGE('',*,*,#202,.T.);
#202 = EDGE_CURVE('',#195,#137,#203,.T.);
#203 = CIRCLE('',#204,2.3E-02);
#204 = AXIS2_PLACEMENT_3D('',#205,#206,#207);
#205 = CARTESIAN_POINT('',(-0.223,-0.15,2.3E-02));
#206 = DIRECTION('',(0.,1.,0.));
#207 = DIRECTION('',(0.,-0.,1.));
#208 = PLANE('',#209);
#209 = AXIS2_PLACEMENT_3D('',#210,#211,#212);
#210 = CARTESIAN_POINT('',(-0.3,-0.15,0.));
#211 = DIRECTION('',(0.,1.,0.));
#212 = DIRECTION('',(0.,-0.,1.));
#213 = ADVANCED_FACE('',(#214),#233,.T.);
#214 = FACE_BOUND('',#215,.T.);
#215 = EDGE_LOOP('',(#216,#217,#226,#232));
#216 = ORIENTED_EDGE('',*,*,#104,.T.);
#217 = ORIENTED_EDGE('',*,*,#218,.T.);
#218 = EDGE_CURVE('',#105,#219,#221,.T.);
#219 = VERTEX_POINT('',#220);
#220 = CARTESIAN_POINT('',(-0.277,0.15,-1.387778780781E-17));
#221 = CIRCLE('',#222,2.3E-02);
#222 = AXIS2_PLACEMENT_3D('',#223,#224,#225);
#223 = CARTESIAN_POINT('',(-0.277,0.15,2.3E-02));
#224 = DIRECTION('',(0.,-1.,0.));
#225 = DIRECTION('',(0.,0.,1.));
#226 = ORIENTED_EDGE('',*,*,#227,.F.);
#227 = EDGE_CURVE('',#135,#219,#228,.T.);
#228 = LINE('',#229,#230);
#229 = CARTESIAN_POINT('',(-0.277,-0.15,-1.387778780781E-17));
#230 = VECTOR('',#231,1.);
#231 = DIRECTION('',(0.,1.,0.));
#232 = ORIENTED_EDGE('',*,*,#144,.F.);
#233 = CYLINDRICAL_SURFACE('',#234,2.3E-02);
#234 = AXIS2_PLACEMENT_3D('',#235,#236,#237);
#235 = CARTESIAN_POINT('',(-0.277,-0.15,2.3E-02));
#236 = DIRECTION('',(0.,1.,0.));
#237 = DIRECTION('',(-1.,0.,0.));
#238 = ADVANCED_FACE('',(#239),#258,.T.);
#239 = FACE_BOUND('',#240,.T.);
#240 = EDGE_LOOP('',(#241,#242,#250,#257));
#241 = ORIENTED_EDGE('',*,*,#152,.T.);
#242 = ORIENTED_EDGE('',*,*,#243,.T.);
#243 = EDGE_CURVE('',#153,#244,#246,.T.);
#244 = VERTEX_POINT('',#245);
#245 = CARTESIAN_POINT('',(-0.277,0.15,0.23));
#246 = LINE('',#247,#248);
#247 = CARTESIAN_POINT('',(-0.277,-0.15,0.23));
#248 = VECTOR('',#249,1.);
#249 = DIRECTION('',(0.,1.,0.));
#250 = ORIENTED_EDGE('',*,*,#251,.F.);
#251 = EDGE_CURVE('',#113,#244,#252,.T.);
#252 = CIRCLE('',#253,2.3E-02);
#253 = AXIS2_PLACEMENT_3D('',#254,#255,#256);
#254 = CARTESIAN_POINT('',(-0.277,0.15,0.207));
#255 = DIRECTION('',(0.,1.,0.));
#256 = DIRECTION('',(0.,-0.,1.));
#257 = ORIENTED_EDGE('',*,*,#120,.F.);
#258 = CYLINDRICAL_SURFACE('',#259,2.3E-02);
#259 = AXIS2_PLACEMENT_3D('',#260,#261,#262);
#260 = CARTESIAN_POINT('',(-0.277,-0.15,0.207));
#261 = DIRECTION('',(0.,1.,0.));
#262 = DIRECTION('',(-1.,0.,0.));
#263 = ADVANCED_FACE('',(#264),#325,.T.);
#264 = FACE_BOUND('',#265,.T.);
#265 = EDGE_LOOP('',(#266,#274,#275,#276,#277,#285,#294,#302,#310,#318)
  );
#266 = ORIENTED_EDGE('',*,*,#267,.F.);
#267 = EDGE_CURVE('',#219,#268,#270,.T.);
#268 = VERTEX_POINT('',#269);
#269 = CARTESIAN_POINT('',(-0.223,0.15,-1.387778780781E-17));
#270 = LINE('',#271,#272);
#271 = CARTESIAN_POINT('',(-0.3,0.15,0.));
#272 = VECTOR('',#273,1.);
#273 = DIRECTION('',(1.,0.,0.));
#274 = ORIENTED_EDGE('',*,*,#218,.F.);
#275 = ORIENTED_EDGE('',*,*,#112,.T.);
#276 = ORIENTED_EDGE('',*,*,#251,.T.);
#277 = ORIENTED_EDGE('',*,*,#278,.T.);
#278 = EDGE_CURVE('',#244,#279,#281,.T.);
#279 = VERTEX_POINT('',#280);
#280 = CARTESIAN_POINT('',(-0.223,0.15,0.23));
#281 = LINE('',#282,#283);
#282 = CARTESIAN_POINT('',(-0.3,0.15,0.23));
#283 = VECTOR('',#284,1.);
#284 = DIRECTION('',(1.,0.,0.));
#285 = ORIENTED_EDGE('',*,*,#286,.F.);
#286 = EDGE_CURVE('',#287,#279,#289,.T.);
#287 = VERTEX_POINT('',#288);
#288 = CARTESIAN_POINT('',(-0.2,0.15,0.207));
#289 = CIRCLE('',#290,2.3E-02);
#290 = AXIS2_PLACEMENT_3D('',#291,#292,#293);
#291 = CARTESIAN_POINT('',(-0.223,0.15,0.207));
#292 = DIRECTION('',(0.,-1.,0.));
#293 = DIRECTION('',(0.,0.,1.));
#294 = ORIENTED_EDGE('',*,*,#295,.F.);
#295 = EDGE_CURVE('',#296,#287,#298,.T.);
#296 = VERTEX_POINT('',#297);
#297 = CARTESIAN_POINT('',(-0.277,0.15,0.207));
#298 = LINE('',#299,#300);
#299 = CARTESIAN_POINT('',(-0.277,0.15,0.207));
#300 = VECTOR('',#301,1.);
#301 = DIRECTION('',(1.,0.,0.));
#302 = ORIENTED_EDGE('',*,*,#303,.F.);
#303 = EDGE_CURVE('',#304,#296,#306,.T.);
#304 = VERTEX_POINT('',#305);
#305 = CARTESIAN_POINT('',(-0.277,0.15,2.3E-02));
#306 = LINE('',#307,#308);
#307 = CARTESIAN_POINT('',(-0.277,0.15,2.3E-02));
#308 = VECTOR('',#309,1.);
#309 = DIRECTION('',(0.,0.,1.));
#310 = ORIENTED_EDGE('',*,*,#311,.T.);
#311 = EDGE_CURVE('',#304,#312,#314,.T.);
#312 = VERTEX_POINT('',#313);
#313 = CARTESIAN_POINT('',(-0.2,0.15,2.3E-02));
#314 = LINE('',#315,#316);
#315 = CARTESIAN_POINT('',(-0.277,0.15,2.3E-02));
#316 = VECTOR('',#317,1.);
#317 = DIRECTION('',(1.,0.,0.));
#318 = ORIENTED_EDGE('',*,*,#319,.T.);
#319 = EDGE_CURVE('',#312,#268,#320,.T.);
#320 = CIRCLE('',#321,2.3E-02);
#321 = AXIS2_PLACEMENT_3D('',#322,#323,#324);
#322 = CARTESIAN_POINT('',(-0.223,0.15,2.3E-02));
#323 = DIRECTION('',(0.,1.,0.));
#324 = DIRECTION('',(0.,-0.,1.));
#325 = PLANE('',#326);
#326 = AXIS2_PLACEMENT_3D('',#327,#328,#329);
#327 = CARTESIAN_POINT('',(-0.3,0.15,0.));
#328 = DIRECTION('',(0.,1.,0.));
#329 = DIRECTION('',(0.,-0.,1.));
#330 = ADVANCED_FACE('',(#331),#342,.F.);
#331 = FACE_BOUND('',#332,.F.);
#332 = EDGE_LOOP('',(#333,#334,#335,#336));
#333 = ORIENTED_EDGE('',*,*,#267,.F.);
#334 = ORIENTED_EDGE('',*,*,#227,.F.);
#335 = ORIENTED_EDGE('',*,*,#134,.T.);
#336 = ORIENTED_EDGE('',*,*,#337,.T.);
#337 = EDGE_CURVE('',#137,#268,#338,.T.);
#338 = LINE('',#339,#340);
#339 = CARTESIAN_POINT('',(-0.223,-0.15,-1.387778780781E-17));
#340 = VECTOR('',#341,1.);
#341 = DIRECTION('',(0.,1.,0.));
#342 = PLANE('',#343);
#343 = AXIS2_PLACEMENT_3D('',#344,#345,#346);
#344 = CARTESIAN_POINT('',(-0.3,-0.15,0.));
#345 = DIRECTION('',(0.,0.,1.));
#346 = DIRECTION('',(1.,0.,-0.));
#347 = ADVANCED_FACE('',(#348),#359,.T.);
#348 = FACE_BOUND('',#349,.T.);
#349 = EDGE_LOOP('',(#350,#351,#352,#353));
#350 = ORIENTED_EDGE('',*,*,#202,.T.);
#351 = ORIENTED_EDGE('',*,*,#337,.T.);
#352 = ORIENTED_EDGE('',*,*,#319,.F.);
#353 = ORIENTED_EDGE('',*,*,#354,.F.);
#354 = EDGE_CURVE('',#195,#312,#355,.T.);
#355 = LINE('',#356,#357);
#356 = CARTESIAN_POINT('',(-0.2,-0.15,2.3E-02));
#357 = VECTOR('',#358,1.);
#358 = DIRECTION('',(0.,1.,0.));
#359 = CYLINDRICAL_SURFACE('',#360,2.3E-02);
#360 = AXIS2_PLACEMENT_3D('',#361,#362,#363);
#361 = CARTESIAN_POINT('',(-0.223,-0.15,2.3E-02));
#362 = DIRECTION('',(0.,1.,0.));
#363 = DIRECTION('',(1.,0.,0.));
#364 = ADVANCED_FACE('',(#365),#408,.F.);
#365 = FACE_BOUND('',#366,.F.);
#366 = EDGE_LOOP('',(#367,#368,#369,#370,#378,#386,#394,#402));
#367 = ORIENTED_EDGE('',*,*,#194,.F.);
#368 = ORIENTED_EDGE('',*,*,#186,.T.);
#369 = ORIENTED_EDGE('',*,*,#178,.T.);
#370 = ORIENTED_EDGE('',*,*,#371,.T.);
#371 = EDGE_CURVE('',#170,#372,#374,.T.);
#372 = VERTEX_POINT('',#373);
#373 = CARTESIAN_POINT('',(0.2,-0.15,0.207));
#374 = LINE('',#375,#376);
#375 = CARTESIAN_POINT('',(-0.2,-0.15,0.207));
#376 = VECTOR('',#377,1.);
#377 = DIRECTION('',(1.,0.,0.));
#378 = ORIENTED_EDGE('',*,*,#379,.T.);
#379 = EDGE_CURVE('',#372,#380,#382,.T.);
#380 = VERTEX_POINT('',#381);
#381 = CARTESIAN_POINT('',(0.277,-0.15,0.207));
#382 = LINE('',#383,#384);
#383 = CARTESIAN_POINT('',(-0.277,-0.15,0.207));
#384 = VECTOR('',#385,1.);
#385 = DIRECTION('',(1.,0.,0.));
#386 = ORIENTED_EDGE('',*,*,#387,.F.);
#387 = EDGE_CURVE('',#388,#380,#390,.T.);
#388 = VERTEX_POINT('',#389);
#389 = CARTESIAN_POINT('',(0.277,-0.15,2.3E-02));
#390 = LINE('',#391,#392);
#391 = CARTESIAN_POINT('',(0.277,-0.15,2.3E-02));
#392 = VECTOR('',#393,1.);
#393 = DIRECTION('',(0.,0.,1.));
#394 = ORIENTED_EDGE('',*,*,#395,.F.);
#395 = EDGE_CURVE('',#396,#388,#398,.T.);
#396 = VERTEX_POINT('',#397);
#397 = CARTESIAN_POINT('',(0.2,-0.15,2.3E-02));
#398 = LINE('',#399,#400);
#399 = CARTESIAN_POINT('',(-0.277,-0.15,2.3E-02));
#400 = VECTOR('',#401,1.);
#401 = DIRECTION('',(1.,0.,0.));
#402 = ORIENTED_EDGE('',*,*,#403,.F.);
#403 = EDGE_CURVE('',#195,#396,#404,.T.);
#404 = LINE('',#405,#406);
#405 = CARTESIAN_POINT('',(-0.277,-0.15,2.3E-02));
#406 = VECTOR('',#407,1.);
#407 = DIRECTION('',(1.,0.,0.));
#408 = PLANE('',#409);
#409 = AXIS2_PLACEMENT_3D('',#410,#411,#412);
#410 = CARTESIAN_POINT('',(-0.277,-0.15,2.3E-02));
#411 = DIRECTION('',(0.,1.,0.));
#412 = DIRECTION('',(0.,-0.,1.));
#413 = ADVANCED_FACE('',(#414),#425,.T.);
#414 = FACE_BOUND('',#415,.T.);
#415 = EDGE_LOOP('',(#416,#417,#418,#419));
#416 = ORIENTED_EDGE('',*,*,#278,.F.);
#417 = ORIENTED_EDGE('',*,*,#243,.F.);
#418 = ORIENTED_EDGE('',*,*,#161,.T.);
#419 = ORIENTED_EDGE('',*,*,#420,.T.);
#420 = EDGE_CURVE('',#162,#279,#421,.T.);
#421 = LINE('',#422,#423);
#422 = CARTESIAN_POINT('',(-0.223,-0.15,0.23));
#423 = VECTOR('',#424,1.);
#424 = DIRECTION('',(0.,1.,0.));
#425 = PLANE('',#426);
#426 = AXIS2_PLACEMENT_3D('',#427,#428,#429);
#427 = CARTESIAN_POINT('',(-0.3,-0.15,0.23));
#428 = DIRECTION('',(0.,0.,1.));
#429 = DIRECTION('',(1.,0.,-0.));
#430 = ADVANCED_FACE('',(#431),#442,.T.);
#431 = FACE_BOUND('',#432,.T.);
#432 = EDGE_LOOP('',(#433,#439,#440,#441));
#433 = ORIENTED_EDGE('',*,*,#434,.T.);
#434 = EDGE_CURVE('',#170,#287,#435,.T.);
#435 = LINE('',#436,#437);
#436 = CARTESIAN_POINT('',(-0.2,-0.15,0.207));
#437 = VECTOR('',#438,1.);
#438 = DIRECTION('',(0.,1.,0.));
#439 = ORIENTED_EDGE('',*,*,#286,.T.);
#440 = ORIENTED_EDGE('',*,*,#420,.F.);
#441 = ORIENTED_EDGE('',*,*,#169,.F.);
#442 = CYLINDRICAL_SURFACE('',#443,2.3E-02);
#443 = AXIS2_PLACEMENT_3D('',#444,#445,#446);
#444 = CARTESIAN_POINT('',(-0.223,-0.15,0.207));
#445 = DIRECTION('',(0.,1.,0.));
#446 = DIRECTION('',(1.,0.,0.));
#447 = ADVANCED_FACE('',(#448),#491,.T.);
#448 = FACE_BOUND('',#449,.T.);
#449 = EDGE_LOOP('',(#450,#451,#452,#453,#461,#469,#477,#485));
#450 = ORIENTED_EDGE('',*,*,#311,.F.);
#451 = ORIENTED_EDGE('',*,*,#303,.T.);
#452 = ORIENTED_EDGE('',*,*,#295,.T.);
#453 = ORIENTED_EDGE('',*,*,#454,.T.);
#454 = EDGE_CURVE('',#287,#455,#457,.T.);
#455 = VERTEX_POINT('',#456);
#456 = CARTESIAN_POINT('',(0.2,0.15,0.207));
#457 = LINE('',#458,#459);
#458 = CARTESIAN_POINT('',(-0.2,0.15,0.207));
#459 = VECTOR('',#460,1.);
#460 = DIRECTION('',(1.,0.,0.));
#461 = ORIENTED_EDGE('',*,*,#462,.T.);
#462 = EDGE_CURVE('',#455,#463,#465,.T.);
#463 = VERTEX_POINT('',#464);
#464 = CARTESIAN_POINT('',(0.277,0.15,0.207));
#465 = LINE('',#466,#467);
#466 = CARTESIAN_POINT('',(-0.277,0.15,0.207));
#467 = VECTOR('',#468,1.);
#468 = DIRECTION('',(1.,0.,0.));
#469 = ORIENTED_EDGE('',*,*,#470,.F.);
#470 = EDGE_CURVE('',#471,#463,#473,.T.);
#471 = VERTEX_POINT('',#472);
#472 = CARTESIAN_POINT('',(0.277,0.15,2.3E-02));
#473 = LINE('',#474,#475);
#474 = CARTESIAN_POINT('',(0.277,0.15,2.3E-02));
#475 = VECTOR('',#476,1.);
#476 = DIRECTION('',(0.,0.,1.));
#477 = ORIENTED_EDGE('',*,*,#478,.F.);
#478 = EDGE_CURVE('',#479,#471,#481,.T.);
#479 = VERTEX_POINT('',#480);
#480 = CARTESIAN_POINT('',(0.2,0.15,2.3E-02));
#481 = LINE('',#482,#483);
#482 = CARTESIAN_POINT('',(-0.277,0.15,2.3E-02));
#483 = VECTOR('',#484,1.);
#484 = DIRECTION('',(1.,0.,0.));
#485 = ORIENTED_EDGE('',*,*,#486,.F.);
#486 = EDGE_CURVE('',#312,#479,#487,.T.);
#487 = LINE('',#488,#489);
#488 = CARTESIAN_POINT('',(-0.277,0.15,2.3E-02));
#489 = VECTOR('',#490,1.);
#490 = DIRECTION('',(1.,0.,0.));
#491 = PLANE('',#492);
#492 = AXIS2_PLACEMENT_3D('',#493,#494,#495);
#493 = CARTESIAN_POINT('',(-0.277,0.15,2.3E-02));
#494 = DIRECTION('',(0.,1.,0.));
#495 = DIRECTION('',(0.,-0.,1.));
#496 = ADVANCED_FACE('',(#497),#508,.F.);
#497 = FACE_BOUND('',#498,.F.);
#498 = EDGE_LOOP('',(#499,#500,#501,#507));
#499 = ORIENTED_EDGE('',*,*,#354,.F.);
#500 = ORIENTED_EDGE('',*,*,#403,.T.);
#501 = ORIENTED_EDGE('',*,*,#502,.T.);
#502 = EDGE_CURVE('',#396,#479,#503,.T.);
#503 = LINE('',#504,#505);
#504 = CARTESIAN_POINT('',(0.2,-0.15,2.3E-02));
#505 = VECTOR('',#506,1.);
#506 = DIRECTION('',(0.,1.,0.));
#507 = ORIENTED_EDGE('',*,*,#486,.F.);
#508 = PLANE('',#509);
#509 = AXIS2_PLACEMENT_3D('',#510,#511,#512);
#510 = CARTESIAN_POINT('',(-0.277,-0.15,2.3E-02));
#511 = DIRECTION('',(0.,0.,1.));
#512 = DIRECTION('',(1.,0.,-0.));
#513 = ADVANCED_FACE('',(#514),#577,.F.);
#514 = FACE_BOUND('',#515,.F.);
#515 = EDGE_LOOP('',(#516,#526,#533,#534,#535,#536,#545,#553,#562,#570)
  );
#516 = ORIENTED_EDGE('',*,*,#517,.F.);
#517 = EDGE_CURVE('',#518,#520,#522,.T.);
#518 = VERTEX_POINT('',#519);
#519 = CARTESIAN_POINT('',(0.223,-0.15,-1.387778780781E-17));
#520 = VERTEX_POINT('',#521);
#521 = CARTESIAN_POINT('',(0.277,-0.15,-1.387778780781E-17));
#522 = LINE('',#523,#524);
#523 = CARTESIAN_POINT('',(0.2,-0.15,0.));
#524 = VECTOR('',#525,1.);
#525 = DIRECTION('',(1.,0.,0.));
#526 = ORIENTED_EDGE('',*,*,#527,.F.);
#527 = EDGE_CURVE('',#396,#518,#528,.T.);
#528 = CIRCLE('',#529,2.3E-02);
#529 = AXIS2_PLACEMENT_3D('',#530,#531,#532);
#530 = CARTESIAN_POINT('',(0.223,-0.15,2.3E-02));
#531 = DIRECTION('',(0.,-1.,0.));
#532 = DIRECTION('',(0.,0.,1.));
#533 = ORIENTED_EDGE('',*,*,#395,.T.);
#534 = ORIENTED_EDGE('',*,*,#387,.T.);
#535 = ORIENTED_EDGE('',*,*,#379,.F.);
#536 = ORIENTED_EDGE('',*,*,#537,.T.);
#537 = EDGE_CURVE('',#372,#538,#540,.T.);
#538 = VERTEX_POINT('',#539);
#539 = CARTESIAN_POINT('',(0.223,-0.15,0.23));
#540 = CIRCLE('',#541,2.3E-02);
#541 = AXIS2_PLACEMENT_3D('',#542,#543,#544);
#542 = CARTESIAN_POINT('',(0.223,-0.15,0.207));
#543 = DIRECTION('',(0.,1.,0.));
#544 = DIRECTION('',(0.,-0.,1.));
#545 = ORIENTED_EDGE('',*,*,#546,.T.);
#546 = EDGE_CURVE('',#538,#547,#549,.T.);
#547 = VERTEX_POINT('',#548);
#548 = CARTESIAN_POINT('',(0.277,-0.15,0.23));
#549 = LINE('',#550,#551);
#550 = CARTESIAN_POINT('',(0.2,-0.15,0.23));
#551 = VECTOR('',#552,1.);
#552 = DIRECTION('',(1.,0.,0.));
#553 = ORIENTED_EDGE('',*,*,#554,.F.);
#554 = EDGE_CURVE('',#555,#547,#557,.T.);
#555 = VERTEX_POINT('',#556);
#556 = CARTESIAN_POINT('',(0.3,-0.15,0.207));
#557 = CIRCLE('',#558,2.3E-02);
#558 = AXIS2_PLACEMENT_3D('',#559,#560,#561);
#559 = CARTESIAN_POINT('',(0.277,-0.15,0.207));
#560 = DIRECTION('',(0.,-1.,0.));
#561 = DIRECTION('',(0.,0.,1.));
#562 = ORIENTED_EDGE('',*,*,#563,.F.);
#563 = EDGE_CURVE('',#564,#555,#566,.T.);
#564 = VERTEX_POINT('',#565);
#565 = CARTESIAN_POINT('',(0.3,-0.15,2.3E-02));
#566 = LINE('',#567,#568);
#567 = CARTESIAN_POINT('',(0.3,-0.15,0.));
#568 = VECTOR('',#569,1.);
#569 = DIRECTION('',(0.,0.,1.));
#570 = ORIENTED_EDGE('',*,*,#571,.T.);
#571 = EDGE_CURVE('',#564,#520,#572,.T.);
#572 = CIRCLE('',#573,2.3E-02);
#573 = AXIS2_PLACEMENT_3D('',#574,#575,#576);
#574 = CARTESIAN_POINT('',(0.277,-0.15,2.3E-02));
#575 = DIRECTION('',(0.,1.,0.));
#576 = DIRECTION('',(0.,-0.,1.));
#577 = PLANE('',#578);
#578 = AXIS2_PLACEMENT_3D('',#579,#580,#581);
#579 = CARTESIAN_POINT('',(0.2,-0.15,0.));
#580 = DIRECTION('',(0.,1.,0.));
#581 = DIRECTION('',(0.,-0.,1.));
#582 = ADVANCED_FACE('',(#583),#608,.F.);
#583 = FACE_BOUND('',#584,.F.);
#584 = EDGE_LOOP('',(#585,#586,#594,#602));
#585 = ORIENTED_EDGE('',*,*,#371,.F.);
#586 = ORIENTED_EDGE('',*,*,#587,.T.);
#587 = EDGE_CURVE('',#170,#588,#590,.T.);
#588 = VERTEX_POINT('',#589);
#589 = CARTESIAN_POINT('',(-0.2,-0.15,0.23));
#590 = LINE('',#591,#592);
#591 = CARTESIAN_POINT('',(-0.2,-0.15,0.207));
#592 = VECTOR('',#593,1.);
#593 = DIRECTION('',(0.,0.,1.));
#594 = ORIENTED_EDGE('',*,*,#595,.T.);
#595 = EDGE_CURVE('',#588,#596,#598,.T.);
#596 = VERTEX_POINT('',#597);
#597 = CARTESIAN_POINT('',(0.2,-0.15,0.23));
#598 = LINE('',#599,#600);
#599 = CARTESIAN_POINT('',(-0.2,-0.15,0.23));
#600 = VECTOR('',#601,1.);
#601 = DIRECTION('',(1.,0.,0.));
#602 = ORIENTED_EDGE('',*,*,#603,.F.);
#603 = EDGE_CURVE('',#372,#596,#604,.T.);
#604 = LINE('',#605,#606);
#605 = CARTESIAN_POINT('',(0.2,-0.15,0.207));
#606 = VECTOR('',#607,1.);
#607 = DIRECTION('',(0.,0.,1.));
#608 = PLANE('',#609);
#609 = AXIS2_PLACEMENT_3D('',#610,#611,#612);
#610 = CARTESIAN_POINT('',(-0.2,-0.15,0.207));
#611 = DIRECTION('',(0.,1.,0.));
#612 = DIRECTION('',(0.,-0.,1.));
#613 = ADVANCED_FACE('',(#614),#632,.F.);
#614 = FACE_BOUND('',#615,.F.);
#615 = EDGE_LOOP('',(#616,#617,#618,#626));
#616 = ORIENTED_EDGE('',*,*,#587,.F.);
#617 = ORIENTED_EDGE('',*,*,#434,.T.);
#618 = ORIENTED_EDGE('',*,*,#619,.T.);
#619 = EDGE_CURVE('',#287,#620,#622,.T.);
#620 = VERTEX_POINT('',#621);
#621 = CARTESIAN_POINT('',(-0.2,0.15,0.23));
#622 = LINE('',#623,#624);
#623 = CARTESIAN_POINT('',(-0.2,0.15,0.207));
#624 = VECTOR('',#625,1.);
#625 = DIRECTION('',(0.,0.,1.));
#626 = ORIENTED_EDGE('',*,*,#627,.F.);
#627 = EDGE_CURVE('',#588,#620,#628,.T.);
#628 = LINE('',#629,#630);
#629 = CARTESIAN_POINT('',(-0.2,-0.15,0.23));
#630 = VECTOR('',#631,1.);
#631 = DIRECTION('',(0.,1.,0.));
#632 = PLANE('',#633);
#633 = AXIS2_PLACEMENT_3D('',#634,#635,#636);
#634 = CARTESIAN_POINT('',(-0.2,-0.15,0.207));
#635 = DIRECTION('',(1.,0.,0.));
#636 = DIRECTION('',(0.,0.,1.));
#637 = ADVANCED_FACE('',(#638),#701,.T.);
#638 = FACE_BOUND('',#639,.T.);
#639 = EDGE_LOOP('',(#640,#650,#657,#658,#659,#660,#669,#677,#686,#694)
  );
#640 = ORIENTED_EDGE('',*,*,#641,.F.);
#641 = EDGE_CURVE('',#642,#644,#646,.T.);
#642 = VERTEX_POINT('',#643);
#643 = CARTESIAN_POINT('',(0.223,0.15,-1.387778780781E-17));
#644 = VERTEX_POINT('',#645);
#645 = CARTESIAN_POINT('',(0.277,0.15,-1.387778780781E-17));
#646 = LINE('',#647,#648);
#647 = CARTESIAN_POINT('',(0.2,0.15,0.));
#648 = VECTOR('',#649,1.);
#649 = DIRECTION('',(1.,0.,0.));
#650 = ORIENTED_EDGE('',*,*,#651,.F.);
#651 = EDGE_CURVE('',#479,#642,#652,.T.);
#652 = CIRCLE('',#653,2.3E-02);
#653 = AXIS2_PLACEMENT_3D('',#654,#655,#656);
#654 = CARTESIAN_POINT('',(0.223,0.15,2.3E-02));
#655 = DIRECTION('',(0.,-1.,0.));
#656 = DIRECTION('',(0.,0.,1.));
#657 = ORIENTED_EDGE('',*,*,#478,.T.);
#658 = ORIENTED_EDGE('',*,*,#470,.T.);
#659 = ORIENTED_EDGE('',*,*,#462,.F.);
#660 = ORIENTED_EDGE('',*,*,#661,.T.);
#661 = EDGE_CURVE('',#455,#662,#664,.T.);
#662 = VERTEX_POINT('',#663);
#663 = CARTESIAN_POINT('',(0.223,0.15,0.23));
#664 = CIRCLE('',#665,2.3E-02);
#665 = AXIS2_PLACEMENT_3D('',#666,#667,#668);
#666 = CARTESIAN_POINT('',(0.223,0.15,0.207));
#667 = DIRECTION('',(0.,1.,0.));
#668 = DIRECTION('',(0.,-0.,1.));
#669 = ORIENTED_EDGE('',*,*,#670,.T.);
#670 = EDGE_CURVE('',#662,#671,#673,.T.);
#671 = VERTEX_POINT('',#672);
#672 = CARTESIAN_POINT('',(0.277,0.15,0.23));
#673 = LINE('',#674,#675);
#674 = CARTESIAN_POINT('',(0.2,0.15,0.23));
#675 = VECTOR('',#676,1.);
#676 = DIRECTION('',(1.,0.,0.));
#677 = ORIENTED_EDGE('',*,*,#678,.F.);
#678 = EDGE_CURVE('',#679,#671,#681,.T.);
#679 = VERTEX_POINT('',#680);
#680 = CARTESIAN_POINT('',(0.3,0.15,0.207));
#681 = CIRCLE('',#682,2.3E-02);
#682 = AXIS2_PLACEMENT_3D('',#683,#684,#685);
#683 = CARTESIAN_POINT('',(0.277,0.15,0.207));
#684 = DIRECTION('',(0.,-1.,0.));
#685 = DIRECTION('',(0.,0.,1.));
#686 = ORIENTED_EDGE('',*,*,#687,.F.);
#687 = EDGE_CURVE('',#688,#679,#690,.T.);
#688 = VERTEX_POINT('',#689);
#689 = CARTESIAN_POINT('',(0.3,0.15,2.3E-02));
#690 = LINE('',#691,#692);
#691 = CARTESIAN_POINT('',(0.3,0.15,0.));
#692 = VECTOR('',#693,1.);
#693 = DIRECTION('',(0.,0.,1.));
#694 = ORIENTED_EDGE('',*,*,#695,.T.);
#695 = EDGE_CURVE('',#688,#644,#696,.T.);
#696 = CIRCLE('',#697,2.3E-02);
#697 = AXIS2_PLACEMENT_3D('',#698,#699,#700);
#698 = CARTESIAN_POINT('',(0.277,0.15,2.3E-02));
#699 = DIRECTION('',(0.,1.,0.));
#700 = DIRECTION('',(0.,-0.,1.));
#701 = PLANE('',#702);
#702 = AXIS2_PLACEMENT_3D('',#703,#704,#705);
#703 = CARTESIAN_POINT('',(0.2,0.15,0.));
#704 = DIRECTION('',(0.,1.,0.));
#705 = DIRECTION('',(0.,-0.,1.));
#706 = ADVANCED_FACE('',(#707),#725,.T.);
#707 = FACE_BOUND('',#708,.T.);
#708 = EDGE_LOOP('',(#709,#710,#711,#719));
#709 = ORIENTED_EDGE('',*,*,#454,.F.);
#710 = ORIENTED_EDGE('',*,*,#619,.T.);
#711 = ORIENTED_EDGE('',*,*,#712,.T.);
#712 = EDGE_CURVE('',#620,#713,#715,.T.);
#713 = VERTEX_POINT('',#714);
#714 = CARTESIAN_POINT('',(0.2,0.15,0.23));
#715 = LINE('',#716,#717);
#716 = CARTESIAN_POINT('',(-0.2,0.15,0.23));
#717 = VECTOR('',#718,1.);
#718 = DIRECTION('',(1.,0.,0.));
#719 = ORIENTED_EDGE('',*,*,#720,.F.);
#720 = EDGE_CURVE('',#455,#713,#721,.T.);
#721 = LINE('',#722,#723);
#722 = CARTESIAN_POINT('',(0.2,0.15,0.207));
#723 = VECTOR('',#724,1.);
#724 = DIRECTION('',(0.,0.,1.));
#725 = PLANE('',#726);
#726 = AXIS2_PLACEMENT_3D('',#727,#728,#729);
#727 = CARTESIAN_POINT('',(-0.2,0.15,0.207));
#728 = DIRECTION('',(0.,1.,0.));
#729 = DIRECTION('',(0.,-0.,1.));
#730 = ADVANCED_FACE('',(#731),#742,.T.);
#731 = FACE_BOUND('',#732,.T.);
#732 = EDGE_LOOP('',(#733,#734,#735,#741));
#733 = ORIENTED_EDGE('',*,*,#502,.T.);
#734 = ORIENTED_EDGE('',*,*,#651,.T.);
#735 = ORIENTED_EDGE('',*,*,#736,.F.);
#736 = EDGE_CURVE('',#518,#642,#737,.T.);
#737 = LINE('',#738,#739);
#738 = CARTESIAN_POINT('',(0.223,-0.15,-1.387778780781E-17));
#739 = VECTOR('',#740,1.);
#740 = DIRECTION('',(0.,1.,0.));
#741 = ORIENTED_EDGE('',*,*,#527,.F.);
#742 = CYLINDRICAL_SURFACE('',#743,2.3E-02);
#743 = AXIS2_PLACEMENT_3D('',#744,#745,#746);
#744 = CARTESIAN_POINT('',(0.223,-0.15,2.3E-02));
#745 = DIRECTION('',(0.,1.,0.));
#746 = DIRECTION('',(-1.,0.,0.));
#747 = ADVANCED_FACE('',(#748),#759,.F.);
#748 = FACE_BOUND('',#749,.F.);
#749 = EDGE_LOOP('',(#750,#751,#752,#753));
#750 = ORIENTED_EDGE('',*,*,#641,.F.);
#751 = ORIENTED_EDGE('',*,*,#736,.F.);
#752 = ORIENTED_EDGE('',*,*,#517,.T.);
#753 = ORIENTED_EDGE('',*,*,#754,.T.);
#754 = EDGE_CURVE('',#520,#644,#755,.T.);
#755 = LINE('',#756,#757);
#756 = CARTESIAN_POINT('',(0.277,-0.15,-1.387778780781E-17));
#757 = VECTOR('',#758,1.);
#758 = DIRECTION('',(0.,1.,0.));
#759 = PLANE('',#760);
#760 = AXIS2_PLACEMENT_3D('',#761,#762,#763);
#761 = CARTESIAN_POINT('',(0.2,-0.15,0.));
#762 = DIRECTION('',(0.,0.,1.));
#763 = DIRECTION('',(1.,0.,-0.));
#764 = ADVANCED_FACE('',(#765),#776,.T.);
#765 = FACE_BOUND('',#766,.T.);
#766 = EDGE_LOOP('',(#767,#768,#769,#770));
#767 = ORIENTED_EDGE('',*,*,#571,.T.);
#768 = ORIENTED_EDGE('',*,*,#754,.T.);
#769 = ORIENTED_EDGE('',*,*,#695,.F.);
#770 = ORIENTED_EDGE('',*,*,#771,.F.);
#771 = EDGE_CURVE('',#564,#688,#772,.T.);
#772 = LINE('',#773,#774);
#773 = CARTESIAN_POINT('',(0.3,-0.15,2.3E-02));
#774 = VECTOR('',#775,1.);
#775 = DIRECTION('',(0.,1.,0.));
#776 = CYLINDRICAL_SURFACE('',#777,2.3E-02);
#777 = AXIS2_PLACEMENT_3D('',#778,#779,#780);
#778 = CARTESIAN_POINT('',(0.277,-0.15,2.3E-02));
#779 = DIRECTION('',(0.,1.,0.));
#780 = DIRECTION('',(1.,0.,0.));
#781 = ADVANCED_FACE('',(#782),#793,.T.);
#782 = FACE_BOUND('',#783,.T.);
#783 = EDGE_LOOP('',(#784,#785,#786,#787));
#784 = ORIENTED_EDGE('',*,*,#563,.F.);
#785 = ORIENTED_EDGE('',*,*,#771,.T.);
#786 = ORIENTED_EDGE('',*,*,#687,.T.);
#787 = ORIENTED_EDGE('',*,*,#788,.F.);
#788 = EDGE_CURVE('',#555,#679,#789,.T.);
#789 = LINE('',#790,#791);
#790 = CARTESIAN_POINT('',(0.3,-0.15,0.207));
#791 = VECTOR('',#792,1.);
#792 = DIRECTION('',(0.,1.,0.));
#793 = PLANE('',#794);
#794 = AXIS2_PLACEMENT_3D('',#795,#796,#797);
#795 = CARTESIAN_POINT('',(0.3,-0.15,0.));
#796 = DIRECTION('',(1.,0.,0.));
#797 = DIRECTION('',(0.,0.,1.));
#798 = ADVANCED_FACE('',(#799),#810,.T.);
#799 = FACE_BOUND('',#800,.T.);
#800 = EDGE_LOOP('',(#801,#802,#803,#809));
#801 = ORIENTED_EDGE('',*,*,#788,.T.);
#802 = ORIENTED_EDGE('',*,*,#678,.T.);
#803 = ORIENTED_EDGE('',*,*,#804,.F.);
#804 = EDGE_CURVE('',#547,#671,#805,.T.);
#805 = LINE('',#806,#807);
#806 = CARTESIAN_POINT('',(0.277,-0.15,0.23));
#807 = VECTOR('',#808,1.);
#808 = DIRECTION('',(0.,1.,0.));
#809 = ORIENTED_EDGE('',*,*,#554,.F.);
#810 = CYLINDRICAL_SURFACE('',#811,2.3E-02);
#811 = AXIS2_PLACEMENT_3D('',#812,#813,#814);
#812 = CARTESIAN_POINT('',(0.277,-0.15,0.207));
#813 = DIRECTION('',(0.,1.,0.));
#814 = DIRECTION('',(1.,0.,0.));
#815 = ADVANCED_FACE('',(#816),#827,.T.);
#816 = FACE_BOUND('',#817,.T.);
#817 = EDGE_LOOP('',(#818,#819,#825,#826));
#818 = ORIENTED_EDGE('',*,*,#670,.F.);
#819 = ORIENTED_EDGE('',*,*,#820,.F.);
#820 = EDGE_CURVE('',#538,#662,#821,.T.);
#821 = LINE('',#822,#823);
#822 = CARTESIAN_POINT('',(0.223,-0.15,0.23));
#823 = VECTOR('',#824,1.);
#824 = DIRECTION('',(0.,1.,0.));
#825 = ORIENTED_EDGE('',*,*,#546,.T.);
#826 = ORIENTED_EDGE('',*,*,#804,.T.);
#827 = PLANE('',#828);
#828 = AXIS2_PLACEMENT_3D('',#829,#830,#831);
#829 = CARTESIAN_POINT('',(0.2,-0.15,0.23));
#830 = DIRECTION('',(0.,0.,1.));
#831 = DIRECTION('',(1.,0.,-0.));
#832 = ADVANCED_FACE('',(#833),#844,.T.);
#833 = FACE_BOUND('',#834,.T.);
#834 = EDGE_LOOP('',(#835,#836,#837,#838));
#835 = ORIENTED_EDGE('',*,*,#537,.T.);
#836 = ORIENTED_EDGE('',*,*,#820,.T.);
#837 = ORIENTED_EDGE('',*,*,#661,.F.);
#838 = ORIENTED_EDGE('',*,*,#839,.F.);
#839 = EDGE_CURVE('',#372,#455,#840,.T.);
#840 = LINE('',#841,#842);
#841 = CARTESIAN_POINT('',(0.2,-0.15,0.207));
#842 = VECTOR('',#843,1.);
#843 = DIRECTION('',(0.,1.,0.));
#844 = CYLINDRICAL_SURFACE('',#845,2.3E-02);
#845 = AXIS2_PLACEMENT_3D('',#846,#847,#848);
#846 = CARTESIAN_POINT('',(0.223,-0.15,0.207));
#847 = DIRECTION('',(0.,1.,0.));
#848 = DIRECTION('',(-1.,0.,0.));
#849 = ADVANCED_FACE('',(#850),#861,.T.);
#850 = FACE_BOUND('',#851,.T.);
#851 = EDGE_LOOP('',(#852,#853,#854,#855));
#852 = ORIENTED_EDGE('',*,*,#603,.F.);
#853 = ORIENTED_EDGE('',*,*,#839,.T.);
#854 = ORIENTED_EDGE('',*,*,#720,.T.);
#855 = ORIENTED_EDGE('',*,*,#856,.F.);
#856 = EDGE_CURVE('',#596,#713,#857,.T.);
#857 = LINE('',#858,#859);
#858 = CARTESIAN_POINT('',(0.2,-0.15,0.23));
#859 = VECTOR('',#860,1.);
#860 = DIRECTION('',(0.,1.,0.));
#861 = PLANE('',#862);
#862 = AXIS2_PLACEMENT_3D('',#863,#864,#865);
#863 = CARTESIAN_POINT('',(0.2,-0.15,0.207));
#864 = DIRECTION('',(1.,0.,0.));
#865 = DIRECTION('',(0.,0.,1.));
#866 = ADVANCED_FACE('',(#867),#873,.T.);
#867 = FACE_BOUND('',#868,.T.);
#868 = EDGE_LOOP('',(#869,#870,#871,#872));
#869 = ORIENTED_EDGE('',*,*,#627,.F.);
#870 = ORIENTED_EDGE('',*,*,#595,.T.);
#871 = ORIENTED_EDGE('',*,*,#856,.T.);
#872 = ORIENTED_EDGE('',*,*,#712,.F.);
#873 = PLANE('',#874);
#874 = AXIS2_PLACEMENT_3D('',#875,#876,#877);
#875 = CARTESIAN_POINT('',(-0.2,-0.15,0.23));
#876 = DIRECTION('',(0.,0.,1.));
#877 = DIRECTION('',(1.,0.,-0.));
#878 = ( GEOMETRIC_REPRESENTATION_CONTEXT(3) 
GLOBAL_UNCERTAINTY_ASSIGNED_CONTEXT((#882)) GLOBAL_UNIT_ASSIGNED_CONTEXT
((#879,#880,#881)) REPRESENTATION_CONTEXT('Context #1',
  '3D Context with UNIT and UNCERTAINTY') );
#879 = ( LENGTH_UNIT() NAMED_UNIT(*) SI_UNIT(.MILLI.,.METRE.) );
#880 = ( NAMED_UNIT(*) PLANE_ANGLE_UNIT() SI_UNIT($,.RADIAN.) );
#881 = ( NAMED_UNIT(*) SI_UNIT($,.STERADIAN.) SOLID_ANGLE_UNIT() );
#882 = UNCERTAINTY_MEASURE_WITH_UNIT(LENGTH_MEASURE(1.E-07),#879,
  'distance_accuracy_value','confusion accuracy');
#883 = CONTEXT_DEPENDENT_SHAPE_REPRESENTATION(#884,#886);
#884 = ( REPRESENTATION_RELATIONSHIP('','',#87,#64) 
REPRESENTATION_RELATIONSHIP_WITH_TRANSFORMATION(#885) 
SHAPE_REPRESENTATION_RELATIONSHIP() );
#885 = ITEM_DEFINED_TRANSFORMATION('','',#11,#65);
#886 = PRODUCT_DEFINITION_SHAPE('Placement','Placement of an item',#887
  );
#887 = NEXT_ASSEMBLY_USAGE_OCCURRENCE('1','=>[0:1:1:3]','',#59,#82,$);
#888 = PRODUCT_RELATED_PRODUCT_CATEGORY('part',$,(#84));
#889 = SHAPE_DEFINITION_REPRESENTATION(#890,#896);
#890 = PRODUCT_DEFINITION_SHAPE('','',#891);
#891 = PRODUCT_DEFINITION('design','',#892,#895);
#892 = PRODUCT_DEFINITION_FORMATION('','',#893);
#893 = PRODUCT('C_0805_2012Metric','C_0805_2012Metric','',(#894));
#894 = PRODUCT_CONTEXT('',#2,'mechanical');
#895 = PRODUCT_DEFINITION_CONTEXT('part definition',#2,'design');
#896 = SHAPE_REPRESENTATION('',(#11,#897),#901);
#897 = AXIS2_PLACEMENT_3D('',#898,#899,#900);
#898 = CARTESIAN_POINT('',(0.,0.,0.));
#899 = DIRECTION('',(0.,0.,1.));
#900 = DIRECTION('',(1.,0.,-0.));
#901 = ( GEOMETRIC_REPRESENTATION_CONTEXT(3) 
GLOBAL_UNCERTAINTY_ASSIGNED_CONTEXT((#905)) GLOBAL_UNIT_ASSIGNED_CONTEXT
((#902,#903,#904)) REPRESENTATION_CONTEXT('Context #1',
  '3D Context with UNIT and UNCERTAINTY') );
#902 = ( LENGTH_UNIT() NAMED_UNIT(*) SI_UNIT(.MILLI.,.METRE.) );
#903 = ( NAMED_UNIT(*) PLANE_ANGLE_UNIT() SI_UNIT($,.RADIAN.) );
#904 = ( NAMED_UNIT(*) SI_UNIT($,.STERADIAN.) SOLID_ANGLE_UNIT() );
#905 = UNCERTAINTY_MEASURE_WITH_UNIT(LENGTH_MEASURE(1.E-07),#902,
  'distance_accuracy_value','confusion accuracy');
#906 = CONTEXT_DEPENDENT_SHAPE_REPRESENTATION(#907,#909);
#907 = ( REPRESENTATION_RELATIONSHIP('','',#896,#10) 
REPRESENTATION_RELATIONSHIP_WITH_TRANSFORMATION(#908) 
SHAPE_REPRESENTATION_RELATIONSHIP() );
#908 = ITEM_DEFINED_TRANSFORMATION('','',#11,#19);
#909 = PRODUCT_DEFINITION_SHAPE('Placement','Placement of an item',#910
  );
#910 = NEXT_ASSEMBLY_USAGE_OCCURRENCE('4','C1','',#5,#891,$);
#911 = PRODUCT_RELATED_PRODUCT_CATEGORY('part',$,(#893));
#912 = SHAPE_DEFINITION_REPRESENTATION(#913,#919);
#913 = PRODUCT_DEFINITION_SHAPE('','',#914);
#914 = PRODUCT_DEFINITION('design','',#915,#918);
#915 = PRODUCT_DEFINITION_FORMATION('','',#916);
#916 = PRODUCT('C_0805_2012Metric','C_0805_2012Metric','',(#917));
#917 = PRODUCT_CONTEXT('',#2,'mechanical');
#918 = PRODUCT_DEFINITION_CONTEXT('part definition',#2,'design');
#919 = ADVANCED_BREP_SHAPE_REPRESENTATION('',(#11,#920),#1774);
#920 = MANIFOLD_SOLID_BREP('',#921);
#921 = CLOSED_SHELL('',(#922,#998,#1029,#1054,#1079,#1103,#1127,#1152,
    #1177,#1194,#1280,#1312,#1336,#1361,#1385,#1410,#1434,#1459,#1476,
    #1562,#1593,#1618,#1643,#1667,#1691,#1716,#1741,#1758));
#922 = ADVANCED_FACE('',(#923),#993,.F.);
#923 = FACE_BOUND('',#924,.F.);
#924 = EDGE_LOOP('',(#925,#935,#944,#952,#961,#969,#978,#986));
#925 = ORIENTED_EDGE('',*,*,#926,.F.);
#926 = EDGE_CURVE('',#927,#929,#931,.T.);
#927 = VERTEX_POINT('',#928);
#928 = CARTESIAN_POINT('',(-1.,-0.625,4.E-02));
#929 = VERTEX_POINT('',#930);
#930 = CARTESIAN_POINT('',(-1.,-0.625,1.21));
#931 = LINE('',#932,#933);
#932 = CARTESIAN_POINT('',(-1.,-0.625,0.));
#933 = VECTOR('',#934,1.);
#934 = DIRECTION('',(0.,0.,1.));
#935 = ORIENTED_EDGE('',*,*,#936,.T.);
#936 = EDGE_CURVE('',#927,#937,#939,.T.);
#937 = VERTEX_POINT('',#938);
#938 = CARTESIAN_POINT('',(-1.,-0.585,0.));
#939 = CIRCLE('',#940,4.E-02);
#940 = AXIS2_PLACEMENT_3D('',#941,#942,#943);
#941 = CARTESIAN_POINT('',(-1.,-0.585,4.E-02));
#942 = DIRECTION('',(1.,0.,-0.));
#943 = DIRECTION('',(0.,0.,1.));
#944 = ORIENTED_EDGE('',*,*,#945,.T.);
#945 = EDGE_CURVE('',#937,#946,#948,.T.);
#946 = VERTEX_POINT('',#947);
#947 = CARTESIAN_POINT('',(-1.,0.585,0.));
#948 = LINE('',#949,#950);
#949 = CARTESIAN_POINT('',(-1.,-0.625,0.));
#950 = VECTOR('',#951,1.);
#951 = DIRECTION('',(0.,1.,0.));
#952 = ORIENTED_EDGE('',*,*,#953,.F.);
#953 = EDGE_CURVE('',#954,#946,#956,.T.);
#954 = VERTEX_POINT('',#955);
#955 = CARTESIAN_POINT('',(-1.,0.625,4.E-02));
#956 = CIRCLE('',#957,4.E-02);
#957 = AXIS2_PLACEMENT_3D('',#958,#959,#960);
#958 = CARTESIAN_POINT('',(-1.,0.585,4.E-02));
#959 = DIRECTION('',(-1.,0.,0.));
#960 = DIRECTION('',(0.,0.,1.));
#961 = ORIENTED_EDGE('',*,*,#962,.T.);
#962 = EDGE_CURVE('',#954,#963,#965,.T.);
#963 = VERTEX_POINT('',#964);
#964 = CARTESIAN_POINT('',(-1.,0.625,1.21));
#965 = LINE('',#966,#967);
#966 = CARTESIAN_POINT('',(-1.,0.625,0.));
#967 = VECTOR('',#968,1.);
#968 = DIRECTION('',(0.,0.,1.));
#969 = ORIENTED_EDGE('',*,*,#970,.T.);
#970 = EDGE_CURVE('',#963,#971,#973,.T.);
#971 = VERTEX_POINT('',#972);
#972 = CARTESIAN_POINT('',(-1.,0.585,1.25));
#973 = CIRCLE('',#974,4.E-02);
#974 = AXIS2_PLACEMENT_3D('',#975,#976,#977);
#975 = CARTESIAN_POINT('',(-1.,0.585,1.21));
#976 = DIRECTION('',(1.,0.,-0.));
#977 = DIRECTION('',(0.,0.,1.));
#978 = ORIENTED_EDGE('',*,*,#979,.F.);
#979 = EDGE_CURVE('',#980,#971,#982,.T.);
#980 = VERTEX_POINT('',#981);
#981 = CARTESIAN_POINT('',(-1.,-0.585,1.25));
#982 = LINE('',#983,#984);
#983 = CARTESIAN_POINT('',(-1.,-0.625,1.25));
#984 = VECTOR('',#985,1.);
#985 = DIRECTION('',(0.,1.,0.));
#986 = ORIENTED_EDGE('',*,*,#987,.F.);
#987 = EDGE_CURVE('',#929,#980,#988,.T.);
#988 = CIRCLE('',#989,4.E-02);
#989 = AXIS2_PLACEMENT_3D('',#990,#991,#992);
#990 = CARTESIAN_POINT('',(-1.,-0.585,1.21));
#991 = DIRECTION('',(-1.,0.,0.));
#992 = DIRECTION('',(0.,0.,1.));
#993 = PLANE('',#994);
#994 = AXIS2_PLACEMENT_3D('',#995,#996,#997);
#995 = CARTESIAN_POINT('',(-1.,-0.625,0.));
#996 = DIRECTION('',(1.,0.,0.));
#997 = DIRECTION('',(0.,0.,1.));
#998 = ADVANCED_FACE('',(#999),#1024,.F.);
#999 = FACE_BOUND('',#1000,.F.);
#1000 = EDGE_LOOP('',(#1001,#1011,#1017,#1018));
#1001 = ORIENTED_EDGE('',*,*,#1002,.F.);
#1002 = EDGE_CURVE('',#1003,#1005,#1007,.T.);
#1003 = VERTEX_POINT('',#1004);
#1004 = CARTESIAN_POINT('',(-0.6,-0.625,4.E-02));
#1005 = VERTEX_POINT('',#1006);
#1006 = CARTESIAN_POINT('',(-0.6,-0.625,1.21));
#1007 = LINE('',#1008,#1009);
#1008 = CARTESIAN_POINT('',(-0.6,-0.625,0.));
#1009 = VECTOR('',#1010,1.);
#1010 = DIRECTION('',(0.,0.,1.));
#1011 = ORIENTED_EDGE('',*,*,#1012,.F.);
#1012 = EDGE_CURVE('',#927,#1003,#1013,.T.);
#1013 = LINE('',#1014,#1015);
#1014 = CARTESIAN_POINT('',(-1.,-0.625,4.E-02));
#1015 = VECTOR('',#1016,1.);
#1016 = DIRECTION('',(1.,0.,0.));
#1017 = ORIENTED_EDGE('',*,*,#926,.T.);
#1018 = ORIENTED_EDGE('',*,*,#1019,.T.);
#1019 = EDGE_CURVE('',#929,#1005,#1020,.T.);
#1020 = LINE('',#1021,#1022);
#1021 = CARTESIAN_POINT('',(-1.,-0.625,1.21));
#1022 = VECTOR('',#1023,1.);
#1023 = DIRECTION('',(1.,0.,0.));
#1024 = PLANE('',#1025);
#1025 = AXIS2_PLACEMENT_3D('',#1026,#1027,#1028);
#1026 = CARTESIAN_POINT('',(-1.,-0.625,0.));
#1027 = DIRECTION('',(0.,1.,0.));
#1028 = DIRECTION('',(0.,-0.,1.));
#1029 = ADVANCED_FACE('',(#1030),#1049,.T.);
#1030 = FACE_BOUND('',#1031,.T.);
#1031 = EDGE_LOOP('',(#1032,#1033,#1041,#1048));
#1032 = ORIENTED_EDGE('',*,*,#936,.T.);
#1033 = ORIENTED_EDGE('',*,*,#1034,.T.);
#1034 = EDGE_CURVE('',#937,#1035,#1037,.T.);
#1035 = VERTEX_POINT('',#1036);
#1036 = CARTESIAN_POINT('',(-0.6,-0.585,0.));
#1037 = LINE('',#1038,#1039);
#1038 = CARTESIAN_POINT('',(-1.,-0.585,0.));
#1039 = VECTOR('',#1040,1.);
#1040 = DIRECTION('',(1.,0.,0.));
#1041 = ORIENTED_EDGE('',*,*,#1042,.F.);
#1042 = EDGE_CURVE('',#1003,#1035,#1043,.T.);
#1043 = CIRCLE('',#1044,4.E-02);
#1044 = AXIS2_PLACEMENT_3D('',#1045,#1046,#1047);
#1045 = CARTESIAN_POINT('',(-0.6,-0.585,4.E-02));
#1046 = DIRECTION('',(1.,0.,-0.));
#1047 = DIRECTION('',(0.,0.,1.));
#1048 = ORIENTED_EDGE('',*,*,#1012,.F.);
#1049 = CYLINDRICAL_SURFACE('',#1050,4.E-02);
#1050 = AXIS2_PLACEMENT_3D('',#1051,#1052,#1053);
#1051 = CARTESIAN_POINT('',(-1.,-0.585,4.E-02));
#1052 = DIRECTION('',(1.,0.,0.));
#1053 = DIRECTION('',(0.,-1.,0.));
#1054 = ADVANCED_FACE('',(#1055),#1074,.T.);
#1055 = FACE_BOUND('',#1056,.T.);
#1056 = EDGE_LOOP('',(#1057,#1058,#1067,#1073));
#1057 = ORIENTED_EDGE('',*,*,#1019,.T.);
#1058 = ORIENTED_EDGE('',*,*,#1059,.T.);
#1059 = EDGE_CURVE('',#1005,#1060,#1062,.T.);
#1060 = VERTEX_POINT('',#1061);
#1061 = CARTESIAN_POINT('',(-0.6,-0.585,1.25));
#1062 = CIRCLE('',#1063,4.E-02);
#1063 = AXIS2_PLACEMENT_3D('',#1064,#1065,#1066);
#1064 = CARTESIAN_POINT('',(-0.6,-0.585,1.21));
#1065 = DIRECTION('',(-1.,0.,0.));
#1066 = DIRECTION('',(0.,0.,1.));
#1067 = ORIENTED_EDGE('',*,*,#1068,.F.);
#1068 = EDGE_CURVE('',#980,#1060,#1069,.T.);
#1069 = LINE('',#1070,#1071);
#1070 = CARTESIAN_POINT('',(-1.,-0.585,1.25));
#1071 = VECTOR('',#1072,1.);
#1072 = DIRECTION('',(1.,0.,0.));
#1073 = ORIENTED_EDGE('',*,*,#987,.F.);
#1074 = CYLINDRICAL_SURFACE('',#1075,4.E-02);
#1075 = AXIS2_PLACEMENT_3D('',#1076,#1077,#1078);
#1076 = CARTESIAN_POINT('',(-1.,-0.585,1.21));
#1077 = DIRECTION('',(1.,0.,0.));
#1078 = DIRECTION('',(0.,-1.,0.));
#1079 = ADVANCED_FACE('',(#1080),#1098,.F.);
#1080 = FACE_BOUND('',#1081,.F.);
#1081 = EDGE_LOOP('',(#1082,#1083,#1084,#1092));
#1082 = ORIENTED_EDGE('',*,*,#945,.F.);
#1083 = ORIENTED_EDGE('',*,*,#1034,.T.);
#1084 = ORIENTED_EDGE('',*,*,#1085,.T.);
#1085 = EDGE_CURVE('',#1035,#1086,#1088,.T.);
#1086 = VERTEX_POINT('',#1087);
#1087 = CARTESIAN_POINT('',(-0.6,0.585,0.));
#1088 = LINE('',#1089,#1090);
#1089 = CARTESIAN_POINT('',(-0.6,-0.625,0.));
#1090 = VECTOR('',#1091,1.);
#1091 = DIRECTION('',(0.,1.,0.));
#1092 = ORIENTED_EDGE('',*,*,#1093,.F.);
#1093 = EDGE_CURVE('',#946,#1086,#1094,.T.);
#1094 = LINE('',#1095,#1096);
#1095 = CARTESIAN_POINT('',(-1.,0.585,0.));
#1096 = VECTOR('',#1097,1.);
#1097 = DIRECTION('',(1.,0.,0.));
#1098 = PLANE('',#1099);
#1099 = AXIS2_PLACEMENT_3D('',#1100,#1101,#1102);
#1100 = CARTESIAN_POINT('',(-1.,-0.625,0.));
#1101 = DIRECTION('',(0.,0.,1.));
#1102 = DIRECTION('',(1.,0.,-0.));
#1103 = ADVANCED_FACE('',(#1104),#1122,.T.);
#1104 = FACE_BOUND('',#1105,.T.);
#1105 = EDGE_LOOP('',(#1106,#1107,#1108,#1116));
#1106 = ORIENTED_EDGE('',*,*,#979,.F.);
#1107 = ORIENTED_EDGE('',*,*,#1068,.T.);
#1108 = ORIENTED_EDGE('',*,*,#1109,.T.);
#1109 = EDGE_CURVE('',#1060,#1110,#1112,.T.);
#1110 = VERTEX_POINT('',#1111);
#1111 = CARTESIAN_POINT('',(-0.6,0.585,1.25));
#1112 = LINE('',#1113,#1114);
#1113 = CARTESIAN_POINT('',(-0.6,-0.625,1.25));
#1114 = VECTOR('',#1115,1.);
#1115 = DIRECTION('',(0.,1.,0.));
#1116 = ORIENTED_EDGE('',*,*,#1117,.F.);
#1117 = EDGE_CURVE('',#971,#1110,#1118,.T.);
#1118 = LINE('',#1119,#1120);
#1119 = CARTESIAN_POINT('',(-1.,0.585,1.25));
#1120 = VECTOR('',#1121,1.);
#1121 = DIRECTION('',(1.,0.,0.));
#1122 = PLANE('',#1123);
#1123 = AXIS2_PLACEMENT_3D('',#1124,#1125,#1126);
#1124 = CARTESIAN_POINT('',(-1.,-0.625,1.25));
#1125 = DIRECTION('',(0.,0.,1.));
#1126 = DIRECTION('',(1.,0.,-0.));
#1127 = ADVANCED_FACE('',(#1128),#1147,.T.);
#1128 = FACE_BOUND('',#1129,.T.);
#1129 = EDGE_LOOP('',(#1130,#1138,#1145,#1146));
#1130 = ORIENTED_EDGE('',*,*,#1131,.T.);
#1131 = EDGE_CURVE('',#954,#1132,#1134,.T.);
#1132 = VERTEX_POINT('',#1133);
#1133 = CARTESIAN_POINT('',(-0.6,0.625,4.E-02));
#1134 = LINE('',#1135,#1136);
#1135 = CARTESIAN_POINT('',(-1.,0.625,4.E-02));
#1136 = VECTOR('',#1137,1.);
#1137 = DIRECTION('',(1.,0.,0.));
#1138 = ORIENTED_EDGE('',*,*,#1139,.T.);
#1139 = EDGE_CURVE('',#1132,#1086,#1140,.T.);
#1140 = CIRCLE('',#1141,4.E-02);
#1141 = AXIS2_PLACEMENT_3D('',#1142,#1143,#1144);
#1142 = CARTESIAN_POINT('',(-0.6,0.585,4.E-02));
#1143 = DIRECTION('',(-1.,0.,0.));
#1144 = DIRECTION('',(0.,0.,1.));
#1145 = ORIENTED_EDGE('',*,*,#1093,.F.);
#1146 = ORIENTED_EDGE('',*,*,#953,.F.);
#1147 = CYLINDRICAL_SURFACE('',#1148,4.E-02);
#1148 = AXIS2_PLACEMENT_3D('',#1149,#1150,#1151);
#1149 = CARTESIAN_POINT('',(-1.,0.585,4.E-02));
#1150 = DIRECTION('',(1.,0.,0.));
#1151 = DIRECTION('',(-0.,1.,0.));
#1152 = ADVANCED_FACE('',(#1153),#1172,.T.);
#1153 = FACE_BOUND('',#1154,.T.);
#1154 = EDGE_LOOP('',(#1155,#1156,#1157,#1166));
#1155 = ORIENTED_EDGE('',*,*,#970,.T.);
#1156 = ORIENTED_EDGE('',*,*,#1117,.T.);
#1157 = ORIENTED_EDGE('',*,*,#1158,.F.);
#1158 = EDGE_CURVE('',#1159,#1110,#1161,.T.);
#1159 = VERTEX_POINT('',#1160);
#1160 = CARTESIAN_POINT('',(-0.6,0.625,1.21));
#1161 = CIRCLE('',#1162,4.E-02);
#1162 = AXIS2_PLACEMENT_3D('',#1163,#1164,#1165);
#1163 = CARTESIAN_POINT('',(-0.6,0.585,1.21));
#1164 = DIRECTION('',(1.,0.,-0.));
#1165 = DIRECTION('',(0.,0.,1.));
#1166 = ORIENTED_EDGE('',*,*,#1167,.F.);
#1167 = EDGE_CURVE('',#963,#1159,#1168,.T.);
#1168 = LINE('',#1169,#1170);
#1169 = CARTESIAN_POINT('',(-1.,0.625,1.21));
#1170 = VECTOR('',#1171,1.);
#1171 = DIRECTION('',(1.,0.,0.));
#1172 = CYLINDRICAL_SURFACE('',#1173,4.E-02);
#1173 = AXIS2_PLACEMENT_3D('',#1174,#1175,#1176);
#1174 = CARTESIAN_POINT('',(-1.,0.585,1.21));
#1175 = DIRECTION('',(1.,0.,0.));
#1176 = DIRECTION('',(-0.,1.,0.));
#1177 = ADVANCED_FACE('',(#1178),#1189,.T.);
#1178 = FACE_BOUND('',#1179,.T.);
#1179 = EDGE_LOOP('',(#1180,#1186,#1187,#1188));
#1180 = ORIENTED_EDGE('',*,*,#1181,.F.);
#1181 = EDGE_CURVE('',#1132,#1159,#1182,.T.);
#1182 = LINE('',#1183,#1184);
#1183 = CARTESIAN_POINT('',(-0.6,0.625,0.));
#1184 = VECTOR('',#1185,1.);
#1185 = DIRECTION('',(0.,0.,1.));
#1186 = ORIENTED_EDGE('',*,*,#1131,.F.);
#1187 = ORIENTED_EDGE('',*,*,#962,.T.);
#1188 = ORIENTED_EDGE('',*,*,#1167,.T.);
#1189 = PLANE('',#1190);
#1190 = AXIS2_PLACEMENT_3D('',#1191,#1192,#1193);
#1191 = CARTESIAN_POINT('',(-1.,0.625,0.));
#1192 = DIRECTION('',(0.,1.,0.));
#1193 = DIRECTION('',(0.,-0.,1.));
#1194 = ADVANCED_FACE('',(#1195,#1205),#1275,.T.);
#1195 = FACE_BOUND('',#1196,.T.);
#1196 = EDGE_LOOP('',(#1197,#1198,#1199,#1200,#1201,#1202,#1203,#1204));
#1197 = ORIENTED_EDGE('',*,*,#1002,.F.);
#1198 = ORIENTED_EDGE('',*,*,#1042,.T.);
#1199 = ORIENTED_EDGE('',*,*,#1085,.T.);
#1200 = ORIENTED_EDGE('',*,*,#1139,.F.);
#1201 = ORIENTED_EDGE('',*,*,#1181,.T.);
#1202 = ORIENTED_EDGE('',*,*,#1158,.T.);
#1203 = ORIENTED_EDGE('',*,*,#1109,.F.);
#1204 = ORIENTED_EDGE('',*,*,#1059,.F.);
#1205 = FACE_BOUND('',#1206,.T.);
#1206 = EDGE_LOOP('',(#1207,#1218,#1226,#1235,#1243,#1252,#1260,#1269));
#1207 = ORIENTED_EDGE('',*,*,#1208,.F.);
#1208 = EDGE_CURVE('',#1209,#1211,#1213,.T.);
#1209 = VERTEX_POINT('',#1210);
#1210 = CARTESIAN_POINT('',(-0.6,-0.585,8.E-02));
#1211 = VERTEX_POINT('',#1212);
#1212 = CARTESIAN_POINT('',(-0.6,-0.545,4.E-02));
#1213 = CIRCLE('',#1214,4.E-02);
#1214 = AXIS2_PLACEMENT_3D('',#1215,#1216,#1217);
#1215 = CARTESIAN_POINT('',(-0.6,-0.545,8.E-02));
#1216 = DIRECTION('',(1.,0.,-0.));
#1217 = DIRECTION('',(0.,0.,1.));
#1218 = ORIENTED_EDGE('',*,*,#1219,.T.);
#1219 = EDGE_CURVE('',#1209,#1220,#1222,.T.);
#1220 = VERTEX_POINT('',#1221);
#1221 = CARTESIAN_POINT('',(-0.6,-0.585,1.17));
#1222 = LINE('',#1223,#1224);
#1223 = CARTESIAN_POINT('',(-0.6,-0.585,4.E-02));
#1224 = VECTOR('',#1225,1.);
#1225 = DIRECTION('',(0.,0.,1.));
#1226 = ORIENTED_EDGE('',*,*,#1227,.T.);
#1227 = EDGE_CURVE('',#1220,#1228,#1230,.T.);
#1228 = VERTEX_POINT('',#1229);
#1229 = CARTESIAN_POINT('',(-0.6,-0.545,1.21));
#1230 = CIRCLE('',#1231,4.E-02);
#1231 = AXIS2_PLACEMENT_3D('',#1232,#1233,#1234);
#1232 = CARTESIAN_POINT('',(-0.6,-0.545,1.17));
#1233 = DIRECTION('',(-1.,0.,0.));
#1234 = DIRECTION('',(0.,0.,1.));
#1235 = ORIENTED_EDGE('',*,*,#1236,.T.);
#1236 = EDGE_CURVE('',#1228,#1237,#1239,.T.);
#1237 = VERTEX_POINT('',#1238);
#1238 = CARTESIAN_POINT('',(-0.6,0.545,1.21));
#1239 = LINE('',#1240,#1241);
#1240 = CARTESIAN_POINT('',(-0.6,-0.585,1.21));
#1241 = VECTOR('',#1242,1.);
#1242 = DIRECTION('',(0.,1.,0.));
#1243 = ORIENTED_EDGE('',*,*,#1244,.F.);
#1244 = EDGE_CURVE('',#1245,#1237,#1247,.T.);
#1245 = VERTEX_POINT('',#1246);
#1246 = CARTESIAN_POINT('',(-0.6,0.585,1.17));
#1247 = CIRCLE('',#1248,4.E-02);
#1248 = AXIS2_PLACEMENT_3D('',#1249,#1250,#1251);
#1249 = CARTESIAN_POINT('',(-0.6,0.545,1.17));
#1250 = DIRECTION('',(1.,0.,-0.));
#1251 = DIRECTION('',(0.,0.,1.));
#1252 = ORIENTED_EDGE('',*,*,#1253,.F.);
#1253 = EDGE_CURVE('',#1254,#1245,#1256,.T.);
#1254 = VERTEX_POINT('',#1255);
#1255 = CARTESIAN_POINT('',(-0.6,0.585,8.E-02));
#1256 = LINE('',#1257,#1258);
#1257 = CARTESIAN_POINT('',(-0.6,0.585,4.E-02));
#1258 = VECTOR('',#1259,1.);
#1259 = DIRECTION('',(0.,0.,1.));
#1260 = ORIENTED_EDGE('',*,*,#1261,.T.);
#1261 = EDGE_CURVE('',#1254,#1262,#1264,.T.);
#1262 = VERTEX_POINT('',#1263);
#1263 = CARTESIAN_POINT('',(-0.6,0.545,4.E-02));
#1264 = CIRCLE('',#1265,4.E-02);
#1265 = AXIS2_PLACEMENT_3D('',#1266,#1267,#1268);
#1266 = CARTESIAN_POINT('',(-0.6,0.545,8.E-02));
#1267 = DIRECTION('',(-1.,0.,0.));
#1268 = DIRECTION('',(0.,0.,1.));
#1269 = ORIENTED_EDGE('',*,*,#1270,.F.);
#1270 = EDGE_CURVE('',#1211,#1262,#1271,.T.);
#1271 = LINE('',#1272,#1273);
#1272 = CARTESIAN_POINT('',(-0.6,-0.585,4.E-02));
#1273 = VECTOR('',#1274,1.);
#1274 = DIRECTION('',(0.,1.,0.));
#1275 = PLANE('',#1276);
#1276 = AXIS2_PLACEMENT_3D('',#1277,#1278,#1279);
#1277 = CARTESIAN_POINT('',(-0.6,-0.625,0.));
#1278 = DIRECTION('',(1.,0.,0.));
#1279 = DIRECTION('',(0.,0.,1.));
#1280 = ADVANCED_FACE('',(#1281),#1307,.T.);
#1281 = FACE_BOUND('',#1282,.T.);
#1282 = EDGE_LOOP('',(#1283,#1284,#1292,#1301));
#1283 = ORIENTED_EDGE('',*,*,#1208,.T.);
#1284 = ORIENTED_EDGE('',*,*,#1285,.T.);
#1285 = EDGE_CURVE('',#1211,#1286,#1288,.T.);
#1286 = VERTEX_POINT('',#1287);
#1287 = CARTESIAN_POINT('',(0.6,-0.545,4.E-02));
#1288 = LINE('',#1289,#1290);
#1289 = CARTESIAN_POINT('',(-0.6,-0.545,4.E-02));
#1290 = VECTOR('',#1291,1.);
#1291 = DIRECTION('',(1.,0.,0.));
#1292 = ORIENTED_EDGE('',*,*,#1293,.F.);
#1293 = EDGE_CURVE('',#1294,#1286,#1296,.T.);
#1294 = VERTEX_POINT('',#1295);
#1295 = CARTESIAN_POINT('',(0.6,-0.585,8.E-02));
#1296 = CIRCLE('',#1297,4.E-02);
#1297 = AXIS2_PLACEMENT_3D('',#1298,#1299,#1300);
#1298 = CARTESIAN_POINT('',(0.6,-0.545,8.E-02));
#1299 = DIRECTION('',(1.,0.,-0.));
#1300 = DIRECTION('',(0.,0.,1.));
#1301 = ORIENTED_EDGE('',*,*,#1302,.F.);
#1302 = EDGE_CURVE('',#1209,#1294,#1303,.T.);
#1303 = LINE('',#1304,#1305);
#1304 = CARTESIAN_POINT('',(-0.6,-0.585,8.E-02));
#1305 = VECTOR('',#1306,1.);
#1306 = DIRECTION('',(1.,0.,0.));
#1307 = CYLINDRICAL_SURFACE('',#1308,4.E-02);
#1308 = AXIS2_PLACEMENT_3D('',#1309,#1310,#1311);
#1309 = CARTESIAN_POINT('',(-0.6,-0.545,8.E-02));
#1310 = DIRECTION('',(1.,0.,0.));
#1311 = DIRECTION('',(0.,-1.,0.));
#1312 = ADVANCED_FACE('',(#1313),#1331,.F.);
#1313 = FACE_BOUND('',#1314,.F.);
#1314 = EDGE_LOOP('',(#1315,#1316,#1317,#1325));
#1315 = ORIENTED_EDGE('',*,*,#1270,.F.);
#1316 = ORIENTED_EDGE('',*,*,#1285,.T.);
#1317 = ORIENTED_EDGE('',*,*,#1318,.T.);
#1318 = EDGE_CURVE('',#1286,#1319,#1321,.T.);
#1319 = VERTEX_POINT('',#1320);
#1320 = CARTESIAN_POINT('',(0.6,0.545,4.E-02));
#1321 = LINE('',#1322,#1323);
#1322 = CARTESIAN_POINT('',(0.6,-0.585,4.E-02));
#1323 = VECTOR('',#1324,1.);
#1324 = DIRECTION('',(0.,1.,0.));
#1325 = ORIENTED_EDGE('',*,*,#1326,.F.);
#1326 = EDGE_CURVE('',#1262,#1319,#1327,.T.);
#1327 = LINE('',#1328,#1329);
#1328 = CARTESIAN_POINT('',(-0.6,0.545,4.E-02));
#1329 = VECTOR('',#1330,1.);
#1330 = DIRECTION('',(1.,0.,0.));
#1331 = PLANE('',#1332);
#1332 = AXIS2_PLACEMENT_3D('',#1333,#1334,#1335);
#1333 = CARTESIAN_POINT('',(-0.6,-0.585,4.E-02));
#1334 = DIRECTION('',(0.,0.,1.));
#1335 = DIRECTION('',(1.,0.,-0.));
#1336 = ADVANCED_FACE('',(#1337),#1356,.T.);
#1337 = FACE_BOUND('',#1338,.T.);
#1338 = EDGE_LOOP('',(#1339,#1347,#1354,#1355));
#1339 = ORIENTED_EDGE('',*,*,#1340,.T.);
#1340 = EDGE_CURVE('',#1254,#1341,#1343,.T.);
#1341 = VERTEX_POINT('',#1342);
#1342 = CARTESIAN_POINT('',(0.6,0.585,8.E-02));
#1343 = LINE('',#1344,#1345);
#1344 = CARTESIAN_POINT('',(-0.6,0.585,8.E-02));
#1345 = VECTOR('',#1346,1.);
#1346 = DIRECTION('',(1.,0.,0.));
#1347 = ORIENTED_EDGE('',*,*,#1348,.T.);
#1348 = EDGE_CURVE('',#1341,#1319,#1349,.T.);
#1349 = CIRCLE('',#1350,4.E-02);
#1350 = AXIS2_PLACEMENT_3D('',#1351,#1352,#1353);
#1351 = CARTESIAN_POINT('',(0.6,0.545,8.E-02));
#1352 = DIRECTION('',(-1.,0.,0.));
#1353 = DIRECTION('',(0.,0.,1.));
#1354 = ORIENTED_EDGE('',*,*,#1326,.F.);
#1355 = ORIENTED_EDGE('',*,*,#1261,.F.);
#1356 = CYLINDRICAL_SURFACE('',#1357,4.E-02);
#1357 = AXIS2_PLACEMENT_3D('',#1358,#1359,#1360);
#1358 = CARTESIAN_POINT('',(-0.6,0.545,8.E-02));
#1359 = DIRECTION('',(1.,0.,0.));
#1360 = DIRECTION('',(-0.,1.,0.));
#1361 = ADVANCED_FACE('',(#1362),#1380,.T.);
#1362 = FACE_BOUND('',#1363,.T.);
#1363 = EDGE_LOOP('',(#1364,#1372,#1373,#1374));
#1364 = ORIENTED_EDGE('',*,*,#1365,.F.);
#1365 = EDGE_CURVE('',#1341,#1366,#1368,.T.);
#1366 = VERTEX_POINT('',#1367);
#1367 = CARTESIAN_POINT('',(0.6,0.585,1.17));
#1368 = LINE('',#1369,#1370);
#1369 = CARTESIAN_POINT('',(0.6,0.585,4.E-02));
#1370 = VECTOR('',#1371,1.);
#1371 = DIRECTION('',(0.,0.,1.));
#1372 = ORIENTED_EDGE('',*,*,#1340,.F.);
#1373 = ORIENTED_EDGE('',*,*,#1253,.T.);
#1374 = ORIENTED_EDGE('',*,*,#1375,.T.);
#1375 = EDGE_CURVE('',#1245,#1366,#1376,.T.);
#1376 = LINE('',#1377,#1378);
#1377 = CARTESIAN_POINT('',(-0.6,0.585,1.17));
#1378 = VECTOR('',#1379,1.);
#1379 = DIRECTION('',(1.,0.,0.));
#1380 = PLANE('',#1381);
#1381 = AXIS2_PLACEMENT_3D('',#1382,#1383,#1384);
#1382 = CARTESIAN_POINT('',(-0.6,0.585,4.E-02));
#1383 = DIRECTION('',(0.,1.,0.));
#1384 = DIRECTION('',(0.,-0.,1.));
#1385 = ADVANCED_FACE('',(#1386),#1405,.T.);
#1386 = FACE_BOUND('',#1387,.T.);
#1387 = EDGE_LOOP('',(#1388,#1389,#1397,#1404));
#1388 = ORIENTED_EDGE('',*,*,#1244,.T.);
#1389 = ORIENTED_EDGE('',*,*,#1390,.T.);
#1390 = EDGE_CURVE('',#1237,#1391,#1393,.T.);
#1391 = VERTEX_POINT('',#1392);
#1392 = CARTESIAN_POINT('',(0.6,0.545,1.21));
#1393 = LINE('',#1394,#1395);
#1394 = CARTESIAN_POINT('',(-0.6,0.545,1.21));
#1395 = VECTOR('',#1396,1.);
#1396 = DIRECTION('',(1.,0.,0.));
#1397 = ORIENTED_EDGE('',*,*,#1398,.F.);
#1398 = EDGE_CURVE('',#1366,#1391,#1399,.T.);
#1399 = CIRCLE('',#1400,4.E-02);
#1400 = AXIS2_PLACEMENT_3D('',#1401,#1402,#1403);
#1401 = CARTESIAN_POINT('',(0.6,0.545,1.17));
#1402 = DIRECTION('',(1.,0.,-0.));
#1403 = DIRECTION('',(0.,0.,1.));
#1404 = ORIENTED_EDGE('',*,*,#1375,.F.);
#1405 = CYLINDRICAL_SURFACE('',#1406,4.E-02);
#1406 = AXIS2_PLACEMENT_3D('',#1407,#1408,#1409);
#1407 = CARTESIAN_POINT('',(-0.6,0.545,1.17));
#1408 = DIRECTION('',(1.,0.,0.));
#1409 = DIRECTION('',(-0.,1.,0.));
#1410 = ADVANCED_FACE('',(#1411),#1429,.T.);
#1411 = FACE_BOUND('',#1412,.T.);
#1412 = EDGE_LOOP('',(#1413,#1414,#1422,#1428));
#1413 = ORIENTED_EDGE('',*,*,#1236,.F.);
#1414 = ORIENTED_EDGE('',*,*,#1415,.T.);
#1415 = EDGE_CURVE('',#1228,#1416,#1418,.T.);
#1416 = VERTEX_POINT('',#1417);
#1417 = CARTESIAN_POINT('',(0.6,-0.545,1.21));
#1418 = LINE('',#1419,#1420);
#1419 = CARTESIAN_POINT('',(-0.6,-0.545,1.21));
#1420 = VECTOR('',#1421,1.);
#1421 = DIRECTION('',(1.,0.,0.));
#1422 = ORIENTED_EDGE('',*,*,#1423,.T.);
#1423 = EDGE_CURVE('',#1416,#1391,#1424,.T.);
#1424 = LINE('',#1425,#1426);
#1425 = CARTESIAN_POINT('',(0.6,-0.585,1.21));
#1426 = VECTOR('',#1427,1.);
#1427 = DIRECTION('',(0.,1.,0.));
#1428 = ORIENTED_EDGE('',*,*,#1390,.F.);
#1429 = PLANE('',#1430);
#1430 = AXIS2_PLACEMENT_3D('',#1431,#1432,#1433);
#1431 = CARTESIAN_POINT('',(-0.6,-0.585,1.21));
#1432 = DIRECTION('',(0.,0.,1.));
#1433 = DIRECTION('',(1.,0.,-0.));
#1434 = ADVANCED_FACE('',(#1435),#1454,.T.);
#1435 = FACE_BOUND('',#1436,.T.);
#1436 = EDGE_LOOP('',(#1437,#1445,#1452,#1453));
#1437 = ORIENTED_EDGE('',*,*,#1438,.T.);
#1438 = EDGE_CURVE('',#1220,#1439,#1441,.T.);
#1439 = VERTEX_POINT('',#1440);
#1440 = CARTESIAN_POINT('',(0.6,-0.585,1.17));
#1441 = LINE('',#1442,#1443);
#1442 = CARTESIAN_POINT('',(-0.6,-0.585,1.17));
#1443 = VECTOR('',#1444,1.);
#1444 = DIRECTION('',(1.,0.,0.));
#1445 = ORIENTED_EDGE('',*,*,#1446,.T.);
#1446 = EDGE_CURVE('',#1439,#1416,#1447,.T.);
#1447 = CIRCLE('',#1448,4.E-02);
#1448 = AXIS2_PLACEMENT_3D('',#1449,#1450,#1451);
#1449 = CARTESIAN_POINT('',(0.6,-0.545,1.17));
#1450 = DIRECTION('',(-1.,0.,0.));
#1451 = DIRECTION('',(0.,0.,1.));
#1452 = ORIENTED_EDGE('',*,*,#1415,.F.);
#1453 = ORIENTED_EDGE('',*,*,#1227,.F.);
#1454 = CYLINDRICAL_SURFACE('',#1455,4.E-02);
#1455 = AXIS2_PLACEMENT_3D('',#1456,#1457,#1458);
#1456 = CARTESIAN_POINT('',(-0.6,-0.545,1.17));
#1457 = DIRECTION('',(1.,0.,0.));
#1458 = DIRECTION('',(0.,-1.,0.));
#1459 = ADVANCED_FACE('',(#1460),#1471,.F.);
#1460 = FACE_BOUND('',#1461,.F.);
#1461 = EDGE_LOOP('',(#1462,#1468,#1469,#1470));
#1462 = ORIENTED_EDGE('',*,*,#1463,.F.);
#1463 = EDGE_CURVE('',#1294,#1439,#1464,.T.);
#1464 = LINE('',#1465,#1466);
#1465 = CARTESIAN_POINT('',(0.6,-0.585,4.E-02));
#1466 = VECTOR('',#1467,1.);
#1467 = DIRECTION('',(0.,0.,1.));
#1468 = ORIENTED_EDGE('',*,*,#1302,.F.);
#1469 = ORIENTED_EDGE('',*,*,#1219,.T.);
#1470 = ORIENTED_EDGE('',*,*,#1438,.T.);
#1471 = PLANE('',#1472);
#1472 = AXIS2_PLACEMENT_3D('',#1473,#1474,#1475);
#1473 = CARTESIAN_POINT('',(-0.6,-0.585,4.E-02));
#1474 = DIRECTION('',(0.,1.,0.));
#1475 = DIRECTION('',(0.,-0.,1.));
#1476 = ADVANCED_FACE('',(#1477,#1547),#1557,.F.);
#1477 = FACE_BOUND('',#1478,.F.);
#1478 = EDGE_LOOP('',(#1479,#1489,#1498,#1506,#1515,#1523,#1532,#1540));
#1479 = ORIENTED_EDGE('',*,*,#1480,.F.);
#1480 = EDGE_CURVE('',#1481,#1483,#1485,.T.);
#1481 = VERTEX_POINT('',#1482);
#1482 = CARTESIAN_POINT('',(0.6,-0.625,4.E-02));
#1483 = VERTEX_POINT('',#1484);
#1484 = CARTESIAN_POINT('',(0.6,-0.625,1.21));
#1485 = LINE('',#1486,#1487);
#1486 = CARTESIAN_POINT('',(0.6,-0.625,0.));
#1487 = VECTOR('',#1488,1.);
#1488 = DIRECTION('',(0.,0.,1.));
#1489 = ORIENTED_EDGE('',*,*,#1490,.T.);
#1490 = EDGE_CURVE('',#1481,#1491,#1493,.T.);
#1491 = VERTEX_POINT('',#1492);
#1492 = CARTESIAN_POINT('',(0.6,-0.585,0.));
#1493 = CIRCLE('',#1494,4.E-02);
#1494 = AXIS2_PLACEMENT_3D('',#1495,#1496,#1497);
#1495 = CARTESIAN_POINT('',(0.6,-0.585,4.E-02));
#1496 = DIRECTION('',(1.,0.,-0.));
#1497 = DIRECTION('',(0.,0.,1.));
#1498 = ORIENTED_EDGE('',*,*,#1499,.T.);
#1499 = EDGE_CURVE('',#1491,#1500,#1502,.T.);
#1500 = VERTEX_POINT('',#1501);
#1501 = CARTESIAN_POINT('',(0.6,0.585,0.));
#1502 = LINE('',#1503,#1504);
#1503 = CARTESIAN_POINT('',(0.6,-0.625,0.));
#1504 = VECTOR('',#1505,1.);
#1505 = DIRECTION('',(0.,1.,0.));
#1506 = ORIENTED_EDGE('',*,*,#1507,.F.);
#1507 = EDGE_CURVE('',#1508,#1500,#1510,.T.);
#1508 = VERTEX_POINT('',#1509);
#1509 = CARTESIAN_POINT('',(0.6,0.625,4.E-02));
#1510 = CIRCLE('',#1511,4.E-02);
#1511 = AXIS2_PLACEMENT_3D('',#1512,#1513,#1514);
#1512 = CARTESIAN_POINT('',(0.6,0.585,4.E-02));
#1513 = DIRECTION('',(-1.,0.,0.));
#1514 = DIRECTION('',(0.,0.,1.));
#1515 = ORIENTED_EDGE('',*,*,#1516,.T.);
#1516 = EDGE_CURVE('',#1508,#1517,#1519,.T.);
#1517 = VERTEX_POINT('',#1518);
#1518 = CARTESIAN_POINT('',(0.6,0.625,1.21));
#1519 = LINE('',#1520,#1521);
#1520 = CARTESIAN_POINT('',(0.6,0.625,0.));
#1521 = VECTOR('',#1522,1.);
#1522 = DIRECTION('',(0.,0.,1.));
#1523 = ORIENTED_EDGE('',*,*,#1524,.T.);
#1524 = EDGE_CURVE('',#1517,#1525,#1527,.T.);
#1525 = VERTEX_POINT('',#1526);
#1526 = CARTESIAN_POINT('',(0.6,0.585,1.25));
#1527 = CIRCLE('',#1528,4.E-02);
#1528 = AXIS2_PLACEMENT_3D('',#1529,#1530,#1531);
#1529 = CARTESIAN_POINT('',(0.6,0.585,1.21));
#1530 = DIRECTION('',(1.,0.,-0.));
#1531 = DIRECTION('',(0.,0.,1.));
#1532 = ORIENTED_EDGE('',*,*,#1533,.F.);
#1533 = EDGE_CURVE('',#1534,#1525,#1536,.T.);
#1534 = VERTEX_POINT('',#1535);
#1535 = CARTESIAN_POINT('',(0.6,-0.585,1.25));
#1536 = LINE('',#1537,#1538);
#1537 = CARTESIAN_POINT('',(0.6,-0.625,1.25));
#1538 = VECTOR('',#1539,1.);
#1539 = DIRECTION('',(0.,1.,0.));
#1540 = ORIENTED_EDGE('',*,*,#1541,.F.);
#1541 = EDGE_CURVE('',#1483,#1534,#1542,.T.);
#1542 = CIRCLE('',#1543,4.E-02);
#1543 = AXIS2_PLACEMENT_3D('',#1544,#1545,#1546);
#1544 = CARTESIAN_POINT('',(0.6,-0.585,1.21));
#1545 = DIRECTION('',(-1.,0.,0.));
#1546 = DIRECTION('',(0.,0.,1.));
#1547 = FACE_BOUND('',#1548,.F.);
#1548 = EDGE_LOOP('',(#1549,#1550,#1551,#1552,#1553,#1554,#1555,#1556));
#1549 = ORIENTED_EDGE('',*,*,#1293,.F.);
#1550 = ORIENTED_EDGE('',*,*,#1463,.T.);
#1551 = ORIENTED_EDGE('',*,*,#1446,.T.);
#1552 = ORIENTED_EDGE('',*,*,#1423,.T.);
#1553 = ORIENTED_EDGE('',*,*,#1398,.F.);
#1554 = ORIENTED_EDGE('',*,*,#1365,.F.);
#1555 = ORIENTED_EDGE('',*,*,#1348,.T.);
#1556 = ORIENTED_EDGE('',*,*,#1318,.F.);
#1557 = PLANE('',#1558);
#1558 = AXIS2_PLACEMENT_3D('',#1559,#1560,#1561);
#1559 = CARTESIAN_POINT('',(0.6,-0.625,0.));
#1560 = DIRECTION('',(1.,0.,0.));
#1561 = DIRECTION('',(0.,0.,1.));
#1562 = ADVANCED_FACE('',(#1563),#1588,.F.);
#1563 = FACE_BOUND('',#1564,.F.);
#1564 = EDGE_LOOP('',(#1565,#1575,#1581,#1582));
#1565 = ORIENTED_EDGE('',*,*,#1566,.F.);
#1566 = EDGE_CURVE('',#1567,#1569,#1571,.T.);
#1567 = VERTEX_POINT('',#1568);
#1568 = CARTESIAN_POINT('',(1.,-0.625,4.E-02));
#1569 = VERTEX_POINT('',#1570);
#1570 = CARTESIAN_POINT('',(1.,-0.625,1.21));
#1571 = LINE('',#1572,#1573);
#1572 = CARTESIAN_POINT('',(1.,-0.625,0.));
#1573 = VECTOR('',#1574,1.);
#1574 = DIRECTION('',(0.,0.,1.));
#1575 = ORIENTED_EDGE('',*,*,#1576,.F.);
#1576 = EDGE_CURVE('',#1481,#1567,#1577,.T.);
#1577 = LINE('',#1578,#1579);
#1578 = CARTESIAN_POINT('',(0.6,-0.625,4.E-02));
#1579 = VECTOR('',#1580,1.);
#1580 = DIRECTION('',(1.,0.,0.));
#1581 = ORIENTED_EDGE('',*,*,#1480,.T.);
#1582 = ORIENTED_EDGE('',*,*,#1583,.T.);
#1583 = EDGE_CURVE('',#1483,#1569,#1584,.T.);
#1584 = LINE('',#1585,#1586);
#1585 = CARTESIAN_POINT('',(0.6,-0.625,1.21));
#1586 = VECTOR('',#1587,1.);
#1587 = DIRECTION('',(1.,0.,0.));
#1588 = PLANE('',#1589);
#1589 = AXIS2_PLACEMENT_3D('',#1590,#1591,#1592);
#1590 = CARTESIAN_POINT('',(0.6,-0.625,0.));
#1591 = DIRECTION('',(0.,1.,0.));
#1592 = DIRECTION('',(0.,-0.,1.));
#1593 = ADVANCED_FACE('',(#1594),#1613,.T.);
#1594 = FACE_BOUND('',#1595,.T.);
#1595 = EDGE_LOOP('',(#1596,#1597,#1605,#1612));
#1596 = ORIENTED_EDGE('',*,*,#1490,.T.);
#1597 = ORIENTED_EDGE('',*,*,#1598,.T.);
#1598 = EDGE_CURVE('',#1491,#1599,#1601,.T.);
#1599 = VERTEX_POINT('',#1600);
#1600 = CARTESIAN_POINT('',(1.,-0.585,0.));
#1601 = LINE('',#1602,#1603);
#1602 = CARTESIAN_POINT('',(0.6,-0.585,0.));
#1603 = VECTOR('',#1604,1.);
#1604 = DIRECTION('',(1.,0.,0.));
#1605 = ORIENTED_EDGE('',*,*,#1606,.F.);
#1606 = EDGE_CURVE('',#1567,#1599,#1607,.T.);
#1607 = CIRCLE('',#1608,4.E-02);
#1608 = AXIS2_PLACEMENT_3D('',#1609,#1610,#1611);
#1609 = CARTESIAN_POINT('',(1.,-0.585,4.E-02));
#1610 = DIRECTION('',(1.,0.,-0.));
#1611 = DIRECTION('',(0.,0.,1.));
#1612 = ORIENTED_EDGE('',*,*,#1576,.F.);
#1613 = CYLINDRICAL_SURFACE('',#1614,4.E-02);
#1614 = AXIS2_PLACEMENT_3D('',#1615,#1616,#1617);
#1615 = CARTESIAN_POINT('',(0.6,-0.585,4.E-02));
#1616 = DIRECTION('',(1.,0.,0.));
#1617 = DIRECTION('',(0.,-1.,0.));
#1618 = ADVANCED_FACE('',(#1619),#1638,.T.);
#1619 = FACE_BOUND('',#1620,.T.);
#1620 = EDGE_LOOP('',(#1621,#1622,#1631,#1637));
#1621 = ORIENTED_EDGE('',*,*,#1583,.T.);
#1622 = ORIENTED_EDGE('',*,*,#1623,.T.);
#1623 = EDGE_CURVE('',#1569,#1624,#1626,.T.);
#1624 = VERTEX_POINT('',#1625);
#1625 = CARTESIAN_POINT('',(1.,-0.585,1.25));
#1626 = CIRCLE('',#1627,4.E-02);
#1627 = AXIS2_PLACEMENT_3D('',#1628,#1629,#1630);
#1628 = CARTESIAN_POINT('',(1.,-0.585,1.21));
#1629 = DIRECTION('',(-1.,0.,0.));
#1630 = DIRECTION('',(0.,0.,1.));
#1631 = ORIENTED_EDGE('',*,*,#1632,.F.);
#1632 = EDGE_CURVE('',#1534,#1624,#1633,.T.);
#1633 = LINE('',#1634,#1635);
#1634 = CARTESIAN_POINT('',(0.6,-0.585,1.25));
#1635 = VECTOR('',#1636,1.);
#1636 = DIRECTION('',(1.,0.,0.));
#1637 = ORIENTED_EDGE('',*,*,#1541,.F.);
#1638 = CYLINDRICAL_SURFACE('',#1639,4.E-02);
#1639 = AXIS2_PLACEMENT_3D('',#1640,#1641,#1642);
#1640 = CARTESIAN_POINT('',(0.6,-0.585,1.21));
#1641 = DIRECTION('',(1.,0.,0.));
#1642 = DIRECTION('',(0.,-1.,0.));
#1643 = ADVANCED_FACE('',(#1644),#1662,.F.);
#1644 = FACE_BOUND('',#1645,.F.);
#1645 = EDGE_LOOP('',(#1646,#1647,#1648,#1656));
#1646 = ORIENTED_EDGE('',*,*,#1499,.F.);
#1647 = ORIENTED_EDGE('',*,*,#1598,.T.);
#1648 = ORIENTED_EDGE('',*,*,#1649,.T.);
#1649 = EDGE_CURVE('',#1599,#1650,#1652,.T.);
#1650 = VERTEX_POINT('',#1651);
#1651 = CARTESIAN_POINT('',(1.,0.585,0.));
#1652 = LINE('',#1653,#1654);
#1653 = CARTESIAN_POINT('',(1.,-0.625,0.));
#1654 = VECTOR('',#1655,1.);
#1655 = DIRECTION('',(0.,1.,0.));
#1656 = ORIENTED_EDGE('',*,*,#1657,.F.);
#1657 = EDGE_CURVE('',#1500,#1650,#1658,.T.);
#1658 = LINE('',#1659,#1660);
#1659 = CARTESIAN_POINT('',(0.6,0.585,0.));
#1660 = VECTOR('',#1661,1.);
#1661 = DIRECTION('',(1.,0.,0.));
#1662 = PLANE('',#1663);
#1663 = AXIS2_PLACEMENT_3D('',#1664,#1665,#1666);
#1664 = CARTESIAN_POINT('',(0.6,-0.625,0.));
#1665 = DIRECTION('',(0.,0.,1.));
#1666 = DIRECTION('',(1.,0.,-0.));
#1667 = ADVANCED_FACE('',(#1668),#1686,.T.);
#1668 = FACE_BOUND('',#1669,.T.);
#1669 = EDGE_LOOP('',(#1670,#1671,#1672,#1680));
#1670 = ORIENTED_EDGE('',*,*,#1533,.F.);
#1671 = ORIENTED_EDGE('',*,*,#1632,.T.);
#1672 = ORIENTED_EDGE('',*,*,#1673,.T.);
#1673 = EDGE_CURVE('',#1624,#1674,#1676,.T.);
#1674 = VERTEX_POINT('',#1675);
#1675 = CARTESIAN_POINT('',(1.,0.585,1.25));
#1676 = LINE('',#1677,#1678);
#1677 = CARTESIAN_POINT('',(1.,-0.625,1.25));
#1678 = VECTOR('',#1679,1.);
#1679 = DIRECTION('',(0.,1.,0.));
#1680 = ORIENTED_EDGE('',*,*,#1681,.F.);
#1681 = EDGE_CURVE('',#1525,#1674,#1682,.T.);
#1682 = LINE('',#1683,#1684);
#1683 = CARTESIAN_POINT('',(0.6,0.585,1.25));
#1684 = VECTOR('',#1685,1.);
#1685 = DIRECTION('',(1.,0.,0.));
#1686 = PLANE('',#1687);
#1687 = AXIS2_PLACEMENT_3D('',#1688,#1689,#1690);
#1688 = CARTESIAN_POINT('',(0.6,-0.625,1.25));
#1689 = DIRECTION('',(0.,0.,1.));
#1690 = DIRECTION('',(1.,0.,-0.));
#1691 = ADVANCED_FACE('',(#1692),#1711,.T.);
#1692 = FACE_BOUND('',#1693,.T.);
#1693 = EDGE_LOOP('',(#1694,#1702,#1709,#1710));
#1694 = ORIENTED_EDGE('',*,*,#1695,.T.);
#1695 = EDGE_CURVE('',#1508,#1696,#1698,.T.);
#1696 = VERTEX_POINT('',#1697);
#1697 = CARTESIAN_POINT('',(1.,0.625,4.E-02));
#1698 = LINE('',#1699,#1700);
#1699 = CARTESIAN_POINT('',(0.6,0.625,4.E-02));
#1700 = VECTOR('',#1701,1.);
#1701 = DIRECTION('',(1.,0.,0.));
#1702 = ORIENTED_EDGE('',*,*,#1703,.T.);
#1703 = EDGE_CURVE('',#1696,#1650,#1704,.T.);
#1704 = CIRCLE('',#1705,4.E-02);
#1705 = AXIS2_PLACEMENT_3D('',#1706,#1707,#1708);
#1706 = CARTESIAN_POINT('',(1.,0.585,4.E-02));
#1707 = DIRECTION('',(-1.,0.,0.));
#1708 = DIRECTION('',(0.,0.,1.));
#1709 = ORIENTED_EDGE('',*,*,#1657,.F.);
#1710 = ORIENTED_EDGE('',*,*,#1507,.F.);
#1711 = CYLINDRICAL_SURFACE('',#1712,4.E-02);
#1712 = AXIS2_PLACEMENT_3D('',#1713,#1714,#1715);
#1713 = CARTESIAN_POINT('',(0.6,0.585,4.E-02));
#1714 = DIRECTION('',(1.,0.,0.));
#1715 = DIRECTION('',(-0.,1.,0.));
#1716 = ADVANCED_FACE('',(#1717),#1736,.T.);
#1717 = FACE_BOUND('',#1718,.T.);
#1718 = EDGE_LOOP('',(#1719,#1720,#1721,#1730));
#1719 = ORIENTED_EDGE('',*,*,#1524,.T.);
#1720 = ORIENTED_EDGE('',*,*,#1681,.T.);
#1721 = ORIENTED_EDGE('',*,*,#1722,.F.);
#1722 = EDGE_CURVE('',#1723,#1674,#1725,.T.);
#1723 = VERTEX_POINT('',#1724);
#1724 = CARTESIAN_POINT('',(1.,0.625,1.21));
#1725 = CIRCLE('',#1726,4.E-02);
#1726 = AXIS2_PLACEMENT_3D('',#1727,#1728,#1729);
#1727 = CARTESIAN_POINT('',(1.,0.585,1.21));
#1728 = DIRECTION('',(1.,0.,-0.));
#1729 = DIRECTION('',(0.,0.,1.));
#1730 = ORIENTED_EDGE('',*,*,#1731,.F.);
#1731 = EDGE_CURVE('',#1517,#1723,#1732,.T.);
#1732 = LINE('',#1733,#1734);
#1733 = CARTESIAN_POINT('',(0.6,0.625,1.21));
#1734 = VECTOR('',#1735,1.);
#1735 = DIRECTION('',(1.,0.,0.));
#1736 = CYLINDRICAL_SURFACE('',#1737,4.E-02);
#1737 = AXIS2_PLACEMENT_3D('',#1738,#1739,#1740);
#1738 = CARTESIAN_POINT('',(0.6,0.585,1.21));
#1739 = DIRECTION('',(1.,0.,0.));
#1740 = DIRECTION('',(-0.,1.,0.));
#1741 = ADVANCED_FACE('',(#1742),#1753,.T.);
#1742 = FACE_BOUND('',#1743,.T.);
#1743 = EDGE_LOOP('',(#1744,#1750,#1751,#1752));
#1744 = ORIENTED_EDGE('',*,*,#1745,.F.);
#1745 = EDGE_CURVE('',#1696,#1723,#1746,.T.);
#1746 = LINE('',#1747,#1748);
#1747 = CARTESIAN_POINT('',(1.,0.625,0.));
#1748 = VECTOR('',#1749,1.);
#1749 = DIRECTION('',(0.,0.,1.));
#1750 = ORIENTED_EDGE('',*,*,#1695,.F.);
#1751 = ORIENTED_EDGE('',*,*,#1516,.T.);
#1752 = ORIENTED_EDGE('',*,*,#1731,.T.);
#1753 = PLANE('',#1754);
#1754 = AXIS2_PLACEMENT_3D('',#1755,#1756,#1757);
#1755 = CARTESIAN_POINT('',(0.6,0.625,0.));
#1756 = DIRECTION('',(0.,1.,0.));
#1757 = DIRECTION('',(0.,-0.,1.));
#1758 = ADVANCED_FACE('',(#1759),#1769,.T.);
#1759 = FACE_BOUND('',#1760,.T.);
#1760 = EDGE_LOOP('',(#1761,#1762,#1763,#1764,#1765,#1766,#1767,#1768));
#1761 = ORIENTED_EDGE('',*,*,#1566,.F.);
#1762 = ORIENTED_EDGE('',*,*,#1606,.T.);
#1763 = ORIENTED_EDGE('',*,*,#1649,.T.);
#1764 = ORIENTED_EDGE('',*,*,#1703,.F.);
#1765 = ORIENTED_EDGE('',*,*,#1745,.T.);
#1766 = ORIENTED_EDGE('',*,*,#1722,.T.);
#1767 = ORIENTED_EDGE('',*,*,#1673,.F.);
#1768 = ORIENTED_EDGE('',*,*,#1623,.F.);
#1769 = PLANE('',#1770);
#1770 = AXIS2_PLACEMENT_3D('',#1771,#1772,#1773);
#1771 = CARTESIAN_POINT('',(1.,-0.625,0.));
#1772 = DIRECTION('',(1.,0.,0.));
#1773 = DIRECTION('',(0.,0.,1.));
#1774 = ( GEOMETRIC_REPRESENTATION_CONTEXT(3) 
GLOBAL_UNCERTAINTY_ASSIGNED_CONTEXT((#1778)) 
GLOBAL_UNIT_ASSIGNED_CONTEXT((#1775,#1776,#1777)) REPRESENTATION_CONTEXT
('Context #1','3D Context with UNIT and UNCERTAINTY') );
#1775 = ( LENGTH_UNIT() NAMED_UNIT(*) SI_UNIT(.MILLI.,.METRE.) );
#1776 = ( NAMED_UNIT(*) PLANE_ANGLE_UNIT() SI_UNIT($,.RADIAN.) );
#1777 = ( NAMED_UNIT(*) SI_UNIT($,.STERADIAN.) SOLID_ANGLE_UNIT() );
#1778 = UNCERTAINTY_MEASURE_WITH_UNIT(LENGTH_MEASURE(1.E-07),#1775,
  'distance_accuracy_value','confusion accuracy');
#1779 = CONTEXT_DEPENDENT_SHAPE_REPRESENTATION(#1780,#1782);
#1780 = ( REPRESENTATION_RELATIONSHIP('','',#919,#896) 
REPRESENTATION_RELATIONSHIP_WITH_TRANSFORMATION(#1781) 
SHAPE_REPRESENTATION_RELATIONSHIP() );
#1781 = ITEM_DEFINED_TRANSFORMATION('','',#11,#897);
#1782 = PRODUCT_DEFINITION_SHAPE('Placement','Placement of an item',
  #1783);
#1783 = NEXT_ASSEMBLY_USAGE_OCCURRENCE('3','=>[0:1:1:5]','',#891,#914,$
  );
#1784 = PRODUCT_RELATED_PRODUCT_CATEGORY('part',$,(#916));
#1785 = CONTEXT_DEPENDENT_SHAPE_REPRESENTATION(#1786,#1788);
#1786 = ( REPRESENTATION_RELATIONSHIP('','',#64,#10) 
REPRESENTATION_RELATIONSHIP_WITH_TRANSFORMATION(#1787) 
SHAPE_REPRESENTATION_RELATIONSHIP() );
#1787 = ITEM_DEFINED_TRANSFORMATION('','',#11,#23);
#1788 = PRODUCT_DEFINITION_SHAPE('Placement','Placement of an item',
  #1789);
#1789 = NEXT_ASSEMBLY_USAGE_OCCURRENCE('5','R4','',#5,#59,$);
#1790 = SHAPE_DEFINITION_REPRESENTATION(#1791,#1797);
#1791 = PRODUCT_DEFINITION_SHAPE('','',#1792);
#1792 = PRODUCT_DEFINITION('design','',#1793,#1796);
#1793 = PRODUCT_DEFINITION_FORMATION('','',#1794);
#1794 = PRODUCT('CONN-SMD_30P-OK-23GF030-04',
  'CONN-SMD_30P-OK-23GF030-04','',(#1795));
#1795 = PRODUCT_CONTEXT('',#2,'mechanical');
#1796 = PRODUCT_DEFINITION_CONTEXT('part definition',#2,'design');
#1797 = SHAPE_REPRESENTATION('',(#11,#1798),#1802);
#1798 = AXIS2_PLACEMENT_3D('',#1799,#1800,#1801);
#1799 = CARTESIAN_POINT('',(0.,0.,0.));
#1800 = DIRECTION('',(0.,0.,1.));
#1801 = DIRECTION('',(1.,0.,-0.));
#1802 = ( GEOMETRIC_REPRESENTATION_CONTEXT(3) 
GLOBAL_UNCERTAINTY_ASSIGNED_CONTEXT((#1806)) 
GLOBAL_UNIT_ASSIGNED_CONTEXT((#1803,#1804,#1805)) REPRESENTATION_CONTEXT
('Context #1','3D Context with UNIT and UNCERTAINTY') );
#1803 = ( LENGTH_UNIT() NAMED_UNIT(*) SI_UNIT(.MILLI.,.METRE.) );
#1804 = ( NAMED_UNIT(*) PLANE_ANGLE_UNIT() SI_UNIT($,.RADIAN.) );
#1805 = ( NAMED_UNIT(*) SI_UNIT($,.STERADIAN.) SOLID_ANGLE_UNIT() );
#1806 = UNCERTAINTY_MEASURE_WITH_UNIT(LENGTH_MEASURE(1.E-07),#1803,
  'distance_accuracy_value','confusion accuracy');
#1807 = CONTEXT_DEPENDENT_SHAPE_REPRESENTATION(#1808,#1810);
#1808 = ( REPRESENTATION_RELATIONSHIP('','',#1797,#10) 
REPRESENTATION_RELATIONSHIP_WITH_TRANSFORMATION(#1809) 
SHAPE_REPRESENTATION_RELATIONSHIP() );
#1809 = ITEM_DEFINED_TRANSFORMATION('','',#11,#27);
#1810 = PRODUCT_DEFINITION_SHAPE('Placement','Placement of an item',
  #1811);
#1811 = NEXT_ASSEMBLY_USAGE_OCCURRENCE('44','CN1','',#5,#1792,$);
#1812 = PRODUCT_RELATED_PRODUCT_CATEGORY('part',$,(#1794));
#1813 = SHAPE_DEFINITION_REPRESENTATION(#1814,#1820);
#1814 = PRODUCT_DEFINITION_SHAPE('','',#1815);
#1815 = PRODUCT_DEFINITION('design','',#1816,#1819);
#1816 = PRODUCT_DEFINITION_FORMATION('','',#1817);
#1817 = PRODUCT('Open CASCADE STEP translator 7.9 1',
  'Open CASCADE STEP translator 7.9 1','',(#1818));
#1818 = PRODUCT_CONTEXT('',#2,'mechanical');
#1819 = PRODUCT_DEFINITION_CONTEXT('part definition',#2,'design');
#1820 = SHAPE_REPRESENTATION('',(#11,#1821,#1825,#1829),#1833);
#1821 = AXIS2_PLACEMENT_3D('',#1822,#1823,#1824);
#1822 = CARTESIAN_POINT('',(0.,0.,0.));
#1823 = DIRECTION('',(0.,0.,1.));
#1824 = DIRECTION('',(1.,0.,0.));
#1825 = AXIS2_PLACEMENT_3D('',#1826,#1827,#1828);
#1826 = CARTESIAN_POINT('',(0.,0.,0.));
#1827 = DIRECTION('',(0.,0.,1.));
#1828 = DIRECTION('',(1.,0.,0.));
#1829 = AXIS2_PLACEMENT_3D('',#1830,#1831,#1832);
#1830 = CARTESIAN_POINT('',(0.,0.,0.));
#1831 = DIRECTION('',(0.,0.,1.));
#1832 = DIRECTION('',(1.,0.,0.));
#1833 = ( GEOMETRIC_REPRESENTATION_CONTEXT(3) 
GLOBAL_UNCERTAINTY_ASSIGNED_CONTEXT((#1837)) 
GLOBAL_UNIT_ASSIGNED_CONTEXT((#1834,#1835,#1836)) REPRESENTATION_CONTEXT
('Context #1','3D Context with UNIT and UNCERTAINTY') );
#1834 = ( LENGTH_UNIT() NAMED_UNIT(*) SI_UNIT(.MILLI.,.METRE.) );
#1835 = ( NAMED_UNIT(*) PLANE_ANGLE_UNIT() SI_UNIT($,.RADIAN.) );
#1836 = ( NAMED_UNIT(*) SI_UNIT($,.STERADIAN.) SOLID_ANGLE_UNIT() );
#1837 = UNCERTAINTY_MEASURE_WITH_UNIT(LENGTH_MEASURE(1.E-07),#1834,
  'distance_accuracy_value','confusion accuracy');
#1838 = CONTEXT_DEPENDENT_SHAPE_REPRESENTATION(#1839,#1841);
#1839 = ( REPRESENTATION_RELATIONSHIP('','',#1820,#1797) 
REPRESENTATION_RELATIONSHIP_WITH_TRANSFORMATION(#1840) 
SHAPE_REPRESENTATION_RELATIONSHIP() );
#1840 = ITEM_DEFINED_TRANSFORMATION('','',#11,#1798);
#1841 = PRODUCT_DEFINITION_SHAPE('Placement','Placement of an item',
  #1842);
#1842 = NEXT_ASSEMBLY_USAGE_OCCURRENCE('43','=>[0:1:1:7]','',#1792,#1815
  ,$);
#1843 = PRODUCT_RELATED_PRODUCT_CATEGORY('part',$,(#1817));
#1844 = SHAPE_DEFINITION_REPRESENTATION(#1845,#1851);
#1845 = PRODUCT_DEFINITION_SHAPE('','',#1846);
#1846 = PRODUCT_DEFINITION('design','',#1847,#1850);
#1847 = PRODUCT_DEFINITION_FORMATION('','',#1848);
#1848 = PRODUCT('Open CASCADE STEP translator 7.9 1.1',
  'Open CASCADE STEP translator 7.9 1.1','',(#1849));
#1849 = PRODUCT_CONTEXT('',#2,'mechanical');
#1850 = PRODUCT_DEFINITION_CONTEXT('part definition',#2,'design');
#1851 = ADVANCED_BREP_SHAPE_REPRESENTATION('',(#11,#1852),#2144);
#1852 = MANIFOLD_SOLID_BREP('',#1853);
#1853 = CLOSED_SHELL('',(#1854,#1894,#1959,#1990,#2021,#2038,#2055,#2067
    ,#2098,#2115,#2132));
#1854 = ADVANCED_FACE('',(#1855),#1889,.F.);
#1855 = FACE_BOUND('',#1856,.F.);
#1856 = EDGE_LOOP('',(#1857,#1867,#1875,#1883));
#1857 = ORIENTED_EDGE('',*,*,#1858,.F.);
#1858 = EDGE_CURVE('',#1859,#1861,#1863,.T.);
#1859 = VERTEX_POINT('',#1860);
#1860 = CARTESIAN_POINT('',(-4.55,-1.425,0.));
#1861 = VERTEX_POINT('',#1862);
#1862 = CARTESIAN_POINT('',(-4.55,-1.425,0.65));
#1863 = LINE('',#1864,#1865);
#1864 = CARTESIAN_POINT('',(-4.55,-1.425,0.));
#1865 = VECTOR('',#1866,1.);
#1866 = DIRECTION('',(0.,0.,1.));
#1867 = ORIENTED_EDGE('',*,*,#1868,.T.);
#1868 = EDGE_CURVE('',#1859,#1869,#1871,.T.);
#1869 = VERTEX_POINT('',#1870);
#1870 = CARTESIAN_POINT('',(-4.55,1.425,0.));
#1871 = LINE('',#1872,#1873);
#1872 = CARTESIAN_POINT('',(-4.55,-1.425,0.));
#1873 = VECTOR('',#1874,1.);
#1874 = DIRECTION('',(0.,1.,0.));
#1875 = ORIENTED_EDGE('',*,*,#1876,.F.);
#1876 = EDGE_CURVE('',#1877,#1869,#1879,.T.);
#1877 = VERTEX_POINT('',#1878);
#1878 = CARTESIAN_POINT('',(-4.55,1.425,0.65));
#1879 = LINE('',#1880,#1881);
#1880 = CARTESIAN_POINT('',(-4.55,1.425,0.65));
#1881 = VECTOR('',#1882,1.);
#1882 = DIRECTION('',(0.,0.,-1.));
#1883 = ORIENTED_EDGE('',*,*,#1884,.F.);
#1884 = EDGE_CURVE('',#1861,#1877,#1885,.T.);
#1885 = LINE('',#1886,#1887);
#1886 = CARTESIAN_POINT('',(-4.55,-1.425,0.65));
#1887 = VECTOR('',#1888,1.);
#1888 = DIRECTION('',(0.,1.,0.));
#1889 = PLANE('',#1890);
#1890 = AXIS2_PLACEMENT_3D('',#1891,#1892,#1893);
#1891 = CARTESIAN_POINT('',(-4.55,-1.425,0.));
#1892 = DIRECTION('',(1.,0.,0.));
#1893 = DIRECTION('',(0.,0.,1.));
#1894 = ADVANCED_FACE('',(#1895,#1920),#1954,.T.);
#1895 = FACE_BOUND('',#1896,.T.);
#1896 = EDGE_LOOP('',(#1897,#1898,#1906,#1914));
#1897 = ORIENTED_EDGE('',*,*,#1884,.F.);
#1898 = ORIENTED_EDGE('',*,*,#1899,.F.);
#1899 = EDGE_CURVE('',#1900,#1861,#1902,.T.);
#1900 = VERTEX_POINT('',#1901);
#1901 = CARTESIAN_POINT('',(4.55,-1.425,0.65));
#1902 = LINE('',#1903,#1904);
#1903 = CARTESIAN_POINT('',(4.55,-1.425,0.65));
#1904 = VECTOR('',#1905,1.);
#1905 = DIRECTION('',(-1.,0.,0.));
#1906 = ORIENTED_EDGE('',*,*,#1907,.T.);
#1907 = EDGE_CURVE('',#1900,#1908,#1910,.T.);
#1908 = VERTEX_POINT('',#1909);
#1909 = CARTESIAN_POINT('',(4.55,1.425,0.65));
#1910 = LINE('',#1911,#1912);
#1911 = CARTESIAN_POINT('',(4.55,-1.425,0.65));
#1912 = VECTOR('',#1913,1.);
#1913 = DIRECTION('',(0.,1.,0.));
#1914 = ORIENTED_EDGE('',*,*,#1915,.F.);
#1915 = EDGE_CURVE('',#1877,#1908,#1916,.T.);
#1916 = LINE('',#1917,#1918);
#1917 = CARTESIAN_POINT('',(-4.55,1.425,0.65));
#1918 = VECTOR('',#1919,1.);
#1919 = DIRECTION('',(1.,0.,0.));
#1920 = FACE_BOUND('',#1921,.T.);
#1921 = EDGE_LOOP('',(#1922,#1932,#1940,#1948));
#1922 = ORIENTED_EDGE('',*,*,#1923,.F.);
#1923 = EDGE_CURVE('',#1924,#1926,#1928,.T.);
#1924 = VERTEX_POINT('',#1925);
#1925 = CARTESIAN_POINT('',(3.8,-1.075,0.65));
#1926 = VERTEX_POINT('',#1927);
#1927 = CARTESIAN_POINT('',(3.8,1.075,0.65));
#1928 = LINE('',#1929,#1930);
#1929 = CARTESIAN_POINT('',(3.8,-1.425,0.65));
#1930 = VECTOR('',#1931,1.);
#1931 = DIRECTION('',(0.,1.,0.));
#1932 = ORIENTED_EDGE('',*,*,#1933,.F.);
#1933 = EDGE_CURVE('',#1934,#1924,#1936,.T.);
#1934 = VERTEX_POINT('',#1935);
#1935 = CARTESIAN_POINT('',(-3.8,-1.075,0.65));
#1936 = LINE('',#1937,#1938);
#1937 = CARTESIAN_POINT('',(-3.8,-1.075,0.65));
#1938 = VECTOR('',#1939,1.);
#1939 = DIRECTION('',(1.,0.,0.));
#1940 = ORIENTED_EDGE('',*,*,#1941,.T.);
#1941 = EDGE_CURVE('',#1934,#1942,#1944,.T.);
#1942 = VERTEX_POINT('',#1943);
#1943 = CARTESIAN_POINT('',(-3.8,1.075,0.65));
#1944 = LINE('',#1945,#1946);
#1945 = CARTESIAN_POINT('',(-3.8,-1.425,0.65));
#1946 = VECTOR('',#1947,1.);
#1947 = DIRECTION('',(0.,1.,0.));
#1948 = ORIENTED_EDGE('',*,*,#1949,.T.);
#1949 = EDGE_CURVE('',#1942,#1926,#1950,.T.);
#1950 = LINE('',#1951,#1952);
#1951 = CARTESIAN_POINT('',(-3.8,1.075,0.65));
#1952 = VECTOR('',#1953,1.);
#1953 = DIRECTION('',(1.,0.,0.));
#1954 = PLANE('',#1955);
#1955 = AXIS2_PLACEMENT_3D('',#1956,#1957,#1958);
#1956 = CARTESIAN_POINT('',(-4.55,-1.425,0.65));
#1957 = DIRECTION('',(0.,0.,1.));
#1958 = DIRECTION('',(1.,0.,-0.));
#1959 = ADVANCED_FACE('',(#1960),#1985,.F.);
#1960 = FACE_BOUND('',#1961,.F.);
#1961 = EDGE_LOOP('',(#1962,#1972,#1978,#1979));
#1962 = ORIENTED_EDGE('',*,*,#1963,.F.);
#1963 = EDGE_CURVE('',#1964,#1966,#1968,.T.);
#1964 = VERTEX_POINT('',#1965);
#1965 = CARTESIAN_POINT('',(-3.8,1.075,0.1));
#1966 = VERTEX_POINT('',#1967);
#1967 = CARTESIAN_POINT('',(3.8,1.075,0.1));
#1968 = LINE('',#1969,#1970);
#1969 = CARTESIAN_POINT('',(-3.8,1.075,0.1));
#1970 = VECTOR('',#1971,1.);
#1971 = DIRECTION('',(1.,0.,0.));
#1972 = ORIENTED_EDGE('',*,*,#1973,.T.);
#1973 = EDGE_CURVE('',#1964,#1942,#1974,.T.);
#1974 = LINE('',#1975,#1976);
#1975 = CARTESIAN_POINT('',(-3.8,1.075,0.1));
#1976 = VECTOR('',#1977,1.);
#1977 = DIRECTION('',(0.,0.,1.));
#1978 = ORIENTED_EDGE('',*,*,#1949,.T.);
#1979 = ORIENTED_EDGE('',*,*,#1980,.F.);
#1980 = EDGE_CURVE('',#1966,#1926,#1981,.T.);
#1981 = LINE('',#1982,#1983);
#1982 = CARTESIAN_POINT('',(3.8,1.075,0.1));
#1983 = VECTOR('',#1984,1.);
#1984 = DIRECTION('',(0.,0.,1.));
#1985 = PLANE('',#1986);
#1986 = AXIS2_PLACEMENT_3D('',#1987,#1988,#1989);
#1987 = CARTESIAN_POINT('',(-3.8,1.075,0.1));
#1988 = DIRECTION('',(0.,1.,0.));
#1989 = DIRECTION('',(0.,-0.,1.));
#1990 = ADVANCED_FACE('',(#1991),#2016,.T.);
#1991 = FACE_BOUND('',#1992,.T.);
#1992 = EDGE_LOOP('',(#1993,#1994,#2002,#2010));
#1993 = ORIENTED_EDGE('',*,*,#1963,.F.);
#1994 = ORIENTED_EDGE('',*,*,#1995,.F.);
#1995 = EDGE_CURVE('',#1996,#1964,#1998,.T.);
#1996 = VERTEX_POINT('',#1997);
#1997 = CARTESIAN_POINT('',(-3.8,-1.075,0.1));
#1998 = LINE('',#1999,#2000);
#1999 = CARTESIAN_POINT('',(-3.8,-1.425,0.1));
#2000 = VECTOR('',#2001,1.);
#2001 = DIRECTION('',(0.,1.,0.));
#2002 = ORIENTED_EDGE('',*,*,#2003,.T.);
#2003 = EDGE_CURVE('',#1996,#2004,#2006,.T.);
#2004 = VERTEX_POINT('',#2005);
#2005 = CARTESIAN_POINT('',(3.8,-1.075,0.1));
#2006 = LINE('',#2007,#2008);
#2007 = CARTESIAN_POINT('',(-3.8,-1.075,0.1));
#2008 = VECTOR('',#2009,1.);
#2009 = DIRECTION('',(1.,0.,0.));
#2010 = ORIENTED_EDGE('',*,*,#2011,.T.);
#2011 = EDGE_CURVE('',#2004,#1966,#2012,.T.);
#2012 = LINE('',#2013,#2014);
#2013 = CARTESIAN_POINT('',(3.8,-1.425,0.1));
#2014 = VECTOR('',#2015,1.);
#2015 = DIRECTION('',(0.,1.,0.));
#2016 = PLANE('',#2017);
#2017 = AXIS2_PLACEMENT_3D('',#2018,#2019,#2020);
#2018 = CARTESIAN_POINT('',(-4.55,-1.425,0.1));
#2019 = DIRECTION('',(0.,0.,1.));
#2020 = DIRECTION('',(1.,0.,-0.));
#2021 = ADVANCED_FACE('',(#2022),#2033,.T.);
#2022 = FACE_BOUND('',#2023,.T.);
#2023 = EDGE_LOOP('',(#2024,#2025,#2031,#2032));
#2024 = ORIENTED_EDGE('',*,*,#1941,.F.);
#2025 = ORIENTED_EDGE('',*,*,#2026,.F.);
#2026 = EDGE_CURVE('',#1996,#1934,#2027,.T.);
#2027 = LINE('',#2028,#2029);
#2028 = CARTESIAN_POINT('',(-3.8,-1.075,0.1));
#2029 = VECTOR('',#2030,1.);
#2030 = DIRECTION('',(0.,0.,1.));
#2031 = ORIENTED_EDGE('',*,*,#1995,.T.);
#2032 = ORIENTED_EDGE('',*,*,#1973,.T.);
#2033 = PLANE('',#2034);
#2034 = AXIS2_PLACEMENT_3D('',#2035,#2036,#2037);
#2035 = CARTESIAN_POINT('',(-3.8,-1.425,0.1));
#2036 = DIRECTION('',(1.,0.,0.));
#2037 = DIRECTION('',(0.,0.,1.));
#2038 = ADVANCED_FACE('',(#2039),#2050,.T.);
#2039 = FACE_BOUND('',#2040,.T.);
#2040 = EDGE_LOOP('',(#2041,#2042,#2043,#2044));
#2041 = ORIENTED_EDGE('',*,*,#2003,.F.);
#2042 = ORIENTED_EDGE('',*,*,#2026,.T.);
#2043 = ORIENTED_EDGE('',*,*,#1933,.T.);
#2044 = ORIENTED_EDGE('',*,*,#2045,.F.);
#2045 = EDGE_CURVE('',#2004,#1924,#2046,.T.);
#2046 = LINE('',#2047,#2048);
#2047 = CARTESIAN_POINT('',(3.8,-1.075,0.1));
#2048 = VECTOR('',#2049,1.);
#2049 = DIRECTION('',(0.,0.,1.));
#2050 = PLANE('',#2051);
#2051 = AXIS2_PLACEMENT_3D('',#2052,#2053,#2054);
#2052 = CARTESIAN_POINT('',(-3.8,-1.075,0.1));
#2053 = DIRECTION('',(0.,1.,0.));
#2054 = DIRECTION('',(0.,-0.,1.));
#2055 = ADVANCED_FACE('',(#2056),#2062,.F.);
#2056 = FACE_BOUND('',#2057,.F.);
#2057 = EDGE_LOOP('',(#2058,#2059,#2060,#2061));
#2058 = ORIENTED_EDGE('',*,*,#1923,.F.);
#2059 = ORIENTED_EDGE('',*,*,#2045,.F.);
#2060 = ORIENTED_EDGE('',*,*,#2011,.T.);
#2061 = ORIENTED_EDGE('',*,*,#1980,.T.);
#2062 = PLANE('',#2063);
#2063 = AXIS2_PLACEMENT_3D('',#2064,#2065,#2066);
#2064 = CARTESIAN_POINT('',(3.8,-1.425,0.1));
#2065 = DIRECTION('',(1.,0.,0.));
#2066 = DIRECTION('',(0.,0.,1.));
#2067 = ADVANCED_FACE('',(#2068),#2093,.T.);
#2068 = FACE_BOUND('',#2069,.T.);
#2069 = EDGE_LOOP('',(#2070,#2078,#2086,#2092));
#2070 = ORIENTED_EDGE('',*,*,#2071,.F.);
#2071 = EDGE_CURVE('',#2072,#1900,#2074,.T.);
#2072 = VERTEX_POINT('',#2073);
#2073 = CARTESIAN_POINT('',(4.55,-1.425,0.));
#2074 = LINE('',#2075,#2076);
#2075 = CARTESIAN_POINT('',(4.55,-1.425,0.));
#2076 = VECTOR('',#2077,1.);
#2077 = DIRECTION('',(0.,0.,1.));
#2078 = ORIENTED_EDGE('',*,*,#2079,.T.);
#2079 = EDGE_CURVE('',#2072,#2080,#2082,.T.);
#2080 = VERTEX_POINT('',#2081);
#2081 = CARTESIAN_POINT('',(4.55,1.425,0.));
#2082 = LINE('',#2083,#2084);
#2083 = CARTESIAN_POINT('',(4.55,-1.425,0.));
#2084 = VECTOR('',#2085,1.);
#2085 = DIRECTION('',(0.,1.,0.));
#2086 = ORIENTED_EDGE('',*,*,#2087,.F.);
#2087 = EDGE_CURVE('',#1908,#2080,#2088,.T.);
#2088 = LINE('',#2089,#2090);
#2089 = CARTESIAN_POINT('',(4.55,1.425,0.65));
#2090 = VECTOR('',#2091,1.);
#2091 = DIRECTION('',(0.,0.,-1.));
#2092 = ORIENTED_EDGE('',*,*,#1907,.F.);
#2093 = PLANE('',#2094);
#2094 = AXIS2_PLACEMENT_3D('',#2095,#2096,#2097);
#2095 = CARTESIAN_POINT('',(4.55,-1.425,0.));
#2096 = DIRECTION('',(1.,0.,0.));
#2097 = DIRECTION('',(0.,0.,1.));
#2098 = ADVANCED_FACE('',(#2099),#2110,.T.);
#2099 = FACE_BOUND('',#2100,.T.);
#2100 = EDGE_LOOP('',(#2101,#2107,#2108,#2109));
#2101 = ORIENTED_EDGE('',*,*,#2102,.F.);
#2102 = EDGE_CURVE('',#1869,#2080,#2103,.T.);
#2103 = LINE('',#2104,#2105);
#2104 = CARTESIAN_POINT('',(-4.55,1.425,0.));
#2105 = VECTOR('',#2106,1.);
#2106 = DIRECTION('',(1.,0.,0.));
#2107 = ORIENTED_EDGE('',*,*,#1876,.F.);
#2108 = ORIENTED_EDGE('',*,*,#1915,.T.);
#2109 = ORIENTED_EDGE('',*,*,#2087,.T.);
#2110 = PLANE('',#2111);
#2111 = AXIS2_PLACEMENT_3D('',#2112,#2113,#2114);
#2112 = CARTESIAN_POINT('',(-4.55,1.425,0.));
#2113 = DIRECTION('',(0.,1.,0.));
#2114 = DIRECTION('',(0.,-0.,1.));
#2115 = ADVANCED_FACE('',(#2116),#2127,.F.);
#2116 = FACE_BOUND('',#2117,.F.);
#2117 = EDGE_LOOP('',(#2118,#2119,#2125,#2126));
#2118 = ORIENTED_EDGE('',*,*,#1868,.F.);
#2119 = ORIENTED_EDGE('',*,*,#2120,.T.);
#2120 = EDGE_CURVE('',#1859,#2072,#2121,.T.);
#2121 = LINE('',#2122,#2123);
#2122 = CARTESIAN_POINT('',(-4.55,-1.425,0.));
#2123 = VECTOR('',#2124,1.);
#2124 = DIRECTION('',(1.,0.,0.));
#2125 = ORIENTED_EDGE('',*,*,#2079,.T.);
#2126 = ORIENTED_EDGE('',*,*,#2102,.F.);
#2127 = PLANE('',#2128);
#2128 = AXIS2_PLACEMENT_3D('',#2129,#2130,#2131);
#2129 = CARTESIAN_POINT('',(-4.55,-1.425,0.));
#2130 = DIRECTION('',(0.,0.,1.));
#2131 = DIRECTION('',(1.,0.,-0.));
#2132 = ADVANCED_FACE('',(#2133),#2139,.F.);
#2133 = FACE_BOUND('',#2134,.F.);
#2134 = EDGE_LOOP('',(#2135,#2136,#2137,#2138));
#2135 = ORIENTED_EDGE('',*,*,#2120,.F.);
#2136 = ORIENTED_EDGE('',*,*,#1858,.T.);
#2137 = ORIENTED_EDGE('',*,*,#1899,.F.);
#2138 = ORIENTED_EDGE('',*,*,#2071,.F.);
#2139 = PLANE('',#2140);
#2140 = AXIS2_PLACEMENT_3D('',#2141,#2142,#2143);
#2141 = CARTESIAN_POINT('',(-4.55,-1.425,0.));
#2142 = DIRECTION('',(0.,1.,0.));
#2143 = DIRECTION('',(0.,-0.,1.));
#2144 = ( GEOMETRIC_REPRESENTATION_CONTEXT(3) 
GLOBAL_UNCERTAINTY_ASSIGNED_CONTEXT((#2148)) 
GLOBAL_UNIT_ASSIGNED_CONTEXT((#2145,#2146,#2147)) REPRESENTATION_CONTEXT
('Context #1','3D Context with UNIT and UNCERTAINTY') );
#2145 = ( LENGTH_UNIT() NAMED_UNIT(*) SI_UNIT(.MILLI.,.METRE.) );
#2146 = ( NAMED_UNIT(*) PLANE_ANGLE_UNIT() SI_UNIT($,.RADIAN.) );
#2147 = ( NAMED_UNIT(*) SI_UNIT($,.STERADIAN.) SOLID_ANGLE_UNIT() );
#2148 = UNCERTAINTY_MEASURE_WITH_UNIT(LENGTH_MEASURE(1.E-07),#2145,
  'distance_accuracy_value','confusion accuracy');
#2149 = CONTEXT_DEPENDENT_SHAPE_REPRESENTATION(#2150,#2152);
#2150 = ( REPRESENTATION_RELATIONSHIP('','',#1851,#1820) 
REPRESENTATION_RELATIONSHIP_WITH_TRANSFORMATION(#2151) 
SHAPE_REPRESENTATION_RELATIONSHIP() );
#2151 = ITEM_DEFINED_TRANSFORMATION('','',#11,#1821);
#2152 = PRODUCT_DEFINITION_SHAPE('Placement','Placement of an item',
  #2153);
#2153 = NEXT_ASSEMBLY_USAGE_OCCURRENCE('6','1','',#1815,#1846,$);
#2154 = PRODUCT_RELATED_PRODUCT_CATEGORY('part',$,(#1848));
#2155 = SHAPE_DEFINITION_REPRESENTATION(#2156,#2162);
#2156 = PRODUCT_DEFINITION_SHAPE('','',#2157);
#2157 = PRODUCT_DEFINITION('design','',#2158,#2161);
#2158 = PRODUCT_DEFINITION_FORMATION('','',#2159);
#2159 = PRODUCT('Open CASCADE STEP translator 7.9 1.2',
  'Open CASCADE STEP translator 7.9 1.2','',(#2160));
#2160 = PRODUCT_CONTEXT('',#2,'mechanical');
#2161 = PRODUCT_DEFINITION_CONTEXT('part definition',#2,'design');
#2162 = SHAPE_REPRESENTATION('',(#11,#2163,#2167,#2171,#2175,#2179,#2183
    ,#2187,#2191,#2195,#2199,#2203,#2207,#2211,#2215,#2219,#2223,#2227,
    #2231,#2235,#2239,#2243,#2247,#2251,#2255,#2259,#2263,#2267,#2271,
    #2275,#2279),#2283);
#2163 = AXIS2_PLACEMENT_3D('',#2164,#2165,#2166);
#2164 = CARTESIAN_POINT('',(0.,0.,0.));
#2165 = DIRECTION('',(0.,0.,1.));
#2166 = DIRECTION('',(1.,0.,0.));
#2167 = AXIS2_PLACEMENT_3D('',#2168,#2169,#2170);
#2168 = CARTESIAN_POINT('',(0.,0.,0.));
#2169 = DIRECTION('',(0.,0.,1.));
#2170 = DIRECTION('',(1.,0.,0.));
#2171 = AXIS2_PLACEMENT_3D('',#2172,#2173,#2174);
#2172 = CARTESIAN_POINT('',(0.,0.,0.));
#2173 = DIRECTION('',(0.,0.,1.));
#2174 = DIRECTION('',(1.,0.,0.));
#2175 = AXIS2_PLACEMENT_3D('',#2176,#2177,#2178);
#2176 = CARTESIAN_POINT('',(0.,0.,0.));
#2177 = DIRECTION('',(0.,0.,1.));
#2178 = DIRECTION('',(1.,0.,0.));
#2179 = AXIS2_PLACEMENT_3D('',#2180,#2181,#2182);
#2180 = CARTESIAN_POINT('',(0.,0.,0.));
#2181 = DIRECTION('',(0.,0.,1.));
#2182 = DIRECTION('',(1.,0.,0.));
#2183 = AXIS2_PLACEMENT_3D('',#2184,#2185,#2186);
#2184 = CARTESIAN_POINT('',(0.,0.,0.));
#2185 = DIRECTION('',(0.,0.,1.));
#2186 = DIRECTION('',(1.,0.,0.));
#2187 = AXIS2_PLACEMENT_3D('',#2188,#2189,#2190);
#2188 = CARTESIAN_POINT('',(0.,0.,0.));
#2189 = DIRECTION('',(0.,0.,1.));
#2190 = DIRECTION('',(1.,0.,0.));
#2191 = AXIS2_PLACEMENT_3D('',#2192,#2193,#2194);
#2192 = CARTESIAN_POINT('',(0.,0.,0.));
#2193 = DIRECTION('',(0.,0.,1.));
#2194 = DIRECTION('',(1.,0.,0.));
#2195 = AXIS2_PLACEMENT_3D('',#2196,#2197,#2198);
#2196 = CARTESIAN_POINT('',(0.,0.,0.));
#2197 = DIRECTION('',(0.,0.,1.));
#2198 = DIRECTION('',(1.,0.,0.));
#2199 = AXIS2_PLACEMENT_3D('',#2200,#2201,#2202);
#2200 = CARTESIAN_POINT('',(0.,0.,0.));
#2201 = DIRECTION('',(0.,0.,1.));
#2202 = DIRECTION('',(1.,0.,0.));
#2203 = AXIS2_PLACEMENT_3D('',#2204,#2205,#2206);
#2204 = CARTESIAN_POINT('',(0.,0.,0.));
#2205 = DIRECTION('',(0.,0.,1.));
#2206 = DIRECTION('',(1.,0.,0.));
#2207 = AXIS2_PLACEMENT_3D('',#2208,#2209,#2210);
#2208 = CARTESIAN_POINT('',(0.,0.,0.));
#2209 = DIRECTION('',(0.,0.,1.));
#2210 = DIRECTION('',(1.,0.,0.));
#2211 = AXIS2_PLACEMENT_3D('',#2212,#2213,#2214);
#2212 = CARTESIAN_POINT('',(0.,0.,0.));
#2213 = DIRECTION('',(0.,0.,1.));
#2214 = DIRECTION('',(1.,0.,0.));
#2215 = AXIS2_PLACEMENT_3D('',#2216,#2217,#2218);
#2216 = CARTESIAN_POINT('',(0.,0.,0.));
#2217 = DIRECTION('',(0.,0.,1.));
#2218 = DIRECTION('',(1.,0.,0.));
#2219 = AXIS2_PLACEMENT_3D('',#2220,#2221,#2222);
#2220 = CARTESIAN_POINT('',(0.,0.,0.));
#2221 = DIRECTION('',(0.,0.,1.));
#2222 = DIRECTION('',(1.,0.,0.));
#2223 = AXIS2_PLACEMENT_3D('',#2224,#2225,#2226);
#2224 = CARTESIAN_POINT('',(0.,0.,0.));
#2225 = DIRECTION('',(0.,0.,1.));
#2226 = DIRECTION('',(1.,0.,0.));
#2227 = AXIS2_PLACEMENT_3D('',#2228,#2229,#2230);
#2228 = CARTESIAN_POINT('',(0.,0.,0.));
#2229 = DIRECTION('',(0.,0.,1.));
#2230 = DIRECTION('',(1.,0.,0.));
#2231 = AXIS2_PLACEMENT_3D('',#2232,#2233,#2234);
#2232 = CARTESIAN_POINT('',(0.,0.,0.));
#2233 = DIRECTION('',(0.,0.,1.));
#2234 = DIRECTION('',(1.,0.,0.));
#2235 = AXIS2_PLACEMENT_3D('',#2236,#2237,#2238);
#2236 = CARTESIAN_POINT('',(0.,0.,0.));
#2237 = DIRECTION('',(0.,0.,1.));
#2238 = DIRECTION('',(1.,0.,0.));
#2239 = AXIS2_PLACEMENT_3D('',#2240,#2241,#2242);
#2240 = CARTESIAN_POINT('',(0.,0.,0.));
#2241 = DIRECTION('',(0.,0.,1.));
#2242 = DIRECTION('',(1.,0.,0.));
#2243 = AXIS2_PLACEMENT_3D('',#2244,#2245,#2246);
#2244 = CARTESIAN_POINT('',(0.,0.,0.));
#2245 = DIRECTION('',(0.,0.,1.));
#2246 = DIRECTION('',(1.,0.,0.));
#2247 = AXIS2_PLACEMENT_3D('',#2248,#2249,#2250);
#2248 = CARTESIAN_POINT('',(0.,0.,0.));
#2249 = DIRECTION('',(0.,0.,1.));
#2250 = DIRECTION('',(1.,0.,0.));
#2251 = AXIS2_PLACEMENT_3D('',#2252,#2253,#2254);
#2252 = CARTESIAN_POINT('',(0.,0.,0.));
#2253 = DIRECTION('',(0.,0.,1.));
#2254 = DIRECTION('',(1.,0.,0.));
#2255 = AXIS2_PLACEMENT_3D('',#2256,#2257,#2258);
#2256 = CARTESIAN_POINT('',(0.,0.,0.));
#2257 = DIRECTION('',(0.,0.,1.));
#2258 = DIRECTION('',(1.,0.,0.));
#2259 = AXIS2_PLACEMENT_3D('',#2260,#2261,#2262);
#2260 = CARTESIAN_POINT('',(0.,0.,0.));
#2261 = DIRECTION('',(0.,0.,1.));
#2262 = DIRECTION('',(1.,0.,0.));
#2263 = AXIS2_PLACEMENT_3D('',#2264,#2265,#2266);
#2264 = CARTESIAN_POINT('',(0.,0.,0.));
#2265 = DIRECTION('',(0.,0.,1.));
#2266 = DIRECTION('',(1.,0.,0.));
#2267 = AXIS2_PLACEMENT_3D('',#2268,#2269,#2270);
#2268 = CARTESIAN_POINT('',(0.,0.,0.));
#2269 = DIRECTION('',(0.,0.,1.));
#2270 = DIRECTION('',(1.,0.,0.));
#2271 = AXIS2_PLACEMENT_3D('',#2272,#2273,#2274);
#2272 = CARTESIAN_POINT('',(0.,0.,0.));
#2273 = DIRECTION('',(0.,0.,1.));
#2274 = DIRECTION('',(1.,0.,0.));
#2275 = AXIS2_PLACEMENT_3D('',#2276,#2277,#2278);
#2276 = CARTESIAN_POINT('',(0.,0.,0.));
#2277 = DIRECTION('',(0.,0.,1.));
#2278 = DIRECTION('',(1.,0.,0.));
#2279 = AXIS2_PLACEMENT_3D('',#2280,#2281,#2282);
#2280 = CARTESIAN_POINT('',(0.,0.,0.));
#2281 = DIRECTION('',(0.,0.,1.));
#2282 = DIRECTION('',(1.,0.,0.));
#2283 = ( GEOMETRIC_REPRESENTATION_CONTEXT(3) 
GLOBAL_UNCERTAINTY_ASSIGNED_CONTEXT((#2287)) 
GLOBAL_UNIT_ASSIGNED_CONTEXT((#2284,#2285,#2286)) REPRESENTATION_CONTEXT
('Context #1','3D Context with UNIT and UNCERTAINTY') );
#2284 = ( LENGTH_UNIT() NAMED_UNIT(*) SI_UNIT(.MILLI.,.METRE.) );
#2285 = ( NAMED_UNIT(*) PLANE_ANGLE_UNIT() SI_UNIT($,.RADIAN.) );
#2286 = ( NAMED_UNIT(*) SI_UNIT($,.STERADIAN.) SOLID_ANGLE_UNIT() );
#2287 = UNCERTAINTY_MEASURE_WITH_UNIT(LENGTH_MEASURE(1.E-07),#2284,
  'distance_accuracy_value','confusion accuracy');
#2288 = CONTEXT_DEPENDENT_SHAPE_REPRESENTATION(#2289,#2291);
#2289 = ( REPRESENTATION_RELATIONSHIP('','',#2162,#1820) 
REPRESENTATION_RELATIONSHIP_WITH_TRANSFORMATION(#2290) 
SHAPE_REPRESENTATION_RELATIONSHIP() );
#2290 = ITEM_DEFINED_TRANSFORMATION('','',#11,#1825);
#2291 = PRODUCT_DEFINITION_SHAPE('Placement','Placement of an item',
  #2292);
#2292 = NEXT_ASSEMBLY_USAGE_OCCURRENCE('37','32','',#1815,#2157,$);
#2293 = PRODUCT_RELATED_PRODUCT_CATEGORY('part',$,(#2159));
#2294 = SHAPE_DEFINITION_REPRESENTATION(#2295,#2301);
#2295 = PRODUCT_DEFINITION_SHAPE('','',#2296);
#2296 = PRODUCT_DEFINITION('design','',#2297,#2300);
#2297 = PRODUCT_DEFINITION_FORMATION('','',#2298);
#2298 = PRODUCT('Open CASCADE STEP translator 7.9 1.2.1',
  'Open CASCADE STEP translator 7.9 1.2.1','',(#2299));
#2299 = PRODUCT_CONTEXT('',#2,'mechanical');
#2300 = PRODUCT_DEFINITION_CONTEXT('part definition',#2,'design');
#2301 = ADVANCED_BREP_SHAPE_REPRESENTATION('',(#11,#2302),#2452);
#2302 = MANIFOLD_SOLID_BREP('',#2303);
#2303 = CLOSED_SHELL('',(#2304,#2344,#2384,#2406,#2428,#2440));
#2304 = ADVANCED_FACE('',(#2305),#2339,.F.);
#2305 = FACE_BOUND('',#2306,.F.);
#2306 = EDGE_LOOP('',(#2307,#2317,#2325,#2333));
#2307 = ORIENTED_EDGE('',*,*,#2308,.F.);
#2308 = EDGE_CURVE('',#2309,#2311,#2313,.T.);
#2309 = VERTEX_POINT('',#2310);
#2310 = CARTESIAN_POINT('',(-2.9,-1.45,0.1));
#2311 = VERTEX_POINT('',#2312);
#2312 = CARTESIAN_POINT('',(-2.9,-1.45,0.17));
#2313 = LINE('',#2314,#2315);
#2314 = CARTESIAN_POINT('',(-2.9,-1.45,0.1));
#2315 = VECTOR('',#2316,1.);
#2316 = DIRECTION('',(0.,0.,1.));
#2317 = ORIENTED_EDGE('',*,*,#2318,.T.);
#2318 = EDGE_CURVE('',#2309,#2319,#2321,.T.);
#2319 = VERTEX_POINT('',#2320);
#2320 = CARTESIAN_POINT('',(-2.9,-0.95,0.1));
#2321 = LINE('',#2322,#2323);
#2322 = CARTESIAN_POINT('',(-2.9,-1.45,0.1));
#2323 = VECTOR('',#2324,1.);
#2324 = DIRECTION('',(0.,1.,0.));
#2325 = ORIENTED_EDGE('',*,*,#2326,.T.);
#2326 = EDGE_CURVE('',#2319,#2327,#2329,.T.);
#2327 = VERTEX_POINT('',#2328);
#2328 = CARTESIAN_POINT('',(-2.9,-0.95,0.17));
#2329 = LINE('',#2330,#2331);
#2330 = CARTESIAN_POINT('',(-2.9,-0.95,0.1));
#2331 = VECTOR('',#2332,1.);
#2332 = DIRECTION('',(0.,0.,1.));
#2333 = ORIENTED_EDGE('',*,*,#2334,.F.);
#2334 = EDGE_CURVE('',#2311,#2327,#2335,.T.);
#2335 = LINE('',#2336,#2337);
#2336 = CARTESIAN_POINT('',(-2.9,-1.45,0.17));
#2337 = VECTOR('',#2338,1.);
#2338 = DIRECTION('',(0.,1.,0.));
#2339 = PLANE('',#2340);
#2340 = AXIS2_PLACEMENT_3D('',#2341,#2342,#2343);
#2341 = CARTESIAN_POINT('',(-2.9,-1.45,0.1));
#2342 = DIRECTION('',(1.,0.,0.));
#2343 = DIRECTION('',(0.,0.,1.));
#2344 = ADVANCED_FACE('',(#2345),#2379,.T.);
#2345 = FACE_BOUND('',#2346,.T.);
#2346 = EDGE_LOOP('',(#2347,#2357,#2365,#2373));
#2347 = ORIENTED_EDGE('',*,*,#2348,.F.);
#2348 = EDGE_CURVE('',#2349,#2351,#2353,.T.);
#2349 = VERTEX_POINT('',#2350);
#2350 = CARTESIAN_POINT('',(-2.7,-1.45,0.1));
#2351 = VERTEX_POINT('',#2352);
#2352 = CARTESIAN_POINT('',(-2.7,-1.45,0.17));
#2353 = LINE('',#2354,#2355);
#2354 = CARTESIAN_POINT('',(-2.7,-1.45,0.1));
#2355 = VECTOR('',#2356,1.);
#2356 = DIRECTION('',(0.,0.,1.));
#2357 = ORIENTED_EDGE('',*,*,#2358,.T.);
#2358 = EDGE_CURVE('',#2349,#2359,#2361,.T.);
#2359 = VERTEX_POINT('',#2360);
#2360 = CARTESIAN_POINT('',(-2.7,-0.95,0.1));
#2361 = LINE('',#2362,#2363);
#2362 = CARTESIAN_POINT('',(-2.7,-1.45,0.1));
#2363 = VECTOR('',#2364,1.);
#2364 = DIRECTION('',(0.,1.,0.));
#2365 = ORIENTED_EDGE('',*,*,#2366,.T.);
#2366 = EDGE_CURVE('',#2359,#2367,#2369,.T.);
#2367 = VERTEX_POINT('',#2368);
#2368 = CARTESIAN_POINT('',(-2.7,-0.95,0.17));
#2369 = LINE('',#2370,#2371);
#2370 = CARTESIAN_POINT('',(-2.7,-0.95,0.1));
#2371 = VECTOR('',#2372,1.);
#2372 = DIRECTION('',(0.,0.,1.));
#2373 = ORIENTED_EDGE('',*,*,#2374,.F.);
#2374 = EDGE_CURVE('',#2351,#2367,#2375,.T.);
#2375 = LINE('',#2376,#2377);
#2376 = CARTESIAN_POINT('',(-2.7,-1.45,0.17));
#2377 = VECTOR('',#2378,1.);
#2378 = DIRECTION('',(0.,1.,0.));
#2379 = PLANE('',#2380);
#2380 = AXIS2_PLACEMENT_3D('',#2381,#2382,#2383);
#2381 = CARTESIAN_POINT('',(-2.7,-1.45,0.1));
#2382 = DIRECTION('',(1.,0.,0.));
#2383 = DIRECTION('',(0.,0.,1.));
#2384 = ADVANCED_FACE('',(#2385),#2401,.F.);
#2385 = FACE_BOUND('',#2386,.F.);
#2386 = EDGE_LOOP('',(#2387,#2393,#2394,#2400));
#2387 = ORIENTED_EDGE('',*,*,#2388,.F.);
#2388 = EDGE_CURVE('',#2309,#2349,#2389,.T.);
#2389 = LINE('',#2390,#2391);
#2390 = CARTESIAN_POINT('',(-2.9,-1.45,0.1));
#2391 = VECTOR('',#2392,1.);
#2392 = DIRECTION('',(1.,0.,0.));
#2393 = ORIENTED_EDGE('',*,*,#2308,.T.);
#2394 = ORIENTED_EDGE('',*,*,#2395,.T.);
#2395 = EDGE_CURVE('',#2311,#2351,#2396,.T.);
#2396 = LINE('',#2397,#2398);
#2397 = CARTESIAN_POINT('',(-2.9,-1.45,0.17));
#2398 = VECTOR('',#2399,1.);
#2399 = DIRECTION('',(1.,0.,0.));
#2400 = ORIENTED_EDGE('',*,*,#2348,.F.);
#2401 = PLANE('',#2402);
#2402 = AXIS2_PLACEMENT_3D('',#2403,#2404,#2405);
#2403 = CARTESIAN_POINT('',(-2.9,-1.45,0.1));
#2404 = DIRECTION('',(0.,1.,0.));
#2405 = DIRECTION('',(0.,-0.,1.));
#2406 = ADVANCED_FACE('',(#2407),#2423,.T.);
#2407 = FACE_BOUND('',#2408,.T.);
#2408 = EDGE_LOOP('',(#2409,#2415,#2416,#2422));
#2409 = ORIENTED_EDGE('',*,*,#2410,.F.);
#2410 = EDGE_CURVE('',#2319,#2359,#2411,.T.);
#2411 = LINE('',#2412,#2413);
#2412 = CARTESIAN_POINT('',(-2.9,-0.95,0.1));
#2413 = VECTOR('',#2414,1.);
#2414 = DIRECTION('',(1.,0.,0.));
#2415 = ORIENTED_EDGE('',*,*,#2326,.T.);
#2416 = ORIENTED_EDGE('',*,*,#2417,.T.);
#2417 = EDGE_CURVE('',#2327,#2367,#2418,.T.);
#2418 = LINE('',#2419,#2420);
#2419 = CARTESIAN_POINT('',(-2.9,-0.95,0.17));
#2420 = VECTOR('',#2421,1.);
#2421 = DIRECTION('',(1.,0.,0.));
#2422 = ORIENTED_EDGE('',*,*,#2366,.F.);
#2423 = PLANE('',#2424);
#2424 = AXIS2_PLACEMENT_3D('',#2425,#2426,#2427);
#2425 = CARTESIAN_POINT('',(-2.9,-0.95,0.1));
#2426 = DIRECTION('',(0.,1.,0.));
#2427 = DIRECTION('',(0.,-0.,1.));
#2428 = ADVANCED_FACE('',(#2429),#2435,.F.);
#2429 = FACE_BOUND('',#2430,.F.);
#2430 = EDGE_LOOP('',(#2431,#2432,#2433,#2434));
#2431 = ORIENTED_EDGE('',*,*,#2318,.F.);
#2432 = ORIENTED_EDGE('',*,*,#2388,.T.);
#2433 = ORIENTED_EDGE('',*,*,#2358,.T.);
#2434 = ORIENTED_EDGE('',*,*,#2410,.F.);
#2435 = PLANE('',#2436);
#2436 = AXIS2_PLACEMENT_3D('',#2437,#2438,#2439);
#2437 = CARTESIAN_POINT('',(-2.9,-1.45,0.1));
#2438 = DIRECTION('',(0.,0.,1.));
#2439 = DIRECTION('',(1.,0.,-0.));
#2440 = ADVANCED_FACE('',(#2441),#2447,.T.);
#2441 = FACE_BOUND('',#2442,.T.);
#2442 = EDGE_LOOP('',(#2443,#2444,#2445,#2446));
#2443 = ORIENTED_EDGE('',*,*,#2334,.F.);
#2444 = ORIENTED_EDGE('',*,*,#2395,.T.);
#2445 = ORIENTED_EDGE('',*,*,#2374,.T.);
#2446 = ORIENTED_EDGE('',*,*,#2417,.F.);
#2447 = PLANE('',#2448);
#2448 = AXIS2_PLACEMENT_3D('',#2449,#2450,#2451);
#2449 = CARTESIAN_POINT('',(-2.9,-1.45,0.17));
#2450 = DIRECTION('',(0.,0.,1.));
#2451 = DIRECTION('',(1.,0.,-0.));
#2452 = ( GEOMETRIC_REPRESENTATION_CONTEXT(3) 
GLOBAL_UNCERTAINTY_ASSIGNED_CONTEXT((#2456)) 
GLOBAL_UNIT_ASSIGNED_CONTEXT((#2453,#2454,#2455)) REPRESENTATION_CONTEXT
('Context #1','3D Context with UNIT and UNCERTAINTY') );
#2453 = ( LENGTH_UNIT() NAMED_UNIT(*) SI_UNIT(.MILLI.,.METRE.) );
#2454 = ( NAMED_UNIT(*) PLANE_ANGLE_UNIT() SI_UNIT($,.RADIAN.) );
#2455 = ( NAMED_UNIT(*) SI_UNIT($,.STERADIAN.) SOLID_ANGLE_UNIT() );
#2456 = UNCERTAINTY_MEASURE_WITH_UNIT(LENGTH_MEASURE(1.E-07),#2453,
  'distance_accuracy_value','confusion accuracy');
#2457 = CONTEXT_DEPENDENT_SHAPE_REPRESENTATION(#2458,#2460);
#2458 = ( REPRESENTATION_RELATIONSHIP('','',#2301,#2162) 
REPRESENTATION_RELATIONSHIP_WITH_TRANSFORMATION(#2459) 
SHAPE_REPRESENTATION_RELATIONSHIP() );
#2459 = ITEM_DEFINED_TRANSFORMATION('','',#11,#2163);
#2460 = PRODUCT_DEFINITION_SHAPE('Placement','Placement of an item',
  #2461);
#2461 = NEXT_ASSEMBLY_USAGE_OCCURRENCE('7','2','',#2157,#2296,$);
#2462 = PRODUCT_RELATED_PRODUCT_CATEGORY('part',$,(#2298));
#2463 = SHAPE_DEFINITION_REPRESENTATION(#2464,#2470);
#2464 = PRODUCT_DEFINITION_SHAPE('','',#2465);
#2465 = PRODUCT_DEFINITION('design','',#2466,#2469);
#2466 = PRODUCT_DEFINITION_FORMATION('','',#2467);
#2467 = PRODUCT('Open CASCADE STEP translator 7.9 1.2.2',
  'Open CASCADE STEP translator 7.9 1.2.2','',(#2468));
#2468 = PRODUCT_CONTEXT('',#2,'mechanical');
#2469 = PRODUCT_DEFINITION_CONTEXT('part definition',#2,'design');
#2470 = ADVANCED_BREP_SHAPE_REPRESENTATION('',(#11,#2471),#2621);
#2471 = MANIFOLD_SOLID_BREP('',#2472);
#2472 = CLOSED_SHELL('',(#2473,#2513,#2553,#2575,#2597,#2609));
#2473 = ADVANCED_FACE('',(#2474),#2508,.F.);
#2474 = FACE_BOUND('',#2475,.F.);
#2475 = EDGE_LOOP('',(#2476,#2486,#2494,#2502));
#2476 = ORIENTED_EDGE('',*,*,#2477,.F.);
#2477 = EDGE_CURVE('',#2478,#2480,#2482,.T.);
#2478 = VERTEX_POINT('',#2479);
#2479 = CARTESIAN_POINT('',(-2.5,-1.45,0.1));
#2480 = VERTEX_POINT('',#2481);
#2481 = CARTESIAN_POINT('',(-2.5,-1.45,0.17));
#2482 = LINE('',#2483,#2484);
#2483 = CARTESIAN_POINT('',(-2.5,-1.45,0.1));
#2484 = VECTOR('',#2485,1.);
#2485 = DIRECTION('',(0.,0.,1.));
#2486 = ORIENTED_EDGE('',*,*,#2487,.T.);
#2487 = EDGE_CURVE('',#2478,#2488,#2490,.T.);
#2488 = VERTEX_POINT('',#2489);
#2489 = CARTESIAN_POINT('',(-2.5,-0.95,0.1));
#2490 = LINE('',#2491,#2492);
#2491 = CARTESIAN_POINT('',(-2.5,-1.45,0.1));
#2492 = VECTOR('',#2493,1.);
#2493 = DIRECTION('',(0.,1.,0.));
#2494 = ORIENTED_EDGE('',*,*,#2495,.T.);
#2495 = EDGE_CURVE('',#2488,#2496,#2498,.T.);
#2496 = VERTEX_POINT('',#2497);
#2497 = CARTESIAN_POINT('',(-2.5,-0.95,0.17));
#2498 = LINE('',#2499,#2500);
#2499 = CARTESIAN_POINT('',(-2.5,-0.95,0.1));
#2500 = VECTOR('',#2501,1.);
#2501 = DIRECTION('',(0.,0.,1.));
#2502 = ORIENTED_EDGE('',*,*,#2503,.F.);
#2503 = EDGE_CURVE('',#2480,#2496,#2504,.T.);
#2504 = LINE('',#2505,#2506);
#2505 = CARTESIAN_POINT('',(-2.5,-1.45,0.17));
#2506 = VECTOR('',#2507,1.);
#2507 = DIRECTION('',(0.,1.,0.));
#2508 = PLANE('',#2509);
#2509 = AXIS2_PLACEMENT_3D('',#2510,#2511,#2512);
#2510 = CARTESIAN_POINT('',(-2.5,-1.45,0.1));
#2511 = DIRECTION('',(1.,0.,0.));
#2512 = DIRECTION('',(0.,0.,1.));
#2513 = ADVANCED_FACE('',(#2514),#2548,.T.);
#2514 = FACE_BOUND('',#2515,.T.);
#2515 = EDGE_LOOP('',(#2516,#2526,#2534,#2542));
#2516 = ORIENTED_EDGE('',*,*,#2517,.F.);
#2517 = EDGE_CURVE('',#2518,#2520,#2522,.T.);
#2518 = VERTEX_POINT('',#2519);
#2519 = CARTESIAN_POINT('',(-2.3,-1.45,0.1));
#2520 = VERTEX_POINT('',#2521);
#2521 = CARTESIAN_POINT('',(-2.3,-1.45,0.17));
#2522 = LINE('',#2523,#2524);
#2523 = CARTESIAN_POINT('',(-2.3,-1.45,0.1));
#2524 = VECTOR('',#2525,1.);
#2525 = DIRECTION('',(0.,0.,1.));
#2526 = ORIENTED_EDGE('',*,*,#2527,.T.);
#2527 = EDGE_CURVE('',#2518,#2528,#2530,.T.);
#2528 = VERTEX_POINT('',#2529);
#2529 = CARTESIAN_POINT('',(-2.3,-0.95,0.1));
#2530 = LINE('',#2531,#2532);
#2531 = CARTESIAN_POINT('',(-2.3,-1.45,0.1));
#2532 = VECTOR('',#2533,1.);
#2533 = DIRECTION('',(0.,1.,0.));
#2534 = ORIENTED_EDGE('',*,*,#2535,.T.);
#2535 = EDGE_CURVE('',#2528,#2536,#2538,.T.);
#2536 = VERTEX_POINT('',#2537);
#2537 = CARTESIAN_POINT('',(-2.3,-0.95,0.17));
#2538 = LINE('',#2539,#2540);
#2539 = CARTESIAN_POINT('',(-2.3,-0.95,0.1));
#2540 = VECTOR('',#2541,1.);
#2541 = DIRECTION('',(0.,0.,1.));
#2542 = ORIENTED_EDGE('',*,*,#2543,.F.);
#2543 = EDGE_CURVE('',#2520,#2536,#2544,.T.);
#2544 = LINE('',#2545,#2546);
#2545 = CARTESIAN_POINT('',(-2.3,-1.45,0.17));
#2546 = VECTOR('',#2547,1.);
#2547 = DIRECTION('',(0.,1.,0.));
#2548 = PLANE('',#2549);
#2549 = AXIS2_PLACEMENT_3D('',#2550,#2551,#2552);
#2550 = CARTESIAN_POINT('',(-2.3,-1.45,0.1));
#2551 = DIRECTION('',(1.,0.,0.));
#2552 = DIRECTION('',(0.,0.,1.));
#2553 = ADVANCED_FACE('',(#2554),#2570,.F.);
#2554 = FACE_BOUND('',#2555,.F.);
#2555 = EDGE_LOOP('',(#2556,#2562,#2563,#2569));
#2556 = ORIENTED_EDGE('',*,*,#2557,.F.);
#2557 = EDGE_CURVE('',#2478,#2518,#2558,.T.);
#2558 = LINE('',#2559,#2560);
#2559 = CARTESIAN_POINT('',(-2.5,-1.45,0.1));
#2560 = VECTOR('',#2561,1.);
#2561 = DIRECTION('',(1.,0.,0.));
#2562 = ORIENTED_EDGE('',*,*,#2477,.T.);
#2563 = ORIENTED_EDGE('',*,*,#2564,.T.);
#2564 = EDGE_CURVE('',#2480,#2520,#2565,.T.);
#2565 = LINE('',#2566,#2567);
#2566 = CARTESIAN_POINT('',(-2.5,-1.45,0.17));
#2567 = VECTOR('',#2568,1.);
#2568 = DIRECTION('',(1.,0.,0.));
#2569 = ORIENTED_EDGE('',*,*,#2517,.F.);
#2570 = PLANE('',#2571);
#2571 = AXIS2_PLACEMENT_3D('',#2572,#2573,#2574);
#2572 = CARTESIAN_POINT('',(-2.5,-1.45,0.1));
#2573 = DIRECTION('',(0.,1.,0.));
#2574 = DIRECTION('',(0.,-0.,1.));
#2575 = ADVANCED_FACE('',(#2576),#2592,.T.);
#2576 = FACE_BOUND('',#2577,.T.);
#2577 = EDGE_LOOP('',(#2578,#2584,#2585,#2591));
#2578 = ORIENTED_EDGE('',*,*,#2579,.F.);
#2579 = EDGE_CURVE('',#2488,#2528,#2580,.T.);
#2580 = LINE('',#2581,#2582);
#2581 = CARTESIAN_POINT('',(-2.5,-0.95,0.1));
#2582 = VECTOR('',#2583,1.);
#2583 = DIRECTION('',(1.,0.,0.));
#2584 = ORIENTED_EDGE('',*,*,#2495,.T.);
#2585 = ORIENTED_EDGE('',*,*,#2586,.T.);
#2586 = EDGE_CURVE('',#2496,#2536,#2587,.T.);
#2587 = LINE('',#2588,#2589);
#2588 = CARTESIAN_POINT('',(-2.5,-0.95,0.17));
#2589 = VECTOR('',#2590,1.);
#2590 = DIRECTION('',(1.,0.,0.));
#2591 = ORIENTED_EDGE('',*,*,#2535,.F.);
#2592 = PLANE('',#2593);
#2593 = AXIS2_PLACEMENT_3D('',#2594,#2595,#2596);
#2594 = CARTESIAN_POINT('',(-2.5,-0.95,0.1));
#2595 = DIRECTION('',(0.,1.,0.));
#2596 = DIRECTION('',(0.,-0.,1.));
#2597 = ADVANCED_FACE('',(#2598),#2604,.F.);
#2598 = FACE_BOUND('',#2599,.F.);
#2599 = EDGE_LOOP('',(#2600,#2601,#2602,#2603));
#2600 = ORIENTED_EDGE('',*,*,#2487,.F.);
#2601 = ORIENTED_EDGE('',*,*,#2557,.T.);
#2602 = ORIENTED_EDGE('',*,*,#2527,.T.);
#2603 = ORIENTED_EDGE('',*,*,#2579,.F.);
#2604 = PLANE('',#2605);
#2605 = AXIS2_PLACEMENT_3D('',#2606,#2607,#2608);
#2606 = CARTESIAN_POINT('',(-2.5,-1.45,0.1));
#2607 = DIRECTION('',(0.,0.,1.));
#2608 = DIRECTION('',(1.,0.,-0.));
#2609 = ADVANCED_FACE('',(#2610),#2616,.T.);
#2610 = FACE_BOUND('',#2611,.T.);
#2611 = EDGE_LOOP('',(#2612,#2613,#2614,#2615));
#2612 = ORIENTED_EDGE('',*,*,#2503,.F.);
#2613 = ORIENTED_EDGE('',*,*,#2564,.T.);
#2614 = ORIENTED_EDGE('',*,*,#2543,.T.);
#2615 = ORIENTED_EDGE('',*,*,#2586,.F.);
#2616 = PLANE('',#2617);
#2617 = AXIS2_PLACEMENT_3D('',#2618,#2619,#2620);
#2618 = CARTESIAN_POINT('',(-2.5,-1.45,0.17));
#2619 = DIRECTION('',(0.,0.,1.));
#2620 = DIRECTION('',(1.,0.,-0.));
#2621 = ( GEOMETRIC_REPRESENTATION_CONTEXT(3) 
GLOBAL_UNCERTAINTY_ASSIGNED_CONTEXT((#2625)) 
GLOBAL_UNIT_ASSIGNED_CONTEXT((#2622,#2623,#2624)) REPRESENTATION_CONTEXT
('Context #1','3D Context with UNIT and UNCERTAINTY') );
#2622 = ( LENGTH_UNIT() NAMED_UNIT(*) SI_UNIT(.MILLI.,.METRE.) );
#2623 = ( NAMED_UNIT(*) PLANE_ANGLE_UNIT() SI_UNIT($,.RADIAN.) );
#2624 = ( NAMED_UNIT(*) SI_UNIT($,.STERADIAN.) SOLID_ANGLE_UNIT() );
#2625 = UNCERTAINTY_MEASURE_WITH_UNIT(LENGTH_MEASURE(1.E-07),#2622,
  'distance_accuracy_value','confusion accuracy');
#2626 = CONTEXT_DEPENDENT_SHAPE_REPRESENTATION(#2627,#2629);
#2627 = ( REPRESENTATION_RELATIONSHIP('','',#2470,#2162) 
REPRESENTATION_RELATIONSHIP_WITH_TRANSFORMATION(#2628) 
SHAPE_REPRESENTATION_RELATIONSHIP() );
#2628 = ITEM_DEFINED_TRANSFORMATION('','',#11,#2167);
#2629 = PRODUCT_DEFINITION_SHAPE('Placement','Placement of an item',
  #2630);
#2630 = NEXT_ASSEMBLY_USAGE_OCCURRENCE('8','3','',#2157,#2465,$);
#2631 = PRODUCT_RELATED_PRODUCT_CATEGORY('part',$,(#2467));
#2632 = SHAPE_DEFINITION_REPRESENTATION(#2633,#2639);
#2633 = PRODUCT_DEFINITION_SHAPE('','',#2634);
#2634 = PRODUCT_DEFINITION('design','',#2635,#2638);
#2635 = PRODUCT_DEFINITION_FORMATION('','',#2636);
#2636 = PRODUCT('Open CASCADE STEP translator 7.9 1.2.3',
  'Open CASCADE STEP translator 7.9 1.2.3','',(#2637));
#2637 = PRODUCT_CONTEXT('',#2,'mechanical');
#2638 = PRODUCT_DEFINITION_CONTEXT('part definition',#2,'design');
#2639 = ADVANCED_BREP_SHAPE_REPRESENTATION('',(#11,#2640),#2790);
#2640 = MANIFOLD_SOLID_BREP('',#2641);
#2641 = CLOSED_SHELL('',(#2642,#2682,#2722,#2744,#2766,#2778));
#2642 = ADVANCED_FACE('',(#2643),#2677,.F.);
#2643 = FACE_BOUND('',#2644,.F.);
#2644 = EDGE_LOOP('',(#2645,#2655,#2663,#2671));
#2645 = ORIENTED_EDGE('',*,*,#2646,.F.);
#2646 = EDGE_CURVE('',#2647,#2649,#2651,.T.);
#2647 = VERTEX_POINT('',#2648);
#2648 = CARTESIAN_POINT('',(-2.1,-1.45,0.1));
#2649 = VERTEX_POINT('',#2650);
#2650 = CARTESIAN_POINT('',(-2.1,-1.45,0.17));
#2651 = LINE('',#2652,#2653);
#2652 = CARTESIAN_POINT('',(-2.1,-1.45,0.1));
#2653 = VECTOR('',#2654,1.);
#2654 = DIRECTION('',(0.,0.,1.));
#2655 = ORIENTED_EDGE('',*,*,#2656,.T.);
#2656 = EDGE_CURVE('',#2647,#2657,#2659,.T.);
#2657 = VERTEX_POINT('',#2658);
#2658 = CARTESIAN_POINT('',(-2.1,-0.95,0.1));
#2659 = LINE('',#2660,#2661);
#2660 = CARTESIAN_POINT('',(-2.1,-1.45,0.1));
#2661 = VECTOR('',#2662,1.);
#2662 = DIRECTION('',(0.,1.,0.));
#2663 = ORIENTED_EDGE('',*,*,#2664,.T.);
#2664 = EDGE_CURVE('',#2657,#2665,#2667,.T.);
#2665 = VERTEX_POINT('',#2666);
#2666 = CARTESIAN_POINT('',(-2.1,-0.95,0.17));
#2667 = LINE('',#2668,#2669);
#2668 = CARTESIAN_POINT('',(-2.1,-0.95,0.1));
#2669 = VECTOR('',#2670,1.);
#2670 = DIRECTION('',(0.,0.,1.));
#2671 = ORIENTED_EDGE('',*,*,#2672,.F.);
#2672 = EDGE_CURVE('',#2649,#2665,#2673,.T.);
#2673 = LINE('',#2674,#2675);
#2674 = CARTESIAN_POINT('',(-2.1,-1.45,0.17));
#2675 = VECTOR('',#2676,1.);
#2676 = DIRECTION('',(0.,1.,0.));
#2677 = PLANE('',#2678);
#2678 = AXIS2_PLACEMENT_3D('',#2679,#2680,#2681);
#2679 = CARTESIAN_POINT('',(-2.1,-1.45,0.1));
#2680 = DIRECTION('',(1.,0.,0.));
#2681 = DIRECTION('',(0.,0.,1.));
#2682 = ADVANCED_FACE('',(#2683),#2717,.T.);
#2683 = FACE_BOUND('',#2684,.T.);
#2684 = EDGE_LOOP('',(#2685,#2695,#2703,#2711));
#2685 = ORIENTED_EDGE('',*,*,#2686,.F.);
#2686 = EDGE_CURVE('',#2687,#2689,#2691,.T.);
#2687 = VERTEX_POINT('',#2688);
#2688 = CARTESIAN_POINT('',(-1.9,-1.45,0.1));
#2689 = VERTEX_POINT('',#2690);
#2690 = CARTESIAN_POINT('',(-1.9,-1.45,0.17));
#2691 = LINE('',#2692,#2693);
#2692 = CARTESIAN_POINT('',(-1.9,-1.45,0.1));
#2693 = VECTOR('',#2694,1.);
#2694 = DIRECTION('',(0.,0.,1.));
#2695 = ORIENTED_EDGE('',*,*,#2696,.T.);
#2696 = EDGE_CURVE('',#2687,#2697,#2699,.T.);
#2697 = VERTEX_POINT('',#2698);
#2698 = CARTESIAN_POINT('',(-1.9,-0.95,0.1));
#2699 = LINE('',#2700,#2701);
#2700 = CARTESIAN_POINT('',(-1.9,-1.45,0.1));
#2701 = VECTOR('',#2702,1.);
#2702 = DIRECTION('',(0.,1.,0.));
#2703 = ORIENTED_EDGE('',*,*,#2704,.T.);
#2704 = EDGE_CURVE('',#2697,#2705,#2707,.T.);
#2705 = VERTEX_POINT('',#2706);
#2706 = CARTESIAN_POINT('',(-1.9,-0.95,0.17));
#2707 = LINE('',#2708,#2709);
#2708 = CARTESIAN_POINT('',(-1.9,-0.95,0.1));
#2709 = VECTOR('',#2710,1.);
#2710 = DIRECTION('',(0.,0.,1.));
#2711 = ORIENTED_EDGE('',*,*,#2712,.F.);
#2712 = EDGE_CURVE('',#2689,#2705,#2713,.T.);
#2713 = LINE('',#2714,#2715);
#2714 = CARTESIAN_POINT('',(-1.9,-1.45,0.17));
#2715 = VECTOR('',#2716,1.);
#2716 = DIRECTION('',(0.,1.,0.));
#2717 = PLANE('',#2718);
#2718 = AXIS2_PLACEMENT_3D('',#2719,#2720,#2721);
#2719 = CARTESIAN_POINT('',(-1.9,-1.45,0.1));
#2720 = DIRECTION('',(1.,0.,0.));
#2721 = DIRECTION('',(0.,0.,1.));
#2722 = ADVANCED_FACE('',(#2723),#2739,.F.);
#2723 = FACE_BOUND('',#2724,.F.);
#2724 = EDGE_LOOP('',(#2725,#2731,#2732,#2738));
#2725 = ORIENTED_EDGE('',*,*,#2726,.F.);
#2726 = EDGE_CURVE('',#2647,#2687,#2727,.T.);
#2727 = LINE('',#2728,#2729);
#2728 = CARTESIAN_POINT('',(-2.1,-1.45,0.1));
#2729 = VECTOR('',#2730,1.);
#2730 = DIRECTION('',(1.,0.,0.));
#2731 = ORIENTED_EDGE('',*,*,#2646,.T.);
#2732 = ORIENTED_EDGE('',*,*,#2733,.T.);
#2733 = EDGE_CURVE('',#2649,#2689,#2734,.T.);
#2734 = LINE('',#2735,#2736);
#2735 = CARTESIAN_POINT('',(-2.1,-1.45,0.17));
#2736 = VECTOR('',#2737,1.);
#2737 = DIRECTION('',(1.,0.,0.));
#2738 = ORIENTED_EDGE('',*,*,#2686,.F.);
#2739 = PLANE('',#2740);
#2740 = AXIS2_PLACEMENT_3D('',#2741,#2742,#2743);
#2741 = CARTESIAN_POINT('',(-2.1,-1.45,0.1));
#2742 = DIRECTION('',(0.,1.,0.));
#2743 = DIRECTION('',(0.,-0.,1.));
#2744 = ADVANCED_FACE('',(#2745),#2761,.T.);
#2745 = FACE_BOUND('',#2746,.T.);
#2746 = EDGE_LOOP('',(#2747,#2753,#2754,#2760));
#2747 = ORIENTED_EDGE('',*,*,#2748,.F.);
#2748 = EDGE_CURVE('',#2657,#2697,#2749,.T.);
#2749 = LINE('',#2750,#2751);
#2750 = CARTESIAN_POINT('',(-2.1,-0.95,0.1));
#2751 = VECTOR('',#2752,1.);
#2752 = DIRECTION('',(1.,0.,0.));
#2753 = ORIENTED_EDGE('',*,*,#2664,.T.);
#2754 = ORIENTED_EDGE('',*,*,#2755,.T.);
#2755 = EDGE_CURVE('',#2665,#2705,#2756,.T.);
#2756 = LINE('',#2757,#2758);
#2757 = CARTESIAN_POINT('',(-2.1,-0.95,0.17));
#2758 = VECTOR('',#2759,1.);
#2759 = DIRECTION('',(1.,0.,0.));
#2760 = ORIENTED_EDGE('',*,*,#2704,.F.);
#2761 = PLANE('',#2762);
#2762 = AXIS2_PLACEMENT_3D('',#2763,#2764,#2765);
#2763 = CARTESIAN_POINT('',(-2.1,-0.95,0.1));
#2764 = DIRECTION('',(0.,1.,0.));
#2765 = DIRECTION('',(0.,-0.,1.));
#2766 = ADVANCED_FACE('',(#2767),#2773,.F.);
#2767 = FACE_BOUND('',#2768,.F.);
#2768 = EDGE_LOOP('',(#2769,#2770,#2771,#2772));
#2769 = ORIENTED_EDGE('',*,*,#2656,.F.);
#2770 = ORIENTED_EDGE('',*,*,#2726,.T.);
#2771 = ORIENTED_EDGE('',*,*,#2696,.T.);
#2772 = ORIENTED_EDGE('',*,*,#2748,.F.);
#2773 = PLANE('',#2774);
#2774 = AXIS2_PLACEMENT_3D('',#2775,#2776,#2777);
#2775 = CARTESIAN_POINT('',(-2.1,-1.45,0.1));
#2776 = DIRECTION('',(0.,0.,1.));
#2777 = DIRECTION('',(1.,0.,-0.));
#2778 = ADVANCED_FACE('',(#2779),#2785,.T.);
#2779 = FACE_BOUND('',#2780,.T.);
#2780 = EDGE_LOOP('',(#2781,#2782,#2783,#2784));
#2781 = ORIENTED_EDGE('',*,*,#2672,.F.);
#2782 = ORIENTED_EDGE('',*,*,#2733,.T.);
#2783 = ORIENTED_EDGE('',*,*,#2712,.T.);
#2784 = ORIENTED_EDGE('',*,*,#2755,.F.);
#2785 = PLANE('',#2786);
#2786 = AXIS2_PLACEMENT_3D('',#2787,#2788,#2789);
#2787 = CARTESIAN_POINT('',(-2.1,-1.45,0.17));
#2788 = DIRECTION('',(0.,0.,1.));
#2789 = DIRECTION('',(1.,0.,-0.));
#2790 = ( GEOMETRIC_REPRESENTATION_CONTEXT(3) 
GLOBAL_UNCERTAINTY_ASSIGNED_CONTEXT((#2794)) 
GLOBAL_UNIT_ASSIGNED_CONTEXT((#2791,#2792,#2793)) REPRESENTATION_CONTEXT
('Context #1','3D Context with UNIT and UNCERTAINTY') );
#2791 = ( LENGTH_UNIT() NAMED_UNIT(*) SI_UNIT(.MILLI.,.METRE.) );
#2792 = ( NAMED_UNIT(*) PLANE_ANGLE_UNIT() SI_UNIT($,.RADIAN.) );
#2793 = ( NAMED_UNIT(*) SI_UNIT($,.STERADIAN.) SOLID_ANGLE_UNIT() );
#2794 = UNCERTAINTY_MEASURE_WITH_UNIT(LENGTH_MEASURE(1.E-07),#2791,
  'distance_accuracy_value','confusion accuracy');
#2795 = CONTEXT_DEPENDENT_SHAPE_REPRESENTATION(#2796,#2798);
#2796 = ( REPRESENTATION_RELATIONSHIP('','',#2639,#2162) 
REPRESENTATION_RELATIONSHIP_WITH_TRANSFORMATION(#2797) 
SHAPE_REPRESENTATION_RELATIONSHIP() );
#2797 = ITEM_DEFINED_TRANSFORMATION('','',#11,#2171);
#2798 = PRODUCT_DEFINITION_SHAPE('Placement','Placement of an item',
  #2799);
#2799 = NEXT_ASSEMBLY_USAGE_OCCURRENCE('9','4','',#2157,#2634,$);
#2800 = PRODUCT_RELATED_PRODUCT_CATEGORY('part',$,(#2636));
#2801 = SHAPE_DEFINITION_REPRESENTATION(#2802,#2808);
#2802 = PRODUCT_DEFINITION_SHAPE('','',#2803);
#2803 = PRODUCT_DEFINITION('design','',#2804,#2807);
#2804 = PRODUCT_DEFINITION_FORMATION('','',#2805);
#2805 = PRODUCT('Open CASCADE STEP translator 7.9 1.2.4',
  'Open CASCADE STEP translator 7.9 1.2.4','',(#2806));
#2806 = PRODUCT_CONTEXT('',#2,'mechanical');
#2807 = PRODUCT_DEFINITION_CONTEXT('part definition',#2,'design');
#2808 = ADVANCED_BREP_SHAPE_REPRESENTATION('',(#11,#2809),#2959);
#2809 = MANIFOLD_SOLID_BREP('',#2810);
#2810 = CLOSED_SHELL('',(#2811,#2851,#2891,#2913,#2935,#2947));
#2811 = ADVANCED_FACE('',(#2812),#2846,.F.);
#2812 = FACE_BOUND('',#2813,.F.);
#2813 = EDGE_LOOP('',(#2814,#2824,#2832,#2840));
#2814 = ORIENTED_EDGE('',*,*,#2815,.F.);
#2815 = EDGE_CURVE('',#2816,#2818,#2820,.T.);
#2816 = VERTEX_POINT('',#2817);
#2817 = CARTESIAN_POINT('',(-1.7,-1.45,0.1));
#2818 = VERTEX_POINT('',#2819);
#2819 = CARTESIAN_POINT('',(-1.7,-1.45,0.17));
#2820 = LINE('',#2821,#2822);
#2821 = CARTESIAN_POINT('',(-1.7,-1.45,0.1));
#2822 = VECTOR('',#2823,1.);
#2823 = DIRECTION('',(0.,0.,1.));
#2824 = ORIENTED_EDGE('',*,*,#2825,.T.);
#2825 = EDGE_CURVE('',#2816,#2826,#2828,.T.);
#2826 = VERTEX_POINT('',#2827);
#2827 = CARTESIAN_POINT('',(-1.7,-0.95,0.1));
#2828 = LINE('',#2829,#2830);
#2829 = CARTESIAN_POINT('',(-1.7,-1.45,0.1));
#2830 = VECTOR('',#2831,1.);
#2831 = DIRECTION('',(0.,1.,0.));
#2832 = ORIENTED_EDGE('',*,*,#2833,.T.);
#2833 = EDGE_CURVE('',#2826,#2834,#2836,.T.);
#2834 = VERTEX_POINT('',#2835);
#2835 = CARTESIAN_POINT('',(-1.7,-0.95,0.17));
#2836 = LINE('',#2837,#2838);
#2837 = CARTESIAN_POINT('',(-1.7,-0.95,0.1));
#2838 = VECTOR('',#2839,1.);
#2839 = DIRECTION('',(0.,0.,1.));
#2840 = ORIENTED_EDGE('',*,*,#2841,.F.);
#2841 = EDGE_CURVE('',#2818,#2834,#2842,.T.);
#2842 = LINE('',#2843,#2844);
#2843 = CARTESIAN_POINT('',(-1.7,-1.45,0.17));
#2844 = VECTOR('',#2845,1.);
#2845 = DIRECTION('',(0.,1.,0.));
#2846 = PLANE('',#2847);
#2847 = AXIS2_PLACEMENT_3D('',#2848,#2849,#2850);
#2848 = CARTESIAN_POINT('',(-1.7,-1.45,0.1));
#2849 = DIRECTION('',(1.,0.,0.));
#2850 = DIRECTION('',(0.,0.,1.));
#2851 = ADVANCED_FACE('',(#2852),#2886,.T.);
#2852 = FACE_BOUND('',#2853,.T.);
#2853 = EDGE_LOOP('',(#2854,#2864,#2872,#2880));
#2854 = ORIENTED_EDGE('',*,*,#2855,.F.);
#2855 = EDGE_CURVE('',#2856,#2858,#2860,.T.);
#2856 = VERTEX_POINT('',#2857);
#2857 = CARTESIAN_POINT('',(-1.5,-1.45,0.1));
#2858 = VERTEX_POINT('',#2859);
#2859 = CARTESIAN_POINT('',(-1.5,-1.45,0.17));
#2860 = LINE('',#2861,#2862);
#2861 = CARTESIAN_POINT('',(-1.5,-1.45,0.1));
#2862 = VECTOR('',#2863,1.);
#2863 = DIRECTION('',(0.,0.,1.));
#2864 = ORIENTED_EDGE('',*,*,#2865,.T.);
#2865 = EDGE_CURVE('',#2856,#2866,#2868,.T.);
#2866 = VERTEX_POINT('',#2867);
#2867 = CARTESIAN_POINT('',(-1.5,-0.95,0.1));
#2868 = LINE('',#2869,#2870);
#2869 = CARTESIAN_POINT('',(-1.5,-1.45,0.1));
#2870 = VECTOR('',#2871,1.);
#2871 = DIRECTION('',(0.,1.,0.));
#2872 = ORIENTED_EDGE('',*,*,#2873,.T.);
#2873 = EDGE_CURVE('',#2866,#2874,#2876,.T.);
#2874 = VERTEX_POINT('',#2875);
#2875 = CARTESIAN_POINT('',(-1.5,-0.95,0.17));
#2876 = LINE('',#2877,#2878);
#2877 = CARTESIAN_POINT('',(-1.5,-0.95,0.1));
#2878 = VECTOR('',#2879,1.);
#2879 = DIRECTION('',(0.,0.,1.));
#2880 = ORIENTED_EDGE('',*,*,#2881,.F.);
#2881 = EDGE_CURVE('',#2858,#2874,#2882,.T.);
#2882 = LINE('',#2883,#2884);
#2883 = CARTESIAN_POINT('',(-1.5,-1.45,0.17));
#2884 = VECTOR('',#2885,1.);
#2885 = DIRECTION('',(0.,1.,0.));
#2886 = PLANE('',#2887);
#2887 = AXIS2_PLACEMENT_3D('',#2888,#2889,#2890);
#2888 = CARTESIAN_POINT('',(-1.5,-1.45,0.1));
#2889 = DIRECTION('',(1.,0.,0.));
#2890 = DIRECTION('',(0.,0.,1.));
#2891 = ADVANCED_FACE('',(#2892),#2908,.F.);
#2892 = FACE_BOUND('',#2893,.F.);
#2893 = EDGE_LOOP('',(#2894,#2900,#2901,#2907));
#2894 = ORIENTED_EDGE('',*,*,#2895,.F.);
#2895 = EDGE_CURVE('',#2816,#2856,#2896,.T.);
#2896 = LINE('',#2897,#2898);
#2897 = CARTESIAN_POINT('',(-1.7,-1.45,0.1));
#2898 = VECTOR('',#2899,1.);
#2899 = DIRECTION('',(1.,0.,0.));
#2900 = ORIENTED_EDGE('',*,*,#2815,.T.);
#2901 = ORIENTED_EDGE('',*,*,#2902,.T.);
#2902 = EDGE_CURVE('',#2818,#2858,#2903,.T.);
#2903 = LINE('',#2904,#2905);
#2904 = CARTESIAN_POINT('',(-1.7,-1.45,0.17));
#2905 = VECTOR('',#2906,1.);
#2906 = DIRECTION('',(1.,0.,0.));
#2907 = ORIENTED_EDGE('',*,*,#2855,.F.);
#2908 = PLANE('',#2909);
#2909 = AXIS2_PLACEMENT_3D('',#2910,#2911,#2912);
#2910 = CARTESIAN_POINT('',(-1.7,-1.45,0.1));
#2911 = DIRECTION('',(0.,1.,0.));
#2912 = DIRECTION('',(0.,-0.,1.));
#2913 = ADVANCED_FACE('',(#2914),#2930,.T.);
#2914 = FACE_BOUND('',#2915,.T.);
#2915 = EDGE_LOOP('',(#2916,#2922,#2923,#2929));
#2916 = ORIENTED_EDGE('',*,*,#2917,.F.);
#2917 = EDGE_CURVE('',#2826,#2866,#2918,.T.);
#2918 = LINE('',#2919,#2920);
#2919 = CARTESIAN_POINT('',(-1.7,-0.95,0.1));
#2920 = VECTOR('',#2921,1.);
#2921 = DIRECTION('',(1.,0.,0.));
#2922 = ORIENTED_EDGE('',*,*,#2833,.T.);
#2923 = ORIENTED_EDGE('',*,*,#2924,.T.);
#2924 = EDGE_CURVE('',#2834,#2874,#2925,.T.);
#2925 = LINE('',#2926,#2927);
#2926 = CARTESIAN_POINT('',(-1.7,-0.95,0.17));
#2927 = VECTOR('',#2928,1.);
#2928 = DIRECTION('',(1.,0.,0.));
#2929 = ORIENTED_EDGE('',*,*,#2873,.F.);
#2930 = PLANE('',#2931);
#2931 = AXIS2_PLACEMENT_3D('',#2932,#2933,#2934);
#2932 = CARTESIAN_POINT('',(-1.7,-0.95,0.1));
#2933 = DIRECTION('',(0.,1.,0.));
#2934 = DIRECTION('',(0.,-0.,1.));
#2935 = ADVANCED_FACE('',(#2936),#2942,.F.);
#2936 = FACE_BOUND('',#2937,.F.);
#2937 = EDGE_LOOP('',(#2938,#2939,#2940,#2941));
#2938 = ORIENTED_EDGE('',*,*,#2825,.F.);
#2939 = ORIENTED_EDGE('',*,*,#2895,.T.);
#2940 = ORIENTED_EDGE('',*,*,#2865,.T.);
#2941 = ORIENTED_EDGE('',*,*,#2917,.F.);
#2942 = PLANE('',#2943);
#2943 = AXIS2_PLACEMENT_3D('',#2944,#2945,#2946);
#2944 = CARTESIAN_POINT('',(-1.7,-1.45,0.1));
#2945 = DIRECTION('',(0.,0.,1.));
#2946 = DIRECTION('',(1.,0.,-0.));
#2947 = ADVANCED_FACE('',(#2948),#2954,.T.);
#2948 = FACE_BOUND('',#2949,.T.);
#2949 = EDGE_LOOP('',(#2950,#2951,#2952,#2953));
#2950 = ORIENTED_EDGE('',*,*,#2841,.F.);
#2951 = ORIENTED_EDGE('',*,*,#2902,.T.);
#2952 = ORIENTED_EDGE('',*,*,#2881,.T.);
#2953 = ORIENTED_EDGE('',*,*,#2924,.F.);
#2954 = PLANE('',#2955);
#2955 = AXIS2_PLACEMENT_3D('',#2956,#2957,#2958);
#2956 = CARTESIAN_POINT('',(-1.7,-1.45,0.17));
#2957 = DIRECTION('',(0.,0.,1.));
#2958 = DIRECTION('',(1.,0.,-0.));
#2959 = ( GEOMETRIC_REPRESENTATION_CONTEXT(3) 
GLOBAL_UNCERTAINTY_ASSIGNED_CONTEXT((#2963)) 
GLOBAL_UNIT_ASSIGNED_CONTEXT((#2960,#2961,#2962)) REPRESENTATION_CONTEXT
('Context #1','3D Context with UNIT and UNCERTAINTY') );
#2960 = ( LENGTH_UNIT() NAMED_UNIT(*) SI_UNIT(.MILLI.,.METRE.) );
#2961 = ( NAMED_UNIT(*) PLANE_ANGLE_UNIT() SI_UNIT($,.RADIAN.) );
#2962 = ( NAMED_UNIT(*) SI_UNIT($,.STERADIAN.) SOLID_ANGLE_UNIT() );
#2963 = UNCERTAINTY_MEASURE_WITH_UNIT(LENGTH_MEASURE(1.E-07),#2960,
  'distance_accuracy_value','confusion accuracy');
#2964 = CONTEXT_DEPENDENT_SHAPE_REPRESENTATION(#2965,#2967);
#2965 = ( REPRESENTATION_RELATIONSHIP('','',#2808,#2162) 
REPRESENTATION_RELATIONSHIP_WITH_TRANSFORMATION(#2966) 
SHAPE_REPRESENTATION_RELATIONSHIP() );
#2966 = ITEM_DEFINED_TRANSFORMATION('','',#11,#2175);
#2967 = PRODUCT_DEFINITION_SHAPE('Placement','Placement of an item',
  #2968);
#2968 = NEXT_ASSEMBLY_USAGE_OCCURRENCE('10','5','',#2157,#2803,$);
#2969 = PRODUCT_RELATED_PRODUCT_CATEGORY('part',$,(#2805));
#2970 = SHAPE_DEFINITION_REPRESENTATION(#2971,#2977);
#2971 = PRODUCT_DEFINITION_SHAPE('','',#2972);
#2972 = PRODUCT_DEFINITION('design','',#2973,#2976);
#2973 = PRODUCT_DEFINITION_FORMATION('','',#2974);
#2974 = PRODUCT('Open CASCADE STEP translator 7.9 1.2.5',
  'Open CASCADE STEP translator 7.9 1.2.5','',(#2975));
#2975 = PRODUCT_CONTEXT('',#2,'mechanical');
#2976 = PRODUCT_DEFINITION_CONTEXT('part definition',#2,'design');
#2977 = ADVANCED_BREP_SHAPE_REPRESENTATION('',(#11,#2978),#3128);
#2978 = MANIFOLD_SOLID_BREP('',#2979);
#2979 = CLOSED_SHELL('',(#2980,#3020,#3060,#3082,#3104,#3116));
#2980 = ADVANCED_FACE('',(#2981),#3015,.F.);
#2981 = FACE_BOUND('',#2982,.F.);
#2982 = EDGE_LOOP('',(#2983,#2993,#3001,#3009));
#2983 = ORIENTED_EDGE('',*,*,#2984,.F.);
#2984 = EDGE_CURVE('',#2985,#2987,#2989,.T.);
#2985 = VERTEX_POINT('',#2986);
#2986 = CARTESIAN_POINT('',(-1.3,-1.45,0.1));
#2987 = VERTEX_POINT('',#2988);
#2988 = CARTESIAN_POINT('',(-1.3,-1.45,0.17));
#2989 = LINE('',#2990,#2991);
#2990 = CARTESIAN_POINT('',(-1.3,-1.45,0.1));
#2991 = VECTOR('',#2992,1.);
#2992 = DIRECTION('',(0.,0.,1.));
#2993 = ORIENTED_EDGE('',*,*,#2994,.T.);
#2994 = EDGE_CURVE('',#2985,#2995,#2997,.T.);
#2995 = VERTEX_POINT('',#2996);
#2996 = CARTESIAN_POINT('',(-1.3,-0.95,0.1));
#2997 = LINE('',#2998,#2999);
#2998 = CARTESIAN_POINT('',(-1.3,-1.45,0.1));
#2999 = VECTOR('',#3000,1.);
#3000 = DIRECTION('',(0.,1.,0.));
#3001 = ORIENTED_EDGE('',*,*,#3002,.T.);
#3002 = EDGE_CURVE('',#2995,#3003,#3005,.T.);
#3003 = VERTEX_POINT('',#3004);
#3004 = CARTESIAN_POINT('',(-1.3,-0.95,0.17));
#3005 = LINE('',#3006,#3007);
#3006 = CARTESIAN_POINT('',(-1.3,-0.95,0.1));
#3007 = VECTOR('',#3008,1.);
#3008 = DIRECTION('',(0.,0.,1.));
#3009 = ORIENTED_EDGE('',*,*,#3010,.F.);
#3010 = EDGE_CURVE('',#2987,#3003,#3011,.T.);
#3011 = LINE('',#3012,#3013);
#3012 = CARTESIAN_POINT('',(-1.3,-1.45,0.17));
#3013 = VECTOR('',#3014,1.);
#3014 = DIRECTION('',(0.,1.,0.));
#3015 = PLANE('',#3016);
#3016 = AXIS2_PLACEMENT_3D('',#3017,#3018,#3019);
#3017 = CARTESIAN_POINT('',(-1.3,-1.45,0.1));
#3018 = DIRECTION('',(1.,0.,0.));
#3019 = DIRECTION('',(0.,0.,1.));
#3020 = ADVANCED_FACE('',(#3021),#3055,.T.);
#3021 = FACE_BOUND('',#3022,.T.);
#3022 = EDGE_LOOP('',(#3023,#3033,#3041,#3049));
#3023 = ORIENTED_EDGE('',*,*,#3024,.F.);
#3024 = EDGE_CURVE('',#3025,#3027,#3029,.T.);
#3025 = VERTEX_POINT('',#3026);
#3026 = CARTESIAN_POINT('',(-1.1,-1.45,0.1));
#3027 = VERTEX_POINT('',#3028);
#3028 = CARTESIAN_POINT('',(-1.1,-1.45,0.17));
#3029 = LINE('',#3030,#3031);
#3030 = CARTESIAN_POINT('',(-1.1,-1.45,0.1));
#3031 = VECTOR('',#3032,1.);
#3032 = DIRECTION('',(0.,0.,1.));
#3033 = ORIENTED_EDGE('',*,*,#3034,.T.);
#3034 = EDGE_CURVE('',#3025,#3035,#3037,.T.);
#3035 = VERTEX_POINT('',#3036);
#3036 = CARTESIAN_POINT('',(-1.1,-0.95,0.1));
#3037 = LINE('',#3038,#3039);
#3038 = CARTESIAN_POINT('',(-1.1,-1.45,0.1));
#3039 = VECTOR('',#3040,1.);
#3040 = DIRECTION('',(0.,1.,0.));
#3041 = ORIENTED_EDGE('',*,*,#3042,.T.);
#3042 = EDGE_CURVE('',#3035,#3043,#3045,.T.);
#3043 = VERTEX_POINT('',#3044);
#3044 = CARTESIAN_POINT('',(-1.1,-0.95,0.17));
#3045 = LINE('',#3046,#3047);
#3046 = CARTESIAN_POINT('',(-1.1,-0.95,0.1));
#3047 = VECTOR('',#3048,1.);
#3048 = DIRECTION('',(0.,0.,1.));
#3049 = ORIENTED_EDGE('',*,*,#3050,.F.);
#3050 = EDGE_CURVE('',#3027,#3043,#3051,.T.);
#3051 = LINE('',#3052,#3053);
#3052 = CARTESIAN_POINT('',(-1.1,-1.45,0.17));
#3053 = VECTOR('',#3054,1.);
#3054 = DIRECTION('',(0.,1.,0.));
#3055 = PLANE('',#3056);
#3056 = AXIS2_PLACEMENT_3D('',#3057,#3058,#3059);
#3057 = CARTESIAN_POINT('',(-1.1,-1.45,0.1));
#3058 = DIRECTION('',(1.,0.,0.));
#3059 = DIRECTION('',(0.,0.,1.));
#3060 = ADVANCED_FACE('',(#3061),#3077,.F.);
#3061 = FACE_BOUND('',#3062,.F.);
#3062 = EDGE_LOOP('',(#3063,#3069,#3070,#3076));
#3063 = ORIENTED_EDGE('',*,*,#3064,.F.);
#3064 = EDGE_CURVE('',#2985,#3025,#3065,.T.);
#3065 = LINE('',#3066,#3067);
#3066 = CARTESIAN_POINT('',(-1.3,-1.45,0.1));
#3067 = VECTOR('',#3068,1.);
#3068 = DIRECTION('',(1.,0.,0.));
#3069 = ORIENTED_EDGE('',*,*,#2984,.T.);
#3070 = ORIENTED_EDGE('',*,*,#3071,.T.);
#3071 = EDGE_CURVE('',#2987,#3027,#3072,.T.);
#3072 = LINE('',#3073,#3074);
#3073 = CARTESIAN_POINT('',(-1.3,-1.45,0.17));
#3074 = VECTOR('',#3075,1.);
#3075 = DIRECTION('',(1.,0.,0.));
#3076 = ORIENTED_EDGE('',*,*,#3024,.F.);
#3077 = PLANE('',#3078);
#3078 = AXIS2_PLACEMENT_3D('',#3079,#3080,#3081);
#3079 = CARTESIAN_POINT('',(-1.3,-1.45,0.1));
#3080 = DIRECTION('',(0.,1.,0.));
#3081 = DIRECTION('',(0.,-0.,1.));
#3082 = ADVANCED_FACE('',(#3083),#3099,.T.);
#3083 = FACE_BOUND('',#3084,.T.);
#3084 = EDGE_LOOP('',(#3085,#3091,#3092,#3098));
#3085 = ORIENTED_EDGE('',*,*,#3086,.F.);
#3086 = EDGE_CURVE('',#2995,#3035,#3087,.T.);
#3087 = LINE('',#3088,#3089);
#3088 = CARTESIAN_POINT('',(-1.3,-0.95,0.1));
#3089 = VECTOR('',#3090,1.);
#3090 = DIRECTION('',(1.,0.,0.));
#3091 = ORIENTED_EDGE('',*,*,#3002,.T.);
#3092 = ORIENTED_EDGE('',*,*,#3093,.T.);
#3093 = EDGE_CURVE('',#3003,#3043,#3094,.T.);
#3094 = LINE('',#3095,#3096);
#3095 = CARTESIAN_POINT('',(-1.3,-0.95,0.17));
#3096 = VECTOR('',#3097,1.);
#3097 = DIRECTION('',(1.,0.,0.));
#3098 = ORIENTED_EDGE('',*,*,#3042,.F.);
#3099 = PLANE('',#3100);
#3100 = AXIS2_PLACEMENT_3D('',#3101,#3102,#3103);
#3101 = CARTESIAN_POINT('',(-1.3,-0.95,0.1));
#3102 = DIRECTION('',(0.,1.,0.));
#3103 = DIRECTION('',(0.,-0.,1.));
#3104 = ADVANCED_FACE('',(#3105),#3111,.F.);
#3105 = FACE_BOUND('',#3106,.F.);
#3106 = EDGE_LOOP('',(#3107,#3108,#3109,#3110));
#3107 = ORIENTED_EDGE('',*,*,#2994,.F.);
#3108 = ORIENTED_EDGE('',*,*,#3064,.T.);
#3109 = ORIENTED_EDGE('',*,*,#3034,.T.);
#3110 = ORIENTED_EDGE('',*,*,#3086,.F.);
#3111 = PLANE('',#3112);
#3112 = AXIS2_PLACEMENT_3D('',#3113,#3114,#3115);
#3113 = CARTESIAN_POINT('',(-1.3,-1.45,0.1));
#3114 = DIRECTION('',(0.,0.,1.));
#3115 = DIRECTION('',(1.,0.,-0.));
#3116 = ADVANCED_FACE('',(#3117),#3123,.T.);
#3117 = FACE_BOUND('',#3118,.T.);
#3118 = EDGE_LOOP('',(#3119,#3120,#3121,#3122));
#3119 = ORIENTED_EDGE('',*,*,#3010,.F.);
#3120 = ORIENTED_EDGE('',*,*,#3071,.T.);
#3121 = ORIENTED_EDGE('',*,*,#3050,.T.);
#3122 = ORIENTED_EDGE('',*,*,#3093,.F.);
#3123 = PLANE('',#3124);
#3124 = AXIS2_PLACEMENT_3D('',#3125,#3126,#3127);
#3125 = CARTESIAN_POINT('',(-1.3,-1.45,0.17));
#3126 = DIRECTION('',(0.,0.,1.));
#3127 = DIRECTION('',(1.,0.,-0.));
#3128 = ( GEOMETRIC_REPRESENTATION_CONTEXT(3) 
GLOBAL_UNCERTAINTY_ASSIGNED_CONTEXT((#3132)) 
GLOBAL_UNIT_ASSIGNED_CONTEXT((#3129,#3130,#3131)) REPRESENTATION_CONTEXT
('Context #1','3D Context with UNIT and UNCERTAINTY') );
#3129 = ( LENGTH_UNIT() NAMED_UNIT(*) SI_UNIT(.MILLI.,.METRE.) );
#3130 = ( NAMED_UNIT(*) PLANE_ANGLE_UNIT() SI_UNIT($,.RADIAN.) );
#3131 = ( NAMED_UNIT(*) SI_UNIT($,.STERADIAN.) SOLID_ANGLE_UNIT() );
#3132 = UNCERTAINTY_MEASURE_WITH_UNIT(LENGTH_MEASURE(1.E-07),#3129,
  'distance_accuracy_value','confusion accuracy');
#3133 = CONTEXT_DEPENDENT_SHAPE_REPRESENTATION(#3134,#3136);
#3134 = ( REPRESENTATION_RELATIONSHIP('','',#2977,#2162) 
REPRESENTATION_RELATIONSHIP_WITH_TRANSFORMATION(#3135) 
SHAPE_REPRESENTATION_RELATIONSHIP() );
#3135 = ITEM_DEFINED_TRANSFORMATION('','',#11,#2179);
#3136 = PRODUCT_DEFINITION_SHAPE('Placement','Placement of an item',
  #3137);
#3137 = NEXT_ASSEMBLY_USAGE_OCCURRENCE('11','6','',#2157,#2972,$);
#3138 = PRODUCT_RELATED_PRODUCT_CATEGORY('part',$,(#2974));
#3139 = SHAPE_DEFINITION_REPRESENTATION(#3140,#3146);
#3140 = PRODUCT_DEFINITION_SHAPE('','',#3141);
#3141 = PRODUCT_DEFINITION('design','',#3142,#3145);
#3142 = PRODUCT_DEFINITION_FORMATION('','',#3143);
#3143 = PRODUCT('Open CASCADE STEP translator 7.9 1.2.6',
  'Open CASCADE STEP translator 7.9 1.2.6','',(#3144));
#3144 = PRODUCT_CONTEXT('',#2,'mechanical');
#3145 = PRODUCT_DEFINITION_CONTEXT('part definition',#2,'design');
#3146 = ADVANCED_BREP_SHAPE_REPRESENTATION('',(#11,#3147),#3297);
#3147 = MANIFOLD_SOLID_BREP('',#3148);
#3148 = CLOSED_SHELL('',(#3149,#3189,#3229,#3251,#3273,#3285));
#3149 = ADVANCED_FACE('',(#3150),#3184,.F.);
#3150 = FACE_BOUND('',#3151,.F.);
#3151 = EDGE_LOOP('',(#3152,#3162,#3170,#3178));
#3152 = ORIENTED_EDGE('',*,*,#3153,.F.);
#3153 = EDGE_CURVE('',#3154,#3156,#3158,.T.);
#3154 = VERTEX_POINT('',#3155);
#3155 = CARTESIAN_POINT('',(-0.9,-1.45,0.1));
#3156 = VERTEX_POINT('',#3157);
#3157 = CARTESIAN_POINT('',(-0.9,-1.45,0.17));
#3158 = LINE('',#3159,#3160);
#3159 = CARTESIAN_POINT('',(-0.9,-1.45,0.1));
#3160 = VECTOR('',#3161,1.);
#3161 = DIRECTION('',(0.,0.,1.));
#3162 = ORIENTED_EDGE('',*,*,#3163,.T.);
#3163 = EDGE_CURVE('',#3154,#3164,#3166,.T.);
#3164 = VERTEX_POINT('',#3165);
#3165 = CARTESIAN_POINT('',(-0.9,-0.95,0.1));
#3166 = LINE('',#3167,#3168);
#3167 = CARTESIAN_POINT('',(-0.9,-1.45,0.1));
#3168 = VECTOR('',#3169,1.);
#3169 = DIRECTION('',(0.,1.,0.));
#3170 = ORIENTED_EDGE('',*,*,#3171,.T.);
#3171 = EDGE_CURVE('',#3164,#3172,#3174,.T.);
#3172 = VERTEX_POINT('',#3173);
#3173 = CARTESIAN_POINT('',(-0.9,-0.95,0.17));
#3174 = LINE('',#3175,#3176);
#3175 = CARTESIAN_POINT('',(-0.9,-0.95,0.1));
#3176 = VECTOR('',#3177,1.);
#3177 = DIRECTION('',(0.,0.,1.));
#3178 = ORIENTED_EDGE('',*,*,#3179,.F.);
#3179 = EDGE_CURVE('',#3156,#3172,#3180,.T.);
#3180 = LINE('',#3181,#3182);
#3181 = CARTESIAN_POINT('',(-0.9,-1.45,0.17));
#3182 = VECTOR('',#3183,1.);
#3183 = DIRECTION('',(0.,1.,0.));
#3184 = PLANE('',#3185);
#3185 = AXIS2_PLACEMENT_3D('',#3186,#3187,#3188);
#3186 = CARTESIAN_POINT('',(-0.9,-1.45,0.1));
#3187 = DIRECTION('',(1.,0.,0.));
#3188 = DIRECTION('',(0.,0.,1.));
#3189 = ADVANCED_FACE('',(#3190),#3224,.T.);
#3190 = FACE_BOUND('',#3191,.T.);
#3191 = EDGE_LOOP('',(#3192,#3202,#3210,#3218));
#3192 = ORIENTED_EDGE('',*,*,#3193,.F.);
#3193 = EDGE_CURVE('',#3194,#3196,#3198,.T.);
#3194 = VERTEX_POINT('',#3195);
#3195 = CARTESIAN_POINT('',(-0.7,-1.45,0.1));
#3196 = VERTEX_POINT('',#3197);
#3197 = CARTESIAN_POINT('',(-0.7,-1.45,0.17));
#3198 = LINE('',#3199,#3200);
#3199 = CARTESIAN_POINT('',(-0.7,-1.45,0.1));
#3200 = VECTOR('',#3201,1.);
#3201 = DIRECTION('',(0.,0.,1.));
#3202 = ORIENTED_EDGE('',*,*,#3203,.T.);
#3203 = EDGE_CURVE('',#3194,#3204,#3206,.T.);
#3204 = VERTEX_POINT('',#3205);
#3205 = CARTESIAN_POINT('',(-0.7,-0.95,0.1));
#3206 = LINE('',#3207,#3208);
#3207 = CARTESIAN_POINT('',(-0.7,-1.45,0.1));
#3208 = VECTOR('',#3209,1.);
#3209 = DIRECTION('',(0.,1.,0.));
#3210 = ORIENTED_EDGE('',*,*,#3211,.T.);
#3211 = EDGE_CURVE('',#3204,#3212,#3214,.T.);
#3212 = VERTEX_POINT('',#3213);
#3213 = CARTESIAN_POINT('',(-0.7,-0.95,0.17));
#3214 = LINE('',#3215,#3216);
#3215 = CARTESIAN_POINT('',(-0.7,-0.95,0.1));
#3216 = VECTOR('',#3217,1.);
#3217 = DIRECTION('',(0.,0.,1.));
#3218 = ORIENTED_EDGE('',*,*,#3219,.F.);
#3219 = EDGE_CURVE('',#3196,#3212,#3220,.T.);
#3220 = LINE('',#3221,#3222);
#3221 = CARTESIAN_POINT('',(-0.7,-1.45,0.17));
#3222 = VECTOR('',#3223,1.);
#3223 = DIRECTION('',(0.,1.,0.));
#3224 = PLANE('',#3225);
#3225 = AXIS2_PLACEMENT_3D('',#3226,#3227,#3228);
#3226 = CARTESIAN_POINT('',(-0.7,-1.45,0.1));
#3227 = DIRECTION('',(1.,0.,0.));
#3228 = DIRECTION('',(0.,0.,1.));
#3229 = ADVANCED_FACE('',(#3230),#3246,.F.);
#3230 = FACE_BOUND('',#3231,.F.);
#3231 = EDGE_LOOP('',(#3232,#3238,#3239,#3245));
#3232 = ORIENTED_EDGE('',*,*,#3233,.F.);
#3233 = EDGE_CURVE('',#3154,#3194,#3234,.T.);
#3234 = LINE('',#3235,#3236);
#3235 = CARTESIAN_POINT('',(-0.9,-1.45,0.1));
#3236 = VECTOR('',#3237,1.);
#3237 = DIRECTION('',(1.,0.,0.));
#3238 = ORIENTED_EDGE('',*,*,#3153,.T.);
#3239 = ORIENTED_EDGE('',*,*,#3240,.T.);
#3240 = EDGE_CURVE('',#3156,#3196,#3241,.T.);
#3241 = LINE('',#3242,#3243);
#3242 = CARTESIAN_POINT('',(-0.9,-1.45,0.17));
#3243 = VECTOR('',#3244,1.);
#3244 = DIRECTION('',(1.,0.,0.));
#3245 = ORIENTED_EDGE('',*,*,#3193,.F.);
#3246 = PLANE('',#3247);
#3247 = AXIS2_PLACEMENT_3D('',#3248,#3249,#3250);
#3248 = CARTESIAN_POINT('',(-0.9,-1.45,0.1));
#3249 = DIRECTION('',(0.,1.,0.));
#3250 = DIRECTION('',(0.,-0.,1.));
#3251 = ADVANCED_FACE('',(#3252),#3268,.T.);
#3252 = FACE_BOUND('',#3253,.T.);
#3253 = EDGE_LOOP('',(#3254,#3260,#3261,#3267));
#3254 = ORIENTED_EDGE('',*,*,#3255,.F.);
#3255 = EDGE_CURVE('',#3164,#3204,#3256,.T.);
#3256 = LINE('',#3257,#3258);
#3257 = CARTESIAN_POINT('',(-0.9,-0.95,0.1));
#3258 = VECTOR('',#3259,1.);
#3259 = DIRECTION('',(1.,0.,0.));
#3260 = ORIENTED_EDGE('',*,*,#3171,.T.);
#3261 = ORIENTED_EDGE('',*,*,#3262,.T.);
#3262 = EDGE_CURVE('',#3172,#3212,#3263,.T.);
#3263 = LINE('',#3264,#3265);
#3264 = CARTESIAN_POINT('',(-0.9,-0.95,0.17));
#3265 = VECTOR('',#3266,1.);
#3266 = DIRECTION('',(1.,0.,0.));
#3267 = ORIENTED_EDGE('',*,*,#3211,.F.);
#3268 = PLANE('',#3269);
#3269 = AXIS2_PLACEMENT_3D('',#3270,#3271,#3272);
#3270 = CARTESIAN_POINT('',(-0.9,-0.95,0.1));
#3271 = DIRECTION('',(0.,1.,0.));
#3272 = DIRECTION('',(0.,-0.,1.));
#3273 = ADVANCED_FACE('',(#3274),#3280,.F.);
#3274 = FACE_BOUND('',#3275,.F.);
#3275 = EDGE_LOOP('',(#3276,#3277,#3278,#3279));
#3276 = ORIENTED_EDGE('',*,*,#3163,.F.);
#3277 = ORIENTED_EDGE('',*,*,#3233,.T.);
#3278 = ORIENTED_EDGE('',*,*,#3203,.T.);
#3279 = ORIENTED_EDGE('',*,*,#3255,.F.);
#3280 = PLANE('',#3281);
#3281 = AXIS2_PLACEMENT_3D('',#3282,#3283,#3284);
#3282 = CARTESIAN_POINT('',(-0.9,-1.45,0.1));
#3283 = DIRECTION('',(0.,0.,1.));
#3284 = DIRECTION('',(1.,0.,-0.));
#3285 = ADVANCED_FACE('',(#3286),#3292,.T.);
#3286 = FACE_BOUND('',#3287,.T.);
#3287 = EDGE_LOOP('',(#3288,#3289,#3290,#3291));
#3288 = ORIENTED_EDGE('',*,*,#3179,.F.);
#3289 = ORIENTED_EDGE('',*,*,#3240,.T.);
#3290 = ORIENTED_EDGE('',*,*,#3219,.T.);
#3291 = ORIENTED_EDGE('',*,*,#3262,.F.);
#3292 = PLANE('',#3293);
#3293 = AXIS2_PLACEMENT_3D('',#3294,#3295,#3296);
#3294 = CARTESIAN_POINT('',(-0.9,-1.45,0.17));
#3295 = DIRECTION('',(0.,0.,1.));
#3296 = DIRECTION('',(1.,0.,-0.));
#3297 = ( GEOMETRIC_REPRESENTATION_CONTEXT(3) 
GLOBAL_UNCERTAINTY_ASSIGNED_CONTEXT((#3301)) 
GLOBAL_UNIT_ASSIGNED_CONTEXT((#3298,#3299,#3300)) REPRESENTATION_CONTEXT
('Context #1','3D Context with UNIT and UNCERTAINTY') );
#3298 = ( LENGTH_UNIT() NAMED_UNIT(*) SI_UNIT(.MILLI.,.METRE.) );
#3299 = ( NAMED_UNIT(*) PLANE_ANGLE_UNIT() SI_UNIT($,.RADIAN.) );
#3300 = ( NAMED_UNIT(*) SI_UNIT($,.STERADIAN.) SOLID_ANGLE_UNIT() );
#3301 = UNCERTAINTY_MEASURE_WITH_UNIT(LENGTH_MEASURE(1.E-07),#3298,
  'distance_accuracy_value','confusion accuracy');
#3302 = CONTEXT_DEPENDENT_SHAPE_REPRESENTATION(#3303,#3305);
#3303 = ( REPRESENTATION_RELATIONSHIP('','',#3146,#2162) 
REPRESENTATION_RELATIONSHIP_WITH_TRANSFORMATION(#3304) 
SHAPE_REPRESENTATION_RELATIONSHIP() );
#3304 = ITEM_DEFINED_TRANSFORMATION('','',#11,#2183);
#3305 = PRODUCT_DEFINITION_SHAPE('Placement','Placement of an item',
  #3306);
#3306 = NEXT_ASSEMBLY_USAGE_OCCURRENCE('12','7','',#2157,#3141,$);
#3307 = PRODUCT_RELATED_PRODUCT_CATEGORY('part',$,(#3143));
#3308 = SHAPE_DEFINITION_REPRESENTATION(#3309,#3315);
#3309 = PRODUCT_DEFINITION_SHAPE('','',#3310);
#3310 = PRODUCT_DEFINITION('design','',#3311,#3314);
#3311 = PRODUCT_DEFINITION_FORMATION('','',#3312);
#3312 = PRODUCT('Open CASCADE STEP translator 7.9 1.2.7',
  'Open CASCADE STEP translator 7.9 1.2.7','',(#3313));
#3313 = PRODUCT_CONTEXT('',#2,'mechanical');
#3314 = PRODUCT_DEFINITION_CONTEXT('part definition',#2,'design');
#3315 = ADVANCED_BREP_SHAPE_REPRESENTATION('',(#11,#3316),#3466);
#3316 = MANIFOLD_SOLID_BREP('',#3317);
#3317 = CLOSED_SHELL('',(#3318,#3358,#3398,#3420,#3442,#3454));
#3318 = ADVANCED_FACE('',(#3319),#3353,.F.);
#3319 = FACE_BOUND('',#3320,.F.);
#3320 = EDGE_LOOP('',(#3321,#3331,#3339,#3347));
#3321 = ORIENTED_EDGE('',*,*,#3322,.F.);
#3322 = EDGE_CURVE('',#3323,#3325,#3327,.T.);
#3323 = VERTEX_POINT('',#3324);
#3324 = CARTESIAN_POINT('',(-0.5,-1.45,0.1));
#3325 = VERTEX_POINT('',#3326);
#3326 = CARTESIAN_POINT('',(-0.5,-1.45,0.17));
#3327 = LINE('',#3328,#3329);
#3328 = CARTESIAN_POINT('',(-0.5,-1.45,0.1));
#3329 = VECTOR('',#3330,1.);
#3330 = DIRECTION('',(0.,0.,1.));
#3331 = ORIENTED_EDGE('',*,*,#3332,.T.);
#3332 = EDGE_CURVE('',#3323,#3333,#3335,.T.);
#3333 = VERTEX_POINT('',#3334);
#3334 = CARTESIAN_POINT('',(-0.5,-0.95,0.1));
#3335 = LINE('',#3336,#3337);
#3336 = CARTESIAN_POINT('',(-0.5,-1.45,0.1));
#3337 = VECTOR('',#3338,1.);
#3338 = DIRECTION('',(0.,1.,0.));
#3339 = ORIENTED_EDGE('',*,*,#3340,.T.);
#3340 = EDGE_CURVE('',#3333,#3341,#3343,.T.);
#3341 = VERTEX_POINT('',#3342);
#3342 = CARTESIAN_POINT('',(-0.5,-0.95,0.17));
#3343 = LINE('',#3344,#3345);
#3344 = CARTESIAN_POINT('',(-0.5,-0.95,0.1));
#3345 = VECTOR('',#3346,1.);
#3346 = DIRECTION('',(0.,0.,1.));
#3347 = ORIENTED_EDGE('',*,*,#3348,.F.);
#3348 = EDGE_CURVE('',#3325,#3341,#3349,.T.);
#3349 = LINE('',#3350,#3351);
#3350 = CARTESIAN_POINT('',(-0.5,-1.45,0.17));
#3351 = VECTOR('',#3352,1.);
#3352 = DIRECTION('',(0.,1.,0.));
#3353 = PLANE('',#3354);
#3354 = AXIS2_PLACEMENT_3D('',#3355,#3356,#3357);
#3355 = CARTESIAN_POINT('',(-0.5,-1.45,0.1));
#3356 = DIRECTION('',(1.,0.,0.));
#3357 = DIRECTION('',(0.,0.,1.));
#3358 = ADVANCED_FACE('',(#3359),#3393,.T.);
#3359 = FACE_BOUND('',#3360,.T.);
#3360 = EDGE_LOOP('',(#3361,#3371,#3379,#3387));
#3361 = ORIENTED_EDGE('',*,*,#3362,.F.);
#3362 = EDGE_CURVE('',#3363,#3365,#3367,.T.);
#3363 = VERTEX_POINT('',#3364);
#3364 = CARTESIAN_POINT('',(-0.3,-1.45,0.1));
#3365 = VERTEX_POINT('',#3366);
#3366 = CARTESIAN_POINT('',(-0.3,-1.45,0.17));
#3367 = LINE('',#3368,#3369);
#3368 = CARTESIAN_POINT('',(-0.3,-1.45,0.1));
#3369 = VECTOR('',#3370,1.);
#3370 = DIRECTION('',(0.,0.,1.));
#3371 = ORIENTED_EDGE('',*,*,#3372,.T.);
#3372 = EDGE_CURVE('',#3363,#3373,#3375,.T.);
#3373 = VERTEX_POINT('',#3374);
#3374 = CARTESIAN_POINT('',(-0.3,-0.95,0.1));
#3375 = LINE('',#3376,#3377);
#3376 = CARTESIAN_POINT('',(-0.3,-1.45,0.1));
#3377 = VECTOR('',#3378,1.);
#3378 = DIRECTION('',(0.,1.,0.));
#3379 = ORIENTED_EDGE('',*,*,#3380,.T.);
#3380 = EDGE_CURVE('',#3373,#3381,#3383,.T.);
#3381 = VERTEX_POINT('',#3382);
#3382 = CARTESIAN_POINT('',(-0.3,-0.95,0.17));
#3383 = LINE('',#3384,#3385);
#3384 = CARTESIAN_POINT('',(-0.3,-0.95,0.1));
#3385 = VECTOR('',#3386,1.);
#3386 = DIRECTION('',(0.,0.,1.));
#3387 = ORIENTED_EDGE('',*,*,#3388,.F.);
#3388 = EDGE_CURVE('',#3365,#3381,#3389,.T.);
#3389 = LINE('',#3390,#3391);
#3390 = CARTESIAN_POINT('',(-0.3,-1.45,0.17));
#3391 = VECTOR('',#3392,1.);
#3392 = DIRECTION('',(0.,1.,0.));
#3393 = PLANE('',#3394);
#3394 = AXIS2_PLACEMENT_3D('',#3395,#3396,#3397);
#3395 = CARTESIAN_POINT('',(-0.3,-1.45,0.1));
#3396 = DIRECTION('',(1.,0.,0.));
#3397 = DIRECTION('',(0.,0.,1.));
#3398 = ADVANCED_FACE('',(#3399),#3415,.F.);
#3399 = FACE_BOUND('',#3400,.F.);
#3400 = EDGE_LOOP('',(#3401,#3407,#3408,#3414));
#3401 = ORIENTED_EDGE('',*,*,#3402,.F.);
#3402 = EDGE_CURVE('',#3323,#3363,#3403,.T.);
#3403 = LINE('',#3404,#3405);
#3404 = CARTESIAN_POINT('',(-0.5,-1.45,0.1));
#3405 = VECTOR('',#3406,1.);
#3406 = DIRECTION('',(1.,0.,0.));
#3407 = ORIENTED_EDGE('',*,*,#3322,.T.);
#3408 = ORIENTED_EDGE('',*,*,#3409,.T.);
#3409 = EDGE_CURVE('',#3325,#3365,#3410,.T.);
#3410 = LINE('',#3411,#3412);
#3411 = CARTESIAN_POINT('',(-0.5,-1.45,0.17));
#3412 = VECTOR('',#3413,1.);
#3413 = DIRECTION('',(1.,0.,0.));
#3414 = ORIENTED_EDGE('',*,*,#3362,.F.);
#3415 = PLANE('',#3416);
#3416 = AXIS2_PLACEMENT_3D('',#3417,#3418,#3419);
#3417 = CARTESIAN_POINT('',(-0.5,-1.45,0.1));
#3418 = DIRECTION('',(0.,1.,0.));
#3419 = DIRECTION('',(0.,-0.,1.));
#3420 = ADVANCED_FACE('',(#3421),#3437,.T.);
#3421 = FACE_BOUND('',#3422,.T.);
#3422 = EDGE_LOOP('',(#3423,#3429,#3430,#3436));
#3423 = ORIENTED_EDGE('',*,*,#3424,.F.);
#3424 = EDGE_CURVE('',#3333,#3373,#3425,.T.);
#3425 = LINE('',#3426,#3427);
#3426 = CARTESIAN_POINT('',(-0.5,-0.95,0.1));
#3427 = VECTOR('',#3428,1.);
#3428 = DIRECTION('',(1.,0.,0.));
#3429 = ORIENTED_EDGE('',*,*,#3340,.T.);
#3430 = ORIENTED_EDGE('',*,*,#3431,.T.);
#3431 = EDGE_CURVE('',#3341,#3381,#3432,.T.);
#3432 = LINE('',#3433,#3434);
#3433 = CARTESIAN_POINT('',(-0.5,-0.95,0.17));
#3434 = VECTOR('',#3435,1.);
#3435 = DIRECTION('',(1.,0.,0.));
#3436 = ORIENTED_EDGE('',*,*,#3380,.F.);
#3437 = PLANE('',#3438);
#3438 = AXIS2_PLACEMENT_3D('',#3439,#3440,#3441);
#3439 = CARTESIAN_POINT('',(-0.5,-0.95,0.1));
#3440 = DIRECTION('',(0.,1.,0.));
#3441 = DIRECTION('',(0.,-0.,1.));
#3442 = ADVANCED_FACE('',(#3443),#3449,.F.);
#3443 = FACE_BOUND('',#3444,.F.);
#3444 = EDGE_LOOP('',(#3445,#3446,#3447,#3448));
#3445 = ORIENTED_EDGE('',*,*,#3332,.F.);
#3446 = ORIENTED_EDGE('',*,*,#3402,.T.);
#3447 = ORIENTED_EDGE('',*,*,#3372,.T.);
#3448 = ORIENTED_EDGE('',*,*,#3424,.F.);
#3449 = PLANE('',#3450);
#3450 = AXIS2_PLACEMENT_3D('',#3451,#3452,#3453);
#3451 = CARTESIAN_POINT('',(-0.5,-1.45,0.1));
#3452 = DIRECTION('',(0.,0.,1.));
#3453 = DIRECTION('',(1.,0.,-0.));
#3454 = ADVANCED_FACE('',(#3455),#3461,.T.);
#3455 = FACE_BOUND('',#3456,.T.);
#3456 = EDGE_LOOP('',(#3457,#3458,#3459,#3460));
#3457 = ORIENTED_EDGE('',*,*,#3348,.F.);
#3458 = ORIENTED_EDGE('',*,*,#3409,.T.);
#3459 = ORIENTED_EDGE('',*,*,#3388,.T.);
#3460 = ORIENTED_EDGE('',*,*,#3431,.F.);
#3461 = PLANE('',#3462);
#3462 = AXIS2_PLACEMENT_3D('',#3463,#3464,#3465);
#3463 = CARTESIAN_POINT('',(-0.5,-1.45,0.17));
#3464 = DIRECTION('',(0.,0.,1.));
#3465 = DIRECTION('',(1.,0.,-0.));
#3466 = ( GEOMETRIC_REPRESENTATION_CONTEXT(3) 
GLOBAL_UNCERTAINTY_ASSIGNED_CONTEXT((#3470)) 
GLOBAL_UNIT_ASSIGNED_CONTEXT((#3467,#3468,#3469)) REPRESENTATION_CONTEXT
('Context #1','3D Context with UNIT and UNCERTAINTY') );
#3467 = ( LENGTH_UNIT() NAMED_UNIT(*) SI_UNIT(.MILLI.,.METRE.) );
#3468 = ( NAMED_UNIT(*) PLANE_ANGLE_UNIT() SI_UNIT($,.RADIAN.) );
#3469 = ( NAMED_UNIT(*) SI_UNIT($,.STERADIAN.) SOLID_ANGLE_UNIT() );
#3470 = UNCERTAINTY_MEASURE_WITH_UNIT(LENGTH_MEASURE(1.E-07),#3467,
  'distance_accuracy_value','confusion accuracy');
#3471 = CONTEXT_DEPENDENT_SHAPE_REPRESENTATION(#3472,#3474);
#3472 = ( REPRESENTATION_RELATIONSHIP('','',#3315,#2162) 
REPRESENTATION_RELATIONSHIP_WITH_TRANSFORMATION(#3473) 
SHAPE_REPRESENTATION_RELATIONSHIP() );
#3473 = ITEM_DEFINED_TRANSFORMATION('','',#11,#2187);
#3474 = PRODUCT_DEFINITION_SHAPE('Placement','Placement of an item',
  #3475);
#3475 = NEXT_ASSEMBLY_USAGE_OCCURRENCE('13','8','',#2157,#3310,$);
#3476 = PRODUCT_RELATED_PRODUCT_CATEGORY('part',$,(#3312));
#3477 = SHAPE_DEFINITION_REPRESENTATION(#3478,#3484);
#3478 = PRODUCT_DEFINITION_SHAPE('','',#3479);
#3479 = PRODUCT_DEFINITION('design','',#3480,#3483);
#3480 = PRODUCT_DEFINITION_FORMATION('','',#3481);
#3481 = PRODUCT('Open CASCADE STEP translator 7.9 1.2.8',
  'Open CASCADE STEP translator 7.9 1.2.8','',(#3482));
#3482 = PRODUCT_CONTEXT('',#2,'mechanical');
#3483 = PRODUCT_DEFINITION_CONTEXT('part definition',#2,'design');
#3484 = ADVANCED_BREP_SHAPE_REPRESENTATION('',(#11,#3485),#3635);
#3485 = MANIFOLD_SOLID_BREP('',#3486);
#3486 = CLOSED_SHELL('',(#3487,#3527,#3567,#3589,#3611,#3623));
#3487 = ADVANCED_FACE('',(#3488),#3522,.F.);
#3488 = FACE_BOUND('',#3489,.F.);
#3489 = EDGE_LOOP('',(#3490,#3500,#3508,#3516));
#3490 = ORIENTED_EDGE('',*,*,#3491,.F.);
#3491 = EDGE_CURVE('',#3492,#3494,#3496,.T.);
#3492 = VERTEX_POINT('',#3493);
#3493 = CARTESIAN_POINT('',(-0.1,-1.45,0.1));
#3494 = VERTEX_POINT('',#3495);
#3495 = CARTESIAN_POINT('',(-0.1,-1.45,0.17));
#3496 = LINE('',#3497,#3498);
#3497 = CARTESIAN_POINT('',(-0.1,-1.45,0.1));
#3498 = VECTOR('',#3499,1.);
#3499 = DIRECTION('',(0.,0.,1.));
#3500 = ORIENTED_EDGE('',*,*,#3501,.T.);
#3501 = EDGE_CURVE('',#3492,#3502,#3504,.T.);
#3502 = VERTEX_POINT('',#3503);
#3503 = CARTESIAN_POINT('',(-0.1,-0.95,0.1));
#3504 = LINE('',#3505,#3506);
#3505 = CARTESIAN_POINT('',(-0.1,-1.45,0.1));
#3506 = VECTOR('',#3507,1.);
#3507 = DIRECTION('',(0.,1.,0.));
#3508 = ORIENTED_EDGE('',*,*,#3509,.T.);
#3509 = EDGE_CURVE('',#3502,#3510,#3512,.T.);
#3510 = VERTEX_POINT('',#3511);
#3511 = CARTESIAN_POINT('',(-0.1,-0.95,0.17));
#3512 = LINE('',#3513,#3514);
#3513 = CARTESIAN_POINT('',(-0.1,-0.95,0.1));
#3514 = VECTOR('',#3515,1.);
#3515 = DIRECTION('',(0.,0.,1.));
#3516 = ORIENTED_EDGE('',*,*,#3517,.F.);
#3517 = EDGE_CURVE('',#3494,#3510,#3518,.T.);
#3518 = LINE('',#3519,#3520);
#3519 = CARTESIAN_POINT('',(-0.1,-1.45,0.17));
#3520 = VECTOR('',#3521,1.);
#3521 = DIRECTION('',(0.,1.,0.));
#3522 = PLANE('',#3523);
#3523 = AXIS2_PLACEMENT_3D('',#3524,#3525,#3526);
#3524 = CARTESIAN_POINT('',(-0.1,-1.45,0.1));
#3525 = DIRECTION('',(1.,0.,0.));
#3526 = DIRECTION('',(0.,0.,1.));
#3527 = ADVANCED_FACE('',(#3528),#3562,.T.);
#3528 = FACE_BOUND('',#3529,.T.);
#3529 = EDGE_LOOP('',(#3530,#3540,#3548,#3556));
#3530 = ORIENTED_EDGE('',*,*,#3531,.F.);
#3531 = EDGE_CURVE('',#3532,#3534,#3536,.T.);
#3532 = VERTEX_POINT('',#3533);
#3533 = CARTESIAN_POINT('',(0.1,-1.45,0.1));
#3534 = VERTEX_POINT('',#3535);
#3535 = CARTESIAN_POINT('',(0.1,-1.45,0.17));
#3536 = LINE('',#3537,#3538);
#3537 = CARTESIAN_POINT('',(0.1,-1.45,0.1));
#3538 = VECTOR('',#3539,1.);
#3539 = DIRECTION('',(0.,0.,1.));
#3540 = ORIENTED_EDGE('',*,*,#3541,.T.);
#3541 = EDGE_CURVE('',#3532,#3542,#3544,.T.);
#3542 = VERTEX_POINT('',#3543);
#3543 = CARTESIAN_POINT('',(0.1,-0.95,0.1));
#3544 = LINE('',#3545,#3546);
#3545 = CARTESIAN_POINT('',(0.1,-1.45,0.1));
#3546 = VECTOR('',#3547,1.);
#3547 = DIRECTION('',(0.,1.,0.));
#3548 = ORIENTED_EDGE('',*,*,#3549,.T.);
#3549 = EDGE_CURVE('',#3542,#3550,#3552,.T.);
#3550 = VERTEX_POINT('',#3551);
#3551 = CARTESIAN_POINT('',(0.1,-0.95,0.17));
#3552 = LINE('',#3553,#3554);
#3553 = CARTESIAN_POINT('',(0.1,-0.95,0.1));
#3554 = VECTOR('',#3555,1.);
#3555 = DIRECTION('',(0.,0.,1.));
#3556 = ORIENTED_EDGE('',*,*,#3557,.F.);
#3557 = EDGE_CURVE('',#3534,#3550,#3558,.T.);
#3558 = LINE('',#3559,#3560);
#3559 = CARTESIAN_POINT('',(0.1,-1.45,0.17));
#3560 = VECTOR('',#3561,1.);
#3561 = DIRECTION('',(0.,1.,0.));
#3562 = PLANE('',#3563);
#3563 = AXIS2_PLACEMENT_3D('',#3564,#3565,#3566);
#3564 = CARTESIAN_POINT('',(0.1,-1.45,0.1));
#3565 = DIRECTION('',(1.,0.,0.));
#3566 = DIRECTION('',(0.,0.,1.));
#3567 = ADVANCED_FACE('',(#3568),#3584,.F.);
#3568 = FACE_BOUND('',#3569,.F.);
#3569 = EDGE_LOOP('',(#3570,#3576,#3577,#3583));
#3570 = ORIENTED_EDGE('',*,*,#3571,.F.);
#3571 = EDGE_CURVE('',#3492,#3532,#3572,.T.);
#3572 = LINE('',#3573,#3574);
#3573 = CARTESIAN_POINT('',(-0.1,-1.45,0.1));
#3574 = VECTOR('',#3575,1.);
#3575 = DIRECTION('',(1.,0.,0.));
#3576 = ORIENTED_EDGE('',*,*,#3491,.T.);
#3577 = ORIENTED_EDGE('',*,*,#3578,.T.);
#3578 = EDGE_CURVE('',#3494,#3534,#3579,.T.);
#3579 = LINE('',#3580,#3581);
#3580 = CARTESIAN_POINT('',(-0.1,-1.45,0.17));
#3581 = VECTOR('',#3582,1.);
#3582 = DIRECTION('',(1.,0.,0.));
#3583 = ORIENTED_EDGE('',*,*,#3531,.F.);
#3584 = PLANE('',#3585);
#3585 = AXIS2_PLACEMENT_3D('',#3586,#3587,#3588);
#3586 = CARTESIAN_POINT('',(-0.1,-1.45,0.1));
#3587 = DIRECTION('',(0.,1.,0.));
#3588 = DIRECTION('',(0.,-0.,1.));
#3589 = ADVANCED_FACE('',(#3590),#3606,.T.);
#3590 = FACE_BOUND('',#3591,.T.);
#3591 = EDGE_LOOP('',(#3592,#3598,#3599,#3605));
#3592 = ORIENTED_EDGE('',*,*,#3593,.F.);
#3593 = EDGE_CURVE('',#3502,#3542,#3594,.T.);
#3594 = LINE('',#3595,#3596);
#3595 = CARTESIAN_POINT('',(-0.1,-0.95,0.1));
#3596 = VECTOR('',#3597,1.);
#3597 = DIRECTION('',(1.,0.,0.));
#3598 = ORIENTED_EDGE('',*,*,#3509,.T.);
#3599 = ORIENTED_EDGE('',*,*,#3600,.T.);
#3600 = EDGE_CURVE('',#3510,#3550,#3601,.T.);
#3601 = LINE('',#3602,#3603);
#3602 = CARTESIAN_POINT('',(-0.1,-0.95,0.17));
#3603 = VECTOR('',#3604,1.);
#3604 = DIRECTION('',(1.,0.,0.));
#3605 = ORIENTED_EDGE('',*,*,#3549,.F.);
#3606 = PLANE('',#3607);
#3607 = AXIS2_PLACEMENT_3D('',#3608,#3609,#3610);
#3608 = CARTESIAN_POINT('',(-0.1,-0.95,0.1));
#3609 = DIRECTION('',(0.,1.,0.));
#3610 = DIRECTION('',(0.,-0.,1.));
#3611 = ADVANCED_FACE('',(#3612),#3618,.F.);
#3612 = FACE_BOUND('',#3613,.F.);
#3613 = EDGE_LOOP('',(#3614,#3615,#3616,#3617));
#3614 = ORIENTED_EDGE('',*,*,#3501,.F.);
#3615 = ORIENTED_EDGE('',*,*,#3571,.T.);
#3616 = ORIENTED_EDGE('',*,*,#3541,.T.);
#3617 = ORIENTED_EDGE('',*,*,#3593,.F.);
#3618 = PLANE('',#3619);
#3619 = AXIS2_PLACEMENT_3D('',#3620,#3621,#3622);
#3620 = CARTESIAN_POINT('',(-0.1,-1.45,0.1));
#3621 = DIRECTION('',(0.,0.,1.));
#3622 = DIRECTION('',(1.,0.,-0.));
#3623 = ADVANCED_FACE('',(#3624),#3630,.T.);
#3624 = FACE_BOUND('',#3625,.T.);
#3625 = EDGE_LOOP('',(#3626,#3627,#3628,#3629));
#3626 = ORIENTED_EDGE('',*,*,#3517,.F.);
#3627 = ORIENTED_EDGE('',*,*,#3578,.T.);
#3628 = ORIENTED_EDGE('',*,*,#3557,.T.);
#3629 = ORIENTED_EDGE('',*,*,#3600,.F.);
#3630 = PLANE('',#3631);
#3631 = AXIS2_PLACEMENT_3D('',#3632,#3633,#3634);
#3632 = CARTESIAN_POINT('',(-0.1,-1.45,0.17));
#3633 = DIRECTION('',(0.,0.,1.));
#3634 = DIRECTION('',(1.,0.,-0.));
#3635 = ( GEOMETRIC_REPRESENTATION_CONTEXT(3) 
GLOBAL_UNCERTAINTY_ASSIGNED_CONTEXT((#3639)) 
GLOBAL_UNIT_ASSIGNED_CONTEXT((#3636,#3637,#3638)) REPRESENTATION_CONTEXT
('Context #1','3D Context with UNIT and UNCERTAINTY') );
#3636 = ( LENGTH_UNIT() NAMED_UNIT(*) SI_UNIT(.MILLI.,.METRE.) );
#3637 = ( NAMED_UNIT(*) PLANE_ANGLE_UNIT() SI_UNIT($,.RADIAN.) );
#3638 = ( NAMED_UNIT(*) SI_UNIT($,.STERADIAN.) SOLID_ANGLE_UNIT() );
#3639 = UNCERTAINTY_MEASURE_WITH_UNIT(LENGTH_MEASURE(1.E-07),#3636,
  'distance_accuracy_value','confusion accuracy');
#3640 = CONTEXT_DEPENDENT_SHAPE_REPRESENTATION(#3641,#3643);
#3641 = ( REPRESENTATION_RELATIONSHIP('','',#3484,#2162) 
REPRESENTATION_RELATIONSHIP_WITH_TRANSFORMATION(#3642) 
SHAPE_REPRESENTATION_RELATIONSHIP() );
#3642 = ITEM_DEFINED_TRANSFORMATION('','',#11,#2191);
#3643 = PRODUCT_DEFINITION_SHAPE('Placement','Placement of an item',
  #3644);
#3644 = NEXT_ASSEMBLY_USAGE_OCCURRENCE('14','9','',#2157,#3479,$);
#3645 = PRODUCT_RELATED_PRODUCT_CATEGORY('part',$,(#3481));
#3646 = SHAPE_DEFINITION_REPRESENTATION(#3647,#3653);
#3647 = PRODUCT_DEFINITION_SHAPE('','',#3648);
#3648 = PRODUCT_DEFINITION('design','',#3649,#3652);
#3649 = PRODUCT_DEFINITION_FORMATION('','',#3650);
#3650 = PRODUCT('Open CASCADE STEP translator 7.9 1.2.9',
  'Open CASCADE STEP translator 7.9 1.2.9','',(#3651));
#3651 = PRODUCT_CONTEXT('',#2,'mechanical');
#3652 = PRODUCT_DEFINITION_CONTEXT('part definition',#2,'design');
#3653 = ADVANCED_BREP_SHAPE_REPRESENTATION('',(#11,#3654),#3804);
#3654 = MANIFOLD_SOLID_BREP('',#3655);
#3655 = CLOSED_SHELL('',(#3656,#3696,#3736,#3758,#3780,#3792));
#3656 = ADVANCED_FACE('',(#3657),#3691,.F.);
#3657 = FACE_BOUND('',#3658,.F.);
#3658 = EDGE_LOOP('',(#3659,#3669,#3677,#3685));
#3659 = ORIENTED_EDGE('',*,*,#3660,.F.);
#3660 = EDGE_CURVE('',#3661,#3663,#3665,.T.);
#3661 = VERTEX_POINT('',#3662);
#3662 = CARTESIAN_POINT('',(0.3,-1.45,0.1));
#3663 = VERTEX_POINT('',#3664);
#3664 = CARTESIAN_POINT('',(0.3,-1.45,0.17));
#3665 = LINE('',#3666,#3667);
#3666 = CARTESIAN_POINT('',(0.3,-1.45,0.1));
#3667 = VECTOR('',#3668,1.);
#3668 = DIRECTION('',(0.,0.,1.));
#3669 = ORIENTED_EDGE('',*,*,#3670,.T.);
#3670 = EDGE_CURVE('',#3661,#3671,#3673,.T.);
#3671 = VERTEX_POINT('',#3672);
#3672 = CARTESIAN_POINT('',(0.3,-0.95,0.1));
#3673 = LINE('',#3674,#3675);
#3674 = CARTESIAN_POINT('',(0.3,-1.45,0.1));
#3675 = VECTOR('',#3676,1.);
#3676 = DIRECTION('',(0.,1.,0.));
#3677 = ORIENTED_EDGE('',*,*,#3678,.T.);
#3678 = EDGE_CURVE('',#3671,#3679,#3681,.T.);
#3679 = VERTEX_POINT('',#3680);
#3680 = CARTESIAN_POINT('',(0.3,-0.95,0.17));
#3681 = LINE('',#3682,#3683);
#3682 = CARTESIAN_POINT('',(0.3,-0.95,0.1));
#3683 = VECTOR('',#3684,1.);
#3684 = DIRECTION('',(0.,0.,1.));
#3685 = ORIENTED_EDGE('',*,*,#3686,.F.);
#3686 = EDGE_CURVE('',#3663,#3679,#3687,.T.);
#3687 = LINE('',#3688,#3689);
#3688 = CARTESIAN_POINT('',(0.3,-1.45,0.17));
#3689 = VECTOR('',#3690,1.);
#3690 = DIRECTION('',(0.,1.,0.));
#3691 = PLANE('',#3692);
#3692 = AXIS2_PLACEMENT_3D('',#3693,#3694,#3695);
#3693 = CARTESIAN_POINT('',(0.3,-1.45,0.1));
#3694 = DIRECTION('',(1.,0.,0.));
#3695 = DIRECTION('',(0.,0.,1.));
#3696 = ADVANCED_FACE('',(#3697),#3731,.T.);
#3697 = FACE_BOUND('',#3698,.T.);
#3698 = EDGE_LOOP('',(#3699,#3709,#3717,#3725));
#3699 = ORIENTED_EDGE('',*,*,#3700,.F.);
#3700 = EDGE_CURVE('',#3701,#3703,#3705,.T.);
#3701 = VERTEX_POINT('',#3702);
#3702 = CARTESIAN_POINT('',(0.5,-1.45,0.1));
#3703 = VERTEX_POINT('',#3704);
#3704 = CARTESIAN_POINT('',(0.5,-1.45,0.17));
#3705 = LINE('',#3706,#3707);
#3706 = CARTESIAN_POINT('',(0.5,-1.45,0.1));
#3707 = VECTOR('',#3708,1.);
#3708 = DIRECTION('',(0.,0.,1.));
#3709 = ORIENTED_EDGE('',*,*,#3710,.T.);
#3710 = EDGE_CURVE('',#3701,#3711,#3713,.T.);
#3711 = VERTEX_POINT('',#3712);
#3712 = CARTESIAN_POINT('',(0.5,-0.95,0.1));
#3713 = LINE('',#3714,#3715);
#3714 = CARTESIAN_POINT('',(0.5,-1.45,0.1));
#3715 = VECTOR('',#3716,1.);
#3716 = DIRECTION('',(0.,1.,0.));
#3717 = ORIENTED_EDGE('',*,*,#3718,.T.);
#3718 = EDGE_CURVE('',#3711,#3719,#3721,.T.);
#3719 = VERTEX_POINT('',#3720);
#3720 = CARTESIAN_POINT('',(0.5,-0.95,0.17));
#3721 = LINE('',#3722,#3723);
#3722 = CARTESIAN_POINT('',(0.5,-0.95,0.1));
#3723 = VECTOR('',#3724,1.);
#3724 = DIRECTION('',(0.,0.,1.));
#3725 = ORIENTED_EDGE('',*,*,#3726,.F.);
#3726 = EDGE_CURVE('',#3703,#3719,#3727,.T.);
#3727 = LINE('',#3728,#3729);
#3728 = CARTESIAN_POINT('',(0.5,-1.45,0.17));
#3729 = VECTOR('',#3730,1.);
#3730 = DIRECTION('',(0.,1.,0.));
#3731 = PLANE('',#3732);
#3732 = AXIS2_PLACEMENT_3D('',#3733,#3734,#3735);
#3733 = CARTESIAN_POINT('',(0.5,-1.45,0.1));
#3734 = DIRECTION('',(1.,0.,0.));
#3735 = DIRECTION('',(0.,0.,1.));
#3736 = ADVANCED_FACE('',(#3737),#3753,.F.);
#3737 = FACE_BOUND('',#3738,.F.);
#3738 = EDGE_LOOP('',(#3739,#3745,#3746,#3752));
#3739 = ORIENTED_EDGE('',*,*,#3740,.F.);
#3740 = EDGE_CURVE('',#3661,#3701,#3741,.T.);
#3741 = LINE('',#3742,#3743);
#3742 = CARTESIAN_POINT('',(0.3,-1.45,0.1));
#3743 = VECTOR('',#3744,1.);
#3744 = DIRECTION('',(1.,0.,0.));
#3745 = ORIENTED_EDGE('',*,*,#3660,.T.);
#3746 = ORIENTED_EDGE('',*,*,#3747,.T.);
#3747 = EDGE_CURVE('',#3663,#3703,#3748,.T.);
#3748 = LINE('',#3749,#3750);
#3749 = CARTESIAN_POINT('',(0.3,-1.45,0.17));
#3750 = VECTOR('',#3751,1.);
#3751 = DIRECTION('',(1.,0.,0.));
#3752 = ORIENTED_EDGE('',*,*,#3700,.F.);
#3753 = PLANE('',#3754);
#3754 = AXIS2_PLACEMENT_3D('',#3755,#3756,#3757);
#3755 = CARTESIAN_POINT('',(0.3,-1.45,0.1));
#3756 = DIRECTION('',(0.,1.,0.));
#3757 = DIRECTION('',(0.,-0.,1.));
#3758 = ADVANCED_FACE('',(#3759),#3775,.T.);
#3759 = FACE_BOUND('',#3760,.T.);
#3760 = EDGE_LOOP('',(#3761,#3767,#3768,#3774));
#3761 = ORIENTED_EDGE('',*,*,#3762,.F.);
#3762 = EDGE_CURVE('',#3671,#3711,#3763,.T.);
#3763 = LINE('',#3764,#3765);
#3764 = CARTESIAN_POINT('',(0.3,-0.95,0.1));
#3765 = VECTOR('',#3766,1.);
#3766 = DIRECTION('',(1.,0.,0.));
#3767 = ORIENTED_EDGE('',*,*,#3678,.T.);
#3768 = ORIENTED_EDGE('',*,*,#3769,.T.);
#3769 = EDGE_CURVE('',#3679,#3719,#3770,.T.);
#3770 = LINE('',#3771,#3772);
#3771 = CARTESIAN_POINT('',(0.3,-0.95,0.17));
#3772 = VECTOR('',#3773,1.);
#3773 = DIRECTION('',(1.,0.,0.));
#3774 = ORIENTED_EDGE('',*,*,#3718,.F.);
#3775 = PLANE('',#3776);
#3776 = AXIS2_PLACEMENT_3D('',#3777,#3778,#3779);
#3777 = CARTESIAN_POINT('',(0.3,-0.95,0.1));
#3778 = DIRECTION('',(0.,1.,0.));
#3779 = DIRECTION('',(0.,-0.,1.));
#3780 = ADVANCED_FACE('',(#3781),#3787,.F.);
#3781 = FACE_BOUND('',#3782,.F.);
#3782 = EDGE_LOOP('',(#3783,#3784,#3785,#3786));
#3783 = ORIENTED_EDGE('',*,*,#3670,.F.);
#3784 = ORIENTED_EDGE('',*,*,#3740,.T.);
#3785 = ORIENTED_EDGE('',*,*,#3710,.T.);
#3786 = ORIENTED_EDGE('',*,*,#3762,.F.);
#3787 = PLANE('',#3788);
#3788 = AXIS2_PLACEMENT_3D('',#3789,#3790,#3791);
#3789 = CARTESIAN_POINT('',(0.3,-1.45,0.1));
#3790 = DIRECTION('',(0.,0.,1.));
#3791 = DIRECTION('',(1.,0.,-0.));
#3792 = ADVANCED_FACE('',(#3793),#3799,.T.);
#3793 = FACE_BOUND('',#3794,.T.);
#3794 = EDGE_LOOP('',(#3795,#3796,#3797,#3798));
#3795 = ORIENTED_EDGE('',*,*,#3686,.F.);
#3796 = ORIENTED_EDGE('',*,*,#3747,.T.);
#3797 = ORIENTED_EDGE('',*,*,#3726,.T.);
#3798 = ORIENTED_EDGE('',*,*,#3769,.F.);
#3799 = PLANE('',#3800);
#3800 = AXIS2_PLACEMENT_3D('',#3801,#3802,#3803);
#3801 = CARTESIAN_POINT('',(0.3,-1.45,0.17));
#3802 = DIRECTION('',(0.,0.,1.));
#3803 = DIRECTION('',(1.,0.,-0.));
#3804 = ( GEOMETRIC_REPRESENTATION_CONTEXT(3) 
GLOBAL_UNCERTAINTY_ASSIGNED_CONTEXT((#3808)) 
GLOBAL_UNIT_ASSIGNED_CONTEXT((#3805,#3806,#3807)) REPRESENTATION_CONTEXT
('Context #1','3D Context with UNIT and UNCERTAINTY') );
#3805 = ( LENGTH_UNIT() NAMED_UNIT(*) SI_UNIT(.MILLI.,.METRE.) );
#3806 = ( NAMED_UNIT(*) PLANE_ANGLE_UNIT() SI_UNIT($,.RADIAN.) );
#3807 = ( NAMED_UNIT(*) SI_UNIT($,.STERADIAN.) SOLID_ANGLE_UNIT() );
#3808 = UNCERTAINTY_MEASURE_WITH_UNIT(LENGTH_MEASURE(1.E-07),#3805,
  'distance_accuracy_value','confusion accuracy');
#3809 = CONTEXT_DEPENDENT_SHAPE_REPRESENTATION(#3810,#3812);
#3810 = ( REPRESENTATION_RELATIONSHIP('','',#3653,#2162) 
REPRESENTATION_RELATIONSHIP_WITH_TRANSFORMATION(#3811) 
SHAPE_REPRESENTATION_RELATIONSHIP() );
#3811 = ITEM_DEFINED_TRANSFORMATION('','',#11,#2195);
#3812 = PRODUCT_DEFINITION_SHAPE('Placement','Placement of an item',
  #3813);
#3813 = NEXT_ASSEMBLY_USAGE_OCCURRENCE('15','10','',#2157,#3648,$);
#3814 = PRODUCT_RELATED_PRODUCT_CATEGORY('part',$,(#3650));
#3815 = SHAPE_DEFINITION_REPRESENTATION(#3816,#3822);
#3816 = PRODUCT_DEFINITION_SHAPE('','',#3817);
#3817 = PRODUCT_DEFINITION('design','',#3818,#3821);
#3818 = PRODUCT_DEFINITION_FORMATION('','',#3819);
#3819 = PRODUCT('Open CASCADE STEP translator 7.9 1.2.10',
  'Open CASCADE STEP translator 7.9 1.2.10','',(#3820));
#3820 = PRODUCT_CONTEXT('',#2,'mechanical');
#3821 = PRODUCT_DEFINITION_CONTEXT('part definition',#2,'design');
#3822 = ADVANCED_BREP_SHAPE_REPRESENTATION('',(#11,#3823),#3973);
#3823 = MANIFOLD_SOLID_BREP('',#3824);
#3824 = CLOSED_SHELL('',(#3825,#3865,#3905,#3927,#3949,#3961));
#3825 = ADVANCED_FACE('',(#3826),#3860,.F.);
#3826 = FACE_BOUND('',#3827,.F.);
#3827 = EDGE_LOOP('',(#3828,#3838,#3846,#3854));
#3828 = ORIENTED_EDGE('',*,*,#3829,.F.);
#3829 = EDGE_CURVE('',#3830,#3832,#3834,.T.);
#3830 = VERTEX_POINT('',#3831);
#3831 = CARTESIAN_POINT('',(0.7,-1.45,0.1));
#3832 = VERTEX_POINT('',#3833);
#3833 = CARTESIAN_POINT('',(0.7,-1.45,0.17));
#3834 = LINE('',#3835,#3836);
#3835 = CARTESIAN_POINT('',(0.7,-1.45,0.1));
#3836 = VECTOR('',#3837,1.);
#3837 = DIRECTION('',(0.,0.,1.));
#3838 = ORIENTED_EDGE('',*,*,#3839,.T.);
#3839 = EDGE_CURVE('',#3830,#3840,#3842,.T.);
#3840 = VERTEX_POINT('',#3841);
#3841 = CARTESIAN_POINT('',(0.7,-0.95,0.1));
#3842 = LINE('',#3843,#3844);
#3843 = CARTESIAN_POINT('',(0.7,-1.45,0.1));
#3844 = VECTOR('',#3845,1.);
#3845 = DIRECTION('',(0.,1.,0.));
#3846 = ORIENTED_EDGE('',*,*,#3847,.T.);
#3847 = EDGE_CURVE('',#3840,#3848,#3850,.T.);
#3848 = VERTEX_POINT('',#3849);
#3849 = CARTESIAN_POINT('',(0.7,-0.95,0.17));
#3850 = LINE('',#3851,#3852);
#3851 = CARTESIAN_POINT('',(0.7,-0.95,0.1));
#3852 = VECTOR('',#3853,1.);
#3853 = DIRECTION('',(0.,0.,1.));
#3854 = ORIENTED_EDGE('',*,*,#3855,.F.);
#3855 = EDGE_CURVE('',#3832,#3848,#3856,.T.);
#3856 = LINE('',#3857,#3858);
#3857 = CARTESIAN_POINT('',(0.7,-1.45,0.17));
#3858 = VECTOR('',#3859,1.);
#3859 = DIRECTION('',(0.,1.,0.));
#3860 = PLANE('',#3861);
#3861 = AXIS2_PLACEMENT_3D('',#3862,#3863,#3864);
#3862 = CARTESIAN_POINT('',(0.7,-1.45,0.1));
#3863 = DIRECTION('',(1.,0.,0.));
#3864 = DIRECTION('',(0.,0.,1.));
#3865 = ADVANCED_FACE('',(#3866),#3900,.T.);
#3866 = FACE_BOUND('',#3867,.T.);
#3867 = EDGE_LOOP('',(#3868,#3878,#3886,#3894));
#3868 = ORIENTED_EDGE('',*,*,#3869,.F.);
#3869 = EDGE_CURVE('',#3870,#3872,#3874,.T.);
#3870 = VERTEX_POINT('',#3871);
#3871 = CARTESIAN_POINT('',(0.9,-1.45,0.1));
#3872 = VERTEX_POINT('',#3873);
#3873 = CARTESIAN_POINT('',(0.9,-1.45,0.17));
#3874 = LINE('',#3875,#3876);
#3875 = CARTESIAN_POINT('',(0.9,-1.45,0.1));
#3876 = VECTOR('',#3877,1.);
#3877 = DIRECTION('',(0.,0.,1.));
#3878 = ORIENTED_EDGE('',*,*,#3879,.T.);
#3879 = EDGE_CURVE('',#3870,#3880,#3882,.T.);
#3880 = VERTEX_POINT('',#3881);
#3881 = CARTESIAN_POINT('',(0.9,-0.95,0.1));
#3882 = LINE('',#3883,#3884);
#3883 = CARTESIAN_POINT('',(0.9,-1.45,0.1));
#3884 = VECTOR('',#3885,1.);
#3885 = DIRECTION('',(0.,1.,0.));
#3886 = ORIENTED_EDGE('',*,*,#3887,.T.);
#3887 = EDGE_CURVE('',#3880,#3888,#3890,.T.);
#3888 = VERTEX_POINT('',#3889);
#3889 = CARTESIAN_POINT('',(0.9,-0.95,0.17));
#3890 = LINE('',#3891,#3892);
#3891 = CARTESIAN_POINT('',(0.9,-0.95,0.1));
#3892 = VECTOR('',#3893,1.);
#3893 = DIRECTION('',(0.,0.,1.));
#3894 = ORIENTED_EDGE('',*,*,#3895,.F.);
#3895 = EDGE_CURVE('',#3872,#3888,#3896,.T.);
#3896 = LINE('',#3897,#3898);
#3897 = CARTESIAN_POINT('',(0.9,-1.45,0.17));
#3898 = VECTOR('',#3899,1.);
#3899 = DIRECTION('',(0.,1.,0.));
#3900 = PLANE('',#3901);
#3901 = AXIS2_PLACEMENT_3D('',#3902,#3903,#3904);
#3902 = CARTESIAN_POINT('',(0.9,-1.45,0.1));
#3903 = DIRECTION('',(1.,0.,0.));
#3904 = DIRECTION('',(0.,0.,1.));
#3905 = ADVANCED_FACE('',(#3906),#3922,.F.);
#3906 = FACE_BOUND('',#3907,.F.);
#3907 = EDGE_LOOP('',(#3908,#3914,#3915,#3921));
#3908 = ORIENTED_EDGE('',*,*,#3909,.F.);
#3909 = EDGE_CURVE('',#3830,#3870,#3910,.T.);
#3910 = LINE('',#3911,#3912);
#3911 = CARTESIAN_POINT('',(0.7,-1.45,0.1));
#3912 = VECTOR('',#3913,1.);
#3913 = DIRECTION('',(1.,0.,0.));
#3914 = ORIENTED_EDGE('',*,*,#3829,.T.);
#3915 = ORIENTED_EDGE('',*,*,#3916,.T.);
#3916 = EDGE_CURVE('',#3832,#3872,#3917,.T.);
#3917 = LINE('',#3918,#3919);
#3918 = CARTESIAN_POINT('',(0.7,-1.45,0.17));
#3919 = VECTOR('',#3920,1.);
#3920 = DIRECTION('',(1.,0.,0.));
#3921 = ORIENTED_EDGE('',*,*,#3869,.F.);
#3922 = PLANE('',#3923);
#3923 = AXIS2_PLACEMENT_3D('',#3924,#3925,#3926);
#3924 = CARTESIAN_POINT('',(0.7,-1.45,0.1));
#3925 = DIRECTION('',(0.,1.,0.));
#3926 = DIRECTION('',(0.,-0.,1.));
#3927 = ADVANCED_FACE('',(#3928),#3944,.T.);
#3928 = FACE_BOUND('',#3929,.T.);
#3929 = EDGE_LOOP('',(#3930,#3936,#3937,#3943));
#3930 = ORIENTED_EDGE('',*,*,#3931,.F.);
#3931 = EDGE_CURVE('',#3840,#3880,#3932,.T.);
#3932 = LINE('',#3933,#3934);
#3933 = CARTESIAN_POINT('',(0.7,-0.95,0.1));
#3934 = VECTOR('',#3935,1.);
#3935 = DIRECTION('',(1.,0.,0.));
#3936 = ORIENTED_EDGE('',*,*,#3847,.T.);
#3937 = ORIENTED_EDGE('',*,*,#3938,.T.);
#3938 = EDGE_CURVE('',#3848,#3888,#3939,.T.);
#3939 = LINE('',#3940,#3941);
#3940 = CARTESIAN_POINT('',(0.7,-0.95,0.17));
#3941 = VECTOR('',#3942,1.);
#3942 = DIRECTION('',(1.,0.,0.));
#3943 = ORIENTED_EDGE('',*,*,#3887,.F.);
#3944 = PLANE('',#3945);
#3945 = AXIS2_PLACEMENT_3D('',#3946,#3947,#3948);
#3946 = CARTESIAN_POINT('',(0.7,-0.95,0.1));
#3947 = DIRECTION('',(0.,1.,0.));
#3948 = DIRECTION('',(0.,-0.,1.));
#3949 = ADVANCED_FACE('',(#3950),#3956,.F.);
#3950 = FACE_BOUND('',#3951,.F.);
#3951 = EDGE_LOOP('',(#3952,#3953,#3954,#3955));
#3952 = ORIENTED_EDGE('',*,*,#3839,.F.);
#3953 = ORIENTED_EDGE('',*,*,#3909,.T.);
#3954 = ORIENTED_EDGE('',*,*,#3879,.T.);
#3955 = ORIENTED_EDGE('',*,*,#3931,.F.);
#3956 = PLANE('',#3957);
#3957 = AXIS2_PLACEMENT_3D('',#3958,#3959,#3960);
#3958 = CARTESIAN_POINT('',(0.7,-1.45,0.1));
#3959 = DIRECTION('',(0.,0.,1.));
#3960 = DIRECTION('',(1.,0.,-0.));
#3961 = ADVANCED_FACE('',(#3962),#3968,.T.);
#3962 = FACE_BOUND('',#3963,.T.);
#3963 = EDGE_LOOP('',(#3964,#3965,#3966,#3967));
#3964 = ORIENTED_EDGE('',*,*,#3855,.F.);
#3965 = ORIENTED_EDGE('',*,*,#3916,.T.);
#3966 = ORIENTED_EDGE('',*,*,#3895,.T.);
#3967 = ORIENTED_EDGE('',*,*,#3938,.F.);
#3968 = PLANE('',#3969);
#3969 = AXIS2_PLACEMENT_3D('',#3970,#3971,#3972);
#3970 = CARTESIAN_POINT('',(0.7,-1.45,0.17));
#3971 = DIRECTION('',(0.,0.,1.));
#3972 = DIRECTION('',(1.,0.,-0.));
#3973 = ( GEOMETRIC_REPRESENTATION_CONTEXT(3) 
GLOBAL_UNCERTAINTY_ASSIGNED_CONTEXT((#3977)) 
GLOBAL_UNIT_ASSIGNED_CONTEXT((#3974,#3975,#3976)) REPRESENTATION_CONTEXT
('Context #1','3D Context with UNIT and UNCERTAINTY') );
#3974 = ( LENGTH_UNIT() NAMED_UNIT(*) SI_UNIT(.MILLI.,.METRE.) );
#3975 = ( NAMED_UNIT(*) PLANE_ANGLE_UNIT() SI_UNIT($,.RADIAN.) );
#3976 = ( NAMED_UNIT(*) SI_UNIT($,.STERADIAN.) SOLID_ANGLE_UNIT() );
#3977 = UNCERTAINTY_MEASURE_WITH_UNIT(LENGTH_MEASURE(1.E-07),#3974,
  'distance_accuracy_value','confusion accuracy');
#3978 = CONTEXT_DEPENDENT_SHAPE_REPRESENTATION(#3979,#3981);
#3979 = ( REPRESENTATION_RELATIONSHIP('','',#3822,#2162) 
REPRESENTATION_RELATIONSHIP_WITH_TRANSFORMATION(#3980) 
SHAPE_REPRESENTATION_RELATIONSHIP() );
#3980 = ITEM_DEFINED_TRANSFORMATION('','',#11,#2199);
#3981 = PRODUCT_DEFINITION_SHAPE('Placement','Placement of an item',
  #3982);
#3982 = NEXT_ASSEMBLY_USAGE_OCCURRENCE('16','11','',#2157,#3817,$);
#3983 = PRODUCT_RELATED_PRODUCT_CATEGORY('part',$,(#3819));
#3984 = SHAPE_DEFINITION_REPRESENTATION(#3985,#3991);
#3985 = PRODUCT_DEFINITION_SHAPE('','',#3986);
#3986 = PRODUCT_DEFINITION('design','',#3987,#3990);
#3987 = PRODUCT_DEFINITION_FORMATION('','',#3988);
#3988 = PRODUCT('Open CASCADE STEP translator 7.9 1.2.11',
  'Open CASCADE STEP translator 7.9 1.2.11','',(#3989));
#3989 = PRODUCT_CONTEXT('',#2,'mechanical');
#3990 = PRODUCT_DEFINITION_CONTEXT('part definition',#2,'design');
#3991 = ADVANCED_BREP_SHAPE_REPRESENTATION('',(#11,#3992),#4142);
#3992 = MANIFOLD_SOLID_BREP('',#3993);
#3993 = CLOSED_SHELL('',(#3994,#4034,#4074,#4096,#4118,#4130));
#3994 = ADVANCED_FACE('',(#3995),#4029,.F.);
#3995 = FACE_BOUND('',#3996,.F.);
#3996 = EDGE_LOOP('',(#3997,#4007,#4015,#4023));
#3997 = ORIENTED_EDGE('',*,*,#3998,.F.);
#3998 = EDGE_CURVE('',#3999,#4001,#4003,.T.);
#3999 = VERTEX_POINT('',#4000);
#4000 = CARTESIAN_POINT('',(1.1,-1.45,0.1));
#4001 = VERTEX_POINT('',#4002);
#4002 = CARTESIAN_POINT('',(1.1,-1.45,0.17));
#4003 = LINE('',#4004,#4005);
#4004 = CARTESIAN_POINT('',(1.1,-1.45,0.1));
#4005 = VECTOR('',#4006,1.);
#4006 = DIRECTION('',(0.,0.,1.));
#4007 = ORIENTED_EDGE('',*,*,#4008,.T.);
#4008 = EDGE_CURVE('',#3999,#4009,#4011,.T.);
#4009 = VERTEX_POINT('',#4010);
#4010 = CARTESIAN_POINT('',(1.1,-0.95,0.1));
#4011 = LINE('',#4012,#4013);
#4012 = CARTESIAN_POINT('',(1.1,-1.45,0.1));
#4013 = VECTOR('',#4014,1.);
#4014 = DIRECTION('',(0.,1.,0.));
#4015 = ORIENTED_EDGE('',*,*,#4016,.T.);
#4016 = EDGE_CURVE('',#4009,#4017,#4019,.T.);
#4017 = VERTEX_POINT('',#4018);
#4018 = CARTESIAN_POINT('',(1.1,-0.95,0.17));
#4019 = LINE('',#4020,#4021);
#4020 = CARTESIAN_POINT('',(1.1,-0.95,0.1));
#4021 = VECTOR('',#4022,1.);
#4022 = DIRECTION('',(0.,0.,1.));
#4023 = ORIENTED_EDGE('',*,*,#4024,.F.);
#4024 = EDGE_CURVE('',#4001,#4017,#4025,.T.);
#4025 = LINE('',#4026,#4027);
#4026 = CARTESIAN_POINT('',(1.1,-1.45,0.17));
#4027 = VECTOR('',#4028,1.);
#4028 = DIRECTION('',(0.,1.,0.));
#4029 = PLANE('',#4030);
#4030 = AXIS2_PLACEMENT_3D('',#4031,#4032,#4033);
#4031 = CARTESIAN_POINT('',(1.1,-1.45,0.1));
#4032 = DIRECTION('',(1.,0.,0.));
#4033 = DIRECTION('',(0.,0.,1.));
#4034 = ADVANCED_FACE('',(#4035),#4069,.T.);
#4035 = FACE_BOUND('',#4036,.T.);
#4036 = EDGE_LOOP('',(#4037,#4047,#4055,#4063));
#4037 = ORIENTED_EDGE('',*,*,#4038,.F.);
#4038 = EDGE_CURVE('',#4039,#4041,#4043,.T.);
#4039 = VERTEX_POINT('',#4040);
#4040 = CARTESIAN_POINT('',(1.3,-1.45,0.1));
#4041 = VERTEX_POINT('',#4042);
#4042 = CARTESIAN_POINT('',(1.3,-1.45,0.17));
#4043 = LINE('',#4044,#4045);
#4044 = CARTESIAN_POINT('',(1.3,-1.45,0.1));
#4045 = VECTOR('',#4046,1.);
#4046 = DIRECTION('',(0.,0.,1.));
#4047 = ORIENTED_EDGE('',*,*,#4048,.T.);
#4048 = EDGE_CURVE('',#4039,#4049,#4051,.T.);
#4049 = VERTEX_POINT('',#4050);
#4050 = CARTESIAN_POINT('',(1.3,-0.95,0.1));
#4051 = LINE('',#4052,#4053);
#4052 = CARTESIAN_POINT('',(1.3,-1.45,0.1));
#4053 = VECTOR('',#4054,1.);
#4054 = DIRECTION('',(0.,1.,0.));
#4055 = ORIENTED_EDGE('',*,*,#4056,.T.);
#4056 = EDGE_CURVE('',#4049,#4057,#4059,.T.);
#4057 = VERTEX_POINT('',#4058);
#4058 = CARTESIAN_POINT('',(1.3,-0.95,0.17));
#4059 = LINE('',#4060,#4061);
#4060 = CARTESIAN_POINT('',(1.3,-0.95,0.1));
#4061 = VECTOR('',#4062,1.);
#4062 = DIRECTION('',(0.,0.,1.));
#4063 = ORIENTED_EDGE('',*,*,#4064,.F.);
#4064 = EDGE_CURVE('',#4041,#4057,#4065,.T.);
#4065 = LINE('',#4066,#4067);
#4066 = CARTESIAN_POINT('',(1.3,-1.45,0.17));
#4067 = VECTOR('',#4068,1.);
#4068 = DIRECTION('',(0.,1.,0.));
#4069 = PLANE('',#4070);
#4070 = AXIS2_PLACEMENT_3D('',#4071,#4072,#4073);
#4071 = CARTESIAN_POINT('',(1.3,-1.45,0.1));
#4072 = DIRECTION('',(1.,0.,0.));
#4073 = DIRECTION('',(0.,0.,1.));
#4074 = ADVANCED_FACE('',(#4075),#4091,.F.);
#4075 = FACE_BOUND('',#4076,.F.);
#4076 = EDGE_LOOP('',(#4077,#4083,#4084,#4090));
#4077 = ORIENTED_EDGE('',*,*,#4078,.F.);
#4078 = EDGE_CURVE('',#3999,#4039,#4079,.T.);
#4079 = LINE('',#4080,#4081);
#4080 = CARTESIAN_POINT('',(1.1,-1.45,0.1));
#4081 = VECTOR('',#4082,1.);
#4082 = DIRECTION('',(1.,0.,0.));
#4083 = ORIENTED_EDGE('',*,*,#3998,.T.);
#4084 = ORIENTED_EDGE('',*,*,#4085,.T.);
#4085 = EDGE_CURVE('',#4001,#4041,#4086,.T.);
#4086 = LINE('',#4087,#4088);
#4087 = CARTESIAN_POINT('',(1.1,-1.45,0.17));
#4088 = VECTOR('',#4089,1.);
#4089 = DIRECTION('',(1.,0.,0.));
#4090 = ORIENTED_EDGE('',*,*,#4038,.F.);
#4091 = PLANE('',#4092);
#4092 = AXIS2_PLACEMENT_3D('',#4093,#4094,#4095);
#4093 = CARTESIAN_POINT('',(1.1,-1.45,0.1));
#4094 = DIRECTION('',(0.,1.,0.));
#4095 = DIRECTION('',(0.,-0.,1.));
#4096 = ADVANCED_FACE('',(#4097),#4113,.T.);
#4097 = FACE_BOUND('',#4098,.T.);
#4098 = EDGE_LOOP('',(#4099,#4105,#4106,#4112));
#4099 = ORIENTED_EDGE('',*,*,#4100,.F.);
#4100 = EDGE_CURVE('',#4009,#4049,#4101,.T.);
#4101 = LINE('',#4102,#4103);
#4102 = CARTESIAN_POINT('',(1.1,-0.95,0.1));
#4103 = VECTOR('',#4104,1.);
#4104 = DIRECTION('',(1.,0.,0.));
#4105 = ORIENTED_EDGE('',*,*,#4016,.T.);
#4106 = ORIENTED_EDGE('',*,*,#4107,.T.);
#4107 = EDGE_CURVE('',#4017,#4057,#4108,.T.);
#4108 = LINE('',#4109,#4110);
#4109 = CARTESIAN_POINT('',(1.1,-0.95,0.17));
#4110 = VECTOR('',#4111,1.);
#4111 = DIRECTION('',(1.,0.,0.));
#4112 = ORIENTED_EDGE('',*,*,#4056,.F.);
#4113 = PLANE('',#4114);
#4114 = AXIS2_PLACEMENT_3D('',#4115,#4116,#4117);
#4115 = CARTESIAN_POINT('',(1.1,-0.95,0.1));
#4116 = DIRECTION('',(0.,1.,0.));
#4117 = DIRECTION('',(0.,-0.,1.));
#4118 = ADVANCED_FACE('',(#4119),#4125,.F.);
#4119 = FACE_BOUND('',#4120,.F.);
#4120 = EDGE_LOOP('',(#4121,#4122,#4123,#4124));
#4121 = ORIENTED_EDGE('',*,*,#4008,.F.);
#4122 = ORIENTED_EDGE('',*,*,#4078,.T.);
#4123 = ORIENTED_EDGE('',*,*,#4048,.T.);
#4124 = ORIENTED_EDGE('',*,*,#4100,.F.);
#4125 = PLANE('',#4126);
#4126 = AXIS2_PLACEMENT_3D('',#4127,#4128,#4129);
#4127 = CARTESIAN_POINT('',(1.1,-1.45,0.1));
#4128 = DIRECTION('',(0.,0.,1.));
#4129 = DIRECTION('',(1.,0.,-0.));
#4130 = ADVANCED_FACE('',(#4131),#4137,.T.);
#4131 = FACE_BOUND('',#4132,.T.);
#4132 = EDGE_LOOP('',(#4133,#4134,#4135,#4136));
#4133 = ORIENTED_EDGE('',*,*,#4024,.F.);
#4134 = ORIENTED_EDGE('',*,*,#4085,.T.);
#4135 = ORIENTED_EDGE('',*,*,#4064,.T.);
#4136 = ORIENTED_EDGE('',*,*,#4107,.F.);
#4137 = PLANE('',#4138);
#4138 = AXIS2_PLACEMENT_3D('',#4139,#4140,#4141);
#4139 = CARTESIAN_POINT('',(1.1,-1.45,0.17));
#4140 = DIRECTION('',(0.,0.,1.));
#4141 = DIRECTION('',(1.,0.,-0.));
#4142 = ( GEOMETRIC_REPRESENTATION_CONTEXT(3) 
GLOBAL_UNCERTAINTY_ASSIGNED_CONTEXT((#4146)) 
GLOBAL_UNIT_ASSIGNED_CONTEXT((#4143,#4144,#4145)) REPRESENTATION_CONTEXT
('Context #1','3D Context with UNIT and UNCERTAINTY') );
#4143 = ( LENGTH_UNIT() NAMED_UNIT(*) SI_UNIT(.MILLI.,.METRE.) );
#4144 = ( NAMED_UNIT(*) PLANE_ANGLE_UNIT() SI_UNIT($,.RADIAN.) );
#4145 = ( NAMED_UNIT(*) SI_UNIT($,.STERADIAN.) SOLID_ANGLE_UNIT() );
#4146 = UNCERTAINTY_MEASURE_WITH_UNIT(LENGTH_MEASURE(1.E-07),#4143,
  'distance_accuracy_value','confusion accuracy');
#4147 = CONTEXT_DEPENDENT_SHAPE_REPRESENTATION(#4148,#4150);
#4148 = ( REPRESENTATION_RELATIONSHIP('','',#3991,#2162) 
REPRESENTATION_RELATIONSHIP_WITH_TRANSFORMATION(#4149) 
SHAPE_REPRESENTATION_RELATIONSHIP() );
#4149 = ITEM_DEFINED_TRANSFORMATION('','',#11,#2203);
#4150 = PRODUCT_DEFINITION_SHAPE('Placement','Placement of an item',
  #4151);
#4151 = NEXT_ASSEMBLY_USAGE_OCCURRENCE('17','12','',#2157,#3986,$);
#4152 = PRODUCT_RELATED_PRODUCT_CATEGORY('part',$,(#3988));
#4153 = SHAPE_DEFINITION_REPRESENTATION(#4154,#4160);
#4154 = PRODUCT_DEFINITION_SHAPE('','',#4155);
#4155 = PRODUCT_DEFINITION('design','',#4156,#4159);
#4156 = PRODUCT_DEFINITION_FORMATION('','',#4157);
#4157 = PRODUCT('Open CASCADE STEP translator 7.9 1.2.12',
  'Open CASCADE STEP translator 7.9 1.2.12','',(#4158));
#4158 = PRODUCT_CONTEXT('',#2,'mechanical');
#4159 = PRODUCT_DEFINITION_CONTEXT('part definition',#2,'design');
#4160 = ADVANCED_BREP_SHAPE_REPRESENTATION('',(#11,#4161),#4311);
#4161 = MANIFOLD_SOLID_BREP('',#4162);
#4162 = CLOSED_SHELL('',(#4163,#4203,#4243,#4265,#4287,#4299));
#4163 = ADVANCED_FACE('',(#4164),#4198,.F.);
#4164 = FACE_BOUND('',#4165,.F.);
#4165 = EDGE_LOOP('',(#4166,#4176,#4184,#4192));
#4166 = ORIENTED_EDGE('',*,*,#4167,.F.);
#4167 = EDGE_CURVE('',#4168,#4170,#4172,.T.);
#4168 = VERTEX_POINT('',#4169);
#4169 = CARTESIAN_POINT('',(1.5,-1.45,0.1));
#4170 = VERTEX_POINT('',#4171);
#4171 = CARTESIAN_POINT('',(1.5,-1.45,0.17));
#4172 = LINE('',#4173,#4174);
#4173 = CARTESIAN_POINT('',(1.5,-1.45,0.1));
#4174 = VECTOR('',#4175,1.);
#4175 = DIRECTION('',(0.,0.,1.));
#4176 = ORIENTED_EDGE('',*,*,#4177,.T.);
#4177 = EDGE_CURVE('',#4168,#4178,#4180,.T.);
#4178 = VERTEX_POINT('',#4179);
#4179 = CARTESIAN_POINT('',(1.5,-0.95,0.1));
#4180 = LINE('',#4181,#4182);
#4181 = CARTESIAN_POINT('',(1.5,-1.45,0.1));
#4182 = VECTOR('',#4183,1.);
#4183 = DIRECTION('',(0.,1.,0.));
#4184 = ORIENTED_EDGE('',*,*,#4185,.T.);
#4185 = EDGE_CURVE('',#4178,#4186,#4188,.T.);
#4186 = VERTEX_POINT('',#4187);
#4187 = CARTESIAN_POINT('',(1.5,-0.95,0.17));
#4188 = LINE('',#4189,#4190);
#4189 = CARTESIAN_POINT('',(1.5,-0.95,0.1));
#4190 = VECTOR('',#4191,1.);
#4191 = DIRECTION('',(0.,0.,1.));
#4192 = ORIENTED_EDGE('',*,*,#4193,.F.);
#4193 = EDGE_CURVE('',#4170,#4186,#4194,.T.);
#4194 = LINE('',#4195,#4196);
#4195 = CARTESIAN_POINT('',(1.5,-1.45,0.17));
#4196 = VECTOR('',#4197,1.);
#4197 = DIRECTION('',(0.,1.,0.));
#4198 = PLANE('',#4199);
#4199 = AXIS2_PLACEMENT_3D('',#4200,#4201,#4202);
#4200 = CARTESIAN_POINT('',(1.5,-1.45,0.1));
#4201 = DIRECTION('',(1.,0.,0.));
#4202 = DIRECTION('',(0.,0.,1.));
#4203 = ADVANCED_FACE('',(#4204),#4238,.T.);
#4204 = FACE_BOUND('',#4205,.T.);
#4205 = EDGE_LOOP('',(#4206,#4216,#4224,#4232));
#4206 = ORIENTED_EDGE('',*,*,#4207,.F.);
#4207 = EDGE_CURVE('',#4208,#4210,#4212,.T.);
#4208 = VERTEX_POINT('',#4209);
#4209 = CARTESIAN_POINT('',(1.7,-1.45,0.1));
#4210 = VERTEX_POINT('',#4211);
#4211 = CARTESIAN_POINT('',(1.7,-1.45,0.17));
#4212 = LINE('',#4213,#4214);
#4213 = CARTESIAN_POINT('',(1.7,-1.45,0.1));
#4214 = VECTOR('',#4215,1.);
#4215 = DIRECTION('',(0.,0.,1.));
#4216 = ORIENTED_EDGE('',*,*,#4217,.T.);
#4217 = EDGE_CURVE('',#4208,#4218,#4220,.T.);
#4218 = VERTEX_POINT('',#4219);
#4219 = CARTESIAN_POINT('',(1.7,-0.95,0.1));
#4220 = LINE('',#4221,#4222);
#4221 = CARTESIAN_POINT('',(1.7,-1.45,0.1));
#4222 = VECTOR('',#4223,1.);
#4223 = DIRECTION('',(0.,1.,0.));
#4224 = ORIENTED_EDGE('',*,*,#4225,.T.);
#4225 = EDGE_CURVE('',#4218,#4226,#4228,.T.);
#4226 = VERTEX_POINT('',#4227);
#4227 = CARTESIAN_POINT('',(1.7,-0.95,0.17));
#4228 = LINE('',#4229,#4230);
#4229 = CARTESIAN_POINT('',(1.7,-0.95,0.1));
#4230 = VECTOR('',#4231,1.);
#4231 = DIRECTION('',(0.,0.,1.));
#4232 = ORIENTED_EDGE('',*,*,#4233,.F.);
#4233 = EDGE_CURVE('',#4210,#4226,#4234,.T.);
#4234 = LINE('',#4235,#4236);
#4235 = CARTESIAN_POINT('',(1.7,-1.45,0.17));
#4236 = VECTOR('',#4237,1.);
#4237 = DIRECTION('',(0.,1.,0.));
#4238 = PLANE('',#4239);
#4239 = AXIS2_PLACEMENT_3D('',#4240,#4241,#4242);
#4240 = CARTESIAN_POINT('',(1.7,-1.45,0.1));
#4241 = DIRECTION('',(1.,0.,0.));
#4242 = DIRECTION('',(0.,0.,1.));
#4243 = ADVANCED_FACE('',(#4244),#4260,.F.);
#4244 = FACE_BOUND('',#4245,.F.);
#4245 = EDGE_LOOP('',(#4246,#4252,#4253,#4259));
#4246 = ORIENTED_EDGE('',*,*,#4247,.F.);
#4247 = EDGE_CURVE('',#4168,#4208,#4248,.T.);
#4248 = LINE('',#4249,#4250);
#4249 = CARTESIAN_POINT('',(1.5,-1.45,0.1));
#4250 = VECTOR('',#4251,1.);
#4251 = DIRECTION('',(1.,0.,0.));
#4252 = ORIENTED_EDGE('',*,*,#4167,.T.);
#4253 = ORIENTED_EDGE('',*,*,#4254,.T.);
#4254 = EDGE_CURVE('',#4170,#4210,#4255,.T.);
#4255 = LINE('',#4256,#4257);
#4256 = CARTESIAN_POINT('',(1.5,-1.45,0.17));
#4257 = VECTOR('',#4258,1.);
#4258 = DIRECTION('',(1.,0.,0.));
#4259 = ORIENTED_EDGE('',*,*,#4207,.F.);
#4260 = PLANE('',#4261);
#4261 = AXIS2_PLACEMENT_3D('',#4262,#4263,#4264);
#4262 = CARTESIAN_POINT('',(1.5,-1.45,0.1));
#4263 = DIRECTION('',(0.,1.,0.));
#4264 = DIRECTION('',(0.,-0.,1.));
#4265 = ADVANCED_FACE('',(#4266),#4282,.T.);
#4266 = FACE_BOUND('',#4267,.T.);
#4267 = EDGE_LOOP('',(#4268,#4274,#4275,#4281));
#4268 = ORIENTED_EDGE('',*,*,#4269,.F.);
#4269 = EDGE_CURVE('',#4178,#4218,#4270,.T.);
#4270 = LINE('',#4271,#4272);
#4271 = CARTESIAN_POINT('',(1.5,-0.95,0.1));
#4272 = VECTOR('',#4273,1.);
#4273 = DIRECTION('',(1.,0.,0.));
#4274 = ORIENTED_EDGE('',*,*,#4185,.T.);
#4275 = ORIENTED_EDGE('',*,*,#4276,.T.);
#4276 = EDGE_CURVE('',#4186,#4226,#4277,.T.);
#4277 = LINE('',#4278,#4279);
#4278 = CARTESIAN_POINT('',(1.5,-0.95,0.17));
#4279 = VECTOR('',#4280,1.);
#4280 = DIRECTION('',(1.,0.,0.));
#4281 = ORIENTED_EDGE('',*,*,#4225,.F.);
#4282 = PLANE('',#4283);
#4283 = AXIS2_PLACEMENT_3D('',#4284,#4285,#4286);
#4284 = CARTESIAN_POINT('',(1.5,-0.95,0.1));
#4285 = DIRECTION('',(0.,1.,0.));
#4286 = DIRECTION('',(0.,-0.,1.));
#4287 = ADVANCED_FACE('',(#4288),#4294,.F.);
#4288 = FACE_BOUND('',#4289,.F.);
#4289 = EDGE_LOOP('',(#4290,#4291,#4292,#4293));
#4290 = ORIENTED_EDGE('',*,*,#4177,.F.);
#4291 = ORIENTED_EDGE('',*,*,#4247,.T.);
#4292 = ORIENTED_EDGE('',*,*,#4217,.T.);
#4293 = ORIENTED_EDGE('',*,*,#4269,.F.);
#4294 = PLANE('',#4295);
#4295 = AXIS2_PLACEMENT_3D('',#4296,#4297,#4298);
#4296 = CARTESIAN_POINT('',(1.5,-1.45,0.1));
#4297 = DIRECTION('',(0.,0.,1.));
#4298 = DIRECTION('',(1.,0.,-0.));
#4299 = ADVANCED_FACE('',(#4300),#4306,.T.);
#4300 = FACE_BOUND('',#4301,.T.);
#4301 = EDGE_LOOP('',(#4302,#4303,#4304,#4305));
#4302 = ORIENTED_EDGE('',*,*,#4193,.F.);
#4303 = ORIENTED_EDGE('',*,*,#4254,.T.);
#4304 = ORIENTED_EDGE('',*,*,#4233,.T.);
#4305 = ORIENTED_EDGE('',*,*,#4276,.F.);
#4306 = PLANE('',#4307);
#4307 = AXIS2_PLACEMENT_3D('',#4308,#4309,#4310);
#4308 = CARTESIAN_POINT('',(1.5,-1.45,0.17));
#4309 = DIRECTION('',(0.,0.,1.));
#4310 = DIRECTION('',(1.,0.,-0.));
#4311 = ( GEOMETRIC_REPRESENTATION_CONTEXT(3) 
GLOBAL_UNCERTAINTY_ASSIGNED_CONTEXT((#4315)) 
GLOBAL_UNIT_ASSIGNED_CONTEXT((#4312,#4313,#4314)) REPRESENTATION_CONTEXT
('Context #1','3D Context with UNIT and UNCERTAINTY') );
#4312 = ( LENGTH_UNIT() NAMED_UNIT(*) SI_UNIT(.MILLI.,.METRE.) );
#4313 = ( NAMED_UNIT(*) PLANE_ANGLE_UNIT() SI_UNIT($,.RADIAN.) );
#4314 = ( NAMED_UNIT(*) SI_UNIT($,.STERADIAN.) SOLID_ANGLE_UNIT() );
#4315 = UNCERTAINTY_MEASURE_WITH_UNIT(LENGTH_MEASURE(1.E-07),#4312,
  'distance_accuracy_value','confusion accuracy');
#4316 = CONTEXT_DEPENDENT_SHAPE_REPRESENTATION(#4317,#4319);
#4317 = ( REPRESENTATION_RELATIONSHIP('','',#4160,#2162) 
REPRESENTATION_RELATIONSHIP_WITH_TRANSFORMATION(#4318) 
SHAPE_REPRESENTATION_RELATIONSHIP() );
#4318 = ITEM_DEFINED_TRANSFORMATION('','',#11,#2207);
#4319 = PRODUCT_DEFINITION_SHAPE('Placement','Placement of an item',
  #4320);
#4320 = NEXT_ASSEMBLY_USAGE_OCCURRENCE('18','13','',#2157,#4155,$);
#4321 = PRODUCT_RELATED_PRODUCT_CATEGORY('part',$,(#4157));
#4322 = SHAPE_DEFINITION_REPRESENTATION(#4323,#4329);
#4323 = PRODUCT_DEFINITION_SHAPE('','',#4324);
#4324 = PRODUCT_DEFINITION('design','',#4325,#4328);
#4325 = PRODUCT_DEFINITION_FORMATION('','',#4326);
#4326 = PRODUCT('Open CASCADE STEP translator 7.9 1.2.13',
  'Open CASCADE STEP translator 7.9 1.2.13','',(#4327));
#4327 = PRODUCT_CONTEXT('',#2,'mechanical');
#4328 = PRODUCT_DEFINITION_CONTEXT('part definition',#2,'design');
#4329 = ADVANCED_BREP_SHAPE_REPRESENTATION('',(#11,#4330),#4480);
#4330 = MANIFOLD_SOLID_BREP('',#4331);
#4331 = CLOSED_SHELL('',(#4332,#4372,#4412,#4434,#4456,#4468));
#4332 = ADVANCED_FACE('',(#4333),#4367,.F.);
#4333 = FACE_BOUND('',#4334,.F.);
#4334 = EDGE_LOOP('',(#4335,#4345,#4353,#4361));
#4335 = ORIENTED_EDGE('',*,*,#4336,.F.);
#4336 = EDGE_CURVE('',#4337,#4339,#4341,.T.);
#4337 = VERTEX_POINT('',#4338);
#4338 = CARTESIAN_POINT('',(1.9,-1.45,0.1));
#4339 = VERTEX_POINT('',#4340);
#4340 = CARTESIAN_POINT('',(1.9,-1.45,0.17));
#4341 = LINE('',#4342,#4343);
#4342 = CARTESIAN_POINT('',(1.9,-1.45,0.1));
#4343 = VECTOR('',#4344,1.);
#4344 = DIRECTION('',(0.,0.,1.));
#4345 = ORIENTED_EDGE('',*,*,#4346,.T.);
#4346 = EDGE_CURVE('',#4337,#4347,#4349,.T.);
#4347 = VERTEX_POINT('',#4348);
#4348 = CARTESIAN_POINT('',(1.9,-0.95,0.1));
#4349 = LINE('',#4350,#4351);
#4350 = CARTESIAN_POINT('',(1.9,-1.45,0.1));
#4351 = VECTOR('',#4352,1.);
#4352 = DIRECTION('',(0.,1.,0.));
#4353 = ORIENTED_EDGE('',*,*,#4354,.T.);
#4354 = EDGE_CURVE('',#4347,#4355,#4357,.T.);
#4355 = VERTEX_POINT('',#4356);
#4356 = CARTESIAN_POINT('',(1.9,-0.95,0.17));
#4357 = LINE('',#4358,#4359);
#4358 = CARTESIAN_POINT('',(1.9,-0.95,0.1));
#4359 = VECTOR('',#4360,1.);
#4360 = DIRECTION('',(0.,0.,1.));
#4361 = ORIENTED_EDGE('',*,*,#4362,.F.);
#4362 = EDGE_CURVE('',#4339,#4355,#4363,.T.);
#4363 = LINE('',#4364,#4365);
#4364 = CARTESIAN_POINT('',(1.9,-1.45,0.17));
#4365 = VECTOR('',#4366,1.);
#4366 = DIRECTION('',(0.,1.,0.));
#4367 = PLANE('',#4368);
#4368 = AXIS2_PLACEMENT_3D('',#4369,#4370,#4371);
#4369 = CARTESIAN_POINT('',(1.9,-1.45,0.1));
#4370 = DIRECTION('',(1.,0.,0.));
#4371 = DIRECTION('',(0.,0.,1.));
#4372 = ADVANCED_FACE('',(#4373),#4407,.T.);
#4373 = FACE_BOUND('',#4374,.T.);
#4374 = EDGE_LOOP('',(#4375,#4385,#4393,#4401));
#4375 = ORIENTED_EDGE('',*,*,#4376,.F.);
#4376 = EDGE_CURVE('',#4377,#4379,#4381,.T.);
#4377 = VERTEX_POINT('',#4378);
#4378 = CARTESIAN_POINT('',(2.1,-1.45,0.1));
#4379 = VERTEX_POINT('',#4380);
#4380 = CARTESIAN_POINT('',(2.1,-1.45,0.17));
#4381 = LINE('',#4382,#4383);
#4382 = CARTESIAN_POINT('',(2.1,-1.45,0.1));
#4383 = VECTOR('',#4384,1.);
#4384 = DIRECTION('',(0.,0.,1.));
#4385 = ORIENTED_EDGE('',*,*,#4386,.T.);
#4386 = EDGE_CURVE('',#4377,#4387,#4389,.T.);
#4387 = VERTEX_POINT('',#4388);
#4388 = CARTESIAN_POINT('',(2.1,-0.95,0.1));
#4389 = LINE('',#4390,#4391);
#4390 = CARTESIAN_POINT('',(2.1,-1.45,0.1));
#4391 = VECTOR('',#4392,1.);
#4392 = DIRECTION('',(0.,1.,0.));
#4393 = ORIENTED_EDGE('',*,*,#4394,.T.);
#4394 = EDGE_CURVE('',#4387,#4395,#4397,.T.);
#4395 = VERTEX_POINT('',#4396);
#4396 = CARTESIAN_POINT('',(2.1,-0.95,0.17));
#4397 = LINE('',#4398,#4399);
#4398 = CARTESIAN_POINT('',(2.1,-0.95,0.1));
#4399 = VECTOR('',#4400,1.);
#4400 = DIRECTION('',(0.,0.,1.));
#4401 = ORIENTED_EDGE('',*,*,#4402,.F.);
#4402 = EDGE_CURVE('',#4379,#4395,#4403,.T.);
#4403 = LINE('',#4404,#4405);
#4404 = CARTESIAN_POINT('',(2.1,-1.45,0.17));
#4405 = VECTOR('',#4406,1.);
#4406 = DIRECTION('',(0.,1.,0.));
#4407 = PLANE('',#4408);
#4408 = AXIS2_PLACEMENT_3D('',#4409,#4410,#4411);
#4409 = CARTESIAN_POINT('',(2.1,-1.45,0.1));
#4410 = DIRECTION('',(1.,0.,0.));
#4411 = DIRECTION('',(0.,0.,1.));
#4412 = ADVANCED_FACE('',(#4413),#4429,.F.);
#4413 = FACE_BOUND('',#4414,.F.);
#4414 = EDGE_LOOP('',(#4415,#4421,#4422,#4428));
#4415 = ORIENTED_EDGE('',*,*,#4416,.F.);
#4416 = EDGE_CURVE('',#4337,#4377,#4417,.T.);
#4417 = LINE('',#4418,#4419);
#4418 = CARTESIAN_POINT('',(1.9,-1.45,0.1));
#4419 = VECTOR('',#4420,1.);
#4420 = DIRECTION('',(1.,0.,0.));
#4421 = ORIENTED_EDGE('',*,*,#4336,.T.);
#4422 = ORIENTED_EDGE('',*,*,#4423,.T.);
#4423 = EDGE_CURVE('',#4339,#4379,#4424,.T.);
#4424 = LINE('',#4425,#4426);
#4425 = CARTESIAN_POINT('',(1.9,-1.45,0.17));
#4426 = VECTOR('',#4427,1.);
#4427 = DIRECTION('',(1.,0.,0.));
#4428 = ORIENTED_EDGE('',*,*,#4376,.F.);
#4429 = PLANE('',#4430);
#4430 = AXIS2_PLACEMENT_3D('',#4431,#4432,#4433);
#4431 = CARTESIAN_POINT('',(1.9,-1.45,0.1));
#4432 = DIRECTION('',(0.,1.,0.));
#4433 = DIRECTION('',(0.,-0.,1.));
#4434 = ADVANCED_FACE('',(#4435),#4451,.T.);
#4435 = FACE_BOUND('',#4436,.T.);
#4436 = EDGE_LOOP('',(#4437,#4443,#4444,#4450));
#4437 = ORIENTED_EDGE('',*,*,#4438,.F.);
#4438 = EDGE_CURVE('',#4347,#4387,#4439,.T.);
#4439 = LINE('',#4440,#4441);
#4440 = CARTESIAN_POINT('',(1.9,-0.95,0.1));
#4441 = VECTOR('',#4442,1.);
#4442 = DIRECTION('',(1.,0.,0.));
#4443 = ORIENTED_EDGE('',*,*,#4354,.T.);
#4444 = ORIENTED_EDGE('',*,*,#4445,.T.);
#4445 = EDGE_CURVE('',#4355,#4395,#4446,.T.);
#4446 = LINE('',#4447,#4448);
#4447 = CARTESIAN_POINT('',(1.9,-0.95,0.17));
#4448 = VECTOR('',#4449,1.);
#4449 = DIRECTION('',(1.,0.,0.));
#4450 = ORIENTED_EDGE('',*,*,#4394,.F.);
#4451 = PLANE('',#4452);
#4452 = AXIS2_PLACEMENT_3D('',#4453,#4454,#4455);
#4453 = CARTESIAN_POINT('',(1.9,-0.95,0.1));
#4454 = DIRECTION('',(0.,1.,0.));
#4455 = DIRECTION('',(0.,-0.,1.));
#4456 = ADVANCED_FACE('',(#4457),#4463,.F.);
#4457 = FACE_BOUND('',#4458,.F.);
#4458 = EDGE_LOOP('',(#4459,#4460,#4461,#4462));
#4459 = ORIENTED_EDGE('',*,*,#4346,.F.);
#4460 = ORIENTED_EDGE('',*,*,#4416,.T.);
#4461 = ORIENTED_EDGE('',*,*,#4386,.T.);
#4462 = ORIENTED_EDGE('',*,*,#4438,.F.);
#4463 = PLANE('',#4464);
#4464 = AXIS2_PLACEMENT_3D('',#4465,#4466,#4467);
#4465 = CARTESIAN_POINT('',(1.9,-1.45,0.1));
#4466 = DIRECTION('',(0.,0.,1.));
#4467 = DIRECTION('',(1.,0.,-0.));
#4468 = ADVANCED_FACE('',(#4469),#4475,.T.);
#4469 = FACE_BOUND('',#4470,.T.);
#4470 = EDGE_LOOP('',(#4471,#4472,#4473,#4474));
#4471 = ORIENTED_EDGE('',*,*,#4362,.F.);
#4472 = ORIENTED_EDGE('',*,*,#4423,.T.);
#4473 = ORIENTED_EDGE('',*,*,#4402,.T.);
#4474 = ORIENTED_EDGE('',*,*,#4445,.F.);
#4475 = PLANE('',#4476);
#4476 = AXIS2_PLACEMENT_3D('',#4477,#4478,#4479);
#4477 = CARTESIAN_POINT('',(1.9,-1.45,0.17));
#4478 = DIRECTION('',(0.,0.,1.));
#4479 = DIRECTION('',(1.,0.,-0.));
#4480 = ( GEOMETRIC_REPRESENTATION_CONTEXT(3) 
GLOBAL_UNCERTAINTY_ASSIGNED_CONTEXT((#4484)) 
GLOBAL_UNIT_ASSIGNED_CONTEXT((#4481,#4482,#4483)) REPRESENTATION_CONTEXT
('Context #1','3D Context with UNIT and UNCERTAINTY') );
#4481 = ( LENGTH_UNIT() NAMED_UNIT(*) SI_UNIT(.MILLI.,.METRE.) );
#4482 = ( NAMED_UNIT(*) PLANE_ANGLE_UNIT() SI_UNIT($,.RADIAN.) );
#4483 = ( NAMED_UNIT(*) SI_UNIT($,.STERADIAN.) SOLID_ANGLE_UNIT() );
#4484 = UNCERTAINTY_MEASURE_WITH_UNIT(LENGTH_MEASURE(1.E-07),#4481,
  'distance_accuracy_value','confusion accuracy');
#4485 = CONTEXT_DEPENDENT_SHAPE_REPRESENTATION(#4486,#4488);
#4486 = ( REPRESENTATION_RELATIONSHIP('','',#4329,#2162) 
REPRESENTATION_RELATIONSHIP_WITH_TRANSFORMATION(#4487) 
SHAPE_REPRESENTATION_RELATIONSHIP() );
#4487 = ITEM_DEFINED_TRANSFORMATION('','',#11,#2211);
#4488 = PRODUCT_DEFINITION_SHAPE('Placement','Placement of an item',
  #4489);
#4489 = NEXT_ASSEMBLY_USAGE_OCCURRENCE('19','14','',#2157,#4324,$);
#4490 = PRODUCT_RELATED_PRODUCT_CATEGORY('part',$,(#4326));
#4491 = SHAPE_DEFINITION_REPRESENTATION(#4492,#4498);
#4492 = PRODUCT_DEFINITION_SHAPE('','',#4493);
#4493 = PRODUCT_DEFINITION('design','',#4494,#4497);
#4494 = PRODUCT_DEFINITION_FORMATION('','',#4495);
#4495 = PRODUCT('Open CASCADE STEP translator 7.9 1.2.14',
  'Open CASCADE STEP translator 7.9 1.2.14','',(#4496));
#4496 = PRODUCT_CONTEXT('',#2,'mechanical');
#4497 = PRODUCT_DEFINITION_CONTEXT('part definition',#2,'design');
#4498 = ADVANCED_BREP_SHAPE_REPRESENTATION('',(#11,#4499),#4649);
#4499 = MANIFOLD_SOLID_BREP('',#4500);
#4500 = CLOSED_SHELL('',(#4501,#4541,#4581,#4603,#4625,#4637));
#4501 = ADVANCED_FACE('',(#4502),#4536,.F.);
#4502 = FACE_BOUND('',#4503,.F.);
#4503 = EDGE_LOOP('',(#4504,#4514,#4522,#4530));
#4504 = ORIENTED_EDGE('',*,*,#4505,.F.);
#4505 = EDGE_CURVE('',#4506,#4508,#4510,.T.);
#4506 = VERTEX_POINT('',#4507);
#4507 = CARTESIAN_POINT('',(2.3,-1.45,0.1));
#4508 = VERTEX_POINT('',#4509);
#4509 = CARTESIAN_POINT('',(2.3,-1.45,0.17));
#4510 = LINE('',#4511,#4512);
#4511 = CARTESIAN_POINT('',(2.3,-1.45,0.1));
#4512 = VECTOR('',#4513,1.);
#4513 = DIRECTION('',(0.,0.,1.));
#4514 = ORIENTED_EDGE('',*,*,#4515,.T.);
#4515 = EDGE_CURVE('',#4506,#4516,#4518,.T.);
#4516 = VERTEX_POINT('',#4517);
#4517 = CARTESIAN_POINT('',(2.3,-0.95,0.1));
#4518 = LINE('',#4519,#4520);
#4519 = CARTESIAN_POINT('',(2.3,-1.45,0.1));
#4520 = VECTOR('',#4521,1.);
#4521 = DIRECTION('',(0.,1.,0.));
#4522 = ORIENTED_EDGE('',*,*,#4523,.T.);
#4523 = EDGE_CURVE('',#4516,#4524,#4526,.T.);
#4524 = VERTEX_POINT('',#4525);
#4525 = CARTESIAN_POINT('',(2.3,-0.95,0.17));
#4526 = LINE('',#4527,#4528);
#4527 = CARTESIAN_POINT('',(2.3,-0.95,0.1));
#4528 = VECTOR('',#4529,1.);
#4529 = DIRECTION('',(0.,0.,1.));
#4530 = ORIENTED_EDGE('',*,*,#4531,.F.);
#4531 = EDGE_CURVE('',#4508,#4524,#4532,.T.);
#4532 = LINE('',#4533,#4534);
#4533 = CARTESIAN_POINT('',(2.3,-1.45,0.17));
#4534 = VECTOR('',#4535,1.);
#4535 = DIRECTION('',(0.,1.,0.));
#4536 = PLANE('',#4537);
#4537 = AXIS2_PLACEMENT_3D('',#4538,#4539,#4540);
#4538 = CARTESIAN_POINT('',(2.3,-1.45,0.1));
#4539 = DIRECTION('',(1.,0.,0.));
#4540 = DIRECTION('',(0.,0.,1.));
#4541 = ADVANCED_FACE('',(#4542),#4576,.T.);
#4542 = FACE_BOUND('',#4543,.T.);
#4543 = EDGE_LOOP('',(#4544,#4554,#4562,#4570));
#4544 = ORIENTED_EDGE('',*,*,#4545,.F.);
#4545 = EDGE_CURVE('',#4546,#4548,#4550,.T.);
#4546 = VERTEX_POINT('',#4547);
#4547 = CARTESIAN_POINT('',(2.5,-1.45,0.1));
#4548 = VERTEX_POINT('',#4549);
#4549 = CARTESIAN_POINT('',(2.5,-1.45,0.17));
#4550 = LINE('',#4551,#4552);
#4551 = CARTESIAN_POINT('',(2.5,-1.45,0.1));
#4552 = VECTOR('',#4553,1.);
#4553 = DIRECTION('',(0.,0.,1.));
#4554 = ORIENTED_EDGE('',*,*,#4555,.T.);
#4555 = EDGE_CURVE('',#4546,#4556,#4558,.T.);
#4556 = VERTEX_POINT('',#4557);
#4557 = CARTESIAN_POINT('',(2.5,-0.95,0.1));
#4558 = LINE('',#4559,#4560);
#4559 = CARTESIAN_POINT('',(2.5,-1.45,0.1));
#4560 = VECTOR('',#4561,1.);
#4561 = DIRECTION('',(0.,1.,0.));
#4562 = ORIENTED_EDGE('',*,*,#4563,.T.);
#4563 = EDGE_CURVE('',#4556,#4564,#4566,.T.);
#4564 = VERTEX_POINT('',#4565);
#4565 = CARTESIAN_POINT('',(2.5,-0.95,0.17));
#4566 = LINE('',#4567,#4568);
#4567 = CARTESIAN_POINT('',(2.5,-0.95,0.1));
#4568 = VECTOR('',#4569,1.);
#4569 = DIRECTION('',(0.,0.,1.));
#4570 = ORIENTED_EDGE('',*,*,#4571,.F.);
#4571 = EDGE_CURVE('',#4548,#4564,#4572,.T.);
#4572 = LINE('',#4573,#4574);
#4573 = CARTESIAN_POINT('',(2.5,-1.45,0.17));
#4574 = VECTOR('',#4575,1.);
#4575 = DIRECTION('',(0.,1.,0.));
#4576 = PLANE('',#4577);
#4577 = AXIS2_PLACEMENT_3D('',#4578,#4579,#4580);
#4578 = CARTESIAN_POINT('',(2.5,-1.45,0.1));
#4579 = DIRECTION('',(1.,0.,0.));
#4580 = DIRECTION('',(0.,0.,1.));
#4581 = ADVANCED_FACE('',(#4582),#4598,.F.);
#4582 = FACE_BOUND('',#4583,.F.);
#4583 = EDGE_LOOP('',(#4584,#4590,#4591,#4597));
#4584 = ORIENTED_EDGE('',*,*,#4585,.F.);
#4585 = EDGE_CURVE('',#4506,#4546,#4586,.T.);
#4586 = LINE('',#4587,#4588);
#4587 = CARTESIAN_POINT('',(2.3,-1.45,0.1));
#4588 = VECTOR('',#4589,1.);
#4589 = DIRECTION('',(1.,0.,0.));
#4590 = ORIENTED_EDGE('',*,*,#4505,.T.);
#4591 = ORIENTED_EDGE('',*,*,#4592,.T.);
#4592 = EDGE_CURVE('',#4508,#4548,#4593,.T.);
#4593 = LINE('',#4594,#4595);
#4594 = CARTESIAN_POINT('',(2.3,-1.45,0.17));
#4595 = VECTOR('',#4596,1.);
#4596 = DIRECTION('',(1.,0.,0.));
#4597 = ORIENTED_EDGE('',*,*,#4545,.F.);
#4598 = PLANE('',#4599);
#4599 = AXIS2_PLACEMENT_3D('',#4600,#4601,#4602);
#4600 = CARTESIAN_POINT('',(2.3,-1.45,0.1));
#4601 = DIRECTION('',(0.,1.,0.));
#4602 = DIRECTION('',(0.,-0.,1.));
#4603 = ADVANCED_FACE('',(#4604),#4620,.T.);
#4604 = FACE_BOUND('',#4605,.T.);
#4605 = EDGE_LOOP('',(#4606,#4612,#4613,#4619));
#4606 = ORIENTED_EDGE('',*,*,#4607,.F.);
#4607 = EDGE_CURVE('',#4516,#4556,#4608,.T.);
#4608 = LINE('',#4609,#4610);
#4609 = CARTESIAN_POINT('',(2.3,-0.95,0.1));
#4610 = VECTOR('',#4611,1.);
#4611 = DIRECTION('',(1.,0.,0.));
#4612 = ORIENTED_EDGE('',*,*,#4523,.T.);
#4613 = ORIENTED_EDGE('',*,*,#4614,.T.);
#4614 = EDGE_CURVE('',#4524,#4564,#4615,.T.);
#4615 = LINE('',#4616,#4617);
#4616 = CARTESIAN_POINT('',(2.3,-0.95,0.17));
#4617 = VECTOR('',#4618,1.);
#4618 = DIRECTION('',(1.,0.,0.));
#4619 = ORIENTED_EDGE('',*,*,#4563,.F.);
#4620 = PLANE('',#4621);
#4621 = AXIS2_PLACEMENT_3D('',#4622,#4623,#4624);
#4622 = CARTESIAN_POINT('',(2.3,-0.95,0.1));
#4623 = DIRECTION('',(0.,1.,0.));
#4624 = DIRECTION('',(0.,-0.,1.));
#4625 = ADVANCED_FACE('',(#4626),#4632,.F.);
#4626 = FACE_BOUND('',#4627,.F.);
#4627 = EDGE_LOOP('',(#4628,#4629,#4630,#4631));
#4628 = ORIENTED_EDGE('',*,*,#4515,.F.);
#4629 = ORIENTED_EDGE('',*,*,#4585,.T.);
#4630 = ORIENTED_EDGE('',*,*,#4555,.T.);
#4631 = ORIENTED_EDGE('',*,*,#4607,.F.);
#4632 = PLANE('',#4633);
#4633 = AXIS2_PLACEMENT_3D('',#4634,#4635,#4636);
#4634 = CARTESIAN_POINT('',(2.3,-1.45,0.1));
#4635 = DIRECTION('',(0.,0.,1.));
#4636 = DIRECTION('',(1.,0.,-0.));
#4637 = ADVANCED_FACE('',(#4638),#4644,.T.);
#4638 = FACE_BOUND('',#4639,.T.);
#4639 = EDGE_LOOP('',(#4640,#4641,#4642,#4643));
#4640 = ORIENTED_EDGE('',*,*,#4531,.F.);
#4641 = ORIENTED_EDGE('',*,*,#4592,.T.);
#4642 = ORIENTED_EDGE('',*,*,#4571,.T.);
#4643 = ORIENTED_EDGE('',*,*,#4614,.F.);
#4644 = PLANE('',#4645);
#4645 = AXIS2_PLACEMENT_3D('',#4646,#4647,#4648);
#4646 = CARTESIAN_POINT('',(2.3,-1.45,0.17));
#4647 = DIRECTION('',(0.,0.,1.));
#4648 = DIRECTION('',(1.,0.,-0.));
#4649 = ( GEOMETRIC_REPRESENTATION_CONTEXT(3) 
GLOBAL_UNCERTAINTY_ASSIGNED_CONTEXT((#4653)) 
GLOBAL_UNIT_ASSIGNED_CONTEXT((#4650,#4651,#4652)) REPRESENTATION_CONTEXT
('Context #1','3D Context with UNIT and UNCERTAINTY') );
#4650 = ( LENGTH_UNIT() NAMED_UNIT(*) SI_UNIT(.MILLI.,.METRE.) );
#4651 = ( NAMED_UNIT(*) PLANE_ANGLE_UNIT() SI_UNIT($,.RADIAN.) );
#4652 = ( NAMED_UNIT(*) SI_UNIT($,.STERADIAN.) SOLID_ANGLE_UNIT() );
#4653 = UNCERTAINTY_MEASURE_WITH_UNIT(LENGTH_MEASURE(1.E-07),#4650,
  'distance_accuracy_value','confusion accuracy');
#4654 = CONTEXT_DEPENDENT_SHAPE_REPRESENTATION(#4655,#4657);
#4655 = ( REPRESENTATION_RELATIONSHIP('','',#4498,#2162) 
REPRESENTATION_RELATIONSHIP_WITH_TRANSFORMATION(#4656) 
SHAPE_REPRESENTATION_RELATIONSHIP() );
#4656 = ITEM_DEFINED_TRANSFORMATION('','',#11,#2215);
#4657 = PRODUCT_DEFINITION_SHAPE('Placement','Placement of an item',
  #4658);
#4658 = NEXT_ASSEMBLY_USAGE_OCCURRENCE('20','15','',#2157,#4493,$);
#4659 = PRODUCT_RELATED_PRODUCT_CATEGORY('part',$,(#4495));
#4660 = SHAPE_DEFINITION_REPRESENTATION(#4661,#4667);
#4661 = PRODUCT_DEFINITION_SHAPE('','',#4662);
#4662 = PRODUCT_DEFINITION('design','',#4663,#4666);
#4663 = PRODUCT_DEFINITION_FORMATION('','',#4664);
#4664 = PRODUCT('Open CASCADE STEP translator 7.9 1.2.15',
  'Open CASCADE STEP translator 7.9 1.2.15','',(#4665));
#4665 = PRODUCT_CONTEXT('',#2,'mechanical');
#4666 = PRODUCT_DEFINITION_CONTEXT('part definition',#2,'design');
#4667 = ADVANCED_BREP_SHAPE_REPRESENTATION('',(#11,#4668),#4818);
#4668 = MANIFOLD_SOLID_BREP('',#4669);
#4669 = CLOSED_SHELL('',(#4670,#4710,#4750,#4772,#4794,#4806));
#4670 = ADVANCED_FACE('',(#4671),#4705,.F.);
#4671 = FACE_BOUND('',#4672,.F.);
#4672 = EDGE_LOOP('',(#4673,#4683,#4691,#4699));
#4673 = ORIENTED_EDGE('',*,*,#4674,.F.);
#4674 = EDGE_CURVE('',#4675,#4677,#4679,.T.);
#4675 = VERTEX_POINT('',#4676);
#4676 = CARTESIAN_POINT('',(2.7,-1.45,0.1));
#4677 = VERTEX_POINT('',#4678);
#4678 = CARTESIAN_POINT('',(2.7,-1.45,0.17));
#4679 = LINE('',#4680,#4681);
#4680 = CARTESIAN_POINT('',(2.7,-1.45,0.1));
#4681 = VECTOR('',#4682,1.);
#4682 = DIRECTION('',(0.,0.,1.));
#4683 = ORIENTED_EDGE('',*,*,#4684,.T.);
#4684 = EDGE_CURVE('',#4675,#4685,#4687,.T.);
#4685 = VERTEX_POINT('',#4686);
#4686 = CARTESIAN_POINT('',(2.7,-0.95,0.1));
#4687 = LINE('',#4688,#4689);
#4688 = CARTESIAN_POINT('',(2.7,-1.45,0.1));
#4689 = VECTOR('',#4690,1.);
#4690 = DIRECTION('',(0.,1.,0.));
#4691 = ORIENTED_EDGE('',*,*,#4692,.T.);
#4692 = EDGE_CURVE('',#4685,#4693,#4695,.T.);
#4693 = VERTEX_POINT('',#4694);
#4694 = CARTESIAN_POINT('',(2.7,-0.95,0.17));
#4695 = LINE('',#4696,#4697);
#4696 = CARTESIAN_POINT('',(2.7,-0.95,0.1));
#4697 = VECTOR('',#4698,1.);
#4698 = DIRECTION('',(0.,0.,1.));
#4699 = ORIENTED_EDGE('',*,*,#4700,.F.);
#4700 = EDGE_CURVE('',#4677,#4693,#4701,.T.);
#4701 = LINE('',#4702,#4703);
#4702 = CARTESIAN_POINT('',(2.7,-1.45,0.17));
#4703 = VECTOR('',#4704,1.);
#4704 = DIRECTION('',(0.,1.,0.));
#4705 = PLANE('',#4706);
#4706 = AXIS2_PLACEMENT_3D('',#4707,#4708,#4709);
#4707 = CARTESIAN_POINT('',(2.7,-1.45,0.1));
#4708 = DIRECTION('',(1.,0.,0.));
#4709 = DIRECTION('',(0.,0.,1.));
#4710 = ADVANCED_FACE('',(#4711),#4745,.T.);
#4711 = FACE_BOUND('',#4712,.T.);
#4712 = EDGE_LOOP('',(#4713,#4723,#4731,#4739));
#4713 = ORIENTED_EDGE('',*,*,#4714,.F.);
#4714 = EDGE_CURVE('',#4715,#4717,#4719,.T.);
#4715 = VERTEX_POINT('',#4716);
#4716 = CARTESIAN_POINT('',(2.9,-1.45,0.1));
#4717 = VERTEX_POINT('',#4718);
#4718 = CARTESIAN_POINT('',(2.9,-1.45,0.17));
#4719 = LINE('',#4720,#4721);
#4720 = CARTESIAN_POINT('',(2.9,-1.45,0.1));
#4721 = VECTOR('',#4722,1.);
#4722 = DIRECTION('',(0.,0.,1.));
#4723 = ORIENTED_EDGE('',*,*,#4724,.T.);
#4724 = EDGE_CURVE('',#4715,#4725,#4727,.T.);
#4725 = VERTEX_POINT('',#4726);
#4726 = CARTESIAN_POINT('',(2.9,-0.95,0.1));
#4727 = LINE('',#4728,#4729);
#4728 = CARTESIAN_POINT('',(2.9,-1.45,0.1));
#4729 = VECTOR('',#4730,1.);
#4730 = DIRECTION('',(0.,1.,0.));
#4731 = ORIENTED_EDGE('',*,*,#4732,.T.);
#4732 = EDGE_CURVE('',#4725,#4733,#4735,.T.);
#4733 = VERTEX_POINT('',#4734);
#4734 = CARTESIAN_POINT('',(2.9,-0.95,0.17));
#4735 = LINE('',#4736,#4737);
#4736 = CARTESIAN_POINT('',(2.9,-0.95,0.1));
#4737 = VECTOR('',#4738,1.);
#4738 = DIRECTION('',(0.,0.,1.));
#4739 = ORIENTED_EDGE('',*,*,#4740,.F.);
#4740 = EDGE_CURVE('',#4717,#4733,#4741,.T.);
#4741 = LINE('',#4742,#4743);
#4742 = CARTESIAN_POINT('',(2.9,-1.45,0.17));
#4743 = VECTOR('',#4744,1.);
#4744 = DIRECTION('',(0.,1.,0.));
#4745 = PLANE('',#4746);
#4746 = AXIS2_PLACEMENT_3D('',#4747,#4748,#4749);
#4747 = CARTESIAN_POINT('',(2.9,-1.45,0.1));
#4748 = DIRECTION('',(1.,0.,0.));
#4749 = DIRECTION('',(0.,0.,1.));
#4750 = ADVANCED_FACE('',(#4751),#4767,.F.);
#4751 = FACE_BOUND('',#4752,.F.);
#4752 = EDGE_LOOP('',(#4753,#4759,#4760,#4766));
#4753 = ORIENTED_EDGE('',*,*,#4754,.F.);
#4754 = EDGE_CURVE('',#4675,#4715,#4755,.T.);
#4755 = LINE('',#4756,#4757);
#4756 = CARTESIAN_POINT('',(2.7,-1.45,0.1));
#4757 = VECTOR('',#4758,1.);
#4758 = DIRECTION('',(1.,0.,0.));
#4759 = ORIENTED_EDGE('',*,*,#4674,.T.);
#4760 = ORIENTED_EDGE('',*,*,#4761,.T.);
#4761 = EDGE_CURVE('',#4677,#4717,#4762,.T.);
#4762 = LINE('',#4763,#4764);
#4763 = CARTESIAN_POINT('',(2.7,-1.45,0.17));
#4764 = VECTOR('',#4765,1.);
#4765 = DIRECTION('',(1.,0.,0.));
#4766 = ORIENTED_EDGE('',*,*,#4714,.F.);
#4767 = PLANE('',#4768);
#4768 = AXIS2_PLACEMENT_3D('',#4769,#4770,#4771);
#4769 = CARTESIAN_POINT('',(2.7,-1.45,0.1));
#4770 = DIRECTION('',(0.,1.,0.));
#4771 = DIRECTION('',(0.,-0.,1.));
#4772 = ADVANCED_FACE('',(#4773),#4789,.T.);
#4773 = FACE_BOUND('',#4774,.T.);
#4774 = EDGE_LOOP('',(#4775,#4781,#4782,#4788));
#4775 = ORIENTED_EDGE('',*,*,#4776,.F.);
#4776 = EDGE_CURVE('',#4685,#4725,#4777,.T.);
#4777 = LINE('',#4778,#4779);
#4778 = CARTESIAN_POINT('',(2.7,-0.95,0.1));
#4779 = VECTOR('',#4780,1.);
#4780 = DIRECTION('',(1.,0.,0.));
#4781 = ORIENTED_EDGE('',*,*,#4692,.T.);
#4782 = ORIENTED_EDGE('',*,*,#4783,.T.);
#4783 = EDGE_CURVE('',#4693,#4733,#4784,.T.);
#4784 = LINE('',#4785,#4786);
#4785 = CARTESIAN_POINT('',(2.7,-0.95,0.17));
#4786 = VECTOR('',#4787,1.);
#4787 = DIRECTION('',(1.,0.,0.));
#4788 = ORIENTED_EDGE('',*,*,#4732,.F.);
#4789 = PLANE('',#4790);
#4790 = AXIS2_PLACEMENT_3D('',#4791,#4792,#4793);
#4791 = CARTESIAN_POINT('',(2.7,-0.95,0.1));
#4792 = DIRECTION('',(0.,1.,0.));
#4793 = DIRECTION('',(0.,-0.,1.));
#4794 = ADVANCED_FACE('',(#4795),#4801,.F.);
#4795 = FACE_BOUND('',#4796,.F.);
#4796 = EDGE_LOOP('',(#4797,#4798,#4799,#4800));
#4797 = ORIENTED_EDGE('',*,*,#4684,.F.);
#4798 = ORIENTED_EDGE('',*,*,#4754,.T.);
#4799 = ORIENTED_EDGE('',*,*,#4724,.T.);
#4800 = ORIENTED_EDGE('',*,*,#4776,.F.);
#4801 = PLANE('',#4802);
#4802 = AXIS2_PLACEMENT_3D('',#4803,#4804,#4805);
#4803 = CARTESIAN_POINT('',(2.7,-1.45,0.1));
#4804 = DIRECTION('',(0.,0.,1.));
#4805 = DIRECTION('',(1.,0.,-0.));
#4806 = ADVANCED_FACE('',(#4807),#4813,.T.);
#4807 = FACE_BOUND('',#4808,.T.);
#4808 = EDGE_LOOP('',(#4809,#4810,#4811,#4812));
#4809 = ORIENTED_EDGE('',*,*,#4700,.F.);
#4810 = ORIENTED_EDGE('',*,*,#4761,.T.);
#4811 = ORIENTED_EDGE('',*,*,#4740,.T.);
#4812 = ORIENTED_EDGE('',*,*,#4783,.F.);
#4813 = PLANE('',#4814);
#4814 = AXIS2_PLACEMENT_3D('',#4815,#4816,#4817);
#4815 = CARTESIAN_POINT('',(2.7,-1.45,0.17));
#4816 = DIRECTION('',(0.,0.,1.));
#4817 = DIRECTION('',(1.,0.,-0.));
#4818 = ( GEOMETRIC_REPRESENTATION_CONTEXT(3) 
GLOBAL_UNCERTAINTY_ASSIGNED_CONTEXT((#4822)) 
GLOBAL_UNIT_ASSIGNED_CONTEXT((#4819,#4820,#4821)) REPRESENTATION_CONTEXT
('Context #1','3D Context with UNIT and UNCERTAINTY') );
#4819 = ( LENGTH_UNIT() NAMED_UNIT(*) SI_UNIT(.MILLI.,.METRE.) );
#4820 = ( NAMED_UNIT(*) PLANE_ANGLE_UNIT() SI_UNIT($,.RADIAN.) );
#4821 = ( NAMED_UNIT(*) SI_UNIT($,.STERADIAN.) SOLID_ANGLE_UNIT() );
#4822 = UNCERTAINTY_MEASURE_WITH_UNIT(LENGTH_MEASURE(1.E-07),#4819,
  'distance_accuracy_value','confusion accuracy');
#4823 = CONTEXT_DEPENDENT_SHAPE_REPRESENTATION(#4824,#4826);
#4824 = ( REPRESENTATION_RELATIONSHIP('','',#4667,#2162) 
REPRESENTATION_RELATIONSHIP_WITH_TRANSFORMATION(#4825) 
SHAPE_REPRESENTATION_RELATIONSHIP() );
#4825 = ITEM_DEFINED_TRANSFORMATION('','',#11,#2219);
#4826 = PRODUCT_DEFINITION_SHAPE('Placement','Placement of an item',
  #4827);
#4827 = NEXT_ASSEMBLY_USAGE_OCCURRENCE('21','16','',#2157,#4662,$);
#4828 = PRODUCT_RELATED_PRODUCT_CATEGORY('part',$,(#4664));
#4829 = SHAPE_DEFINITION_REPRESENTATION(#4830,#4836);
#4830 = PRODUCT_DEFINITION_SHAPE('','',#4831);
#4831 = PRODUCT_DEFINITION('design','',#4832,#4835);
#4832 = PRODUCT_DEFINITION_FORMATION('','',#4833);
#4833 = PRODUCT('Open CASCADE STEP translator 7.9 1.2.16',
  'Open CASCADE STEP translator 7.9 1.2.16','',(#4834));
#4834 = PRODUCT_CONTEXT('',#2,'mechanical');
#4835 = PRODUCT_DEFINITION_CONTEXT('part definition',#2,'design');
#4836 = ADVANCED_BREP_SHAPE_REPRESENTATION('',(#11,#4837),#4987);
#4837 = MANIFOLD_SOLID_BREP('',#4838);
#4838 = CLOSED_SHELL('',(#4839,#4879,#4919,#4941,#4963,#4975));
#4839 = ADVANCED_FACE('',(#4840),#4874,.F.);
#4840 = FACE_BOUND('',#4841,.F.);
#4841 = EDGE_LOOP('',(#4842,#4852,#4860,#4868));
#4842 = ORIENTED_EDGE('',*,*,#4843,.F.);
#4843 = EDGE_CURVE('',#4844,#4846,#4848,.T.);
#4844 = VERTEX_POINT('',#4845);
#4845 = CARTESIAN_POINT('',(-2.9,0.95,0.1));
#4846 = VERTEX_POINT('',#4847);
#4847 = CARTESIAN_POINT('',(-2.9,0.95,0.17));
#4848 = LINE('',#4849,#4850);
#4849 = CARTESIAN_POINT('',(-2.9,0.95,0.1));
#4850 = VECTOR('',#4851,1.);
#4851 = DIRECTION('',(0.,0.,1.));
#4852 = ORIENTED_EDGE('',*,*,#4853,.T.);
#4853 = EDGE_CURVE('',#4844,#4854,#4856,.T.);
#4854 = VERTEX_POINT('',#4855);
#4855 = CARTESIAN_POINT('',(-2.9,1.45,0.1));
#4856 = LINE('',#4857,#4858);
#4857 = CARTESIAN_POINT('',(-2.9,0.95,0.1));
#4858 = VECTOR('',#4859,1.);
#4859 = DIRECTION('',(0.,1.,0.));
#4860 = ORIENTED_EDGE('',*,*,#4861,.T.);
#4861 = EDGE_CURVE('',#4854,#4862,#4864,.T.);
#4862 = VERTEX_POINT('',#4863);
#4863 = CARTESIAN_POINT('',(-2.9,1.45,0.17));
#4864 = LINE('',#4865,#4866);
#4865 = CARTESIAN_POINT('',(-2.9,1.45,0.1));
#4866 = VECTOR('',#4867,1.);
#4867 = DIRECTION('',(0.,0.,1.));
#4868 = ORIENTED_EDGE('',*,*,#4869,.F.);
#4869 = EDGE_CURVE('',#4846,#4862,#4870,.T.);
#4870 = LINE('',#4871,#4872);
#4871 = CARTESIAN_POINT('',(-2.9,0.95,0.17));
#4872 = VECTOR('',#4873,1.);
#4873 = DIRECTION('',(0.,1.,0.));
#4874 = PLANE('',#4875);
#4875 = AXIS2_PLACEMENT_3D('',#4876,#4877,#4878);
#4876 = CARTESIAN_POINT('',(-2.9,0.95,0.1));
#4877 = DIRECTION('',(1.,0.,0.));
#4878 = DIRECTION('',(0.,0.,1.));
#4879 = ADVANCED_FACE('',(#4880),#4914,.T.);
#4880 = FACE_BOUND('',#4881,.T.);
#4881 = EDGE_LOOP('',(#4882,#4892,#4900,#4908));
#4882 = ORIENTED_EDGE('',*,*,#4883,.F.);
#4883 = EDGE_CURVE('',#4884,#4886,#4888,.T.);
#4884 = VERTEX_POINT('',#4885);
#4885 = CARTESIAN_POINT('',(-2.7,0.95,0.1));
#4886 = VERTEX_POINT('',#4887);
#4887 = CARTESIAN_POINT('',(-2.7,0.95,0.17));
#4888 = LINE('',#4889,#4890);
#4889 = CARTESIAN_POINT('',(-2.7,0.95,0.1));
#4890 = VECTOR('',#4891,1.);
#4891 = DIRECTION('',(0.,0.,1.));
#4892 = ORIENTED_EDGE('',*,*,#4893,.T.);
#4893 = EDGE_CURVE('',#4884,#4894,#4896,.T.);
#4894 = VERTEX_POINT('',#4895);
#4895 = CARTESIAN_POINT('',(-2.7,1.45,0.1));
#4896 = LINE('',#4897,#4898);
#4897 = CARTESIAN_POINT('',(-2.7,0.95,0.1));
#4898 = VECTOR('',#4899,1.);
#4899 = DIRECTION('',(0.,1.,0.));
#4900 = ORIENTED_EDGE('',*,*,#4901,.T.);
#4901 = EDGE_CURVE('',#4894,#4902,#4904,.T.);
#4902 = VERTEX_POINT('',#4903);
#4903 = CARTESIAN_POINT('',(-2.7,1.45,0.17));
#4904 = LINE('',#4905,#4906);
#4905 = CARTESIAN_POINT('',(-2.7,1.45,0.1));
#4906 = VECTOR('',#4907,1.);
#4907 = DIRECTION('',(0.,0.,1.));
#4908 = ORIENTED_EDGE('',*,*,#4909,.F.);
#4909 = EDGE_CURVE('',#4886,#4902,#4910,.T.);
#4910 = LINE('',#4911,#4912);
#4911 = CARTESIAN_POINT('',(-2.7,0.95,0.17));
#4912 = VECTOR('',#4913,1.);
#4913 = DIRECTION('',(0.,1.,0.));
#4914 = PLANE('',#4915);
#4915 = AXIS2_PLACEMENT_3D('',#4916,#4917,#4918);
#4916 = CARTESIAN_POINT('',(-2.7,0.95,0.1));
#4917 = DIRECTION('',(1.,0.,0.));
#4918 = DIRECTION('',(0.,0.,1.));
#4919 = ADVANCED_FACE('',(#4920),#4936,.F.);
#4920 = FACE_BOUND('',#4921,.F.);
#4921 = EDGE_LOOP('',(#4922,#4928,#4929,#4935));
#4922 = ORIENTED_EDGE('',*,*,#4923,.F.);
#4923 = EDGE_CURVE('',#4844,#4884,#4924,.T.);
#4924 = LINE('',#4925,#4926);
#4925 = CARTESIAN_POINT('',(-2.9,0.95,0.1));
#4926 = VECTOR('',#4927,1.);
#4927 = DIRECTION('',(1.,0.,0.));
#4928 = ORIENTED_EDGE('',*,*,#4843,.T.);
#4929 = ORIENTED_EDGE('',*,*,#4930,.T.);
#4930 = EDGE_CURVE('',#4846,#4886,#4931,.T.);
#4931 = LINE('',#4932,#4933);
#4932 = CARTESIAN_POINT('',(-2.9,0.95,0.17));
#4933 = VECTOR('',#4934,1.);
#4934 = DIRECTION('',(1.,0.,0.));
#4935 = ORIENTED_EDGE('',*,*,#4883,.F.);
#4936 = PLANE('',#4937);
#4937 = AXIS2_PLACEMENT_3D('',#4938,#4939,#4940);
#4938 = CARTESIAN_POINT('',(-2.9,0.95,0.1));
#4939 = DIRECTION('',(0.,1.,0.));
#4940 = DIRECTION('',(0.,-0.,1.));
#4941 = ADVANCED_FACE('',(#4942),#4958,.T.);
#4942 = FACE_BOUND('',#4943,.T.);
#4943 = EDGE_LOOP('',(#4944,#4950,#4951,#4957));
#4944 = ORIENTED_EDGE('',*,*,#4945,.F.);
#4945 = EDGE_CURVE('',#4854,#4894,#4946,.T.);
#4946 = LINE('',#4947,#4948);
#4947 = CARTESIAN_POINT('',(-2.9,1.45,0.1));
#4948 = VECTOR('',#4949,1.);
#4949 = DIRECTION('',(1.,0.,0.));
#4950 = ORIENTED_EDGE('',*,*,#4861,.T.);
#4951 = ORIENTED_EDGE('',*,*,#4952,.T.);
#4952 = EDGE_CURVE('',#4862,#4902,#4953,.T.);
#4953 = LINE('',#4954,#4955);
#4954 = CARTESIAN_POINT('',(-2.9,1.45,0.17));
#4955 = VECTOR('',#4956,1.);
#4956 = DIRECTION('',(1.,0.,0.));
#4957 = ORIENTED_EDGE('',*,*,#4901,.F.);
#4958 = PLANE('',#4959);
#4959 = AXIS2_PLACEMENT_3D('',#4960,#4961,#4962);
#4960 = CARTESIAN_POINT('',(-2.9,1.45,0.1));
#4961 = DIRECTION('',(0.,1.,0.));
#4962 = DIRECTION('',(0.,-0.,1.));
#4963 = ADVANCED_FACE('',(#4964),#4970,.F.);
#4964 = FACE_BOUND('',#4965,.F.);
#4965 = EDGE_LOOP('',(#4966,#4967,#4968,#4969));
#4966 = ORIENTED_EDGE('',*,*,#4853,.F.);
#4967 = ORIENTED_EDGE('',*,*,#4923,.T.);
#4968 = ORIENTED_EDGE('',*,*,#4893,.T.);
#4969 = ORIENTED_EDGE('',*,*,#4945,.F.);
#4970 = PLANE('',#4971);
#4971 = AXIS2_PLACEMENT_3D('',#4972,#4973,#4974);
#4972 = CARTESIAN_POINT('',(-2.9,0.95,0.1));
#4973 = DIRECTION('',(0.,0.,1.));
#4974 = DIRECTION('',(1.,0.,-0.));
#4975 = ADVANCED_FACE('',(#4976),#4982,.T.);
#4976 = FACE_BOUND('',#4977,.T.);
#4977 = EDGE_LOOP('',(#4978,#4979,#4980,#4981));
#4978 = ORIENTED_EDGE('',*,*,#4869,.F.);
#4979 = ORIENTED_EDGE('',*,*,#4930,.T.);
#4980 = ORIENTED_EDGE('',*,*,#4909,.T.);
#4981 = ORIENTED_EDGE('',*,*,#4952,.F.);
#4982 = PLANE('',#4983);
#4983 = AXIS2_PLACEMENT_3D('',#4984,#4985,#4986);
#4984 = CARTESIAN_POINT('',(-2.9,0.95,0.17));
#4985 = DIRECTION('',(0.,0.,1.));
#4986 = DIRECTION('',(1.,0.,-0.));
#4987 = ( GEOMETRIC_REPRESENTATION_CONTEXT(3) 
GLOBAL_UNCERTAINTY_ASSIGNED_CONTEXT((#4991)) 
GLOBAL_UNIT_ASSIGNED_CONTEXT((#4988,#4989,#4990)) REPRESENTATION_CONTEXT
('Context #1','3D Context with UNIT and UNCERTAINTY') );
#4988 = ( LENGTH_UNIT() NAMED_UNIT(*) SI_UNIT(.MILLI.,.METRE.) );
#4989 = ( NAMED_UNIT(*) PLANE_ANGLE_UNIT() SI_UNIT($,.RADIAN.) );
#4990 = ( NAMED_UNIT(*) SI_UNIT($,.STERADIAN.) SOLID_ANGLE_UNIT() );
#4991 = UNCERTAINTY_MEASURE_WITH_UNIT(LENGTH_MEASURE(1.E-07),#4988,
  'distance_accuracy_value','confusion accuracy');
#4992 = CONTEXT_DEPENDENT_SHAPE_REPRESENTATION(#4993,#4995);
#4993 = ( REPRESENTATION_RELATIONSHIP('','',#4836,#2162) 
REPRESENTATION_RELATIONSHIP_WITH_TRANSFORMATION(#4994) 
SHAPE_REPRESENTATION_RELATIONSHIP() );
#4994 = ITEM_DEFINED_TRANSFORMATION('','',#11,#2223);
#4995 = PRODUCT_DEFINITION_SHAPE('Placement','Placement of an item',
  #4996);
#4996 = NEXT_ASSEMBLY_USAGE_OCCURRENCE('22','17','',#2157,#4831,$);
#4997 = PRODUCT_RELATED_PRODUCT_CATEGORY('part',$,(#4833));
#4998 = SHAPE_DEFINITION_REPRESENTATION(#4999,#5005);
#4999 = PRODUCT_DEFINITION_SHAPE('','',#5000);
#5000 = PRODUCT_DEFINITION('design','',#5001,#5004);
#5001 = PRODUCT_DEFINITION_FORMATION('','',#5002);
#5002 = PRODUCT('Open CASCADE STEP translator 7.9 1.2.17',
  'Open CASCADE STEP translator 7.9 1.2.17','',(#5003));
#5003 = PRODUCT_CONTEXT('',#2,'mechanical');
#5004 = PRODUCT_DEFINITION_CONTEXT('part definition',#2,'design');
#5005 = ADVANCED_BREP_SHAPE_REPRESENTATION('',(#11,#5006),#5156);
#5006 = MANIFOLD_SOLID_BREP('',#5007);
#5007 = CLOSED_SHELL('',(#5008,#5048,#5088,#5110,#5132,#5144));
#5008 = ADVANCED_FACE('',(#5009),#5043,.F.);
#5009 = FACE_BOUND('',#5010,.F.);
#5010 = EDGE_LOOP('',(#5011,#5021,#5029,#5037));
#5011 = ORIENTED_EDGE('',*,*,#5012,.F.);
#5012 = EDGE_CURVE('',#5013,#5015,#5017,.T.);
#5013 = VERTEX_POINT('',#5014);
#5014 = CARTESIAN_POINT('',(-2.5,0.95,0.1));
#5015 = VERTEX_POINT('',#5016);
#5016 = CARTESIAN_POINT('',(-2.5,0.95,0.17));
#5017 = LINE('',#5018,#5019);
#5018 = CARTESIAN_POINT('',(-2.5,0.95,0.1));
#5019 = VECTOR('',#5020,1.);
#5020 = DIRECTION('',(0.,0.,1.));
#5021 = ORIENTED_EDGE('',*,*,#5022,.T.);
#5022 = EDGE_CURVE('',#5013,#5023,#5025,.T.);
#5023 = VERTEX_POINT('',#5024);
#5024 = CARTESIAN_POINT('',(-2.5,1.45,0.1));
#5025 = LINE('',#5026,#5027);
#5026 = CARTESIAN_POINT('',(-2.5,0.95,0.1));
#5027 = VECTOR('',#5028,1.);
#5028 = DIRECTION('',(0.,1.,0.));
#5029 = ORIENTED_EDGE('',*,*,#5030,.T.);
#5030 = EDGE_CURVE('',#5023,#5031,#5033,.T.);
#5031 = VERTEX_POINT('',#5032);
#5032 = CARTESIAN_POINT('',(-2.5,1.45,0.17));
#5033 = LINE('',#5034,#5035);
#5034 = CARTESIAN_POINT('',(-2.5,1.45,0.1));
#5035 = VECTOR('',#5036,1.);
#5036 = DIRECTION('',(0.,0.,1.));
#5037 = ORIENTED_EDGE('',*,*,#5038,.F.);
#5038 = EDGE_CURVE('',#5015,#5031,#5039,.T.);
#5039 = LINE('',#5040,#5041);
#5040 = CARTESIAN_POINT('',(-2.5,0.95,0.17));
#5041 = VECTOR('',#5042,1.);
#5042 = DIRECTION('',(0.,1.,0.));
#5043 = PLANE('',#5044);
#5044 = AXIS2_PLACEMENT_3D('',#5045,#5046,#5047);
#5045 = CARTESIAN_POINT('',(-2.5,0.95,0.1));
#5046 = DIRECTION('',(1.,0.,0.));
#5047 = DIRECTION('',(0.,0.,1.));
#5048 = ADVANCED_FACE('',(#5049),#5083,.T.);
#5049 = FACE_BOUND('',#5050,.T.);
#5050 = EDGE_LOOP('',(#5051,#5061,#5069,#5077));
#5051 = ORIENTED_EDGE('',*,*,#5052,.F.);
#5052 = EDGE_CURVE('',#5053,#5055,#5057,.T.);
#5053 = VERTEX_POINT('',#5054);
#5054 = CARTESIAN_POINT('',(-2.3,0.95,0.1));
#5055 = VERTEX_POINT('',#5056);
#5056 = CARTESIAN_POINT('',(-2.3,0.95,0.17));
#5057 = LINE('',#5058,#5059);
#5058 = CARTESIAN_POINT('',(-2.3,0.95,0.1));
#5059 = VECTOR('',#5060,1.);
#5060 = DIRECTION('',(0.,0.,1.));
#5061 = ORIENTED_EDGE('',*,*,#5062,.T.);
#5062 = EDGE_CURVE('',#5053,#5063,#5065,.T.);
#5063 = VERTEX_POINT('',#5064);
#5064 = CARTESIAN_POINT('',(-2.3,1.45,0.1));
#5065 = LINE('',#5066,#5067);
#5066 = CARTESIAN_POINT('',(-2.3,0.95,0.1));
#5067 = VECTOR('',#5068,1.);
#5068 = DIRECTION('',(0.,1.,0.));
#5069 = ORIENTED_EDGE('',*,*,#5070,.T.);
#5070 = EDGE_CURVE('',#5063,#5071,#5073,.T.);
#5071 = VERTEX_POINT('',#5072);
#5072 = CARTESIAN_POINT('',(-2.3,1.45,0.17));
#5073 = LINE('',#5074,#5075);
#5074 = CARTESIAN_POINT('',(-2.3,1.45,0.1));
#5075 = VECTOR('',#5076,1.);
#5076 = DIRECTION('',(0.,0.,1.));
#5077 = ORIENTED_EDGE('',*,*,#5078,.F.);
#5078 = EDGE_CURVE('',#5055,#5071,#5079,.T.);
#5079 = LINE('',#5080,#5081);
#5080 = CARTESIAN_POINT('',(-2.3,0.95,0.17));
#5081 = VECTOR('',#5082,1.);
#5082 = DIRECTION('',(0.,1.,0.));
#5083 = PLANE('',#5084);
#5084 = AXIS2_PLACEMENT_3D('',#5085,#5086,#5087);
#5085 = CARTESIAN_POINT('',(-2.3,0.95,0.1));
#5086 = DIRECTION('',(1.,0.,0.));
#5087 = DIRECTION('',(0.,0.,1.));
#5088 = ADVANCED_FACE('',(#5089),#5105,.F.);
#5089 = FACE_BOUND('',#5090,.F.);
#5090 = EDGE_LOOP('',(#5091,#5097,#5098,#5104));
#5091 = ORIENTED_EDGE('',*,*,#5092,.F.);
#5092 = EDGE_CURVE('',#5013,#5053,#5093,.T.);
#5093 = LINE('',#5094,#5095);
#5094 = CARTESIAN_POINT('',(-2.5,0.95,0.1));
#5095 = VECTOR('',#5096,1.);
#5096 = DIRECTION('',(1.,0.,0.));
#5097 = ORIENTED_EDGE('',*,*,#5012,.T.);
#5098 = ORIENTED_EDGE('',*,*,#5099,.T.);
#5099 = EDGE_CURVE('',#5015,#5055,#5100,.T.);
#5100 = LINE('',#5101,#5102);
#5101 = CARTESIAN_POINT('',(-2.5,0.95,0.17));
#5102 = VECTOR('',#5103,1.);
#5103 = DIRECTION('',(1.,0.,0.));
#5104 = ORIENTED_EDGE('',*,*,#5052,.F.);
#5105 = PLANE('',#5106);
#5106 = AXIS2_PLACEMENT_3D('',#5107,#5108,#5109);
#5107 = CARTESIAN_POINT('',(-2.5,0.95,0.1));
#5108 = DIRECTION('',(0.,1.,0.));
#5109 = DIRECTION('',(0.,-0.,1.));
#5110 = ADVANCED_FACE('',(#5111),#5127,.T.);
#5111 = FACE_BOUND('',#5112,.T.);
#5112 = EDGE_LOOP('',(#5113,#5119,#5120,#5126));
#5113 = ORIENTED_EDGE('',*,*,#5114,.F.);
#5114 = EDGE_CURVE('',#5023,#5063,#5115,.T.);
#5115 = LINE('',#5116,#5117);
#5116 = CARTESIAN_POINT('',(-2.5,1.45,0.1));
#5117 = VECTOR('',#5118,1.);
#5118 = DIRECTION('',(1.,0.,0.));
#5119 = ORIENTED_EDGE('',*,*,#5030,.T.);
#5120 = ORIENTED_EDGE('',*,*,#5121,.T.);
#5121 = EDGE_CURVE('',#5031,#5071,#5122,.T.);
#5122 = LINE('',#5123,#5124);
#5123 = CARTESIAN_POINT('',(-2.5,1.45,0.17));
#5124 = VECTOR('',#5125,1.);
#5125 = DIRECTION('',(1.,0.,0.));
#5126 = ORIENTED_EDGE('',*,*,#5070,.F.);
#5127 = PLANE('',#5128);
#5128 = AXIS2_PLACEMENT_3D('',#5129,#5130,#5131);
#5129 = CARTESIAN_POINT('',(-2.5,1.45,0.1));
#5130 = DIRECTION('',(0.,1.,0.));
#5131 = DIRECTION('',(0.,-0.,1.));
#5132 = ADVANCED_FACE('',(#5133),#5139,.F.);
#5133 = FACE_BOUND('',#5134,.F.);
#5134 = EDGE_LOOP('',(#5135,#5136,#5137,#5138));
#5135 = ORIENTED_EDGE('',*,*,#5022,.F.);
#5136 = ORIENTED_EDGE('',*,*,#5092,.T.);
#5137 = ORIENTED_EDGE('',*,*,#5062,.T.);
#5138 = ORIENTED_EDGE('',*,*,#5114,.F.);
#5139 = PLANE('',#5140);
#5140 = AXIS2_PLACEMENT_3D('',#5141,#5142,#5143);
#5141 = CARTESIAN_POINT('',(-2.5,0.95,0.1));
#5142 = DIRECTION('',(0.,0.,1.));
#5143 = DIRECTION('',(1.,0.,-0.));
#5144 = ADVANCED_FACE('',(#5145),#5151,.T.);
#5145 = FACE_BOUND('',#5146,.T.);
#5146 = EDGE_LOOP('',(#5147,#5148,#5149,#5150));
#5147 = ORIENTED_EDGE('',*,*,#5038,.F.);
#5148 = ORIENTED_EDGE('',*,*,#5099,.T.);
#5149 = ORIENTED_EDGE('',*,*,#5078,.T.);
#5150 = ORIENTED_EDGE('',*,*,#5121,.F.);
#5151 = PLANE('',#5152);
#5152 = AXIS2_PLACEMENT_3D('',#5153,#5154,#5155);
#5153 = CARTESIAN_POINT('',(-2.5,0.95,0.17));
#5154 = DIRECTION('',(0.,0.,1.));
#5155 = DIRECTION('',(1.,0.,-0.));
#5156 = ( GEOMETRIC_REPRESENTATION_CONTEXT(3) 
GLOBAL_UNCERTAINTY_ASSIGNED_CONTEXT((#5160)) 
GLOBAL_UNIT_ASSIGNED_CONTEXT((#5157,#5158,#5159)) REPRESENTATION_CONTEXT
('Context #1','3D Context with UNIT and UNCERTAINTY') );
#5157 = ( LENGTH_UNIT() NAMED_UNIT(*) SI_UNIT(.MILLI.,.METRE.) );
#5158 = ( NAMED_UNIT(*) PLANE_ANGLE_UNIT() SI_UNIT($,.RADIAN.) );
#5159 = ( NAMED_UNIT(*) SI_UNIT($,.STERADIAN.) SOLID_ANGLE_UNIT() );
#5160 = UNCERTAINTY_MEASURE_WITH_UNIT(LENGTH_MEASURE(1.E-07),#5157,
  'distance_accuracy_value','confusion accuracy');
#5161 = CONTEXT_DEPENDENT_SHAPE_REPRESENTATION(#5162,#5164);
#5162 = ( REPRESENTATION_RELATIONSHIP('','',#5005,#2162) 
REPRESENTATION_RELATIONSHIP_WITH_TRANSFORMATION(#5163) 
SHAPE_REPRESENTATION_RELATIONSHIP() );
#5163 = ITEM_DEFINED_TRANSFORMATION('','',#11,#2227);
#5164 = PRODUCT_DEFINITION_SHAPE('Placement','Placement of an item',
  #5165);
#5165 = NEXT_ASSEMBLY_USAGE_OCCURRENCE('23','18','',#2157,#5000,$);
#5166 = PRODUCT_RELATED_PRODUCT_CATEGORY('part',$,(#5002));
#5167 = SHAPE_DEFINITION_REPRESENTATION(#5168,#5174);
#5168 = PRODUCT_DEFINITION_SHAPE('','',#5169);
#5169 = PRODUCT_DEFINITION('design','',#5170,#5173);
#5170 = PRODUCT_DEFINITION_FORMATION('','',#5171);
#5171 = PRODUCT('Open CASCADE STEP translator 7.9 1.2.18',
  'Open CASCADE STEP translator 7.9 1.2.18','',(#5172));
#5172 = PRODUCT_CONTEXT('',#2,'mechanical');
#5173 = PRODUCT_DEFINITION_CONTEXT('part definition',#2,'design');
#5174 = ADVANCED_BREP_SHAPE_REPRESENTATION('',(#11,#5175),#5325);
#5175 = MANIFOLD_SOLID_BREP('',#5176);
#5176 = CLOSED_SHELL('',(#5177,#5217,#5257,#5279,#5301,#5313));
#5177 = ADVANCED_FACE('',(#5178),#5212,.F.);
#5178 = FACE_BOUND('',#5179,.F.);
#5179 = EDGE_LOOP('',(#5180,#5190,#5198,#5206));
#5180 = ORIENTED_EDGE('',*,*,#5181,.F.);
#5181 = EDGE_CURVE('',#5182,#5184,#5186,.T.);
#5182 = VERTEX_POINT('',#5183);
#5183 = CARTESIAN_POINT('',(-2.1,0.95,0.1));
#5184 = VERTEX_POINT('',#5185);
#5185 = CARTESIAN_POINT('',(-2.1,0.95,0.17));
#5186 = LINE('',#5187,#5188);
#5187 = CARTESIAN_POINT('',(-2.1,0.95,0.1));
#5188 = VECTOR('',#5189,1.);
#5189 = DIRECTION('',(0.,0.,1.));
#5190 = ORIENTED_EDGE('',*,*,#5191,.T.);
#5191 = EDGE_CURVE('',#5182,#5192,#5194,.T.);
#5192 = VERTEX_POINT('',#5193);
#5193 = CARTESIAN_POINT('',(-2.1,1.45,0.1));
#5194 = LINE('',#5195,#5196);
#5195 = CARTESIAN_POINT('',(-2.1,0.95,0.1));
#5196 = VECTOR('',#5197,1.);
#5197 = DIRECTION('',(0.,1.,0.));
#5198 = ORIENTED_EDGE('',*,*,#5199,.T.);
#5199 = EDGE_CURVE('',#5192,#5200,#5202,.T.);
#5200 = VERTEX_POINT('',#5201);
#5201 = CARTESIAN_POINT('',(-2.1,1.45,0.17));
#5202 = LINE('',#5203,#5204);
#5203 = CARTESIAN_POINT('',(-2.1,1.45,0.1));
#5204 = VECTOR('',#5205,1.);
#5205 = DIRECTION('',(0.,0.,1.));
#5206 = ORIENTED_EDGE('',*,*,#5207,.F.);
#5207 = EDGE_CURVE('',#5184,#5200,#5208,.T.);
#5208 = LINE('',#5209,#5210);
#5209 = CARTESIAN_POINT('',(-2.1,0.95,0.17));
#5210 = VECTOR('',#5211,1.);
#5211 = DIRECTION('',(0.,1.,0.));
#5212 = PLANE('',#5213);
#5213 = AXIS2_PLACEMENT_3D('',#5214,#5215,#5216);
#5214 = CARTESIAN_POINT('',(-2.1,0.95,0.1));
#5215 = DIRECTION('',(1.,0.,0.));
#5216 = DIRECTION('',(0.,0.,1.));
#5217 = ADVANCED_FACE('',(#5218),#5252,.T.);
#5218 = FACE_BOUND('',#5219,.T.);
#5219 = EDGE_LOOP('',(#5220,#5230,#5238,#5246));
#5220 = ORIENTED_EDGE('',*,*,#5221,.F.);
#5221 = EDGE_CURVE('',#5222,#5224,#5226,.T.);
#5222 = VERTEX_POINT('',#5223);
#5223 = CARTESIAN_POINT('',(-1.9,0.95,0.1));
#5224 = VERTEX_POINT('',#5225);
#5225 = CARTESIAN_POINT('',(-1.9,0.95,0.17));
#5226 = LINE('',#5227,#5228);
#5227 = CARTESIAN_POINT('',(-1.9,0.95,0.1));
#5228 = VECTOR('',#5229,1.);
#5229 = DIRECTION('',(0.,0.,1.));
#5230 = ORIENTED_EDGE('',*,*,#5231,.T.);
#5231 = EDGE_CURVE('',#5222,#5232,#5234,.T.);
#5232 = VERTEX_POINT('',#5233);
#5233 = CARTESIAN_POINT('',(-1.9,1.45,0.1));
#5234 = LINE('',#5235,#5236);
#5235 = CARTESIAN_POINT('',(-1.9,0.95,0.1));
#5236 = VECTOR('',#5237,1.);
#5237 = DIRECTION('',(0.,1.,0.));
#5238 = ORIENTED_EDGE('',*,*,#5239,.T.);
#5239 = EDGE_CURVE('',#5232,#5240,#5242,.T.);
#5240 = VERTEX_POINT('',#5241);
#5241 = CARTESIAN_POINT('',(-1.9,1.45,0.17));
#5242 = LINE('',#5243,#5244);
#5243 = CARTESIAN_POINT('',(-1.9,1.45,0.1));
#5244 = VECTOR('',#5245,1.);
#5245 = DIRECTION('',(0.,0.,1.));
#5246 = ORIENTED_EDGE('',*,*,#5247,.F.);
#5247 = EDGE_CURVE('',#5224,#5240,#5248,.T.);
#5248 = LINE('',#5249,#5250);
#5249 = CARTESIAN_POINT('',(-1.9,0.95,0.17));
#5250 = VECTOR('',#5251,1.);
#5251 = DIRECTION('',(0.,1.,0.));
#5252 = PLANE('',#5253);
#5253 = AXIS2_PLACEMENT_3D('',#5254,#5255,#5256);
#5254 = CARTESIAN_POINT('',(-1.9,0.95,0.1));
#5255 = DIRECTION('',(1.,0.,0.));
#5256 = DIRECTION('',(0.,0.,1.));
#5257 = ADVANCED_FACE('',(#5258),#5274,.F.);
#5258 = FACE_BOUND('',#5259,.F.);
#5259 = EDGE_LOOP('',(#5260,#5266,#5267,#5273));
#5260 = ORIENTED_EDGE('',*,*,#5261,.F.);
#5261 = EDGE_CURVE('',#5182,#5222,#5262,.T.);
#5262 = LINE('',#5263,#5264);
#5263 = CARTESIAN_POINT('',(-2.1,0.95,0.1));
#5264 = VECTOR('',#5265,1.);
#5265 = DIRECTION('',(1.,0.,0.));
#5266 = ORIENTED_EDGE('',*,*,#5181,.T.);
#5267 = ORIENTED_EDGE('',*,*,#5268,.T.);
#5268 = EDGE_CURVE('',#5184,#5224,#5269,.T.);
#5269 = LINE('',#5270,#5271);
#5270 = CARTESIAN_POINT('',(-2.1,0.95,0.17));
#5271 = VECTOR('',#5272,1.);
#5272 = DIRECTION('',(1.,0.,0.));
#5273 = ORIENTED_EDGE('',*,*,#5221,.F.);
#5274 = PLANE('',#5275);
#5275 = AXIS2_PLACEMENT_3D('',#5276,#5277,#5278);
#5276 = CARTESIAN_POINT('',(-2.1,0.95,0.1));
#5277 = DIRECTION('',(0.,1.,0.));
#5278 = DIRECTION('',(0.,-0.,1.));
#5279 = ADVANCED_FACE('',(#5280),#5296,.T.);
#5280 = FACE_BOUND('',#5281,.T.);
#5281 = EDGE_LOOP('',(#5282,#5288,#5289,#5295));
#5282 = ORIENTED_EDGE('',*,*,#5283,.F.);
#5283 = EDGE_CURVE('',#5192,#5232,#5284,.T.);
#5284 = LINE('',#5285,#5286);
#5285 = CARTESIAN_POINT('',(-2.1,1.45,0.1));
#5286 = VECTOR('',#5287,1.);
#5287 = DIRECTION('',(1.,0.,0.));
#5288 = ORIENTED_EDGE('',*,*,#5199,.T.);
#5289 = ORIENTED_EDGE('',*,*,#5290,.T.);
#5290 = EDGE_CURVE('',#5200,#5240,#5291,.T.);
#5291 = LINE('',#5292,#5293);
#5292 = CARTESIAN_POINT('',(-2.1,1.45,0.17));
#5293 = VECTOR('',#5294,1.);
#5294 = DIRECTION('',(1.,0.,0.));
#5295 = ORIENTED_EDGE('',*,*,#5239,.F.);
#5296 = PLANE('',#5297);
#5297 = AXIS2_PLACEMENT_3D('',#5298,#5299,#5300);
#5298 = CARTESIAN_POINT('',(-2.1,1.45,0.1));
#5299 = DIRECTION('',(0.,1.,0.));
#5300 = DIRECTION('',(0.,-0.,1.));
#5301 = ADVANCED_FACE('',(#5302),#5308,.F.);
#5302 = FACE_BOUND('',#5303,.F.);
#5303 = EDGE_LOOP('',(#5304,#5305,#5306,#5307));
#5304 = ORIENTED_EDGE('',*,*,#5191,.F.);
#5305 = ORIENTED_EDGE('',*,*,#5261,.T.);
#5306 = ORIENTED_EDGE('',*,*,#5231,.T.);
#5307 = ORIENTED_EDGE('',*,*,#5283,.F.);
#5308 = PLANE('',#5309);
#5309 = AXIS2_PLACEMENT_3D('',#5310,#5311,#5312);
#5310 = CARTESIAN_POINT('',(-2.1,0.95,0.1));
#5311 = DIRECTION('',(0.,0.,1.));
#5312 = DIRECTION('',(1.,0.,-0.));
#5313 = ADVANCED_FACE('',(#5314),#5320,.T.);
#5314 = FACE_BOUND('',#5315,.T.);
#5315 = EDGE_LOOP('',(#5316,#5317,#5318,#5319));
#5316 = ORIENTED_EDGE('',*,*,#5207,.F.);
#5317 = ORIENTED_EDGE('',*,*,#5268,.T.);
#5318 = ORIENTED_EDGE('',*,*,#5247,.T.);
#5319 = ORIENTED_EDGE('',*,*,#5290,.F.);
#5320 = PLANE('',#5321);
#5321 = AXIS2_PLACEMENT_3D('',#5322,#5323,#5324);
#5322 = CARTESIAN_POINT('',(-2.1,0.95,0.17));
#5323 = DIRECTION('',(0.,0.,1.));
#5324 = DIRECTION('',(1.,0.,-0.));
#5325 = ( GEOMETRIC_REPRESENTATION_CONTEXT(3) 
GLOBAL_UNCERTAINTY_ASSIGNED_CONTEXT((#5329)) 
GLOBAL_UNIT_ASSIGNED_CONTEXT((#5326,#5327,#5328)) REPRESENTATION_CONTEXT
('Context #1','3D Context with UNIT and UNCERTAINTY') );
#5326 = ( LENGTH_UNIT() NAMED_UNIT(*) SI_UNIT(.MILLI.,.METRE.) );
#5327 = ( NAMED_UNIT(*) PLANE_ANGLE_UNIT() SI_UNIT($,.RADIAN.) );
#5328 = ( NAMED_UNIT(*) SI_UNIT($,.STERADIAN.) SOLID_ANGLE_UNIT() );
#5329 = UNCERTAINTY_MEASURE_WITH_UNIT(LENGTH_MEASURE(1.E-07),#5326,
  'distance_accuracy_value','confusion accuracy');
#5330 = CONTEXT_DEPENDENT_SHAPE_REPRESENTATION(#5331,#5333);
#5331 = ( REPRESENTATION_RELATIONSHIP('','',#5174,#2162) 
REPRESENTATION_RELATIONSHIP_WITH_TRANSFORMATION(#5332) 
SHAPE_REPRESENTATION_RELATIONSHIP() );
#5332 = ITEM_DEFINED_TRANSFORMATION('','',#11,#2231);
#5333 = PRODUCT_DEFINITION_SHAPE('Placement','Placement of an item',
  #5334);
#5334 = NEXT_ASSEMBLY_USAGE_OCCURRENCE('24','19','',#2157,#5169,$);
#5335 = PRODUCT_RELATED_PRODUCT_CATEGORY('part',$,(#5171));
#5336 = SHAPE_DEFINITION_REPRESENTATION(#5337,#5343);
#5337 = PRODUCT_DEFINITION_SHAPE('','',#5338);
#5338 = PRODUCT_DEFINITION('design','',#5339,#5342);
#5339 = PRODUCT_DEFINITION_FORMATION('','',#5340);
#5340 = PRODUCT('Open CASCADE STEP translator 7.9 1.2.19',
  'Open CASCADE STEP translator 7.9 1.2.19','',(#5341));
#5341 = PRODUCT_CONTEXT('',#2,'mechanical');
#5342 = PRODUCT_DEFINITION_CONTEXT('part definition',#2,'design');
#5343 = ADVANCED_BREP_SHAPE_REPRESENTATION('',(#11,#5344),#5494);
#5344 = MANIFOLD_SOLID_BREP('',#5345);
#5345 = CLOSED_SHELL('',(#5346,#5386,#5426,#5448,#5470,#5482));
#5346 = ADVANCED_FACE('',(#5347),#5381,.F.);
#5347 = FACE_BOUND('',#5348,.F.);
#5348 = EDGE_LOOP('',(#5349,#5359,#5367,#5375));
#5349 = ORIENTED_EDGE('',*,*,#5350,.F.);
#5350 = EDGE_CURVE('',#5351,#5353,#5355,.T.);
#5351 = VERTEX_POINT('',#5352);
#5352 = CARTESIAN_POINT('',(-1.7,0.95,0.1));
#5353 = VERTEX_POINT('',#5354);
#5354 = CARTESIAN_POINT('',(-1.7,0.95,0.17));
#5355 = LINE('',#5356,#5357);
#5356 = CARTESIAN_POINT('',(-1.7,0.95,0.1));
#5357 = VECTOR('',#5358,1.);
#5358 = DIRECTION('',(0.,0.,1.));
#5359 = ORIENTED_EDGE('',*,*,#5360,.T.);
#5360 = EDGE_CURVE('',#5351,#5361,#5363,.T.);
#5361 = VERTEX_POINT('',#5362);
#5362 = CARTESIAN_POINT('',(-1.7,1.45,0.1));
#5363 = LINE('',#5364,#5365);
#5364 = CARTESIAN_POINT('',(-1.7,0.95,0.1));
#5365 = VECTOR('',#5366,1.);
#5366 = DIRECTION('',(0.,1.,0.));
#5367 = ORIENTED_EDGE('',*,*,#5368,.T.);
#5368 = EDGE_CURVE('',#5361,#5369,#5371,.T.);
#5369 = VERTEX_POINT('',#5370);
#5370 = CARTESIAN_POINT('',(-1.7,1.45,0.17));
#5371 = LINE('',#5372,#5373);
#5372 = CARTESIAN_POINT('',(-1.7,1.45,0.1));
#5373 = VECTOR('',#5374,1.);
#5374 = DIRECTION('',(0.,0.,1.));
#5375 = ORIENTED_EDGE('',*,*,#5376,.F.);
#5376 = EDGE_CURVE('',#5353,#5369,#5377,.T.);
#5377 = LINE('',#5378,#5379);
#5378 = CARTESIAN_POINT('',(-1.7,0.95,0.17));
#5379 = VECTOR('',#5380,1.);
#5380 = DIRECTION('',(0.,1.,0.));
#5381 = PLANE('',#5382);
#5382 = AXIS2_PLACEMENT_3D('',#5383,#5384,#5385);
#5383 = CARTESIAN_POINT('',(-1.7,0.95,0.1));
#5384 = DIRECTION('',(1.,0.,0.));
#5385 = DIRECTION('',(0.,0.,1.));
#5386 = ADVANCED_FACE('',(#5387),#5421,.T.);
#5387 = FACE_BOUND('',#5388,.T.);
#5388 = EDGE_LOOP('',(#5389,#5399,#5407,#5415));
#5389 = ORIENTED_EDGE('',*,*,#5390,.F.);
#5390 = EDGE_CURVE('',#5391,#5393,#5395,.T.);
#5391 = VERTEX_POINT('',#5392);
#5392 = CARTESIAN_POINT('',(-1.5,0.95,0.1));
#5393 = VERTEX_POINT('',#5394);
#5394 = CARTESIAN_POINT('',(-1.5,0.95,0.17));
#5395 = LINE('',#5396,#5397);
#5396 = CARTESIAN_POINT('',(-1.5,0.95,0.1));
#5397 = VECTOR('',#5398,1.);
#5398 = DIRECTION('',(0.,0.,1.));
#5399 = ORIENTED_EDGE('',*,*,#5400,.T.);
#5400 = EDGE_CURVE('',#5391,#5401,#5403,.T.);
#5401 = VERTEX_POINT('',#5402);
#5402 = CARTESIAN_POINT('',(-1.5,1.45,0.1));
#5403 = LINE('',#5404,#5405);
#5404 = CARTESIAN_POINT('',(-1.5,0.95,0.1));
#5405 = VECTOR('',#5406,1.);
#5406 = DIRECTION('',(0.,1.,0.));
#5407 = ORIENTED_EDGE('',*,*,#5408,.T.);
#5408 = EDGE_CURVE('',#5401,#5409,#5411,.T.);
#5409 = VERTEX_POINT('',#5410);
#5410 = CARTESIAN_POINT('',(-1.5,1.45,0.17));
#5411 = LINE('',#5412,#5413);
#5412 = CARTESIAN_POINT('',(-1.5,1.45,0.1));
#5413 = VECTOR('',#5414,1.);
#5414 = DIRECTION('',(0.,0.,1.));
#5415 = ORIENTED_EDGE('',*,*,#5416,.F.);
#5416 = EDGE_CURVE('',#5393,#5409,#5417,.T.);
#5417 = LINE('',#5418,#5419);
#5418 = CARTESIAN_POINT('',(-1.5,0.95,0.17));
#5419 = VECTOR('',#5420,1.);
#5420 = DIRECTION('',(0.,1.,0.));
#5421 = PLANE('',#5422);
#5422 = AXIS2_PLACEMENT_3D('',#5423,#5424,#5425);
#5423 = CARTESIAN_POINT('',(-1.5,0.95,0.1));
#5424 = DIRECTION('',(1.,0.,0.));
#5425 = DIRECTION('',(0.,0.,1.));
#5426 = ADVANCED_FACE('',(#5427),#5443,.F.);
#5427 = FACE_BOUND('',#5428,.F.);
#5428 = EDGE_LOOP('',(#5429,#5435,#5436,#5442));
#5429 = ORIENTED_EDGE('',*,*,#5430,.F.);
#5430 = EDGE_CURVE('',#5351,#5391,#5431,.T.);
#5431 = LINE('',#5432,#5433);
#5432 = CARTESIAN_POINT('',(-1.7,0.95,0.1));
#5433 = VECTOR('',#5434,1.);
#5434 = DIRECTION('',(1.,0.,0.));
#5435 = ORIENTED_EDGE('',*,*,#5350,.T.);
#5436 = ORIENTED_EDGE('',*,*,#5437,.T.);
#5437 = EDGE_CURVE('',#5353,#5393,#5438,.T.);
#5438 = LINE('',#5439,#5440);
#5439 = CARTESIAN_POINT('',(-1.7,0.95,0.17));
#5440 = VECTOR('',#5441,1.);
#5441 = DIRECTION('',(1.,0.,0.));
#5442 = ORIENTED_EDGE('',*,*,#5390,.F.);
#5443 = PLANE('',#5444);
#5444 = AXIS2_PLACEMENT_3D('',#5445,#5446,#5447);
#5445 = CARTESIAN_POINT('',(-1.7,0.95,0.1));
#5446 = DIRECTION('',(0.,1.,0.));
#5447 = DIRECTION('',(0.,-0.,1.));
#5448 = ADVANCED_FACE('',(#5449),#5465,.T.);
#5449 = FACE_BOUND('',#5450,.T.);
#5450 = EDGE_LOOP('',(#5451,#5457,#5458,#5464));
#5451 = ORIENTED_EDGE('',*,*,#5452,.F.);
#5452 = EDGE_CURVE('',#5361,#5401,#5453,.T.);
#5453 = LINE('',#5454,#5455);
#5454 = CARTESIAN_POINT('',(-1.7,1.45,0.1));
#5455 = VECTOR('',#5456,1.);
#5456 = DIRECTION('',(1.,0.,0.));
#5457 = ORIENTED_EDGE('',*,*,#5368,.T.);
#5458 = ORIENTED_EDGE('',*,*,#5459,.T.);
#5459 = EDGE_CURVE('',#5369,#5409,#5460,.T.);
#5460 = LINE('',#5461,#5462);
#5461 = CARTESIAN_POINT('',(-1.7,1.45,0.17));
#5462 = VECTOR('',#5463,1.);
#5463 = DIRECTION('',(1.,0.,0.));
#5464 = ORIENTED_EDGE('',*,*,#5408,.F.);
#5465 = PLANE('',#5466);
#5466 = AXIS2_PLACEMENT_3D('',#5467,#5468,#5469);
#5467 = CARTESIAN_POINT('',(-1.7,1.45,0.1));
#5468 = DIRECTION('',(0.,1.,0.));
#5469 = DIRECTION('',(0.,-0.,1.));
#5470 = ADVANCED_FACE('',(#5471),#5477,.F.);
#5471 = FACE_BOUND('',#5472,.F.);
#5472 = EDGE_LOOP('',(#5473,#5474,#5475,#5476));
#5473 = ORIENTED_EDGE('',*,*,#5360,.F.);
#5474 = ORIENTED_EDGE('',*,*,#5430,.T.);
#5475 = ORIENTED_EDGE('',*,*,#5400,.T.);
#5476 = ORIENTED_EDGE('',*,*,#5452,.F.);
#5477 = PLANE('',#5478);
#5478 = AXIS2_PLACEMENT_3D('',#5479,#5480,#5481);
#5479 = CARTESIAN_POINT('',(-1.7,0.95,0.1));
#5480 = DIRECTION('',(0.,0.,1.));
#5481 = DIRECTION('',(1.,0.,-0.));
#5482 = ADVANCED_FACE('',(#5483),#5489,.T.);
#5483 = FACE_BOUND('',#5484,.T.);
#5484 = EDGE_LOOP('',(#5485,#5486,#5487,#5488));
#5485 = ORIENTED_EDGE('',*,*,#5376,.F.);
#5486 = ORIENTED_EDGE('',*,*,#5437,.T.);
#5487 = ORIENTED_EDGE('',*,*,#5416,.T.);
#5488 = ORIENTED_EDGE('',*,*,#5459,.F.);
#5489 = PLANE('',#5490);
#5490 = AXIS2_PLACEMENT_3D('',#5491,#5492,#5493);
#5491 = CARTESIAN_POINT('',(-1.7,0.95,0.17));
#5492 = DIRECTION('',(0.,0.,1.));
#5493 = DIRECTION('',(1.,0.,-0.));
#5494 = ( GEOMETRIC_REPRESENTATION_CONTEXT(3) 
GLOBAL_UNCERTAINTY_ASSIGNED_CONTEXT((#5498)) 
GLOBAL_UNIT_ASSIGNED_CONTEXT((#5495,#5496,#5497)) REPRESENTATION_CONTEXT
('Context #1','3D Context with UNIT and UNCERTAINTY') );
#5495 = ( LENGTH_UNIT() NAMED_UNIT(*) SI_UNIT(.MILLI.,.METRE.) );
#5496 = ( NAMED_UNIT(*) PLANE_ANGLE_UNIT() SI_UNIT($,.RADIAN.) );
#5497 = ( NAMED_UNIT(*) SI_UNIT($,.STERADIAN.) SOLID_ANGLE_UNIT() );
#5498 = UNCERTAINTY_MEASURE_WITH_UNIT(LENGTH_MEASURE(1.E-07),#5495,
  'distance_accuracy_value','confusion accuracy');
#5499 = CONTEXT_DEPENDENT_SHAPE_REPRESENTATION(#5500,#5502);
#5500 = ( REPRESENTATION_RELATIONSHIP('','',#5343,#2162) 
REPRESENTATION_RELATIONSHIP_WITH_TRANSFORMATION(#5501) 
SHAPE_REPRESENTATION_RELATIONSHIP() );
#5501 = ITEM_DEFINED_TRANSFORMATION('','',#11,#2235);
#5502 = PRODUCT_DEFINITION_SHAPE('Placement','Placement of an item',
  #5503);
#5503 = NEXT_ASSEMBLY_USAGE_OCCURRENCE('25','20','',#2157,#5338,$);
#5504 = PRODUCT_RELATED_PRODUCT_CATEGORY('part',$,(#5340));
#5505 = SHAPE_DEFINITION_REPRESENTATION(#5506,#5512);
#5506 = PRODUCT_DEFINITION_SHAPE('','',#5507);
#5507 = PRODUCT_DEFINITION('design','',#5508,#5511);
#5508 = PRODUCT_DEFINITION_FORMATION('','',#5509);
#5509 = PRODUCT('Open CASCADE STEP translator 7.9 1.2.20',
  'Open CASCADE STEP translator 7.9 1.2.20','',(#5510));
#5510 = PRODUCT_CONTEXT('',#2,'mechanical');
#5511 = PRODUCT_DEFINITION_CONTEXT('part definition',#2,'design');
#5512 = ADVANCED_BREP_SHAPE_REPRESENTATION('',(#11,#5513),#5663);
#5513 = MANIFOLD_SOLID_BREP('',#5514);
#5514 = CLOSED_SHELL('',(#5515,#5555,#5595,#5617,#5639,#5651));
#5515 = ADVANCED_FACE('',(#5516),#5550,.F.);
#5516 = FACE_BOUND('',#5517,.F.);
#5517 = EDGE_LOOP('',(#5518,#5528,#5536,#5544));
#5518 = ORIENTED_EDGE('',*,*,#5519,.F.);
#5519 = EDGE_CURVE('',#5520,#5522,#5524,.T.);
#5520 = VERTEX_POINT('',#5521);
#5521 = CARTESIAN_POINT('',(-1.3,0.95,0.1));
#5522 = VERTEX_POINT('',#5523);
#5523 = CARTESIAN_POINT('',(-1.3,0.95,0.17));
#5524 = LINE('',#5525,#5526);
#5525 = CARTESIAN_POINT('',(-1.3,0.95,0.1));
#5526 = VECTOR('',#5527,1.);
#5527 = DIRECTION('',(0.,0.,1.));
#5528 = ORIENTED_EDGE('',*,*,#5529,.T.);
#5529 = EDGE_CURVE('',#5520,#5530,#5532,.T.);
#5530 = VERTEX_POINT('',#5531);
#5531 = CARTESIAN_POINT('',(-1.3,1.45,0.1));
#5532 = LINE('',#5533,#5534);
#5533 = CARTESIAN_POINT('',(-1.3,0.95,0.1));
#5534 = VECTOR('',#5535,1.);
#5535 = DIRECTION('',(0.,1.,0.));
#5536 = ORIENTED_EDGE('',*,*,#5537,.T.);
#5537 = EDGE_CURVE('',#5530,#5538,#5540,.T.);
#5538 = VERTEX_POINT('',#5539);
#5539 = CARTESIAN_POINT('',(-1.3,1.45,0.17));
#5540 = LINE('',#5541,#5542);
#5541 = CARTESIAN_POINT('',(-1.3,1.45,0.1));
#5542 = VECTOR('',#5543,1.);
#5543 = DIRECTION('',(0.,0.,1.));
#5544 = ORIENTED_EDGE('',*,*,#5545,.F.);
#5545 = EDGE_CURVE('',#5522,#5538,#5546,.T.);
#5546 = LINE('',#5547,#5548);
#5547 = CARTESIAN_POINT('',(-1.3,0.95,0.17));
#5548 = VECTOR('',#5549,1.);
#5549 = DIRECTION('',(0.,1.,0.));
#5550 = PLANE('',#5551);
#5551 = AXIS2_PLACEMENT_3D('',#5552,#5553,#5554);
#5552 = CARTESIAN_POINT('',(-1.3,0.95,0.1));
#5553 = DIRECTION('',(1.,0.,0.));
#5554 = DIRECTION('',(0.,0.,1.));
#5555 = ADVANCED_FACE('',(#5556),#5590,.T.);
#5556 = FACE_BOUND('',#5557,.T.);
#5557 = EDGE_LOOP('',(#5558,#5568,#5576,#5584));
#5558 = ORIENTED_EDGE('',*,*,#5559,.F.);
#5559 = EDGE_CURVE('',#5560,#5562,#5564,.T.);
#5560 = VERTEX_POINT('',#5561);
#5561 = CARTESIAN_POINT('',(-1.1,0.95,0.1));
#5562 = VERTEX_POINT('',#5563);
#5563 = CARTESIAN_POINT('',(-1.1,0.95,0.17));
#5564 = LINE('',#5565,#5566);
#5565 = CARTESIAN_POINT('',(-1.1,0.95,0.1));
#5566 = VECTOR('',#5567,1.);
#5567 = DIRECTION('',(0.,0.,1.));
#5568 = ORIENTED_EDGE('',*,*,#5569,.T.);
#5569 = EDGE_CURVE('',#5560,#5570,#5572,.T.);
#5570 = VERTEX_POINT('',#5571);
#5571 = CARTESIAN_POINT('',(-1.1,1.45,0.1));
#5572 = LINE('',#5573,#5574);
#5573 = CARTESIAN_POINT('',(-1.1,0.95,0.1));
#5574 = VECTOR('',#5575,1.);
#5575 = DIRECTION('',(0.,1.,0.));
#5576 = ORIENTED_EDGE('',*,*,#5577,.T.);
#5577 = EDGE_CURVE('',#5570,#5578,#5580,.T.);
#5578 = VERTEX_POINT('',#5579);
#5579 = CARTESIAN_POINT('',(-1.1,1.45,0.17));
#5580 = LINE('',#5581,#5582);
#5581 = CARTESIAN_POINT('',(-1.1,1.45,0.1));
#5582 = VECTOR('',#5583,1.);
#5583 = DIRECTION('',(0.,0.,1.));
#5584 = ORIENTED_EDGE('',*,*,#5585,.F.);
#5585 = EDGE_CURVE('',#5562,#5578,#5586,.T.);
#5586 = LINE('',#5587,#5588);
#5587 = CARTESIAN_POINT('',(-1.1,0.95,0.17));
#5588 = VECTOR('',#5589,1.);
#5589 = DIRECTION('',(0.,1.,0.));
#5590 = PLANE('',#5591);
#5591 = AXIS2_PLACEMENT_3D('',#5592,#5593,#5594);
#5592 = CARTESIAN_POINT('',(-1.1,0.95,0.1));
#5593 = DIRECTION('',(1.,0.,0.));
#5594 = DIRECTION('',(0.,0.,1.));
#5595 = ADVANCED_FACE('',(#5596),#5612,.F.);
#5596 = FACE_BOUND('',#5597,.F.);
#5597 = EDGE_LOOP('',(#5598,#5604,#5605,#5611));
#5598 = ORIENTED_EDGE('',*,*,#5599,.F.);
#5599 = EDGE_CURVE('',#5520,#5560,#5600,.T.);
#5600 = LINE('',#5601,#5602);
#5601 = CARTESIAN_POINT('',(-1.3,0.95,0.1));
#5602 = VECTOR('',#5603,1.);
#5603 = DIRECTION('',(1.,0.,0.));
#5604 = ORIENTED_EDGE('',*,*,#5519,.T.);
#5605 = ORIENTED_EDGE('',*,*,#5606,.T.);
#5606 = EDGE_CURVE('',#5522,#5562,#5607,.T.);
#5607 = LINE('',#5608,#5609);
#5608 = CARTESIAN_POINT('',(-1.3,0.95,0.17));
#5609 = VECTOR('',#5610,1.);
#5610 = DIRECTION('',(1.,0.,0.));
#5611 = ORIENTED_EDGE('',*,*,#5559,.F.);
#5612 = PLANE('',#5613);
#5613 = AXIS2_PLACEMENT_3D('',#5614,#5615,#5616);
#5614 = CARTESIAN_POINT('',(-1.3,0.95,0.1));
#5615 = DIRECTION('',(0.,1.,0.));
#5616 = DIRECTION('',(0.,-0.,1.));
#5617 = ADVANCED_FACE('',(#5618),#5634,.T.);
#5618 = FACE_BOUND('',#5619,.T.);
#5619 = EDGE_LOOP('',(#5620,#5626,#5627,#5633));
#5620 = ORIENTED_EDGE('',*,*,#5621,.F.);
#5621 = EDGE_CURVE('',#5530,#5570,#5622,.T.);
#5622 = LINE('',#5623,#5624);
#5623 = CARTESIAN_POINT('',(-1.3,1.45,0.1));
#5624 = VECTOR('',#5625,1.);
#5625 = DIRECTION('',(1.,0.,0.));
#5626 = ORIENTED_EDGE('',*,*,#5537,.T.);
#5627 = ORIENTED_EDGE('',*,*,#5628,.T.);
#5628 = EDGE_CURVE('',#5538,#5578,#5629,.T.);
#5629 = LINE('',#5630,#5631);
#5630 = CARTESIAN_POINT('',(-1.3,1.45,0.17));
#5631 = VECTOR('',#5632,1.);
#5632 = DIRECTION('',(1.,0.,0.));
#5633 = ORIENTED_EDGE('',*,*,#5577,.F.);
#5634 = PLANE('',#5635);
#5635 = AXIS2_PLACEMENT_3D('',#5636,#5637,#5638);
#5636 = CARTESIAN_POINT('',(-1.3,1.45,0.1));
#5637 = DIRECTION('',(0.,1.,0.));
#5638 = DIRECTION('',(0.,-0.,1.));
#5639 = ADVANCED_FACE('',(#5640),#5646,.F.);
#5640 = FACE_BOUND('',#5641,.F.);
#5641 = EDGE_LOOP('',(#5642,#5643,#5644,#5645));
#5642 = ORIENTED_EDGE('',*,*,#5529,.F.);
#5643 = ORIENTED_EDGE('',*,*,#5599,.T.);
#5644 = ORIENTED_EDGE('',*,*,#5569,.T.);
#5645 = ORIENTED_EDGE('',*,*,#5621,.F.);
#5646 = PLANE('',#5647);
#5647 = AXIS2_PLACEMENT_3D('',#5648,#5649,#5650);
#5648 = CARTESIAN_POINT('',(-1.3,0.95,0.1));
#5649 = DIRECTION('',(0.,0.,1.));
#5650 = DIRECTION('',(1.,0.,-0.));
#5651 = ADVANCED_FACE('',(#5652),#5658,.T.);
#5652 = FACE_BOUND('',#5653,.T.);
#5653 = EDGE_LOOP('',(#5654,#5655,#5656,#5657));
#5654 = ORIENTED_EDGE('',*,*,#5545,.F.);
#5655 = ORIENTED_EDGE('',*,*,#5606,.T.);
#5656 = ORIENTED_EDGE('',*,*,#5585,.T.);
#5657 = ORIENTED_EDGE('',*,*,#5628,.F.);
#5658 = PLANE('',#5659);
#5659 = AXIS2_PLACEMENT_3D('',#5660,#5661,#5662);
#5660 = CARTESIAN_POINT('',(-1.3,0.95,0.17));
#5661 = DIRECTION('',(0.,0.,1.));
#5662 = DIRECTION('',(1.,0.,-0.));
#5663 = ( GEOMETRIC_REPRESENTATION_CONTEXT(3) 
GLOBAL_UNCERTAINTY_ASSIGNED_CONTEXT((#5667)) 
GLOBAL_UNIT_ASSIGNED_CONTEXT((#5664,#5665,#5666)) REPRESENTATION_CONTEXT
('Context #1','3D Context with UNIT and UNCERTAINTY') );
#5664 = ( LENGTH_UNIT() NAMED_UNIT(*) SI_UNIT(.MILLI.,.METRE.) );
#5665 = ( NAMED_UNIT(*) PLANE_ANGLE_UNIT() SI_UNIT($,.RADIAN.) );
#5666 = ( NAMED_UNIT(*) SI_UNIT($,.STERADIAN.) SOLID_ANGLE_UNIT() );
#5667 = UNCERTAINTY_MEASURE_WITH_UNIT(LENGTH_MEASURE(1.E-07),#5664,
  'distance_accuracy_value','confusion accuracy');
#5668 = CONTEXT_DEPENDENT_SHAPE_REPRESENTATION(#5669,#5671);
#5669 = ( REPRESENTATION_RELATIONSHIP('','',#5512,#2162) 
REPRESENTATION_RELATIONSHIP_WITH_TRANSFORMATION(#5670) 
SHAPE_REPRESENTATION_RELATIONSHIP() );
#5670 = ITEM_DEFINED_TRANSFORMATION('','',#11,#2239);
#5671 = PRODUCT_DEFINITION_SHAPE('Placement','Placement of an item',
  #5672);
#5672 = NEXT_ASSEMBLY_USAGE_OCCURRENCE('26','21','',#2157,#5507,$);
#5673 = PRODUCT_RELATED_PRODUCT_CATEGORY('part',$,(#5509));
#5674 = SHAPE_DEFINITION_REPRESENTATION(#5675,#5681);
#5675 = PRODUCT_DEFINITION_SHAPE('','',#5676);
#5676 = PRODUCT_DEFINITION('design','',#5677,#5680);
#5677 = PRODUCT_DEFINITION_FORMATION('','',#5678);
#5678 = PRODUCT('Open CASCADE STEP translator 7.9 1.2.21',
  'Open CASCADE STEP translator 7.9 1.2.21','',(#5679));
#5679 = PRODUCT_CONTEXT('',#2,'mechanical');
#5680 = PRODUCT_DEFINITION_CONTEXT('part definition',#2,'design');
#5681 = ADVANCED_BREP_SHAPE_REPRESENTATION('',(#11,#5682),#5832);
#5682 = MANIFOLD_SOLID_BREP('',#5683);
#5683 = CLOSED_SHELL('',(#5684,#5724,#5764,#5786,#5808,#5820));
#5684 = ADVANCED_FACE('',(#5685),#5719,.F.);
#5685 = FACE_BOUND('',#5686,.F.);
#5686 = EDGE_LOOP('',(#5687,#5697,#5705,#5713));
#5687 = ORIENTED_EDGE('',*,*,#5688,.F.);
#5688 = EDGE_CURVE('',#5689,#5691,#5693,.T.);
#5689 = VERTEX_POINT('',#5690);
#5690 = CARTESIAN_POINT('',(-0.9,0.95,0.1));
#5691 = VERTEX_POINT('',#5692);
#5692 = CARTESIAN_POINT('',(-0.9,0.95,0.17));
#5693 = LINE('',#5694,#5695);
#5694 = CARTESIAN_POINT('',(-0.9,0.95,0.1));
#5695 = VECTOR('',#5696,1.);
#5696 = DIRECTION('',(0.,0.,1.));
#5697 = ORIENTED_EDGE('',*,*,#5698,.T.);
#5698 = EDGE_CURVE('',#5689,#5699,#5701,.T.);
#5699 = VERTEX_POINT('',#5700);
#5700 = CARTESIAN_POINT('',(-0.9,1.45,0.1));
#5701 = LINE('',#5702,#5703);
#5702 = CARTESIAN_POINT('',(-0.9,0.95,0.1));
#5703 = VECTOR('',#5704,1.);
#5704 = DIRECTION('',(0.,1.,0.));
#5705 = ORIENTED_EDGE('',*,*,#5706,.T.);
#5706 = EDGE_CURVE('',#5699,#5707,#5709,.T.);
#5707 = VERTEX_POINT('',#5708);
#5708 = CARTESIAN_POINT('',(-0.9,1.45,0.17));
#5709 = LINE('',#5710,#5711);
#5710 = CARTESIAN_POINT('',(-0.9,1.45,0.1));
#5711 = VECTOR('',#5712,1.);
#5712 = DIRECTION('',(0.,0.,1.));
#5713 = ORIENTED_EDGE('',*,*,#5714,.F.);
#5714 = EDGE_CURVE('',#5691,#5707,#5715,.T.);
#5715 = LINE('',#5716,#5717);
#5716 = CARTESIAN_POINT('',(-0.9,0.95,0.17));
#5717 = VECTOR('',#5718,1.);
#5718 = DIRECTION('',(0.,1.,0.));
#5719 = PLANE('',#5720);
#5720 = AXIS2_PLACEMENT_3D('',#5721,#5722,#5723);
#5721 = CARTESIAN_POINT('',(-0.9,0.95,0.1));
#5722 = DIRECTION('',(1.,0.,0.));
#5723 = DIRECTION('',(0.,0.,1.));
#5724 = ADVANCED_FACE('',(#5725),#5759,.T.);
#5725 = FACE_BOUND('',#5726,.T.);
#5726 = EDGE_LOOP('',(#5727,#5737,#5745,#5753));
#5727 = ORIENTED_EDGE('',*,*,#5728,.F.);
#5728 = EDGE_CURVE('',#5729,#5731,#5733,.T.);
#5729 = VERTEX_POINT('',#5730);
#5730 = CARTESIAN_POINT('',(-0.7,0.95,0.1));
#5731 = VERTEX_POINT('',#5732);
#5732 = CARTESIAN_POINT('',(-0.7,0.95,0.17));
#5733 = LINE('',#5734,#5735);
#5734 = CARTESIAN_POINT('',(-0.7,0.95,0.1));
#5735 = VECTOR('',#5736,1.);
#5736 = DIRECTION('',(0.,0.,1.));
#5737 = ORIENTED_EDGE('',*,*,#5738,.T.);
#5738 = EDGE_CURVE('',#5729,#5739,#5741,.T.);
#5739 = VERTEX_POINT('',#5740);
#5740 = CARTESIAN_POINT('',(-0.7,1.45,0.1));
#5741 = LINE('',#5742,#5743);
#5742 = CARTESIAN_POINT('',(-0.7,0.95,0.1));
#5743 = VECTOR('',#5744,1.);
#5744 = DIRECTION('',(0.,1.,0.));
#5745 = ORIENTED_EDGE('',*,*,#5746,.T.);
#5746 = EDGE_CURVE('',#5739,#5747,#5749,.T.);
#5747 = VERTEX_POINT('',#5748);
#5748 = CARTESIAN_POINT('',(-0.7,1.45,0.17));
#5749 = LINE('',#5750,#5751);
#5750 = CARTESIAN_POINT('',(-0.7,1.45,0.1));
#5751 = VECTOR('',#5752,1.);
#5752 = DIRECTION('',(0.,0.,1.));
#5753 = ORIENTED_EDGE('',*,*,#5754,.F.);
#5754 = EDGE_CURVE('',#5731,#5747,#5755,.T.);
#5755 = LINE('',#5756,#5757);
#5756 = CARTESIAN_POINT('',(-0.7,0.95,0.17));
#5757 = VECTOR('',#5758,1.);
#5758 = DIRECTION('',(0.,1.,0.));
#5759 = PLANE('',#5760);
#5760 = AXIS2_PLACEMENT_3D('',#5761,#5762,#5763);
#5761 = CARTESIAN_POINT('',(-0.7,0.95,0.1));
#5762 = DIRECTION('',(1.,0.,0.));
#5763 = DIRECTION('',(0.,0.,1.));
#5764 = ADVANCED_FACE('',(#5765),#5781,.F.);
#5765 = FACE_BOUND('',#5766,.F.);
#5766 = EDGE_LOOP('',(#5767,#5773,#5774,#5780));
#5767 = ORIENTED_EDGE('',*,*,#5768,.F.);
#5768 = EDGE_CURVE('',#5689,#5729,#5769,.T.);
#5769 = LINE('',#5770,#5771);
#5770 = CARTESIAN_POINT('',(-0.9,0.95,0.1));
#5771 = VECTOR('',#5772,1.);
#5772 = DIRECTION('',(1.,0.,0.));
#5773 = ORIENTED_EDGE('',*,*,#5688,.T.);
#5774 = ORIENTED_EDGE('',*,*,#5775,.T.);
#5775 = EDGE_CURVE('',#5691,#5731,#5776,.T.);
#5776 = LINE('',#5777,#5778);
#5777 = CARTESIAN_POINT('',(-0.9,0.95,0.17));
#5778 = VECTOR('',#5779,1.);
#5779 = DIRECTION('',(1.,0.,0.));
#5780 = ORIENTED_EDGE('',*,*,#5728,.F.);
#5781 = PLANE('',#5782);
#5782 = AXIS2_PLACEMENT_3D('',#5783,#5784,#5785);
#5783 = CARTESIAN_POINT('',(-0.9,0.95,0.1));
#5784 = DIRECTION('',(0.,1.,0.));
#5785 = DIRECTION('',(0.,-0.,1.));
#5786 = ADVANCED_FACE('',(#5787),#5803,.T.);
#5787 = FACE_BOUND('',#5788,.T.);
#5788 = EDGE_LOOP('',(#5789,#5795,#5796,#5802));
#5789 = ORIENTED_EDGE('',*,*,#5790,.F.);
#5790 = EDGE_CURVE('',#5699,#5739,#5791,.T.);
#5791 = LINE('',#5792,#5793);
#5792 = CARTESIAN_POINT('',(-0.9,1.45,0.1));
#5793 = VECTOR('',#5794,1.);
#5794 = DIRECTION('',(1.,0.,0.));
#5795 = ORIENTED_EDGE('',*,*,#5706,.T.);
#5796 = ORIENTED_EDGE('',*,*,#5797,.T.);
#5797 = EDGE_CURVE('',#5707,#5747,#5798,.T.);
#5798 = LINE('',#5799,#5800);
#5799 = CARTESIAN_POINT('',(-0.9,1.45,0.17));
#5800 = VECTOR('',#5801,1.);
#5801 = DIRECTION('',(1.,0.,0.));
#5802 = ORIENTED_EDGE('',*,*,#5746,.F.);
#5803 = PLANE('',#5804);
#5804 = AXIS2_PLACEMENT_3D('',#5805,#5806,#5807);
#5805 = CARTESIAN_POINT('',(-0.9,1.45,0.1));
#5806 = DIRECTION('',(0.,1.,0.));
#5807 = DIRECTION('',(0.,-0.,1.));
#5808 = ADVANCED_FACE('',(#5809),#5815,.F.);
#5809 = FACE_BOUND('',#5810,.F.);
#5810 = EDGE_LOOP('',(#5811,#5812,#5813,#5814));
#5811 = ORIENTED_EDGE('',*,*,#5698,.F.);
#5812 = ORIENTED_EDGE('',*,*,#5768,.T.);
#5813 = ORIENTED_EDGE('',*,*,#5738,.T.);
#5814 = ORIENTED_EDGE('',*,*,#5790,.F.);
#5815 = PLANE('',#5816);
#5816 = AXIS2_PLACEMENT_3D('',#5817,#5818,#5819);
#5817 = CARTESIAN_POINT('',(-0.9,0.95,0.1));
#5818 = DIRECTION('',(0.,0.,1.));
#5819 = DIRECTION('',(1.,0.,-0.));
#5820 = ADVANCED_FACE('',(#5821),#5827,.T.);
#5821 = FACE_BOUND('',#5822,.T.);
#5822 = EDGE_LOOP('',(#5823,#5824,#5825,#5826));
#5823 = ORIENTED_EDGE('',*,*,#5714,.F.);
#5824 = ORIENTED_EDGE('',*,*,#5775,.T.);
#5825 = ORIENTED_EDGE('',*,*,#5754,.T.);
#5826 = ORIENTED_EDGE('',*,*,#5797,.F.);
#5827 = PLANE('',#5828);
#5828 = AXIS2_PLACEMENT_3D('',#5829,#5830,#5831);
#5829 = CARTESIAN_POINT('',(-0.9,0.95,0.17));
#5830 = DIRECTION('',(0.,0.,1.));
#5831 = DIRECTION('',(1.,0.,-0.));
#5832 = ( GEOMETRIC_REPRESENTATION_CONTEXT(3) 
GLOBAL_UNCERTAINTY_ASSIGNED_CONTEXT((#5836)) 
GLOBAL_UNIT_ASSIGNED_CONTEXT((#5833,#5834,#5835)) REPRESENTATION_CONTEXT
('Context #1','3D Context with UNIT and UNCERTAINTY') );
#5833 = ( LENGTH_UNIT() NAMED_UNIT(*) SI_UNIT(.MILLI.,.METRE.) );
#5834 = ( NAMED_UNIT(*) PLANE_ANGLE_UNIT() SI_UNIT($,.RADIAN.) );
#5835 = ( NAMED_UNIT(*) SI_UNIT($,.STERADIAN.) SOLID_ANGLE_UNIT() );
#5836 = UNCERTAINTY_MEASURE_WITH_UNIT(LENGTH_MEASURE(1.E-07),#5833,
  'distance_accuracy_value','confusion accuracy');
#5837 = CONTEXT_DEPENDENT_SHAPE_REPRESENTATION(#5838,#5840);
#5838 = ( REPRESENTATION_RELATIONSHIP('','',#5681,#2162) 
REPRESENTATION_RELATIONSHIP_WITH_TRANSFORMATION(#5839) 
SHAPE_REPRESENTATION_RELATIONSHIP() );
#5839 = ITEM_DEFINED_TRANSFORMATION('','',#11,#2243);
#5840 = PRODUCT_DEFINITION_SHAPE('Placement','Placement of an item',
  #5841);
#5841 = NEXT_ASSEMBLY_USAGE_OCCURRENCE('27','22','',#2157,#5676,$);
#5842 = PRODUCT_RELATED_PRODUCT_CATEGORY('part',$,(#5678));
#5843 = SHAPE_DEFINITION_REPRESENTATION(#5844,#5850);
#5844 = PRODUCT_DEFINITION_SHAPE('','',#5845);
#5845 = PRODUCT_DEFINITION('design','',#5846,#5849);
#5846 = PRODUCT_DEFINITION_FORMATION('','',#5847);
#5847 = PRODUCT('Open CASCADE STEP translator 7.9 1.2.22',
  'Open CASCADE STEP translator 7.9 1.2.22','',(#5848));
#5848 = PRODUCT_CONTEXT('',#2,'mechanical');
#5849 = PRODUCT_DEFINITION_CONTEXT('part definition',#2,'design');
#5850 = ADVANCED_BREP_SHAPE_REPRESENTATION('',(#11,#5851),#6001);
#5851 = MANIFOLD_SOLID_BREP('',#5852);
#5852 = CLOSED_SHELL('',(#5853,#5893,#5933,#5955,#5977,#5989));
#5853 = ADVANCED_FACE('',(#5854),#5888,.F.);
#5854 = FACE_BOUND('',#5855,.F.);
#5855 = EDGE_LOOP('',(#5856,#5866,#5874,#5882));
#5856 = ORIENTED_EDGE('',*,*,#5857,.F.);
#5857 = EDGE_CURVE('',#5858,#5860,#5862,.T.);
#5858 = VERTEX_POINT('',#5859);
#5859 = CARTESIAN_POINT('',(-0.5,0.95,0.1));
#5860 = VERTEX_POINT('',#5861);
#5861 = CARTESIAN_POINT('',(-0.5,0.95,0.17));
#5862 = LINE('',#5863,#5864);
#5863 = CARTESIAN_POINT('',(-0.5,0.95,0.1));
#5864 = VECTOR('',#5865,1.);
#5865 = DIRECTION('',(0.,0.,1.));
#5866 = ORIENTED_EDGE('',*,*,#5867,.T.);
#5867 = EDGE_CURVE('',#5858,#5868,#5870,.T.);
#5868 = VERTEX_POINT('',#5869);
#5869 = CARTESIAN_POINT('',(-0.5,1.45,0.1));
#5870 = LINE('',#5871,#5872);
#5871 = CARTESIAN_POINT('',(-0.5,0.95,0.1));
#5872 = VECTOR('',#5873,1.);
#5873 = DIRECTION('',(0.,1.,0.));
#5874 = ORIENTED_EDGE('',*,*,#5875,.T.);
#5875 = EDGE_CURVE('',#5868,#5876,#5878,.T.);
#5876 = VERTEX_POINT('',#5877);
#5877 = CARTESIAN_POINT('',(-0.5,1.45,0.17));
#5878 = LINE('',#5879,#5880);
#5879 = CARTESIAN_POINT('',(-0.5,1.45,0.1));
#5880 = VECTOR('',#5881,1.);
#5881 = DIRECTION('',(0.,0.,1.));
#5882 = ORIENTED_EDGE('',*,*,#5883,.F.);
#5883 = EDGE_CURVE('',#5860,#5876,#5884,.T.);
#5884 = LINE('',#5885,#5886);
#5885 = CARTESIAN_POINT('',(-0.5,0.95,0.17));
#5886 = VECTOR('',#5887,1.);
#5887 = DIRECTION('',(0.,1.,0.));
#5888 = PLANE('',#5889);
#5889 = AXIS2_PLACEMENT_3D('',#5890,#5891,#5892);
#5890 = CARTESIAN_POINT('',(-0.5,0.95,0.1));
#5891 = DIRECTION('',(1.,0.,0.));
#5892 = DIRECTION('',(0.,0.,1.));
#5893 = ADVANCED_FACE('',(#5894),#5928,.T.);
#5894 = FACE_BOUND('',#5895,.T.);
#5895 = EDGE_LOOP('',(#5896,#5906,#5914,#5922));
#5896 = ORIENTED_EDGE('',*,*,#5897,.F.);
#5897 = EDGE_CURVE('',#5898,#5900,#5902,.T.);
#5898 = VERTEX_POINT('',#5899);
#5899 = CARTESIAN_POINT('',(-0.3,0.95,0.1));
#5900 = VERTEX_POINT('',#5901);
#5901 = CARTESIAN_POINT('',(-0.3,0.95,0.17));
#5902 = LINE('',#5903,#5904);
#5903 = CARTESIAN_POINT('',(-0.3,0.95,0.1));
#5904 = VECTOR('',#5905,1.);
#5905 = DIRECTION('',(0.,0.,1.));
#5906 = ORIENTED_EDGE('',*,*,#5907,.T.);
#5907 = EDGE_CURVE('',#5898,#5908,#5910,.T.);
#5908 = VERTEX_POINT('',#5909);
#5909 = CARTESIAN_POINT('',(-0.3,1.45,0.1));
#5910 = LINE('',#5911,#5912);
#5911 = CARTESIAN_POINT('',(-0.3,0.95,0.1));
#5912 = VECTOR('',#5913,1.);
#5913 = DIRECTION('',(0.,1.,0.));
#5914 = ORIENTED_EDGE('',*,*,#5915,.T.);
#5915 = EDGE_CURVE('',#5908,#5916,#5918,.T.);
#5916 = VERTEX_POINT('',#5917);
#5917 = CARTESIAN_POINT('',(-0.3,1.45,0.17));
#5918 = LINE('',#5919,#5920);
#5919 = CARTESIAN_POINT('',(-0.3,1.45,0.1));
#5920 = VECTOR('',#5921,1.);
#5921 = DIRECTION('',(0.,0.,1.));
#5922 = ORIENTED_EDGE('',*,*,#5923,.F.);
#5923 = EDGE_CURVE('',#5900,#5916,#5924,.T.);
#5924 = LINE('',#5925,#5926);
#5925 = CARTESIAN_POINT('',(-0.3,0.95,0.17));
#5926 = VECTOR('',#5927,1.);
#5927 = DIRECTION('',(0.,1.,0.));
#5928 = PLANE('',#5929);
#5929 = AXIS2_PLACEMENT_3D('',#5930,#5931,#5932);
#5930 = CARTESIAN_POINT('',(-0.3,0.95,0.1));
#5931 = DIRECTION('',(1.,0.,0.));
#5932 = DIRECTION('',(0.,0.,1.));
#5933 = ADVANCED_FACE('',(#5934),#5950,.F.);
#5934 = FACE_BOUND('',#5935,.F.);
#5935 = EDGE_LOOP('',(#5936,#5942,#5943,#5949));
#5936 = ORIENTED_EDGE('',*,*,#5937,.F.);
#5937 = EDGE_CURVE('',#5858,#5898,#5938,.T.);
#5938 = LINE('',#5939,#5940);
#5939 = CARTESIAN_POINT('',(-0.5,0.95,0.1));
#5940 = VECTOR('',#5941,1.);
#5941 = DIRECTION('',(1.,0.,0.));
#5942 = ORIENTED_EDGE('',*,*,#5857,.T.);
#5943 = ORIENTED_EDGE('',*,*,#5944,.T.);
#5944 = EDGE_CURVE('',#5860,#5900,#5945,.T.);
#5945 = LINE('',#5946,#5947);
#5946 = CARTESIAN_POINT('',(-0.5,0.95,0.17));
#5947 = VECTOR('',#5948,1.);
#5948 = DIRECTION('',(1.,0.,0.));
#5949 = ORIENTED_EDGE('',*,*,#5897,.F.);
#5950 = PLANE('',#5951);
#5951 = AXIS2_PLACEMENT_3D('',#5952,#5953,#5954);
#5952 = CARTESIAN_POINT('',(-0.5,0.95,0.1));
#5953 = DIRECTION('',(0.,1.,0.));
#5954 = DIRECTION('',(0.,-0.,1.));
#5955 = ADVANCED_FACE('',(#5956),#5972,.T.);
#5956 = FACE_BOUND('',#5957,.T.);
#5957 = EDGE_LOOP('',(#5958,#5964,#5965,#5971));
#5958 = ORIENTED_EDGE('',*,*,#5959,.F.);
#5959 = EDGE_CURVE('',#5868,#5908,#5960,.T.);
#5960 = LINE('',#5961,#5962);
#5961 = CARTESIAN_POINT('',(-0.5,1.45,0.1));
#5962 = VECTOR('',#5963,1.);
#5963 = DIRECTION('',(1.,0.,0.));
#5964 = ORIENTED_EDGE('',*,*,#5875,.T.);
#5965 = ORIENTED_EDGE('',*,*,#5966,.T.);
#5966 = EDGE_CURVE('',#5876,#5916,#5967,.T.);
#5967 = LINE('',#5968,#5969);
#5968 = CARTESIAN_POINT('',(-0.5,1.45,0.17));
#5969 = VECTOR('',#5970,1.);
#5970 = DIRECTION('',(1.,0.,0.));
#5971 = ORIENTED_EDGE('',*,*,#5915,.F.);
#5972 = PLANE('',#5973);
#5973 = AXIS2_PLACEMENT_3D('',#5974,#5975,#5976);
#5974 = CARTESIAN_POINT('',(-0.5,1.45,0.1));
#5975 = DIRECTION('',(0.,1.,0.));
#5976 = DIRECTION('',(0.,-0.,1.));
#5977 = ADVANCED_FACE('',(#5978),#5984,.F.);
#5978 = FACE_BOUND('',#5979,.F.);
#5979 = EDGE_LOOP('',(#5980,#5981,#5982,#5983));
#5980 = ORIENTED_EDGE('',*,*,#5867,.F.);
#5981 = ORIENTED_EDGE('',*,*,#5937,.T.);
#5982 = ORIENTED_EDGE('',*,*,#5907,.T.);
#5983 = ORIENTED_EDGE('',*,*,#5959,.F.);
#5984 = PLANE('',#5985);
#5985 = AXIS2_PLACEMENT_3D('',#5986,#5987,#5988);
#5986 = CARTESIAN_POINT('',(-0.5,0.95,0.1));
#5987 = DIRECTION('',(0.,0.,1.));
#5988 = DIRECTION('',(1.,0.,-0.));
#5989 = ADVANCED_FACE('',(#5990),#5996,.T.);
#5990 = FACE_BOUND('',#5991,.T.);
#5991 = EDGE_LOOP('',(#5992,#5993,#5994,#5995));
#5992 = ORIENTED_EDGE('',*,*,#5883,.F.);
#5993 = ORIENTED_EDGE('',*,*,#5944,.T.);
#5994 = ORIENTED_EDGE('',*,*,#5923,.T.);
#5995 = ORIENTED_EDGE('',*,*,#5966,.F.);
#5996 = PLANE('',#5997);
#5997 = AXIS2_PLACEMENT_3D('',#5998,#5999,#6000);
#5998 = CARTESIAN_POINT('',(-0.5,0.95,0.17));
#5999 = DIRECTION('',(0.,0.,1.));
#6000 = DIRECTION('',(1.,0.,-0.));
#6001 = ( GEOMETRIC_REPRESENTATION_CONTEXT(3) 
GLOBAL_UNCERTAINTY_ASSIGNED_CONTEXT((#6005)) 
GLOBAL_UNIT_ASSIGNED_CONTEXT((#6002,#6003,#6004)) REPRESENTATION_CONTEXT
('Context #1','3D Context with UNIT and UNCERTAINTY') );
#6002 = ( LENGTH_UNIT() NAMED_UNIT(*) SI_UNIT(.MILLI.,.METRE.) );
#6003 = ( NAMED_UNIT(*) PLANE_ANGLE_UNIT() SI_UNIT($,.RADIAN.) );
#6004 = ( NAMED_UNIT(*) SI_UNIT($,.STERADIAN.) SOLID_ANGLE_UNIT() );
#6005 = UNCERTAINTY_MEASURE_WITH_UNIT(LENGTH_MEASURE(1.E-07),#6002,
  'distance_accuracy_value','confusion accuracy');
#6006 = CONTEXT_DEPENDENT_SHAPE_REPRESENTATION(#6007,#6009);
#6007 = ( REPRESENTATION_RELATIONSHIP('','',#5850,#2162) 
REPRESENTATION_RELATIONSHIP_WITH_TRANSFORMATION(#6008) 
SHAPE_REPRESENTATION_RELATIONSHIP() );
#6008 = ITEM_DEFINED_TRANSFORMATION('','',#11,#2247);
#6009 = PRODUCT_DEFINITION_SHAPE('Placement','Placement of an item',
  #6010);
#6010 = NEXT_ASSEMBLY_USAGE_OCCURRENCE('28','23','',#2157,#5845,$);
#6011 = PRODUCT_RELATED_PRODUCT_CATEGORY('part',$,(#5847));
#6012 = SHAPE_DEFINITION_REPRESENTATION(#6013,#6019);
#6013 = PRODUCT_DEFINITION_SHAPE('','',#6014);
#6014 = PRODUCT_DEFINITION('design','',#6015,#6018);
#6015 = PRODUCT_DEFINITION_FORMATION('','',#6016);
#6016 = PRODUCT('Open CASCADE STEP translator 7.9 1.2.23',
  'Open CASCADE STEP translator 7.9 1.2.23','',(#6017));
#6017 = PRODUCT_CONTEXT('',#2,'mechanical');
#6018 = PRODUCT_DEFINITION_CONTEXT('part definition',#2,'design');
#6019 = ADVANCED_BREP_SHAPE_REPRESENTATION('',(#11,#6020),#6170);
#6020 = MANIFOLD_SOLID_BREP('',#6021);
#6021 = CLOSED_SHELL('',(#6022,#6062,#6102,#6124,#6146,#6158));
#6022 = ADVANCED_FACE('',(#6023),#6057,.F.);
#6023 = FACE_BOUND('',#6024,.F.);
#6024 = EDGE_LOOP('',(#6025,#6035,#6043,#6051));
#6025 = ORIENTED_EDGE('',*,*,#6026,.F.);
#6026 = EDGE_CURVE('',#6027,#6029,#6031,.T.);
#6027 = VERTEX_POINT('',#6028);
#6028 = CARTESIAN_POINT('',(-0.1,0.95,0.1));
#6029 = VERTEX_POINT('',#6030);
#6030 = CARTESIAN_POINT('',(-0.1,0.95,0.17));
#6031 = LINE('',#6032,#6033);
#6032 = CARTESIAN_POINT('',(-0.1,0.95,0.1));
#6033 = VECTOR('',#6034,1.);
#6034 = DIRECTION('',(0.,0.,1.));
#6035 = ORIENTED_EDGE('',*,*,#6036,.T.);
#6036 = EDGE_CURVE('',#6027,#6037,#6039,.T.);
#6037 = VERTEX_POINT('',#6038);
#6038 = CARTESIAN_POINT('',(-0.1,1.45,0.1));
#6039 = LINE('',#6040,#6041);
#6040 = CARTESIAN_POINT('',(-0.1,0.95,0.1));
#6041 = VECTOR('',#6042,1.);
#6042 = DIRECTION('',(0.,1.,0.));
#6043 = ORIENTED_EDGE('',*,*,#6044,.T.);
#6044 = EDGE_CURVE('',#6037,#6045,#6047,.T.);
#6045 = VERTEX_POINT('',#6046);
#6046 = CARTESIAN_POINT('',(-0.1,1.45,0.17));
#6047 = LINE('',#6048,#6049);
#6048 = CARTESIAN_POINT('',(-0.1,1.45,0.1));
#6049 = VECTOR('',#6050,1.);
#6050 = DIRECTION('',(0.,0.,1.));
#6051 = ORIENTED_EDGE('',*,*,#6052,.F.);
#6052 = EDGE_CURVE('',#6029,#6045,#6053,.T.);
#6053 = LINE('',#6054,#6055);
#6054 = CARTESIAN_POINT('',(-0.1,0.95,0.17));
#6055 = VECTOR('',#6056,1.);
#6056 = DIRECTION('',(0.,1.,0.));
#6057 = PLANE('',#6058);
#6058 = AXIS2_PLACEMENT_3D('',#6059,#6060,#6061);
#6059 = CARTESIAN_POINT('',(-0.1,0.95,0.1));
#6060 = DIRECTION('',(1.,0.,0.));
#6061 = DIRECTION('',(0.,0.,1.));
#6062 = ADVANCED_FACE('',(#6063),#6097,.T.);
#6063 = FACE_BOUND('',#6064,.T.);
#6064 = EDGE_LOOP('',(#6065,#6075,#6083,#6091));
#6065 = ORIENTED_EDGE('',*,*,#6066,.F.);
#6066 = EDGE_CURVE('',#6067,#6069,#6071,.T.);
#6067 = VERTEX_POINT('',#6068);
#6068 = CARTESIAN_POINT('',(0.1,0.95,0.1));
#6069 = VERTEX_POINT('',#6070);
#6070 = CARTESIAN_POINT('',(0.1,0.95,0.17));
#6071 = LINE('',#6072,#6073);
#6072 = CARTESIAN_POINT('',(0.1,0.95,0.1));
#6073 = VECTOR('',#6074,1.);
#6074 = DIRECTION('',(0.,0.,1.));
#6075 = ORIENTED_EDGE('',*,*,#6076,.T.);
#6076 = EDGE_CURVE('',#6067,#6077,#6079,.T.);
#6077 = VERTEX_POINT('',#6078);
#6078 = CARTESIAN_POINT('',(0.1,1.45,0.1));
#6079 = LINE('',#6080,#6081);
#6080 = CARTESIAN_POINT('',(0.1,0.95,0.1));
#6081 = VECTOR('',#6082,1.);
#6082 = DIRECTION('',(0.,1.,0.));
#6083 = ORIENTED_EDGE('',*,*,#6084,.T.);
#6084 = EDGE_CURVE('',#6077,#6085,#6087,.T.);
#6085 = VERTEX_POINT('',#6086);
#6086 = CARTESIAN_POINT('',(0.1,1.45,0.17));
#6087 = LINE('',#6088,#6089);
#6088 = CARTESIAN_POINT('',(0.1,1.45,0.1));
#6089 = VECTOR('',#6090,1.);
#6090 = DIRECTION('',(0.,0.,1.));
#6091 = ORIENTED_EDGE('',*,*,#6092,.F.);
#6092 = EDGE_CURVE('',#6069,#6085,#6093,.T.);
#6093 = LINE('',#6094,#6095);
#6094 = CARTESIAN_POINT('',(0.1,0.95,0.17));
#6095 = VECTOR('',#6096,1.);
#6096 = DIRECTION('',(0.,1.,0.));
#6097 = PLANE('',#6098);
#6098 = AXIS2_PLACEMENT_3D('',#6099,#6100,#6101);
#6099 = CARTESIAN_POINT('',(0.1,0.95,0.1));
#6100 = DIRECTION('',(1.,0.,0.));
#6101 = DIRECTION('',(0.,0.,1.));
#6102 = ADVANCED_FACE('',(#6103),#6119,.F.);
#6103 = FACE_BOUND('',#6104,.F.);
#6104 = EDGE_LOOP('',(#6105,#6111,#6112,#6118));
#6105 = ORIENTED_EDGE('',*,*,#6106,.F.);
#6106 = EDGE_CURVE('',#6027,#6067,#6107,.T.);
#6107 = LINE('',#6108,#6109);
#6108 = CARTESIAN_POINT('',(-0.1,0.95,0.1));
#6109 = VECTOR('',#6110,1.);
#6110 = DIRECTION('',(1.,0.,0.));
#6111 = ORIENTED_EDGE('',*,*,#6026,.T.);
#6112 = ORIENTED_EDGE('',*,*,#6113,.T.);
#6113 = EDGE_CURVE('',#6029,#6069,#6114,.T.);
#6114 = LINE('',#6115,#6116);
#6115 = CARTESIAN_POINT('',(-0.1,0.95,0.17));
#6116 = VECTOR('',#6117,1.);
#6117 = DIRECTION('',(1.,0.,0.));
#6118 = ORIENTED_EDGE('',*,*,#6066,.F.);
#6119 = PLANE('',#6120);
#6120 = AXIS2_PLACEMENT_3D('',#6121,#6122,#6123);
#6121 = CARTESIAN_POINT('',(-0.1,0.95,0.1));
#6122 = DIRECTION('',(0.,1.,0.));
#6123 = DIRECTION('',(0.,-0.,1.));
#6124 = ADVANCED_FACE('',(#6125),#6141,.T.);
#6125 = FACE_BOUND('',#6126,.T.);
#6126 = EDGE_LOOP('',(#6127,#6133,#6134,#6140));
#6127 = ORIENTED_EDGE('',*,*,#6128,.F.);
#6128 = EDGE_CURVE('',#6037,#6077,#6129,.T.);
#6129 = LINE('',#6130,#6131);
#6130 = CARTESIAN_POINT('',(-0.1,1.45,0.1));
#6131 = VECTOR('',#6132,1.);
#6132 = DIRECTION('',(1.,0.,0.));
#6133 = ORIENTED_EDGE('',*,*,#6044,.T.);
#6134 = ORIENTED_EDGE('',*,*,#6135,.T.);
#6135 = EDGE_CURVE('',#6045,#6085,#6136,.T.);
#6136 = LINE('',#6137,#6138);
#6137 = CARTESIAN_POINT('',(-0.1,1.45,0.17));
#6138 = VECTOR('',#6139,1.);
#6139 = DIRECTION('',(1.,0.,0.));
#6140 = ORIENTED_EDGE('',*,*,#6084,.F.);
#6141 = PLANE('',#6142);
#6142 = AXIS2_PLACEMENT_3D('',#6143,#6144,#6145);
#6143 = CARTESIAN_POINT('',(-0.1,1.45,0.1));
#6144 = DIRECTION('',(0.,1.,0.));
#6145 = DIRECTION('',(0.,-0.,1.));
#6146 = ADVANCED_FACE('',(#6147),#6153,.F.);
#6147 = FACE_BOUND('',#6148,.F.);
#6148 = EDGE_LOOP('',(#6149,#6150,#6151,#6152));
#6149 = ORIENTED_EDGE('',*,*,#6036,.F.);
#6150 = ORIENTED_EDGE('',*,*,#6106,.T.);
#6151 = ORIENTED_EDGE('',*,*,#6076,.T.);
#6152 = ORIENTED_EDGE('',*,*,#6128,.F.);
#6153 = PLANE('',#6154);
#6154 = AXIS2_PLACEMENT_3D('',#6155,#6156,#6157);
#6155 = CARTESIAN_POINT('',(-0.1,0.95,0.1));
#6156 = DIRECTION('',(0.,0.,1.));
#6157 = DIRECTION('',(1.,0.,-0.));
#6158 = ADVANCED_FACE('',(#6159),#6165,.T.);
#6159 = FACE_BOUND('',#6160,.T.);
#6160 = EDGE_LOOP('',(#6161,#6162,#6163,#6164));
#6161 = ORIENTED_EDGE('',*,*,#6052,.F.);
#6162 = ORIENTED_EDGE('',*,*,#6113,.T.);
#6163 = ORIENTED_EDGE('',*,*,#6092,.T.);
#6164 = ORIENTED_EDGE('',*,*,#6135,.F.);
#6165 = PLANE('',#6166);
#6166 = AXIS2_PLACEMENT_3D('',#6167,#6168,#6169);
#6167 = CARTESIAN_POINT('',(-0.1,0.95,0.17));
#6168 = DIRECTION('',(0.,0.,1.));
#6169 = DIRECTION('',(1.,0.,-0.));
#6170 = ( GEOMETRIC_REPRESENTATION_CONTEXT(3) 
GLOBAL_UNCERTAINTY_ASSIGNED_CONTEXT((#6174)) 
GLOBAL_UNIT_ASSIGNED_CONTEXT((#6171,#6172,#6173)) REPRESENTATION_CONTEXT
('Context #1','3D Context with UNIT and UNCERTAINTY') );
#6171 = ( LENGTH_UNIT() NAMED_UNIT(*) SI_UNIT(.MILLI.,.METRE.) );
#6172 = ( NAMED_UNIT(*) PLANE_ANGLE_UNIT() SI_UNIT($,.RADIAN.) );
#6173 = ( NAMED_UNIT(*) SI_UNIT($,.STERADIAN.) SOLID_ANGLE_UNIT() );
#6174 = UNCERTAINTY_MEASURE_WITH_UNIT(LENGTH_MEASURE(1.E-07),#6171,
  'distance_accuracy_value','confusion accuracy');
#6175 = CONTEXT_DEPENDENT_SHAPE_REPRESENTATION(#6176,#6178);
#6176 = ( REPRESENTATION_RELATIONSHIP('','',#6019,#2162) 
REPRESENTATION_RELATIONSHIP_WITH_TRANSFORMATION(#6177) 
SHAPE_REPRESENTATION_RELATIONSHIP() );
#6177 = ITEM_DEFINED_TRANSFORMATION('','',#11,#2251);
#6178 = PRODUCT_DEFINITION_SHAPE('Placement','Placement of an item',
  #6179);
#6179 = NEXT_ASSEMBLY_USAGE_OCCURRENCE('29','24','',#2157,#6014,$);
#6180 = PRODUCT_RELATED_PRODUCT_CATEGORY('part',$,(#6016));
#6181 = SHAPE_DEFINITION_REPRESENTATION(#6182,#6188);
#6182 = PRODUCT_DEFINITION_SHAPE('','',#6183);
#6183 = PRODUCT_DEFINITION('design','',#6184,#6187);
#6184 = PRODUCT_DEFINITION_FORMATION('','',#6185);
#6185 = PRODUCT('Open CASCADE STEP translator 7.9 1.2.24',
  'Open CASCADE STEP translator 7.9 1.2.24','',(#6186));
#6186 = PRODUCT_CONTEXT('',#2,'mechanical');
#6187 = PRODUCT_DEFINITION_CONTEXT('part definition',#2,'design');
#6188 = ADVANCED_BREP_SHAPE_REPRESENTATION('',(#11,#6189),#6339);
#6189 = MANIFOLD_SOLID_BREP('',#6190);
#6190 = CLOSED_SHELL('',(#6191,#6231,#6271,#6293,#6315,#6327));
#6191 = ADVANCED_FACE('',(#6192),#6226,.F.);
#6192 = FACE_BOUND('',#6193,.F.);
#6193 = EDGE_LOOP('',(#6194,#6204,#6212,#6220));
#6194 = ORIENTED_EDGE('',*,*,#6195,.F.);
#6195 = EDGE_CURVE('',#6196,#6198,#6200,.T.);
#6196 = VERTEX_POINT('',#6197);
#6197 = CARTESIAN_POINT('',(0.3,0.95,0.1));
#6198 = VERTEX_POINT('',#6199);
#6199 = CARTESIAN_POINT('',(0.3,0.95,0.17));
#6200 = LINE('',#6201,#6202);
#6201 = CARTESIAN_POINT('',(0.3,0.95,0.1));
#6202 = VECTOR('',#6203,1.);
#6203 = DIRECTION('',(0.,0.,1.));
#6204 = ORIENTED_EDGE('',*,*,#6205,.T.);
#6205 = EDGE_CURVE('',#6196,#6206,#6208,.T.);
#6206 = VERTEX_POINT('',#6207);
#6207 = CARTESIAN_POINT('',(0.3,1.45,0.1));
#6208 = LINE('',#6209,#6210);
#6209 = CARTESIAN_POINT('',(0.3,0.95,0.1));
#6210 = VECTOR('',#6211,1.);
#6211 = DIRECTION('',(0.,1.,0.));
#6212 = ORIENTED_EDGE('',*,*,#6213,.T.);
#6213 = EDGE_CURVE('',#6206,#6214,#6216,.T.);
#6214 = VERTEX_POINT('',#6215);
#6215 = CARTESIAN_POINT('',(0.3,1.45,0.17));
#6216 = LINE('',#6217,#6218);
#6217 = CARTESIAN_POINT('',(0.3,1.45,0.1));
#6218 = VECTOR('',#6219,1.);
#6219 = DIRECTION('',(0.,0.,1.));
#6220 = ORIENTED_EDGE('',*,*,#6221,.F.);
#6221 = EDGE_CURVE('',#6198,#6214,#6222,.T.);
#6222 = LINE('',#6223,#6224);
#6223 = CARTESIAN_POINT('',(0.3,0.95,0.17));
#6224 = VECTOR('',#6225,1.);
#6225 = DIRECTION('',(0.,1.,0.));
#6226 = PLANE('',#6227);
#6227 = AXIS2_PLACEMENT_3D('',#6228,#6229,#6230);
#6228 = CARTESIAN_POINT('',(0.3,0.95,0.1));
#6229 = DIRECTION('',(1.,0.,0.));
#6230 = DIRECTION('',(0.,0.,1.));
#6231 = ADVANCED_FACE('',(#6232),#6266,.T.);
#6232 = FACE_BOUND('',#6233,.T.);
#6233 = EDGE_LOOP('',(#6234,#6244,#6252,#6260));
#6234 = ORIENTED_EDGE('',*,*,#6235,.F.);
#6235 = EDGE_CURVE('',#6236,#6238,#6240,.T.);
#6236 = VERTEX_POINT('',#6237);
#6237 = CARTESIAN_POINT('',(0.5,0.95,0.1));
#6238 = VERTEX_POINT('',#6239);
#6239 = CARTESIAN_POINT('',(0.5,0.95,0.17));
#6240 = LINE('',#6241,#6242);
#6241 = CARTESIAN_POINT('',(0.5,0.95,0.1));
#6242 = VECTOR('',#6243,1.);
#6243 = DIRECTION('',(0.,0.,1.));
#6244 = ORIENTED_EDGE('',*,*,#6245,.T.);
#6245 = EDGE_CURVE('',#6236,#6246,#6248,.T.);
#6246 = VERTEX_POINT('',#6247);
#6247 = CARTESIAN_POINT('',(0.5,1.45,0.1));
#6248 = LINE('',#6249,#6250);
#6249 = CARTESIAN_POINT('',(0.5,0.95,0.1));
#6250 = VECTOR('',#6251,1.);
#6251 = DIRECTION('',(0.,1.,0.));
#6252 = ORIENTED_EDGE('',*,*,#6253,.T.);
#6253 = EDGE_CURVE('',#6246,#6254,#6256,.T.);
#6254 = VERTEX_POINT('',#6255);
#6255 = CARTESIAN_POINT('',(0.5,1.45,0.17));
#6256 = LINE('',#6257,#6258);
#6257 = CARTESIAN_POINT('',(0.5,1.45,0.1));
#6258 = VECTOR('',#6259,1.);
#6259 = DIRECTION('',(0.,0.,1.));
#6260 = ORIENTED_EDGE('',*,*,#6261,.F.);
#6261 = EDGE_CURVE('',#6238,#6254,#6262,.T.);
#6262 = LINE('',#6263,#6264);
#6263 = CARTESIAN_POINT('',(0.5,0.95,0.17));
#6264 = VECTOR('',#6265,1.);
#6265 = DIRECTION('',(0.,1.,0.));
#6266 = PLANE('',#6267);
#6267 = AXIS2_PLACEMENT_3D('',#6268,#6269,#6270);
#6268 = CARTESIAN_POINT('',(0.5,0.95,0.1));
#6269 = DIRECTION('',(1.,0.,0.));
#6270 = DIRECTION('',(0.,0.,1.));
#6271 = ADVANCED_FACE('',(#6272),#6288,.F.);
#6272 = FACE_BOUND('',#6273,.F.);
#6273 = EDGE_LOOP('',(#6274,#6280,#6281,#6287));
#6274 = ORIENTED_EDGE('',*,*,#6275,.F.);
#6275 = EDGE_CURVE('',#6196,#6236,#6276,.T.);
#6276 = LINE('',#6277,#6278);
#6277 = CARTESIAN_POINT('',(0.3,0.95,0.1));
#6278 = VECTOR('',#6279,1.);
#6279 = DIRECTION('',(1.,0.,0.));
#6280 = ORIENTED_EDGE('',*,*,#6195,.T.);
#6281 = ORIENTED_EDGE('',*,*,#6282,.T.);
#6282 = EDGE_CURVE('',#6198,#6238,#6283,.T.);
#6283 = LINE('',#6284,#6285);
#6284 = CARTESIAN_POINT('',(0.3,0.95,0.17));
#6285 = VECTOR('',#6286,1.);
#6286 = DIRECTION('',(1.,0.,0.));
#6287 = ORIENTED_EDGE('',*,*,#6235,.F.);
#6288 = PLANE('',#6289);
#6289 = AXIS2_PLACEMENT_3D('',#6290,#6291,#6292);
#6290 = CARTESIAN_POINT('',(0.3,0.95,0.1));
#6291 = DIRECTION('',(0.,1.,0.));
#6292 = DIRECTION('',(0.,-0.,1.));
#6293 = ADVANCED_FACE('',(#6294),#6310,.T.);
#6294 = FACE_BOUND('',#6295,.T.);
#6295 = EDGE_LOOP('',(#6296,#6302,#6303,#6309));
#6296 = ORIENTED_EDGE('',*,*,#6297,.F.);
#6297 = EDGE_CURVE('',#6206,#6246,#6298,.T.);
#6298 = LINE('',#6299,#6300);
#6299 = CARTESIAN_POINT('',(0.3,1.45,0.1));
#6300 = VECTOR('',#6301,1.);
#6301 = DIRECTION('',(1.,0.,0.));
#6302 = ORIENTED_EDGE('',*,*,#6213,.T.);
#6303 = ORIENTED_EDGE('',*,*,#6304,.T.);
#6304 = EDGE_CURVE('',#6214,#6254,#6305,.T.);
#6305 = LINE('',#6306,#6307);
#6306 = CARTESIAN_POINT('',(0.3,1.45,0.17));
#6307 = VECTOR('',#6308,1.);
#6308 = DIRECTION('',(1.,0.,0.));
#6309 = ORIENTED_EDGE('',*,*,#6253,.F.);
#6310 = PLANE('',#6311);
#6311 = AXIS2_PLACEMENT_3D('',#6312,#6313,#6314);
#6312 = CARTESIAN_POINT('',(0.3,1.45,0.1));
#6313 = DIRECTION('',(0.,1.,0.));
#6314 = DIRECTION('',(0.,-0.,1.));
#6315 = ADVANCED_FACE('',(#6316),#6322,.F.);
#6316 = FACE_BOUND('',#6317,.F.);
#6317 = EDGE_LOOP('',(#6318,#6319,#6320,#6321));
#6318 = ORIENTED_EDGE('',*,*,#6205,.F.);
#6319 = ORIENTED_EDGE('',*,*,#6275,.T.);
#6320 = ORIENTED_EDGE('',*,*,#6245,.T.);
#6321 = ORIENTED_EDGE('',*,*,#6297,.F.);
#6322 = PLANE('',#6323);
#6323 = AXIS2_PLACEMENT_3D('',#6324,#6325,#6326);
#6324 = CARTESIAN_POINT('',(0.3,0.95,0.1));
#6325 = DIRECTION('',(0.,0.,1.));
#6326 = DIRECTION('',(1.,0.,-0.));
#6327 = ADVANCED_FACE('',(#6328),#6334,.T.);
#6328 = FACE_BOUND('',#6329,.T.);
#6329 = EDGE_LOOP('',(#6330,#6331,#6332,#6333));
#6330 = ORIENTED_EDGE('',*,*,#6221,.F.);
#6331 = ORIENTED_EDGE('',*,*,#6282,.T.);
#6332 = ORIENTED_EDGE('',*,*,#6261,.T.);
#6333 = ORIENTED_EDGE('',*,*,#6304,.F.);
#6334 = PLANE('',#6335);
#6335 = AXIS2_PLACEMENT_3D('',#6336,#6337,#6338);
#6336 = CARTESIAN_POINT('',(0.3,0.95,0.17));
#6337 = DIRECTION('',(0.,0.,1.));
#6338 = DIRECTION('',(1.,0.,-0.));
#6339 = ( GEOMETRIC_REPRESENTATION_CONTEXT(3) 
GLOBAL_UNCERTAINTY_ASSIGNED_CONTEXT((#6343)) 
GLOBAL_UNIT_ASSIGNED_CONTEXT((#6340,#6341,#6342)) REPRESENTATION_CONTEXT
('Context #1','3D Context with UNIT and UNCERTAINTY') );
#6340 = ( LENGTH_UNIT() NAMED_UNIT(*) SI_UNIT(.MILLI.,.METRE.) );
#6341 = ( NAMED_UNIT(*) PLANE_ANGLE_UNIT() SI_UNIT($,.RADIAN.) );
#6342 = ( NAMED_UNIT(*) SI_UNIT($,.STERADIAN.) SOLID_ANGLE_UNIT() );
#6343 = UNCERTAINTY_MEASURE_WITH_UNIT(LENGTH_MEASURE(1.E-07),#6340,
  'distance_accuracy_value','confusion accuracy');
#6344 = CONTEXT_DEPENDENT_SHAPE_REPRESENTATION(#6345,#6347);
#6345 = ( REPRESENTATION_RELATIONSHIP('','',#6188,#2162) 
REPRESENTATION_RELATIONSHIP_WITH_TRANSFORMATION(#6346) 
SHAPE_REPRESENTATION_RELATIONSHIP() );
#6346 = ITEM_DEFINED_TRANSFORMATION('','',#11,#2255);
#6347 = PRODUCT_DEFINITION_SHAPE('Placement','Placement of an item',
  #6348);
#6348 = NEXT_ASSEMBLY_USAGE_OCCURRENCE('30','25','',#2157,#6183,$);
#6349 = PRODUCT_RELATED_PRODUCT_CATEGORY('part',$,(#6185));
#6350 = SHAPE_DEFINITION_REPRESENTATION(#6351,#6357);
#6351 = PRODUCT_DEFINITION_SHAPE('','',#6352);
#6352 = PRODUCT_DEFINITION('design','',#6353,#6356);
#6353 = PRODUCT_DEFINITION_FORMATION('','',#6354);
#6354 = PRODUCT('Open CASCADE STEP translator 7.9 1.2.25',
  'Open CASCADE STEP translator 7.9 1.2.25','',(#6355));
#6355 = PRODUCT_CONTEXT('',#2,'mechanical');
#6356 = PRODUCT_DEFINITION_CONTEXT('part definition',#2,'design');
#6357 = ADVANCED_BREP_SHAPE_REPRESENTATION('',(#11,#6358),#6508);
#6358 = MANIFOLD_SOLID_BREP('',#6359);
#6359 = CLOSED_SHELL('',(#6360,#6400,#6440,#6462,#6484,#6496));
#6360 = ADVANCED_FACE('',(#6361),#6395,.F.);
#6361 = FACE_BOUND('',#6362,.F.);
#6362 = EDGE_LOOP('',(#6363,#6373,#6381,#6389));
#6363 = ORIENTED_EDGE('',*,*,#6364,.F.);
#6364 = EDGE_CURVE('',#6365,#6367,#6369,.T.);
#6365 = VERTEX_POINT('',#6366);
#6366 = CARTESIAN_POINT('',(0.7,0.95,0.1));
#6367 = VERTEX_POINT('',#6368);
#6368 = CARTESIAN_POINT('',(0.7,0.95,0.17));
#6369 = LINE('',#6370,#6371);
#6370 = CARTESIAN_POINT('',(0.7,0.95,0.1));
#6371 = VECTOR('',#6372,1.);
#6372 = DIRECTION('',(0.,0.,1.));
#6373 = ORIENTED_EDGE('',*,*,#6374,.T.);
#6374 = EDGE_CURVE('',#6365,#6375,#6377,.T.);
#6375 = VERTEX_POINT('',#6376);
#6376 = CARTESIAN_POINT('',(0.7,1.45,0.1));
#6377 = LINE('',#6378,#6379);
#6378 = CARTESIAN_POINT('',(0.7,0.95,0.1));
#6379 = VECTOR('',#6380,1.);
#6380 = DIRECTION('',(0.,1.,0.));
#6381 = ORIENTED_EDGE('',*,*,#6382,.T.);
#6382 = EDGE_CURVE('',#6375,#6383,#6385,.T.);
#6383 = VERTEX_POINT('',#6384);
#6384 = CARTESIAN_POINT('',(0.7,1.45,0.17));
#6385 = LINE('',#6386,#6387);
#6386 = CARTESIAN_POINT('',(0.7,1.45,0.1));
#6387 = VECTOR('',#6388,1.);
#6388 = DIRECTION('',(0.,0.,1.));
#6389 = ORIENTED_EDGE('',*,*,#6390,.F.);
#6390 = EDGE_CURVE('',#6367,#6383,#6391,.T.);
#6391 = LINE('',#6392,#6393);
#6392 = CARTESIAN_POINT('',(0.7,0.95,0.17));
#6393 = VECTOR('',#6394,1.);
#6394 = DIRECTION('',(0.,1.,0.));
#6395 = PLANE('',#6396);
#6396 = AXIS2_PLACEMENT_3D('',#6397,#6398,#6399);
#6397 = CARTESIAN_POINT('',(0.7,0.95,0.1));
#6398 = DIRECTION('',(1.,0.,0.));
#6399 = DIRECTION('',(0.,0.,1.));
#6400 = ADVANCED_FACE('',(#6401),#6435,.T.);
#6401 = FACE_BOUND('',#6402,.T.);
#6402 = EDGE_LOOP('',(#6403,#6413,#6421,#6429));
#6403 = ORIENTED_EDGE('',*,*,#6404,.F.);
#6404 = EDGE_CURVE('',#6405,#6407,#6409,.T.);
#6405 = VERTEX_POINT('',#6406);
#6406 = CARTESIAN_POINT('',(0.9,0.95,0.1));
#6407 = VERTEX_POINT('',#6408);
#6408 = CARTESIAN_POINT('',(0.9,0.95,0.17));
#6409 = LINE('',#6410,#6411);
#6410 = CARTESIAN_POINT('',(0.9,0.95,0.1));
#6411 = VECTOR('',#6412,1.);
#6412 = DIRECTION('',(0.,0.,1.));
#6413 = ORIENTED_EDGE('',*,*,#6414,.T.);
#6414 = EDGE_CURVE('',#6405,#6415,#6417,.T.);
#6415 = VERTEX_POINT('',#6416);
#6416 = CARTESIAN_POINT('',(0.9,1.45,0.1));
#6417 = LINE('',#6418,#6419);
#6418 = CARTESIAN_POINT('',(0.9,0.95,0.1));
#6419 = VECTOR('',#6420,1.);
#6420 = DIRECTION('',(0.,1.,0.));
#6421 = ORIENTED_EDGE('',*,*,#6422,.T.);
#6422 = EDGE_CURVE('',#6415,#6423,#6425,.T.);
#6423 = VERTEX_POINT('',#6424);
#6424 = CARTESIAN_POINT('',(0.9,1.45,0.17));
#6425 = LINE('',#6426,#6427);
#6426 = CARTESIAN_POINT('',(0.9,1.45,0.1));
#6427 = VECTOR('',#6428,1.);
#6428 = DIRECTION('',(0.,0.,1.));
#6429 = ORIENTED_EDGE('',*,*,#6430,.F.);
#6430 = EDGE_CURVE('',#6407,#6423,#6431,.T.);
#6431 = LINE('',#6432,#6433);
#6432 = CARTESIAN_POINT('',(0.9,0.95,0.17));
#6433 = VECTOR('',#6434,1.);
#6434 = DIRECTION('',(0.,1.,0.));
#6435 = PLANE('',#6436);
#6436 = AXIS2_PLACEMENT_3D('',#6437,#6438,#6439);
#6437 = CARTESIAN_POINT('',(0.9,0.95,0.1));
#6438 = DIRECTION('',(1.,0.,0.));
#6439 = DIRECTION('',(0.,0.,1.));
#6440 = ADVANCED_FACE('',(#6441),#6457,.F.);
#6441 = FACE_BOUND('',#6442,.F.);
#6442 = EDGE_LOOP('',(#6443,#6449,#6450,#6456));
#6443 = ORIENTED_EDGE('',*,*,#6444,.F.);
#6444 = EDGE_CURVE('',#6365,#6405,#6445,.T.);
#6445 = LINE('',#6446,#6447);
#6446 = CARTESIAN_POINT('',(0.7,0.95,0.1));
#6447 = VECTOR('',#6448,1.);
#6448 = DIRECTION('',(1.,0.,0.));
#6449 = ORIENTED_EDGE('',*,*,#6364,.T.);
#6450 = ORIENTED_EDGE('',*,*,#6451,.T.);
#6451 = EDGE_CURVE('',#6367,#6407,#6452,.T.);
#6452 = LINE('',#6453,#6454);
#6453 = CARTESIAN_POINT('',(0.7,0.95,0.17));
#6454 = VECTOR('',#6455,1.);
#6455 = DIRECTION('',(1.,0.,0.));
#6456 = ORIENTED_EDGE('',*,*,#6404,.F.);
#6457 = PLANE('',#6458);
#6458 = AXIS2_PLACEMENT_3D('',#6459,#6460,#6461);
#6459 = CARTESIAN_POINT('',(0.7,0.95,0.1));
#6460 = DIRECTION('',(0.,1.,0.));
#6461 = DIRECTION('',(0.,-0.,1.));
#6462 = ADVANCED_FACE('',(#6463),#6479,.T.);
#6463 = FACE_BOUND('',#6464,.T.);
#6464 = EDGE_LOOP('',(#6465,#6471,#6472,#6478));
#6465 = ORIENTED_EDGE('',*,*,#6466,.F.);
#6466 = EDGE_CURVE('',#6375,#6415,#6467,.T.);
#6467 = LINE('',#6468,#6469);
#6468 = CARTESIAN_POINT('',(0.7,1.45,0.1));
#6469 = VECTOR('',#6470,1.);
#6470 = DIRECTION('',(1.,0.,0.));
#6471 = ORIENTED_EDGE('',*,*,#6382,.T.);
#6472 = ORIENTED_EDGE('',*,*,#6473,.T.);
#6473 = EDGE_CURVE('',#6383,#6423,#6474,.T.);
#6474 = LINE('',#6475,#6476);
#6475 = CARTESIAN_POINT('',(0.7,1.45,0.17));
#6476 = VECTOR('',#6477,1.);
#6477 = DIRECTION('',(1.,0.,0.));
#6478 = ORIENTED_EDGE('',*,*,#6422,.F.);
#6479 = PLANE('',#6480);
#6480 = AXIS2_PLACEMENT_3D('',#6481,#6482,#6483);
#6481 = CARTESIAN_POINT('',(0.7,1.45,0.1));
#6482 = DIRECTION('',(0.,1.,0.));
#6483 = DIRECTION('',(0.,-0.,1.));
#6484 = ADVANCED_FACE('',(#6485),#6491,.F.);
#6485 = FACE_BOUND('',#6486,.F.);
#6486 = EDGE_LOOP('',(#6487,#6488,#6489,#6490));
#6487 = ORIENTED_EDGE('',*,*,#6374,.F.);
#6488 = ORIENTED_EDGE('',*,*,#6444,.T.);
#6489 = ORIENTED_EDGE('',*,*,#6414,.T.);
#6490 = ORIENTED_EDGE('',*,*,#6466,.F.);
#6491 = PLANE('',#6492);
#6492 = AXIS2_PLACEMENT_3D('',#6493,#6494,#6495);
#6493 = CARTESIAN_POINT('',(0.7,0.95,0.1));
#6494 = DIRECTION('',(0.,0.,1.));
#6495 = DIRECTION('',(1.,0.,-0.));
#6496 = ADVANCED_FACE('',(#6497),#6503,.T.);
#6497 = FACE_BOUND('',#6498,.T.);
#6498 = EDGE_LOOP('',(#6499,#6500,#6501,#6502));
#6499 = ORIENTED_EDGE('',*,*,#6390,.F.);
#6500 = ORIENTED_EDGE('',*,*,#6451,.T.);
#6501 = ORIENTED_EDGE('',*,*,#6430,.T.);
#6502 = ORIENTED_EDGE('',*,*,#6473,.F.);
#6503 = PLANE('',#6504);
#6504 = AXIS2_PLACEMENT_3D('',#6505,#6506,#6507);
#6505 = CARTESIAN_POINT('',(0.7,0.95,0.17));
#6506 = DIRECTION('',(0.,0.,1.));
#6507 = DIRECTION('',(1.,0.,-0.));
#6508 = ( GEOMETRIC_REPRESENTATION_CONTEXT(3) 
GLOBAL_UNCERTAINTY_ASSIGNED_CONTEXT((#6512)) 
GLOBAL_UNIT_ASSIGNED_CONTEXT((#6509,#6510,#6511)) REPRESENTATION_CONTEXT
('Context #1','3D Context with UNIT and UNCERTAINTY') );
#6509 = ( LENGTH_UNIT() NAMED_UNIT(*) SI_UNIT(.MILLI.,.METRE.) );
#6510 = ( NAMED_UNIT(*) PLANE_ANGLE_UNIT() SI_UNIT($,.RADIAN.) );
#6511 = ( NAMED_UNIT(*) SI_UNIT($,.STERADIAN.) SOLID_ANGLE_UNIT() );
#6512 = UNCERTAINTY_MEASURE_WITH_UNIT(LENGTH_MEASURE(1.E-07),#6509,
  'distance_accuracy_value','confusion accuracy');
#6513 = CONTEXT_DEPENDENT_SHAPE_REPRESENTATION(#6514,#6516);
#6514 = ( REPRESENTATION_RELATIONSHIP('','',#6357,#2162) 
REPRESENTATION_RELATIONSHIP_WITH_TRANSFORMATION(#6515) 
SHAPE_REPRESENTATION_RELATIONSHIP() );
#6515 = ITEM_DEFINED_TRANSFORMATION('','',#11,#2259);
#6516 = PRODUCT_DEFINITION_SHAPE('Placement','Placement of an item',
  #6517);
#6517 = NEXT_ASSEMBLY_USAGE_OCCURRENCE('31','26','',#2157,#6352,$);
#6518 = PRODUCT_RELATED_PRODUCT_CATEGORY('part',$,(#6354));
#6519 = SHAPE_DEFINITION_REPRESENTATION(#6520,#6526);
#6520 = PRODUCT_DEFINITION_SHAPE('','',#6521);
#6521 = PRODUCT_DEFINITION('design','',#6522,#6525);
#6522 = PRODUCT_DEFINITION_FORMATION('','',#6523);
#6523 = PRODUCT('Open CASCADE STEP translator 7.9 1.2.26',
  'Open CASCADE STEP translator 7.9 1.2.26','',(#6524));
#6524 = PRODUCT_CONTEXT('',#2,'mechanical');
#6525 = PRODUCT_DEFINITION_CONTEXT('part definition',#2,'design');
#6526 = ADVANCED_BREP_SHAPE_REPRESENTATION('',(#11,#6527),#6677);
#6527 = MANIFOLD_SOLID_BREP('',#6528);
#6528 = CLOSED_SHELL('',(#6529,#6569,#6609,#6631,#6653,#6665));
#6529 = ADVANCED_FACE('',(#6530),#6564,.F.);
#6530 = FACE_BOUND('',#6531,.F.);
#6531 = EDGE_LOOP('',(#6532,#6542,#6550,#6558));
#6532 = ORIENTED_EDGE('',*,*,#6533,.F.);
#6533 = EDGE_CURVE('',#6534,#6536,#6538,.T.);
#6534 = VERTEX_POINT('',#6535);
#6535 = CARTESIAN_POINT('',(1.1,0.95,0.1));
#6536 = VERTEX_POINT('',#6537);
#6537 = CARTESIAN_POINT('',(1.1,0.95,0.17));
#6538 = LINE('',#6539,#6540);
#6539 = CARTESIAN_POINT('',(1.1,0.95,0.1));
#6540 = VECTOR('',#6541,1.);
#6541 = DIRECTION('',(0.,0.,1.));
#6542 = ORIENTED_EDGE('',*,*,#6543,.T.);
#6543 = EDGE_CURVE('',#6534,#6544,#6546,.T.);
#6544 = VERTEX_POINT('',#6545);
#6545 = CARTESIAN_POINT('',(1.1,1.45,0.1));
#6546 = LINE('',#6547,#6548);
#6547 = CARTESIAN_POINT('',(1.1,0.95,0.1));
#6548 = VECTOR('',#6549,1.);
#6549 = DIRECTION('',(0.,1.,0.));
#6550 = ORIENTED_EDGE('',*,*,#6551,.T.);
#6551 = EDGE_CURVE('',#6544,#6552,#6554,.T.);
#6552 = VERTEX_POINT('',#6553);
#6553 = CARTESIAN_POINT('',(1.1,1.45,0.17));
#6554 = LINE('',#6555,#6556);
#6555 = CARTESIAN_POINT('',(1.1,1.45,0.1));
#6556 = VECTOR('',#6557,1.);
#6557 = DIRECTION('',(0.,0.,1.));
#6558 = ORIENTED_EDGE('',*,*,#6559,.F.);
#6559 = EDGE_CURVE('',#6536,#6552,#6560,.T.);
#6560 = LINE('',#6561,#6562);
#6561 = CARTESIAN_POINT('',(1.1,0.95,0.17));
#6562 = VECTOR('',#6563,1.);
#6563 = DIRECTION('',(0.,1.,0.));
#6564 = PLANE('',#6565);
#6565 = AXIS2_PLACEMENT_3D('',#6566,#6567,#6568);
#6566 = CARTESIAN_POINT('',(1.1,0.95,0.1));
#6567 = DIRECTION('',(1.,0.,0.));
#6568 = DIRECTION('',(0.,0.,1.));
#6569 = ADVANCED_FACE('',(#6570),#6604,.T.);
#6570 = FACE_BOUND('',#6571,.T.);
#6571 = EDGE_LOOP('',(#6572,#6582,#6590,#6598));
#6572 = ORIENTED_EDGE('',*,*,#6573,.F.);
#6573 = EDGE_CURVE('',#6574,#6576,#6578,.T.);
#6574 = VERTEX_POINT('',#6575);
#6575 = CARTESIAN_POINT('',(1.3,0.95,0.1));
#6576 = VERTEX_POINT('',#6577);
#6577 = CARTESIAN_POINT('',(1.3,0.95,0.17));
#6578 = LINE('',#6579,#6580);
#6579 = CARTESIAN_POINT('',(1.3,0.95,0.1));
#6580 = VECTOR('',#6581,1.);
#6581 = DIRECTION('',(0.,0.,1.));
#6582 = ORIENTED_EDGE('',*,*,#6583,.T.);
#6583 = EDGE_CURVE('',#6574,#6584,#6586,.T.);
#6584 = VERTEX_POINT('',#6585);
#6585 = CARTESIAN_POINT('',(1.3,1.45,0.1));
#6586 = LINE('',#6587,#6588);
#6587 = CARTESIAN_POINT('',(1.3,0.95,0.1));
#6588 = VECTOR('',#6589,1.);
#6589 = DIRECTION('',(0.,1.,0.));
#6590 = ORIENTED_EDGE('',*,*,#6591,.T.);
#6591 = EDGE_CURVE('',#6584,#6592,#6594,.T.);
#6592 = VERTEX_POINT('',#6593);
#6593 = CARTESIAN_POINT('',(1.3,1.45,0.17));
#6594 = LINE('',#6595,#6596);
#6595 = CARTESIAN_POINT('',(1.3,1.45,0.1));
#6596 = VECTOR('',#6597,1.);
#6597 = DIRECTION('',(0.,0.,1.));
#6598 = ORIENTED_EDGE('',*,*,#6599,.F.);
#6599 = EDGE_CURVE('',#6576,#6592,#6600,.T.);
#6600 = LINE('',#6601,#6602);
#6601 = CARTESIAN_POINT('',(1.3,0.95,0.17));
#6602 = VECTOR('',#6603,1.);
#6603 = DIRECTION('',(0.,1.,0.));
#6604 = PLANE('',#6605);
#6605 = AXIS2_PLACEMENT_3D('',#6606,#6607,#6608);
#6606 = CARTESIAN_POINT('',(1.3,0.95,0.1));
#6607 = DIRECTION('',(1.,0.,0.));
#6608 = DIRECTION('',(0.,0.,1.));
#6609 = ADVANCED_FACE('',(#6610),#6626,.F.);
#6610 = FACE_BOUND('',#6611,.F.);
#6611 = EDGE_LOOP('',(#6612,#6618,#6619,#6625));
#6612 = ORIENTED_EDGE('',*,*,#6613,.F.);
#6613 = EDGE_CURVE('',#6534,#6574,#6614,.T.);
#6614 = LINE('',#6615,#6616);
#6615 = CARTESIAN_POINT('',(1.1,0.95,0.1));
#6616 = VECTOR('',#6617,1.);
#6617 = DIRECTION('',(1.,0.,0.));
#6618 = ORIENTED_EDGE('',*,*,#6533,.T.);
#6619 = ORIENTED_EDGE('',*,*,#6620,.T.);
#6620 = EDGE_CURVE('',#6536,#6576,#6621,.T.);
#6621 = LINE('',#6622,#6623);
#6622 = CARTESIAN_POINT('',(1.1,0.95,0.17));
#6623 = VECTOR('',#6624,1.);
#6624 = DIRECTION('',(1.,0.,0.));
#6625 = ORIENTED_EDGE('',*,*,#6573,.F.);
#6626 = PLANE('',#6627);
#6627 = AXIS2_PLACEMENT_3D('',#6628,#6629,#6630);
#6628 = CARTESIAN_POINT('',(1.1,0.95,0.1));
#6629 = DIRECTION('',(0.,1.,0.));
#6630 = DIRECTION('',(0.,-0.,1.));
#6631 = ADVANCED_FACE('',(#6632),#6648,.T.);
#6632 = FACE_BOUND('',#6633,.T.);
#6633 = EDGE_LOOP('',(#6634,#6640,#6641,#6647));
#6634 = ORIENTED_EDGE('',*,*,#6635,.F.);
#6635 = EDGE_CURVE('',#6544,#6584,#6636,.T.);
#6636 = LINE('',#6637,#6638);
#6637 = CARTESIAN_POINT('',(1.1,1.45,0.1));
#6638 = VECTOR('',#6639,1.);
#6639 = DIRECTION('',(1.,0.,0.));
#6640 = ORIENTED_EDGE('',*,*,#6551,.T.);
#6641 = ORIENTED_EDGE('',*,*,#6642,.T.);
#6642 = EDGE_CURVE('',#6552,#6592,#6643,.T.);
#6643 = LINE('',#6644,#6645);
#6644 = CARTESIAN_POINT('',(1.1,1.45,0.17));
#6645 = VECTOR('',#6646,1.);
#6646 = DIRECTION('',(1.,0.,0.));
#6647 = ORIENTED_EDGE('',*,*,#6591,.F.);
#6648 = PLANE('',#6649);
#6649 = AXIS2_PLACEMENT_3D('',#6650,#6651,#6652);
#6650 = CARTESIAN_POINT('',(1.1,1.45,0.1));
#6651 = DIRECTION('',(0.,1.,0.));
#6652 = DIRECTION('',(0.,-0.,1.));
#6653 = ADVANCED_FACE('',(#6654),#6660,.F.);
#6654 = FACE_BOUND('',#6655,.F.);
#6655 = EDGE_LOOP('',(#6656,#6657,#6658,#6659));
#6656 = ORIENTED_EDGE('',*,*,#6543,.F.);
#6657 = ORIENTED_EDGE('',*,*,#6613,.T.);
#6658 = ORIENTED_EDGE('',*,*,#6583,.T.);
#6659 = ORIENTED_EDGE('',*,*,#6635,.F.);
#6660 = PLANE('',#6661);
#6661 = AXIS2_PLACEMENT_3D('',#6662,#6663,#6664);
#6662 = CARTESIAN_POINT('',(1.1,0.95,0.1));
#6663 = DIRECTION('',(0.,0.,1.));
#6664 = DIRECTION('',(1.,0.,-0.));
#6665 = ADVANCED_FACE('',(#6666),#6672,.T.);
#6666 = FACE_BOUND('',#6667,.T.);
#6667 = EDGE_LOOP('',(#6668,#6669,#6670,#6671));
#6668 = ORIENTED_EDGE('',*,*,#6559,.F.);
#6669 = ORIENTED_EDGE('',*,*,#6620,.T.);
#6670 = ORIENTED_EDGE('',*,*,#6599,.T.);
#6671 = ORIENTED_EDGE('',*,*,#6642,.F.);
#6672 = PLANE('',#6673);
#6673 = AXIS2_PLACEMENT_3D('',#6674,#6675,#6676);
#6674 = CARTESIAN_POINT('',(1.1,0.95,0.17));
#6675 = DIRECTION('',(0.,0.,1.));
#6676 = DIRECTION('',(1.,0.,-0.));
#6677 = ( GEOMETRIC_REPRESENTATION_CONTEXT(3) 
GLOBAL_UNCERTAINTY_ASSIGNED_CONTEXT((#6681)) 
GLOBAL_UNIT_ASSIGNED_CONTEXT((#6678,#6679,#6680)) REPRESENTATION_CONTEXT
('Context #1','3D Context with UNIT and UNCERTAINTY') );
#6678 = ( LENGTH_UNIT() NAMED_UNIT(*) SI_UNIT(.MILLI.,.METRE.) );
#6679 = ( NAMED_UNIT(*) PLANE_ANGLE_UNIT() SI_UNIT($,.RADIAN.) );
#6680 = ( NAMED_UNIT(*) SI_UNIT($,.STERADIAN.) SOLID_ANGLE_UNIT() );
#6681 = UNCERTAINTY_MEASURE_WITH_UNIT(LENGTH_MEASURE(1.E-07),#6678,
  'distance_accuracy_value','confusion accuracy');
#6682 = CONTEXT_DEPENDENT_SHAPE_REPRESENTATION(#6683,#6685);
#6683 = ( REPRESENTATION_RELATIONSHIP('','',#6526,#2162) 
REPRESENTATION_RELATIONSHIP_WITH_TRANSFORMATION(#6684) 
SHAPE_REPRESENTATION_RELATIONSHIP() );
#6684 = ITEM_DEFINED_TRANSFORMATION('','',#11,#2263);
#6685 = PRODUCT_DEFINITION_SHAPE('Placement','Placement of an item',
  #6686);
#6686 = NEXT_ASSEMBLY_USAGE_OCCURRENCE('32','27','',#2157,#6521,$);
#6687 = PRODUCT_RELATED_PRODUCT_CATEGORY('part',$,(#6523));
#6688 = SHAPE_DEFINITION_REPRESENTATION(#6689,#6695);
#6689 = PRODUCT_DEFINITION_SHAPE('','',#6690);
#6690 = PRODUCT_DEFINITION('design','',#6691,#6694);
#6691 = PRODUCT_DEFINITION_FORMATION('','',#6692);
#6692 = PRODUCT('Open CASCADE STEP translator 7.9 1.2.27',
  'Open CASCADE STEP translator 7.9 1.2.27','',(#6693));
#6693 = PRODUCT_CONTEXT('',#2,'mechanical');
#6694 = PRODUCT_DEFINITION_CONTEXT('part definition',#2,'design');
#6695 = ADVANCED_BREP_SHAPE_REPRESENTATION('',(#11,#6696),#6846);
#6696 = MANIFOLD_SOLID_BREP('',#6697);
#6697 = CLOSED_SHELL('',(#6698,#6738,#6778,#6800,#6822,#6834));
#6698 = ADVANCED_FACE('',(#6699),#6733,.F.);
#6699 = FACE_BOUND('',#6700,.F.);
#6700 = EDGE_LOOP('',(#6701,#6711,#6719,#6727));
#6701 = ORIENTED_EDGE('',*,*,#6702,.F.);
#6702 = EDGE_CURVE('',#6703,#6705,#6707,.T.);
#6703 = VERTEX_POINT('',#6704);
#6704 = CARTESIAN_POINT('',(1.5,0.95,0.1));
#6705 = VERTEX_POINT('',#6706);
#6706 = CARTESIAN_POINT('',(1.5,0.95,0.17));
#6707 = LINE('',#6708,#6709);
#6708 = CARTESIAN_POINT('',(1.5,0.95,0.1));
#6709 = VECTOR('',#6710,1.);
#6710 = DIRECTION('',(0.,0.,1.));
#6711 = ORIENTED_EDGE('',*,*,#6712,.T.);
#6712 = EDGE_CURVE('',#6703,#6713,#6715,.T.);
#6713 = VERTEX_POINT('',#6714);
#6714 = CARTESIAN_POINT('',(1.5,1.45,0.1));
#6715 = LINE('',#6716,#6717);
#6716 = CARTESIAN_POINT('',(1.5,0.95,0.1));
#6717 = VECTOR('',#6718,1.);
#6718 = DIRECTION('',(0.,1.,0.));
#6719 = ORIENTED_EDGE('',*,*,#6720,.T.);
#6720 = EDGE_CURVE('',#6713,#6721,#6723,.T.);
#6721 = VERTEX_POINT('',#6722);
#6722 = CARTESIAN_POINT('',(1.5,1.45,0.17));
#6723 = LINE('',#6724,#6725);
#6724 = CARTESIAN_POINT('',(1.5,1.45,0.1));
#6725 = VECTOR('',#6726,1.);
#6726 = DIRECTION('',(0.,0.,1.));
#6727 = ORIENTED_EDGE('',*,*,#6728,.F.);
#6728 = EDGE_CURVE('',#6705,#6721,#6729,.T.);
#6729 = LINE('',#6730,#6731);
#6730 = CARTESIAN_POINT('',(1.5,0.95,0.17));
#6731 = VECTOR('',#6732,1.);
#6732 = DIRECTION('',(0.,1.,0.));
#6733 = PLANE('',#6734);
#6734 = AXIS2_PLACEMENT_3D('',#6735,#6736,#6737);
#6735 = CARTESIAN_POINT('',(1.5,0.95,0.1));
#6736 = DIRECTION('',(1.,0.,0.));
#6737 = DIRECTION('',(0.,0.,1.));
#6738 = ADVANCED_FACE('',(#6739),#6773,.T.);
#6739 = FACE_BOUND('',#6740,.T.);
#6740 = EDGE_LOOP('',(#6741,#6751,#6759,#6767));
#6741 = ORIENTED_EDGE('',*,*,#6742,.F.);
#6742 = EDGE_CURVE('',#6743,#6745,#6747,.T.);
#6743 = VERTEX_POINT('',#6744);
#6744 = CARTESIAN_POINT('',(1.7,0.95,0.1));
#6745 = VERTEX_POINT('',#6746);
#6746 = CARTESIAN_POINT('',(1.7,0.95,0.17));
#6747 = LINE('',#6748,#6749);
#6748 = CARTESIAN_POINT('',(1.7,0.95,0.1));
#6749 = VECTOR('',#6750,1.);
#6750 = DIRECTION('',(0.,0.,1.));
#6751 = ORIENTED_EDGE('',*,*,#6752,.T.);
#6752 = EDGE_CURVE('',#6743,#6753,#6755,.T.);
#6753 = VERTEX_POINT('',#6754);
#6754 = CARTESIAN_POINT('',(1.7,1.45,0.1));
#6755 = LINE('',#6756,#6757);
#6756 = CARTESIAN_POINT('',(1.7,0.95,0.1));
#6757 = VECTOR('',#6758,1.);
#6758 = DIRECTION('',(0.,1.,0.));
#6759 = ORIENTED_EDGE('',*,*,#6760,.T.);
#6760 = EDGE_CURVE('',#6753,#6761,#6763,.T.);
#6761 = VERTEX_POINT('',#6762);
#6762 = CARTESIAN_POINT('',(1.7,1.45,0.17));
#6763 = LINE('',#6764,#6765);
#6764 = CARTESIAN_POINT('',(1.7,1.45,0.1));
#6765 = VECTOR('',#6766,1.);
#6766 = DIRECTION('',(0.,0.,1.));
#6767 = ORIENTED_EDGE('',*,*,#6768,.F.);
#6768 = EDGE_CURVE('',#6745,#6761,#6769,.T.);
#6769 = LINE('',#6770,#6771);
#6770 = CARTESIAN_POINT('',(1.7,0.95,0.17));
#6771 = VECTOR('',#6772,1.);
#6772 = DIRECTION('',(0.,1.,0.));
#6773 = PLANE('',#6774);
#6774 = AXIS2_PLACEMENT_3D('',#6775,#6776,#6777);
#6775 = CARTESIAN_POINT('',(1.7,0.95,0.1));
#6776 = DIRECTION('',(1.,0.,0.));
#6777 = DIRECTION('',(0.,0.,1.));
#6778 = ADVANCED_FACE('',(#6779),#6795,.F.);
#6779 = FACE_BOUND('',#6780,.F.);
#6780 = EDGE_LOOP('',(#6781,#6787,#6788,#6794));
#6781 = ORIENTED_EDGE('',*,*,#6782,.F.);
#6782 = EDGE_CURVE('',#6703,#6743,#6783,.T.);
#6783 = LINE('',#6784,#6785);
#6784 = CARTESIAN_POINT('',(1.5,0.95,0.1));
#6785 = VECTOR('',#6786,1.);
#6786 = DIRECTION('',(1.,0.,0.));
#6787 = ORIENTED_EDGE('',*,*,#6702,.T.);
#6788 = ORIENTED_EDGE('',*,*,#6789,.T.);
#6789 = EDGE_CURVE('',#6705,#6745,#6790,.T.);
#6790 = LINE('',#6791,#6792);
#6791 = CARTESIAN_POINT('',(1.5,0.95,0.17));
#6792 = VECTOR('',#6793,1.);
#6793 = DIRECTION('',(1.,0.,0.));
#6794 = ORIENTED_EDGE('',*,*,#6742,.F.);
#6795 = PLANE('',#6796);
#6796 = AXIS2_PLACEMENT_3D('',#6797,#6798,#6799);
#6797 = CARTESIAN_POINT('',(1.5,0.95,0.1));
#6798 = DIRECTION('',(0.,1.,0.));
#6799 = DIRECTION('',(0.,-0.,1.));
#6800 = ADVANCED_FACE('',(#6801),#6817,.T.);
#6801 = FACE_BOUND('',#6802,.T.);
#6802 = EDGE_LOOP('',(#6803,#6809,#6810,#6816));
#6803 = ORIENTED_EDGE('',*,*,#6804,.F.);
#6804 = EDGE_CURVE('',#6713,#6753,#6805,.T.);
#6805 = LINE('',#6806,#6807);
#6806 = CARTESIAN_POINT('',(1.5,1.45,0.1));
#6807 = VECTOR('',#6808,1.);
#6808 = DIRECTION('',(1.,0.,0.));
#6809 = ORIENTED_EDGE('',*,*,#6720,.T.);
#6810 = ORIENTED_EDGE('',*,*,#6811,.T.);
#6811 = EDGE_CURVE('',#6721,#6761,#6812,.T.);
#6812 = LINE('',#6813,#6814);
#6813 = CARTESIAN_POINT('',(1.5,1.45,0.17));
#6814 = VECTOR('',#6815,1.);
#6815 = DIRECTION('',(1.,0.,0.));
#6816 = ORIENTED_EDGE('',*,*,#6760,.F.);
#6817 = PLANE('',#6818);
#6818 = AXIS2_PLACEMENT_3D('',#6819,#6820,#6821);
#6819 = CARTESIAN_POINT('',(1.5,1.45,0.1));
#6820 = DIRECTION('',(0.,1.,0.));
#6821 = DIRECTION('',(0.,-0.,1.));
#6822 = ADVANCED_FACE('',(#6823),#6829,.F.);
#6823 = FACE_BOUND('',#6824,.F.);
#6824 = EDGE_LOOP('',(#6825,#6826,#6827,#6828));
#6825 = ORIENTED_EDGE('',*,*,#6712,.F.);
#6826 = ORIENTED_EDGE('',*,*,#6782,.T.);
#6827 = ORIENTED_EDGE('',*,*,#6752,.T.);
#6828 = ORIENTED_EDGE('',*,*,#6804,.F.);
#6829 = PLANE('',#6830);
#6830 = AXIS2_PLACEMENT_3D('',#6831,#6832,#6833);
#6831 = CARTESIAN_POINT('',(1.5,0.95,0.1));
#6832 = DIRECTION('',(0.,0.,1.));
#6833 = DIRECTION('',(1.,0.,-0.));
#6834 = ADVANCED_FACE('',(#6835),#6841,.T.);
#6835 = FACE_BOUND('',#6836,.T.);
#6836 = EDGE_LOOP('',(#6837,#6838,#6839,#6840));
#6837 = ORIENTED_EDGE('',*,*,#6728,.F.);
#6838 = ORIENTED_EDGE('',*,*,#6789,.T.);
#6839 = ORIENTED_EDGE('',*,*,#6768,.T.);
#6840 = ORIENTED_EDGE('',*,*,#6811,.F.);
#6841 = PLANE('',#6842);
#6842 = AXIS2_PLACEMENT_3D('',#6843,#6844,#6845);
#6843 = CARTESIAN_POINT('',(1.5,0.95,0.17));
#6844 = DIRECTION('',(0.,0.,1.));
#6845 = DIRECTION('',(1.,0.,-0.));
#6846 = ( GEOMETRIC_REPRESENTATION_CONTEXT(3) 
GLOBAL_UNCERTAINTY_ASSIGNED_CONTEXT((#6850)) 
GLOBAL_UNIT_ASSIGNED_CONTEXT((#6847,#6848,#6849)) REPRESENTATION_CONTEXT
('Context #1','3D Context with UNIT and UNCERTAINTY') );
#6847 = ( LENGTH_UNIT() NAMED_UNIT(*) SI_UNIT(.MILLI.,.METRE.) );
#6848 = ( NAMED_UNIT(*) PLANE_ANGLE_UNIT() SI_UNIT($,.RADIAN.) );
#6849 = ( NAMED_UNIT(*) SI_UNIT($,.STERADIAN.) SOLID_ANGLE_UNIT() );
#6850 = UNCERTAINTY_MEASURE_WITH_UNIT(LENGTH_MEASURE(1.E-07),#6847,
  'distance_accuracy_value','confusion accuracy');
#6851 = CONTEXT_DEPENDENT_SHAPE_REPRESENTATION(#6852,#6854);
#6852 = ( REPRESENTATION_RELATIONSHIP('','',#6695,#2162) 
REPRESENTATION_RELATIONSHIP_WITH_TRANSFORMATION(#6853) 
SHAPE_REPRESENTATION_RELATIONSHIP() );
#6853 = ITEM_DEFINED_TRANSFORMATION('','',#11,#2267);
#6854 = PRODUCT_DEFINITION_SHAPE('Placement','Placement of an item',
  #6855);
#6855 = NEXT_ASSEMBLY_USAGE_OCCURRENCE('33','28','',#2157,#6690,$);
#6856 = PRODUCT_RELATED_PRODUCT_CATEGORY('part',$,(#6692));
#6857 = SHAPE_DEFINITION_REPRESENTATION(#6858,#6864);
#6858 = PRODUCT_DEFINITION_SHAPE('','',#6859);
#6859 = PRODUCT_DEFINITION('design','',#6860,#6863);
#6860 = PRODUCT_DEFINITION_FORMATION('','',#6861);
#6861 = PRODUCT('Open CASCADE STEP translator 7.9 1.2.28',
  'Open CASCADE STEP translator 7.9 1.2.28','',(#6862));
#6862 = PRODUCT_CONTEXT('',#2,'mechanical');
#6863 = PRODUCT_DEFINITION_CONTEXT('part definition',#2,'design');
#6864 = ADVANCED_BREP_SHAPE_REPRESENTATION('',(#11,#6865),#7015);
#6865 = MANIFOLD_SOLID_BREP('',#6866);
#6866 = CLOSED_SHELL('',(#6867,#6907,#6947,#6969,#6991,#7003));
#6867 = ADVANCED_FACE('',(#6868),#6902,.F.);
#6868 = FACE_BOUND('',#6869,.F.);
#6869 = EDGE_LOOP('',(#6870,#6880,#6888,#6896));
#6870 = ORIENTED_EDGE('',*,*,#6871,.F.);
#6871 = EDGE_CURVE('',#6872,#6874,#6876,.T.);
#6872 = VERTEX_POINT('',#6873);
#6873 = CARTESIAN_POINT('',(1.9,0.95,0.1));
#6874 = VERTEX_POINT('',#6875);
#6875 = CARTESIAN_POINT('',(1.9,0.95,0.17));
#6876 = LINE('',#6877,#6878);
#6877 = CARTESIAN_POINT('',(1.9,0.95,0.1));
#6878 = VECTOR('',#6879,1.);
#6879 = DIRECTION('',(0.,0.,1.));
#6880 = ORIENTED_EDGE('',*,*,#6881,.T.);
#6881 = EDGE_CURVE('',#6872,#6882,#6884,.T.);
#6882 = VERTEX_POINT('',#6883);
#6883 = CARTESIAN_POINT('',(1.9,1.45,0.1));
#6884 = LINE('',#6885,#6886);
#6885 = CARTESIAN_POINT('',(1.9,0.95,0.1));
#6886 = VECTOR('',#6887,1.);
#6887 = DIRECTION('',(0.,1.,0.));
#6888 = ORIENTED_EDGE('',*,*,#6889,.T.);
#6889 = EDGE_CURVE('',#6882,#6890,#6892,.T.);
#6890 = VERTEX_POINT('',#6891);
#6891 = CARTESIAN_POINT('',(1.9,1.45,0.17));
#6892 = LINE('',#6893,#6894);
#6893 = CARTESIAN_POINT('',(1.9,1.45,0.1));
#6894 = VECTOR('',#6895,1.);
#6895 = DIRECTION('',(0.,0.,1.));
#6896 = ORIENTED_EDGE('',*,*,#6897,.F.);
#6897 = EDGE_CURVE('',#6874,#6890,#6898,.T.);
#6898 = LINE('',#6899,#6900);
#6899 = CARTESIAN_POINT('',(1.9,0.95,0.17));
#6900 = VECTOR('',#6901,1.);
#6901 = DIRECTION('',(0.,1.,0.));
#6902 = PLANE('',#6903);
#6903 = AXIS2_PLACEMENT_3D('',#6904,#6905,#6906);
#6904 = CARTESIAN_POINT('',(1.9,0.95,0.1));
#6905 = DIRECTION('',(1.,0.,0.));
#6906 = DIRECTION('',(0.,0.,1.));
#6907 = ADVANCED_FACE('',(#6908),#6942,.T.);
#6908 = FACE_BOUND('',#6909,.T.);
#6909 = EDGE_LOOP('',(#6910,#6920,#6928,#6936));
#6910 = ORIENTED_EDGE('',*,*,#6911,.F.);
#6911 = EDGE_CURVE('',#6912,#6914,#6916,.T.);
#6912 = VERTEX_POINT('',#6913);
#6913 = CARTESIAN_POINT('',(2.1,0.95,0.1));
#6914 = VERTEX_POINT('',#6915);
#6915 = CARTESIAN_POINT('',(2.1,0.95,0.17));
#6916 = LINE('',#6917,#6918);
#6917 = CARTESIAN_POINT('',(2.1,0.95,0.1));
#6918 = VECTOR('',#6919,1.);
#6919 = DIRECTION('',(0.,0.,1.));
#6920 = ORIENTED_EDGE('',*,*,#6921,.T.);
#6921 = EDGE_CURVE('',#6912,#6922,#6924,.T.);
#6922 = VERTEX_POINT('',#6923);
#6923 = CARTESIAN_POINT('',(2.1,1.45,0.1));
#6924 = LINE('',#6925,#6926);
#6925 = CARTESIAN_POINT('',(2.1,0.95,0.1));
#6926 = VECTOR('',#6927,1.);
#6927 = DIRECTION('',(0.,1.,0.));
#6928 = ORIENTED_EDGE('',*,*,#6929,.T.);
#6929 = EDGE_CURVE('',#6922,#6930,#6932,.T.);
#6930 = VERTEX_POINT('',#6931);
#6931 = CARTESIAN_POINT('',(2.1,1.45,0.17));
#6932 = LINE('',#6933,#6934);
#6933 = CARTESIAN_POINT('',(2.1,1.45,0.1));
#6934 = VECTOR('',#6935,1.);
#6935 = DIRECTION('',(0.,0.,1.));
#6936 = ORIENTED_EDGE('',*,*,#6937,.F.);
#6937 = EDGE_CURVE('',#6914,#6930,#6938,.T.);
#6938 = LINE('',#6939,#6940);
#6939 = CARTESIAN_POINT('',(2.1,0.95,0.17));
#6940 = VECTOR('',#6941,1.);
#6941 = DIRECTION('',(0.,1.,0.));
#6942 = PLANE('',#6943);
#6943 = AXIS2_PLACEMENT_3D('',#6944,#6945,#6946);
#6944 = CARTESIAN_POINT('',(2.1,0.95,0.1));
#6945 = DIRECTION('',(1.,0.,0.));
#6946 = DIRECTION('',(0.,0.,1.));
#6947 = ADVANCED_FACE('',(#6948),#6964,.F.);
#6948 = FACE_BOUND('',#6949,.F.);
#6949 = EDGE_LOOP('',(#6950,#6956,#6957,#6963));
#6950 = ORIENTED_EDGE('',*,*,#6951,.F.);
#6951 = EDGE_CURVE('',#6872,#6912,#6952,.T.);
#6952 = LINE('',#6953,#6954);
#6953 = CARTESIAN_POINT('',(1.9,0.95,0.1));
#6954 = VECTOR('',#6955,1.);
#6955 = DIRECTION('',(1.,0.,0.));
#6956 = ORIENTED_EDGE('',*,*,#6871,.T.);
#6957 = ORIENTED_EDGE('',*,*,#6958,.T.);
#6958 = EDGE_CURVE('',#6874,#6914,#6959,.T.);
#6959 = LINE('',#6960,#6961);
#6960 = CARTESIAN_POINT('',(1.9,0.95,0.17));
#6961 = VECTOR('',#6962,1.);
#6962 = DIRECTION('',(1.,0.,0.));
#6963 = ORIENTED_EDGE('',*,*,#6911,.F.);
#6964 = PLANE('',#6965);
#6965 = AXIS2_PLACEMENT_3D('',#6966,#6967,#6968);
#6966 = CARTESIAN_POINT('',(1.9,0.95,0.1));
#6967 = DIRECTION('',(0.,1.,0.));
#6968 = DIRECTION('',(0.,-0.,1.));
#6969 = ADVANCED_FACE('',(#6970),#6986,.T.);
#6970 = FACE_BOUND('',#6971,.T.);
#6971 = EDGE_LOOP('',(#6972,#6978,#6979,#6985));
#6972 = ORIENTED_EDGE('',*,*,#6973,.F.);
#6973 = EDGE_CURVE('',#6882,#6922,#6974,.T.);
#6974 = LINE('',#6975,#6976);
#6975 = CARTESIAN_POINT('',(1.9,1.45,0.1));
#6976 = VECTOR('',#6977,1.);
#6977 = DIRECTION('',(1.,0.,0.));
#6978 = ORIENTED_EDGE('',*,*,#6889,.T.);
#6979 = ORIENTED_EDGE('',*,*,#6980,.T.);
#6980 = EDGE_CURVE('',#6890,#6930,#6981,.T.);
#6981 = LINE('',#6982,#6983);
#6982 = CARTESIAN_POINT('',(1.9,1.45,0.17));
#6983 = VECTOR('',#6984,1.);
#6984 = DIRECTION('',(1.,0.,0.));
#6985 = ORIENTED_EDGE('',*,*,#6929,.F.);
#6986 = PLANE('',#6987);
#6987 = AXIS2_PLACEMENT_3D('',#6988,#6989,#6990);
#6988 = CARTESIAN_POINT('',(1.9,1.45,0.1));
#6989 = DIRECTION('',(0.,1.,0.));
#6990 = DIRECTION('',(0.,-0.,1.));
#6991 = ADVANCED_FACE('',(#6992),#6998,.F.);
#6992 = FACE_BOUND('',#6993,.F.);
#6993 = EDGE_LOOP('',(#6994,#6995,#6996,#6997));
#6994 = ORIENTED_EDGE('',*,*,#6881,.F.);
#6995 = ORIENTED_EDGE('',*,*,#6951,.T.);
#6996 = ORIENTED_EDGE('',*,*,#6921,.T.);
#6997 = ORIENTED_EDGE('',*,*,#6973,.F.);
#6998 = PLANE('',#6999);
#6999 = AXIS2_PLACEMENT_3D('',#7000,#7001,#7002);
#7000 = CARTESIAN_POINT('',(1.9,0.95,0.1));
#7001 = DIRECTION('',(0.,0.,1.));
#7002 = DIRECTION('',(1.,0.,-0.));
#7003 = ADVANCED_FACE('',(#7004),#7010,.T.);
#7004 = FACE_BOUND('',#7005,.T.);
#7005 = EDGE_LOOP('',(#7006,#7007,#7008,#7009));
#7006 = ORIENTED_EDGE('',*,*,#6897,.F.);
#7007 = ORIENTED_EDGE('',*,*,#6958,.T.);
#7008 = ORIENTED_EDGE('',*,*,#6937,.T.);
#7009 = ORIENTED_EDGE('',*,*,#6980,.F.);
#7010 = PLANE('',#7011);
#7011 = AXIS2_PLACEMENT_3D('',#7012,#7013,#7014);
#7012 = CARTESIAN_POINT('',(1.9,0.95,0.17));
#7013 = DIRECTION('',(0.,0.,1.));
#7014 = DIRECTION('',(1.,0.,-0.));
#7015 = ( GEOMETRIC_REPRESENTATION_CONTEXT(3) 
GLOBAL_UNCERTAINTY_ASSIGNED_CONTEXT((#7019)) 
GLOBAL_UNIT_ASSIGNED_CONTEXT((#7016,#7017,#7018)) REPRESENTATION_CONTEXT
('Context #1','3D Context with UNIT and UNCERTAINTY') );
#7016 = ( LENGTH_UNIT() NAMED_UNIT(*) SI_UNIT(.MILLI.,.METRE.) );
#7017 = ( NAMED_UNIT(*) PLANE_ANGLE_UNIT() SI_UNIT($,.RADIAN.) );
#7018 = ( NAMED_UNIT(*) SI_UNIT($,.STERADIAN.) SOLID_ANGLE_UNIT() );
#7019 = UNCERTAINTY_MEASURE_WITH_UNIT(LENGTH_MEASURE(1.E-07),#7016,
  'distance_accuracy_value','confusion accuracy');
#7020 = CONTEXT_DEPENDENT_SHAPE_REPRESENTATION(#7021,#7023);
#7021 = ( REPRESENTATION_RELATIONSHIP('','',#6864,#2162) 
REPRESENTATION_RELATIONSHIP_WITH_TRANSFORMATION(#7022) 
SHAPE_REPRESENTATION_RELATIONSHIP() );
#7022 = ITEM_DEFINED_TRANSFORMATION('','',#11,#2271);
#7023 = PRODUCT_DEFINITION_SHAPE('Placement','Placement of an item',
  #7024);
#7024 = NEXT_ASSEMBLY_USAGE_OCCURRENCE('34','29','',#2157,#6859,$);
#7025 = PRODUCT_RELATED_PRODUCT_CATEGORY('part',$,(#6861));
#7026 = SHAPE_DEFINITION_REPRESENTATION(#7027,#7033);
#7027 = PRODUCT_DEFINITION_SHAPE('','',#7028);
#7028 = PRODUCT_DEFINITION('design','',#7029,#7032);
#7029 = PRODUCT_DEFINITION_FORMATION('','',#7030);
#7030 = PRODUCT('Open CASCADE STEP translator 7.9 1.2.29',
  'Open CASCADE STEP translator 7.9 1.2.29','',(#7031));
#7031 = PRODUCT_CONTEXT('',#2,'mechanical');
#7032 = PRODUCT_DEFINITION_CONTEXT('part definition',#2,'design');
#7033 = ADVANCED_BREP_SHAPE_REPRESENTATION('',(#11,#7034),#7184);
#7034 = MANIFOLD_SOLID_BREP('',#7035);
#7035 = CLOSED_SHELL('',(#7036,#7076,#7116,#7138,#7160,#7172));
#7036 = ADVANCED_FACE('',(#7037),#7071,.F.);
#7037 = FACE_BOUND('',#7038,.F.);
#7038 = EDGE_LOOP('',(#7039,#7049,#7057,#7065));
#7039 = ORIENTED_EDGE('',*,*,#7040,.F.);
#7040 = EDGE_CURVE('',#7041,#7043,#7045,.T.);
#7041 = VERTEX_POINT('',#7042);
#7042 = CARTESIAN_POINT('',(2.3,0.95,0.1));
#7043 = VERTEX_POINT('',#7044);
#7044 = CARTESIAN_POINT('',(2.3,0.95,0.17));
#7045 = LINE('',#7046,#7047);
#7046 = CARTESIAN_POINT('',(2.3,0.95,0.1));
#7047 = VECTOR('',#7048,1.);
#7048 = DIRECTION('',(0.,0.,1.));
#7049 = ORIENTED_EDGE('',*,*,#7050,.T.);
#7050 = EDGE_CURVE('',#7041,#7051,#7053,.T.);
#7051 = VERTEX_POINT('',#7052);
#7052 = CARTESIAN_POINT('',(2.3,1.45,0.1));
#7053 = LINE('',#7054,#7055);
#7054 = CARTESIAN_POINT('',(2.3,0.95,0.1));
#7055 = VECTOR('',#7056,1.);
#7056 = DIRECTION('',(0.,1.,0.));
#7057 = ORIENTED_EDGE('',*,*,#7058,.T.);
#7058 = EDGE_CURVE('',#7051,#7059,#7061,.T.);
#7059 = VERTEX_POINT('',#7060);
#7060 = CARTESIAN_POINT('',(2.3,1.45,0.17));
#7061 = LINE('',#7062,#7063);
#7062 = CARTESIAN_POINT('',(2.3,1.45,0.1));
#7063 = VECTOR('',#7064,1.);
#7064 = DIRECTION('',(0.,0.,1.));
#7065 = ORIENTED_EDGE('',*,*,#7066,.F.);
#7066 = EDGE_CURVE('',#7043,#7059,#7067,.T.);
#7067 = LINE('',#7068,#7069);
#7068 = CARTESIAN_POINT('',(2.3,0.95,0.17));
#7069 = VECTOR('',#7070,1.);
#7070 = DIRECTION('',(0.,1.,0.));
#7071 = PLANE('',#7072);
#7072 = AXIS2_PLACEMENT_3D('',#7073,#7074,#7075);
#7073 = CARTESIAN_POINT('',(2.3,0.95,0.1));
#7074 = DIRECTION('',(1.,0.,0.));
#7075 = DIRECTION('',(0.,0.,1.));
#7076 = ADVANCED_FACE('',(#7077),#7111,.T.);
#7077 = FACE_BOUND('',#7078,.T.);
#7078 = EDGE_LOOP('',(#7079,#7089,#7097,#7105));
#7079 = ORIENTED_EDGE('',*,*,#7080,.F.);
#7080 = EDGE_CURVE('',#7081,#7083,#7085,.T.);
#7081 = VERTEX_POINT('',#7082);
#7082 = CARTESIAN_POINT('',(2.5,0.95,0.1));
#7083 = VERTEX_POINT('',#7084);
#7084 = CARTESIAN_POINT('',(2.5,0.95,0.17));
#7085 = LINE('',#7086,#7087);
#7086 = CARTESIAN_POINT('',(2.5,0.95,0.1));
#7087 = VECTOR('',#7088,1.);
#7088 = DIRECTION('',(0.,0.,1.));
#7089 = ORIENTED_EDGE('',*,*,#7090,.T.);
#7090 = EDGE_CURVE('',#7081,#7091,#7093,.T.);
#7091 = VERTEX_POINT('',#7092);
#7092 = CARTESIAN_POINT('',(2.5,1.45,0.1));
#7093 = LINE('',#7094,#7095);
#7094 = CARTESIAN_POINT('',(2.5,0.95,0.1));
#7095 = VECTOR('',#7096,1.);
#7096 = DIRECTION('',(0.,1.,0.));
#7097 = ORIENTED_EDGE('',*,*,#7098,.T.);
#7098 = EDGE_CURVE('',#7091,#7099,#7101,.T.);
#7099 = VERTEX_POINT('',#7100);
#7100 = CARTESIAN_POINT('',(2.5,1.45,0.17));
#7101 = LINE('',#7102,#7103);
#7102 = CARTESIAN_POINT('',(2.5,1.45,0.1));
#7103 = VECTOR('',#7104,1.);
#7104 = DIRECTION('',(0.,0.,1.));
#7105 = ORIENTED_EDGE('',*,*,#7106,.F.);
#7106 = EDGE_CURVE('',#7083,#7099,#7107,.T.);
#7107 = LINE('',#7108,#7109);
#7108 = CARTESIAN_POINT('',(2.5,0.95,0.17));
#7109 = VECTOR('',#7110,1.);
#7110 = DIRECTION('',(0.,1.,0.));
#7111 = PLANE('',#7112);
#7112 = AXIS2_PLACEMENT_3D('',#7113,#7114,#7115);
#7113 = CARTESIAN_POINT('',(2.5,0.95,0.1));
#7114 = DIRECTION('',(1.,0.,0.));
#7115 = DIRECTION('',(0.,0.,1.));
#7116 = ADVANCED_FACE('',(#7117),#7133,.F.);
#7117 = FACE_BOUND('',#7118,.F.);
#7118 = EDGE_LOOP('',(#7119,#7125,#7126,#7132));
#7119 = ORIENTED_EDGE('',*,*,#7120,.F.);
#7120 = EDGE_CURVE('',#7041,#7081,#7121,.T.);
#7121 = LINE('',#7122,#7123);
#7122 = CARTESIAN_POINT('',(2.3,0.95,0.1));
#7123 = VECTOR('',#7124,1.);
#7124 = DIRECTION('',(1.,0.,0.));
#7125 = ORIENTED_EDGE('',*,*,#7040,.T.);
#7126 = ORIENTED_EDGE('',*,*,#7127,.T.);
#7127 = EDGE_CURVE('',#7043,#7083,#7128,.T.);
#7128 = LINE('',#7129,#7130);
#7129 = CARTESIAN_POINT('',(2.3,0.95,0.17));
#7130 = VECTOR('',#7131,1.);
#7131 = DIRECTION('',(1.,0.,0.));
#7132 = ORIENTED_EDGE('',*,*,#7080,.F.);
#7133 = PLANE('',#7134);
#7134 = AXIS2_PLACEMENT_3D('',#7135,#7136,#7137);
#7135 = CARTESIAN_POINT('',(2.3,0.95,0.1));
#7136 = DIRECTION('',(0.,1.,0.));
#7137 = DIRECTION('',(0.,-0.,1.));
#7138 = ADVANCED_FACE('',(#7139),#7155,.T.);
#7139 = FACE_BOUND('',#7140,.T.);
#7140 = EDGE_LOOP('',(#7141,#7147,#7148,#7154));
#7141 = ORIENTED_EDGE('',*,*,#7142,.F.);
#7142 = EDGE_CURVE('',#7051,#7091,#7143,.T.);
#7143 = LINE('',#7144,#7145);
#7144 = CARTESIAN_POINT('',(2.3,1.45,0.1));
#7145 = VECTOR('',#7146,1.);
#7146 = DIRECTION('',(1.,0.,0.));
#7147 = ORIENTED_EDGE('',*,*,#7058,.T.);
#7148 = ORIENTED_EDGE('',*,*,#7149,.T.);
#7149 = EDGE_CURVE('',#7059,#7099,#7150,.T.);
#7150 = LINE('',#7151,#7152);
#7151 = CARTESIAN_POINT('',(2.3,1.45,0.17));
#7152 = VECTOR('',#7153,1.);
#7153 = DIRECTION('',(1.,0.,0.));
#7154 = ORIENTED_EDGE('',*,*,#7098,.F.);
#7155 = PLANE('',#7156);
#7156 = AXIS2_PLACEMENT_3D('',#7157,#7158,#7159);
#7157 = CARTESIAN_POINT('',(2.3,1.45,0.1));
#7158 = DIRECTION('',(0.,1.,0.));
#7159 = DIRECTION('',(0.,-0.,1.));
#7160 = ADVANCED_FACE('',(#7161),#7167,.F.);
#7161 = FACE_BOUND('',#7162,.F.);
#7162 = EDGE_LOOP('',(#7163,#7164,#7165,#7166));
#7163 = ORIENTED_EDGE('',*,*,#7050,.F.);
#7164 = ORIENTED_EDGE('',*,*,#7120,.T.);
#7165 = ORIENTED_EDGE('',*,*,#7090,.T.);
#7166 = ORIENTED_EDGE('',*,*,#7142,.F.);
#7167 = PLANE('',#7168);
#7168 = AXIS2_PLACEMENT_3D('',#7169,#7170,#7171);
#7169 = CARTESIAN_POINT('',(2.3,0.95,0.1));
#7170 = DIRECTION('',(0.,0.,1.));
#7171 = DIRECTION('',(1.,0.,-0.));
#7172 = ADVANCED_FACE('',(#7173),#7179,.T.);
#7173 = FACE_BOUND('',#7174,.T.);
#7174 = EDGE_LOOP('',(#7175,#7176,#7177,#7178));
#7175 = ORIENTED_EDGE('',*,*,#7066,.F.);
#7176 = ORIENTED_EDGE('',*,*,#7127,.T.);
#7177 = ORIENTED_EDGE('',*,*,#7106,.T.);
#7178 = ORIENTED_EDGE('',*,*,#7149,.F.);
#7179 = PLANE('',#7180);
#7180 = AXIS2_PLACEMENT_3D('',#7181,#7182,#7183);
#7181 = CARTESIAN_POINT('',(2.3,0.95,0.17));
#7182 = DIRECTION('',(0.,0.,1.));
#7183 = DIRECTION('',(1.,0.,-0.));
#7184 = ( GEOMETRIC_REPRESENTATION_CONTEXT(3) 
GLOBAL_UNCERTAINTY_ASSIGNED_CONTEXT((#7188)) 
GLOBAL_UNIT_ASSIGNED_CONTEXT((#7185,#7186,#7187)) REPRESENTATION_CONTEXT
('Context #1','3D Context with UNIT and UNCERTAINTY') );
#7185 = ( LENGTH_UNIT() NAMED_UNIT(*) SI_UNIT(.MILLI.,.METRE.) );
#7186 = ( NAMED_UNIT(*) PLANE_ANGLE_UNIT() SI_UNIT($,.RADIAN.) );
#7187 = ( NAMED_UNIT(*) SI_UNIT($,.STERADIAN.) SOLID_ANGLE_UNIT() );
#7188 = UNCERTAINTY_MEASURE_WITH_UNIT(LENGTH_MEASURE(1.E-07),#7185,
  'distance_accuracy_value','confusion accuracy');
#7189 = CONTEXT_DEPENDENT_SHAPE_REPRESENTATION(#7190,#7192);
#7190 = ( REPRESENTATION_RELATIONSHIP('','',#7033,#2162) 
REPRESENTATION_RELATIONSHIP_WITH_TRANSFORMATION(#7191) 
SHAPE_REPRESENTATION_RELATIONSHIP() );
#7191 = ITEM_DEFINED_TRANSFORMATION('','',#11,#2275);
#7192 = PRODUCT_DEFINITION_SHAPE('Placement','Placement of an item',
  #7193);
#7193 = NEXT_ASSEMBLY_USAGE_OCCURRENCE('35','30','',#2157,#7028,$);
#7194 = PRODUCT_RELATED_PRODUCT_CATEGORY('part',$,(#7030));
#7195 = SHAPE_DEFINITION_REPRESENTATION(#7196,#7202);
#7196 = PRODUCT_DEFINITION_SHAPE('','',#7197);
#7197 = PRODUCT_DEFINITION('design','',#7198,#7201);
#7198 = PRODUCT_DEFINITION_FORMATION('','',#7199);
#7199 = PRODUCT('Open CASCADE STEP translator 7.9 1.2.30',
  'Open CASCADE STEP translator 7.9 1.2.30','',(#7200));
#7200 = PRODUCT_CONTEXT('',#2,'mechanical');
#7201 = PRODUCT_DEFINITION_CONTEXT('part definition',#2,'design');
#7202 = ADVANCED_BREP_SHAPE_REPRESENTATION('',(#11,#7203),#7353);
#7203 = MANIFOLD_SOLID_BREP('',#7204);
#7204 = CLOSED_SHELL('',(#7205,#7245,#7285,#7307,#7329,#7341));
#7205 = ADVANCED_FACE('',(#7206),#7240,.F.);
#7206 = FACE_BOUND('',#7207,.F.);
#7207 = EDGE_LOOP('',(#7208,#7218,#7226,#7234));
#7208 = ORIENTED_EDGE('',*,*,#7209,.F.);
#7209 = EDGE_CURVE('',#7210,#7212,#7214,.T.);
#7210 = VERTEX_POINT('',#7211);
#7211 = CARTESIAN_POINT('',(2.7,0.95,0.1));
#7212 = VERTEX_POINT('',#7213);
#7213 = CARTESIAN_POINT('',(2.7,0.95,0.17));
#7214 = LINE('',#7215,#7216);
#7215 = CARTESIAN_POINT('',(2.7,0.95,0.1));
#7216 = VECTOR('',#7217,1.);
#7217 = DIRECTION('',(0.,0.,1.));
#7218 = ORIENTED_EDGE('',*,*,#7219,.T.);
#7219 = EDGE_CURVE('',#7210,#7220,#7222,.T.);
#7220 = VERTEX_POINT('',#7221);
#7221 = CARTESIAN_POINT('',(2.7,1.45,0.1));
#7222 = LINE('',#7223,#7224);
#7223 = CARTESIAN_POINT('',(2.7,0.95,0.1));
#7224 = VECTOR('',#7225,1.);
#7225 = DIRECTION('',(0.,1.,0.));
#7226 = ORIENTED_EDGE('',*,*,#7227,.T.);
#7227 = EDGE_CURVE('',#7220,#7228,#7230,.T.);
#7228 = VERTEX_POINT('',#7229);
#7229 = CARTESIAN_POINT('',(2.7,1.45,0.17));
#7230 = LINE('',#7231,#7232);
#7231 = CARTESIAN_POINT('',(2.7,1.45,0.1));
#7232 = VECTOR('',#7233,1.);
#7233 = DIRECTION('',(0.,0.,1.));
#7234 = ORIENTED_EDGE('',*,*,#7235,.F.);
#7235 = EDGE_CURVE('',#7212,#7228,#7236,.T.);
#7236 = LINE('',#7237,#7238);
#7237 = CARTESIAN_POINT('',(2.7,0.95,0.17));
#7238 = VECTOR('',#7239,1.);
#7239 = DIRECTION('',(0.,1.,0.));
#7240 = PLANE('',#7241);
#7241 = AXIS2_PLACEMENT_3D('',#7242,#7243,#7244);
#7242 = CARTESIAN_POINT('',(2.7,0.95,0.1));
#7243 = DIRECTION('',(1.,0.,0.));
#7244 = DIRECTION('',(0.,0.,1.));
#7245 = ADVANCED_FACE('',(#7246),#7280,.T.);
#7246 = FACE_BOUND('',#7247,.T.);
#7247 = EDGE_LOOP('',(#7248,#7258,#7266,#7274));
#7248 = ORIENTED_EDGE('',*,*,#7249,.F.);
#7249 = EDGE_CURVE('',#7250,#7252,#7254,.T.);
#7250 = VERTEX_POINT('',#7251);
#7251 = CARTESIAN_POINT('',(2.9,0.95,0.1));
#7252 = VERTEX_POINT('',#7253);
#7253 = CARTESIAN_POINT('',(2.9,0.95,0.17));
#7254 = LINE('',#7255,#7256);
#7255 = CARTESIAN_POINT('',(2.9,0.95,0.1));
#7256 = VECTOR('',#7257,1.);
#7257 = DIRECTION('',(0.,0.,1.));
#7258 = ORIENTED_EDGE('',*,*,#7259,.T.);
#7259 = EDGE_CURVE('',#7250,#7260,#7262,.T.);
#7260 = VERTEX_POINT('',#7261);
#7261 = CARTESIAN_POINT('',(2.9,1.45,0.1));
#7262 = LINE('',#7263,#7264);
#7263 = CARTESIAN_POINT('',(2.9,0.95,0.1));
#7264 = VECTOR('',#7265,1.);
#7265 = DIRECTION('',(0.,1.,0.));
#7266 = ORIENTED_EDGE('',*,*,#7267,.T.);
#7267 = EDGE_CURVE('',#7260,#7268,#7270,.T.);
#7268 = VERTEX_POINT('',#7269);
#7269 = CARTESIAN_POINT('',(2.9,1.45,0.17));
#7270 = LINE('',#7271,#7272);
#7271 = CARTESIAN_POINT('',(2.9,1.45,0.1));
#7272 = VECTOR('',#7273,1.);
#7273 = DIRECTION('',(0.,0.,1.));
#7274 = ORIENTED_EDGE('',*,*,#7275,.F.);
#7275 = EDGE_CURVE('',#7252,#7268,#7276,.T.);
#7276 = LINE('',#7277,#7278);
#7277 = CARTESIAN_POINT('',(2.9,0.95,0.17));
#7278 = VECTOR('',#7279,1.);
#7279 = DIRECTION('',(0.,1.,0.));
#7280 = PLANE('',#7281);
#7281 = AXIS2_PLACEMENT_3D('',#7282,#7283,#7284);
#7282 = CARTESIAN_POINT('',(2.9,0.95,0.1));
#7283 = DIRECTION('',(1.,0.,0.));
#7284 = DIRECTION('',(0.,0.,1.));
#7285 = ADVANCED_FACE('',(#7286),#7302,.F.);
#7286 = FACE_BOUND('',#7287,.F.);
#7287 = EDGE_LOOP('',(#7288,#7294,#7295,#7301));
#7288 = ORIENTED_EDGE('',*,*,#7289,.F.);
#7289 = EDGE_CURVE('',#7210,#7250,#7290,.T.);
#7290 = LINE('',#7291,#7292);
#7291 = CARTESIAN_POINT('',(2.7,0.95,0.1));
#7292 = VECTOR('',#7293,1.);
#7293 = DIRECTION('',(1.,0.,0.));
#7294 = ORIENTED_EDGE('',*,*,#7209,.T.);
#7295 = ORIENTED_EDGE('',*,*,#7296,.T.);
#7296 = EDGE_CURVE('',#7212,#7252,#7297,.T.);
#7297 = LINE('',#7298,#7299);
#7298 = CARTESIAN_POINT('',(2.7,0.95,0.17));
#7299 = VECTOR('',#7300,1.);
#7300 = DIRECTION('',(1.,0.,0.));
#7301 = ORIENTED_EDGE('',*,*,#7249,.F.);
#7302 = PLANE('',#7303);
#7303 = AXIS2_PLACEMENT_3D('',#7304,#7305,#7306);
#7304 = CARTESIAN_POINT('',(2.7,0.95,0.1));
#7305 = DIRECTION('',(0.,1.,0.));
#7306 = DIRECTION('',(0.,-0.,1.));
#7307 = ADVANCED_FACE('',(#7308),#7324,.T.);
#7308 = FACE_BOUND('',#7309,.T.);
#7309 = EDGE_LOOP('',(#7310,#7316,#7317,#7323));
#7310 = ORIENTED_EDGE('',*,*,#7311,.F.);
#7311 = EDGE_CURVE('',#7220,#7260,#7312,.T.);
#7312 = LINE('',#7313,#7314);
#7313 = CARTESIAN_POINT('',(2.7,1.45,0.1));
#7314 = VECTOR('',#7315,1.);
#7315 = DIRECTION('',(1.,0.,0.));
#7316 = ORIENTED_EDGE('',*,*,#7227,.T.);
#7317 = ORIENTED_EDGE('',*,*,#7318,.T.);
#7318 = EDGE_CURVE('',#7228,#7268,#7319,.T.);
#7319 = LINE('',#7320,#7321);
#7320 = CARTESIAN_POINT('',(2.7,1.45,0.17));
#7321 = VECTOR('',#7322,1.);
#7322 = DIRECTION('',(1.,0.,0.));
#7323 = ORIENTED_EDGE('',*,*,#7267,.F.);
#7324 = PLANE('',#7325);
#7325 = AXIS2_PLACEMENT_3D('',#7326,#7327,#7328);
#7326 = CARTESIAN_POINT('',(2.7,1.45,0.1));
#7327 = DIRECTION('',(0.,1.,0.));
#7328 = DIRECTION('',(0.,-0.,1.));
#7329 = ADVANCED_FACE('',(#7330),#7336,.F.);
#7330 = FACE_BOUND('',#7331,.F.);
#7331 = EDGE_LOOP('',(#7332,#7333,#7334,#7335));
#7332 = ORIENTED_EDGE('',*,*,#7219,.F.);
#7333 = ORIENTED_EDGE('',*,*,#7289,.T.);
#7334 = ORIENTED_EDGE('',*,*,#7259,.T.);
#7335 = ORIENTED_EDGE('',*,*,#7311,.F.);
#7336 = PLANE('',#7337);
#7337 = AXIS2_PLACEMENT_3D('',#7338,#7339,#7340);
#7338 = CARTESIAN_POINT('',(2.7,0.95,0.1));
#7339 = DIRECTION('',(0.,0.,1.));
#7340 = DIRECTION('',(1.,0.,-0.));
#7341 = ADVANCED_FACE('',(#7342),#7348,.T.);
#7342 = FACE_BOUND('',#7343,.T.);
#7343 = EDGE_LOOP('',(#7344,#7345,#7346,#7347));
#7344 = ORIENTED_EDGE('',*,*,#7235,.F.);
#7345 = ORIENTED_EDGE('',*,*,#7296,.T.);
#7346 = ORIENTED_EDGE('',*,*,#7275,.T.);
#7347 = ORIENTED_EDGE('',*,*,#7318,.F.);
#7348 = PLANE('',#7349);
#7349 = AXIS2_PLACEMENT_3D('',#7350,#7351,#7352);
#7350 = CARTESIAN_POINT('',(2.7,0.95,0.17));
#7351 = DIRECTION('',(0.,0.,1.));
#7352 = DIRECTION('',(1.,0.,-0.));
#7353 = ( GEOMETRIC_REPRESENTATION_CONTEXT(3) 
GLOBAL_UNCERTAINTY_ASSIGNED_CONTEXT((#7357)) 
GLOBAL_UNIT_ASSIGNED_CONTEXT((#7354,#7355,#7356)) REPRESENTATION_CONTEXT
('Context #1','3D Context with UNIT and UNCERTAINTY') );
#7354 = ( LENGTH_UNIT() NAMED_UNIT(*) SI_UNIT(.MILLI.,.METRE.) );
#7355 = ( NAMED_UNIT(*) PLANE_ANGLE_UNIT() SI_UNIT($,.RADIAN.) );
#7356 = ( NAMED_UNIT(*) SI_UNIT($,.STERADIAN.) SOLID_ANGLE_UNIT() );
#7357 = UNCERTAINTY_MEASURE_WITH_UNIT(LENGTH_MEASURE(1.E-07),#7354,
  'distance_accuracy_value','confusion accuracy');
#7358 = CONTEXT_DEPENDENT_SHAPE_REPRESENTATION(#7359,#7361);
#7359 = ( REPRESENTATION_RELATIONSHIP('','',#7202,#2162) 
REPRESENTATION_RELATIONSHIP_WITH_TRANSFORMATION(#7360) 
SHAPE_REPRESENTATION_RELATIONSHIP() );
#7360 = ITEM_DEFINED_TRANSFORMATION('','',#11,#2279);
#7361 = PRODUCT_DEFINITION_SHAPE('Placement','Placement of an item',
  #7362);
#7362 = NEXT_ASSEMBLY_USAGE_OCCURRENCE('36','31','',#2157,#7197,$);
#7363 = PRODUCT_RELATED_PRODUCT_CATEGORY('part',$,(#7199));
#7364 = SHAPE_DEFINITION_REPRESENTATION(#7365,#7371);
#7365 = PRODUCT_DEFINITION_SHAPE('','',#7366);
#7366 = PRODUCT_DEFINITION('design','',#7367,#7370);
#7367 = PRODUCT_DEFINITION_FORMATION('','',#7368);
#7368 = PRODUCT('Open CASCADE STEP translator 7.9 1.3',
  'Open CASCADE STEP translator 7.9 1.3','',(#7369));
#7369 = PRODUCT_CONTEXT('',#2,'mechanical');
#7370 = PRODUCT_DEFINITION_CONTEXT('part definition',#2,'design');
#7371 = SHAPE_REPRESENTATION('',(#11,#7372,#7376,#7380,#7384),#7388);
#7372 = AXIS2_PLACEMENT_3D('',#7373,#7374,#7375);
#7373 = CARTESIAN_POINT('',(0.,0.,0.));
#7374 = DIRECTION('',(0.,0.,1.));
#7375 = DIRECTION('',(1.,0.,0.));
#7376 = AXIS2_PLACEMENT_3D('',#7377,#7378,#7379);
#7377 = CARTESIAN_POINT('',(0.,0.,0.));
#7378 = DIRECTION('',(0.,0.,1.));
#7379 = DIRECTION('',(1.,0.,0.));
#7380 = AXIS2_PLACEMENT_3D('',#7381,#7382,#7383);
#7381 = CARTESIAN_POINT('',(0.,0.,0.));
#7382 = DIRECTION('',(0.,0.,1.));
#7383 = DIRECTION('',(1.,0.,0.));
#7384 = AXIS2_PLACEMENT_3D('',#7385,#7386,#7387);
#7385 = CARTESIAN_POINT('',(0.,0.,0.));
#7386 = DIRECTION('',(0.,0.,1.));
#7387 = DIRECTION('',(1.,0.,0.));
#7388 = ( GEOMETRIC_REPRESENTATION_CONTEXT(3) 
GLOBAL_UNCERTAINTY_ASSIGNED_CONTEXT((#7392)) 
GLOBAL_UNIT_ASSIGNED_CONTEXT((#7389,#7390,#7391)) REPRESENTATION_CONTEXT
('Context #1','3D Context with UNIT and UNCERTAINTY') );
#7389 = ( LENGTH_UNIT() NAMED_UNIT(*) SI_UNIT(.MILLI.,.METRE.) );
#7390 = ( NAMED_UNIT(*) PLANE_ANGLE_UNIT() SI_UNIT($,.RADIAN.) );
#7391 = ( NAMED_UNIT(*) SI_UNIT($,.STERADIAN.) SOLID_ANGLE_UNIT() );
#7392 = UNCERTAINTY_MEASURE_WITH_UNIT(LENGTH_MEASURE(1.E-07),#7389,
  'distance_accuracy_value','confusion accuracy');
#7393 = CONTEXT_DEPENDENT_SHAPE_REPRESENTATION(#7394,#7396);
#7394 = ( REPRESENTATION_RELATIONSHIP('','',#7371,#1820) 
REPRESENTATION_RELATIONSHIP_WITH_TRANSFORMATION(#7395) 
SHAPE_REPRESENTATION_RELATIONSHIP() );
#7395 = ITEM_DEFINED_TRANSFORMATION('','',#11,#1829);
#7396 = PRODUCT_DEFINITION_SHAPE('Placement','Placement of an item',
  #7397);
#7397 = NEXT_ASSEMBLY_USAGE_OCCURRENCE('42','37','',#1815,#7366,$);
#7398 = PRODUCT_RELATED_PRODUCT_CATEGORY('part',$,(#7368));
#7399 = SHAPE_DEFINITION_REPRESENTATION(#7400,#7406);
#7400 = PRODUCT_DEFINITION_SHAPE('','',#7401);
#7401 = PRODUCT_DEFINITION('design','',#7402,#7405);
#7402 = PRODUCT_DEFINITION_FORMATION('','',#7403);
#7403 = PRODUCT('Open CASCADE STEP translator 7.9 1.3.1',
  'Open CASCADE STEP translator 7.9 1.3.1','',(#7404));
#7404 = PRODUCT_CONTEXT('',#2,'mechanical');
#7405 = PRODUCT_DEFINITION_CONTEXT('part definition',#2,'design');
#7406 = ADVANCED_BREP_SHAPE_REPRESENTATION('',(#11,#7407),#7557);
#7407 = MANIFOLD_SOLID_BREP('',#7408);
#7408 = CLOSED_SHELL('',(#7409,#7449,#7489,#7511,#7533,#7545));
#7409 = ADVANCED_FACE('',(#7410),#7444,.F.);
#7410 = FACE_BOUND('',#7411,.F.);
#7411 = EDGE_LOOP('',(#7412,#7422,#7430,#7438));
#7412 = ORIENTED_EDGE('',*,*,#7413,.F.);
#7413 = EDGE_CURVE('',#7414,#7416,#7418,.T.);
#7414 = VERTEX_POINT('',#7415);
#7415 = CARTESIAN_POINT('',(-3.93,-1.4525,0.));
#7416 = VERTEX_POINT('',#7417);
#7417 = CARTESIAN_POINT('',(-3.93,-1.4525,8.E-02));
#7418 = LINE('',#7419,#7420);
#7419 = CARTESIAN_POINT('',(-3.93,-1.4525,0.));
#7420 = VECTOR('',#7421,1.);
#7421 = DIRECTION('',(0.,0.,1.));
#7422 = ORIENTED_EDGE('',*,*,#7423,.T.);
#7423 = EDGE_CURVE('',#7414,#7424,#7426,.T.);
#7424 = VERTEX_POINT('',#7425);
#7425 = CARTESIAN_POINT('',(-3.93,-0.6675,0.));
#7426 = LINE('',#7427,#7428);
#7427 = CARTESIAN_POINT('',(-3.93,-1.4525,0.));
#7428 = VECTOR('',#7429,1.);
#7429 = DIRECTION('',(0.,1.,0.));
#7430 = ORIENTED_EDGE('',*,*,#7431,.T.);
#7431 = EDGE_CURVE('',#7424,#7432,#7434,.T.);
#7432 = VERTEX_POINT('',#7433);
#7433 = CARTESIAN_POINT('',(-3.93,-0.6675,8.E-02));
#7434 = LINE('',#7435,#7436);
#7435 = CARTESIAN_POINT('',(-3.93,-0.6675,0.));
#7436 = VECTOR('',#7437,1.);
#7437 = DIRECTION('',(0.,0.,1.));
#7438 = ORIENTED_EDGE('',*,*,#7439,.F.);
#7439 = EDGE_CURVE('',#7416,#7432,#7440,.T.);
#7440 = LINE('',#7441,#7442);
#7441 = CARTESIAN_POINT('',(-3.93,-1.4525,8.E-02));
#7442 = VECTOR('',#7443,1.);
#7443 = DIRECTION('',(0.,1.,0.));
#7444 = PLANE('',#7445);
#7445 = AXIS2_PLACEMENT_3D('',#7446,#7447,#7448);
#7446 = CARTESIAN_POINT('',(-3.93,-1.4525,0.));
#7447 = DIRECTION('',(1.,0.,0.));
#7448 = DIRECTION('',(0.,0.,1.));
#7449 = ADVANCED_FACE('',(#7450),#7484,.T.);
#7450 = FACE_BOUND('',#7451,.T.);
#7451 = EDGE_LOOP('',(#7452,#7462,#7470,#7478));
#7452 = ORIENTED_EDGE('',*,*,#7453,.F.);
#7453 = EDGE_CURVE('',#7454,#7456,#7458,.T.);
#7454 = VERTEX_POINT('',#7455);
#7455 = CARTESIAN_POINT('',(-3.33,-1.4525,0.));
#7456 = VERTEX_POINT('',#7457);
#7457 = CARTESIAN_POINT('',(-3.33,-1.4525,8.E-02));
#7458 = LINE('',#7459,#7460);
#7459 = CARTESIAN_POINT('',(-3.33,-1.4525,0.));
#7460 = VECTOR('',#7461,1.);
#7461 = DIRECTION('',(0.,0.,1.));
#7462 = ORIENTED_EDGE('',*,*,#7463,.T.);
#7463 = EDGE_CURVE('',#7454,#7464,#7466,.T.);
#7464 = VERTEX_POINT('',#7465);
#7465 = CARTESIAN_POINT('',(-3.33,-0.6675,0.));
#7466 = LINE('',#7467,#7468);
#7467 = CARTESIAN_POINT('',(-3.33,-1.4525,0.));
#7468 = VECTOR('',#7469,1.);
#7469 = DIRECTION('',(0.,1.,0.));
#7470 = ORIENTED_EDGE('',*,*,#7471,.T.);
#7471 = EDGE_CURVE('',#7464,#7472,#7474,.T.);
#7472 = VERTEX_POINT('',#7473);
#7473 = CARTESIAN_POINT('',(-3.33,-0.6675,8.E-02));
#7474 = LINE('',#7475,#7476);
#7475 = CARTESIAN_POINT('',(-3.33,-0.6675,0.));
#7476 = VECTOR('',#7477,1.);
#7477 = DIRECTION('',(0.,0.,1.));
#7478 = ORIENTED_EDGE('',*,*,#7479,.F.);
#7479 = EDGE_CURVE('',#7456,#7472,#7480,.T.);
#7480 = LINE('',#7481,#7482);
#7481 = CARTESIAN_POINT('',(-3.33,-1.4525,8.E-02));
#7482 = VECTOR('',#7483,1.);
#7483 = DIRECTION('',(0.,1.,0.));
#7484 = PLANE('',#7485);
#7485 = AXIS2_PLACEMENT_3D('',#7486,#7487,#7488);
#7486 = CARTESIAN_POINT('',(-3.33,-1.4525,0.));
#7487 = DIRECTION('',(1.,0.,0.));
#7488 = DIRECTION('',(0.,0.,1.));
#7489 = ADVANCED_FACE('',(#7490),#7506,.F.);
#7490 = FACE_BOUND('',#7491,.F.);
#7491 = EDGE_LOOP('',(#7492,#7498,#7499,#7505));
#7492 = ORIENTED_EDGE('',*,*,#7493,.F.);
#7493 = EDGE_CURVE('',#7414,#7454,#7494,.T.);
#7494 = LINE('',#7495,#7496);
#7495 = CARTESIAN_POINT('',(-3.93,-1.4525,0.));
#7496 = VECTOR('',#7497,1.);
#7497 = DIRECTION('',(1.,0.,0.));
#7498 = ORIENTED_EDGE('',*,*,#7413,.T.);
#7499 = ORIENTED_EDGE('',*,*,#7500,.T.);
#7500 = EDGE_CURVE('',#7416,#7456,#7501,.T.);
#7501 = LINE('',#7502,#7503);
#7502 = CARTESIAN_POINT('',(-3.93,-1.4525,8.E-02));
#7503 = VECTOR('',#7504,1.);
#7504 = DIRECTION('',(1.,0.,0.));
#7505 = ORIENTED_EDGE('',*,*,#7453,.F.);
#7506 = PLANE('',#7507);
#7507 = AXIS2_PLACEMENT_3D('',#7508,#7509,#7510);
#7508 = CARTESIAN_POINT('',(-3.93,-1.4525,0.));
#7509 = DIRECTION('',(0.,1.,0.));
#7510 = DIRECTION('',(0.,-0.,1.));
#7511 = ADVANCED_FACE('',(#7512),#7528,.T.);
#7512 = FACE_BOUND('',#7513,.T.);
#7513 = EDGE_LOOP('',(#7514,#7520,#7521,#7527));
#7514 = ORIENTED_EDGE('',*,*,#7515,.F.);
#7515 = EDGE_CURVE('',#7424,#7464,#7516,.T.);
#7516 = LINE('',#7517,#7518);
#7517 = CARTESIAN_POINT('',(-3.93,-0.6675,0.));
#7518 = VECTOR('',#7519,1.);
#7519 = DIRECTION('',(1.,0.,0.));
#7520 = ORIENTED_EDGE('',*,*,#7431,.T.);
#7521 = ORIENTED_EDGE('',*,*,#7522,.T.);
#7522 = EDGE_CURVE('',#7432,#7472,#7523,.T.);
#7523 = LINE('',#7524,#7525);
#7524 = CARTESIAN_POINT('',(-3.93,-0.6675,8.E-02));
#7525 = VECTOR('',#7526,1.);
#7526 = DIRECTION('',(1.,0.,0.));
#7527 = ORIENTED_EDGE('',*,*,#7471,.F.);
#7528 = PLANE('',#7529);
#7529 = AXIS2_PLACEMENT_3D('',#7530,#7531,#7532);
#7530 = CARTESIAN_POINT('',(-3.93,-0.6675,0.));
#7531 = DIRECTION('',(0.,1.,0.));
#7532 = DIRECTION('',(0.,-0.,1.));
#7533 = ADVANCED_FACE('',(#7534),#7540,.F.);
#7534 = FACE_BOUND('',#7535,.F.);
#7535 = EDGE_LOOP('',(#7536,#7537,#7538,#7539));
#7536 = ORIENTED_EDGE('',*,*,#7423,.F.);
#7537 = ORIENTED_EDGE('',*,*,#7493,.T.);
#7538 = ORIENTED_EDGE('',*,*,#7463,.T.);
#7539 = ORIENTED_EDGE('',*,*,#7515,.F.);
#7540 = PLANE('',#7541);
#7541 = AXIS2_PLACEMENT_3D('',#7542,#7543,#7544);
#7542 = CARTESIAN_POINT('',(-3.93,-1.4525,0.));
#7543 = DIRECTION('',(0.,0.,1.));
#7544 = DIRECTION('',(1.,0.,-0.));
#7545 = ADVANCED_FACE('',(#7546),#7552,.T.);
#7546 = FACE_BOUND('',#7547,.T.);
#7547 = EDGE_LOOP('',(#7548,#7549,#7550,#7551));
#7548 = ORIENTED_EDGE('',*,*,#7439,.F.);
#7549 = ORIENTED_EDGE('',*,*,#7500,.T.);
#7550 = ORIENTED_EDGE('',*,*,#7479,.T.);
#7551 = ORIENTED_EDGE('',*,*,#7522,.F.);
#7552 = PLANE('',#7553);
#7553 = AXIS2_PLACEMENT_3D('',#7554,#7555,#7556);
#7554 = CARTESIAN_POINT('',(-3.93,-1.4525,8.E-02));
#7555 = DIRECTION('',(0.,0.,1.));
#7556 = DIRECTION('',(1.,0.,-0.));
#7557 = ( GEOMETRIC_REPRESENTATION_CONTEXT(3) 
GLOBAL_UNCERTAINTY_ASSIGNED_CONTEXT((#7561)) 
GLOBAL_UNIT_ASSIGNED_CONTEXT((#7558,#7559,#7560)) REPRESENTATION_CONTEXT
('Context #1','3D Context with UNIT and UNCERTAINTY') );
#7558 = ( LENGTH_UNIT() NAMED_UNIT(*) SI_UNIT(.MILLI.,.METRE.) );
#7559 = ( NAMED_UNIT(*) PLANE_ANGLE_UNIT() SI_UNIT($,.RADIAN.) );
#7560 = ( NAMED_UNIT(*) SI_UNIT($,.STERADIAN.) SOLID_ANGLE_UNIT() );
#7561 = UNCERTAINTY_MEASURE_WITH_UNIT(LENGTH_MEASURE(1.E-07),#7558,
  'distance_accuracy_value','confusion accuracy');
#7562 = CONTEXT_DEPENDENT_SHAPE_REPRESENTATION(#7563,#7565);
#7563 = ( REPRESENTATION_RELATIONSHIP('','',#7406,#7371) 
REPRESENTATION_RELATIONSHIP_WITH_TRANSFORMATION(#7564) 
SHAPE_REPRESENTATION_RELATIONSHIP() );
#7564 = ITEM_DEFINED_TRANSFORMATION('','',#11,#7372);
#7565 = PRODUCT_DEFINITION_SHAPE('Placement','Placement of an item',
  #7566);
#7566 = NEXT_ASSEMBLY_USAGE_OCCURRENCE('38','33','',#7366,#7401,$);
#7567 = PRODUCT_RELATED_PRODUCT_CATEGORY('part',$,(#7403));
#7568 = SHAPE_DEFINITION_REPRESENTATION(#7569,#7575);
#7569 = PRODUCT_DEFINITION_SHAPE('','',#7570);
#7570 = PRODUCT_DEFINITION('design','',#7571,#7574);
#7571 = PRODUCT_DEFINITION_FORMATION('','',#7572);
#7572 = PRODUCT('Open CASCADE STEP translator 7.9 1.3.2',
  'Open CASCADE STEP translator 7.9 1.3.2','',(#7573));
#7573 = PRODUCT_CONTEXT('',#2,'mechanical');
#7574 = PRODUCT_DEFINITION_CONTEXT('part definition',#2,'design');
#7575 = ADVANCED_BREP_SHAPE_REPRESENTATION('',(#11,#7576),#7726);
#7576 = MANIFOLD_SOLID_BREP('',#7577);
#7577 = CLOSED_SHELL('',(#7578,#7618,#7658,#7680,#7702,#7714));
#7578 = ADVANCED_FACE('',(#7579),#7613,.F.);
#7579 = FACE_BOUND('',#7580,.F.);
#7580 = EDGE_LOOP('',(#7581,#7591,#7599,#7607));
#7581 = ORIENTED_EDGE('',*,*,#7582,.F.);
#7582 = EDGE_CURVE('',#7583,#7585,#7587,.T.);
#7583 = VERTEX_POINT('',#7584);
#7584 = CARTESIAN_POINT('',(-3.93,0.6675,0.));
#7585 = VERTEX_POINT('',#7586);
#7586 = CARTESIAN_POINT('',(-3.93,0.6675,8.E-02));
#7587 = LINE('',#7588,#7589);
#7588 = CARTESIAN_POINT('',(-3.93,0.6675,0.));
#7589 = VECTOR('',#7590,1.);
#7590 = DIRECTION('',(0.,0.,1.));
#7591 = ORIENTED_EDGE('',*,*,#7592,.T.);
#7592 = EDGE_CURVE('',#7583,#7593,#7595,.T.);
#7593 = VERTEX_POINT('',#7594);
#7594 = CARTESIAN_POINT('',(-3.93,1.4525,0.));
#7595 = LINE('',#7596,#7597);
#7596 = CARTESIAN_POINT('',(-3.93,0.6675,0.));
#7597 = VECTOR('',#7598,1.);
#7598 = DIRECTION('',(0.,1.,0.));
#7599 = ORIENTED_EDGE('',*,*,#7600,.T.);
#7600 = EDGE_CURVE('',#7593,#7601,#7603,.T.);
#7601 = VERTEX_POINT('',#7602);
#7602 = CARTESIAN_POINT('',(-3.93,1.4525,8.E-02));
#7603 = LINE('',#7604,#7605);
#7604 = CARTESIAN_POINT('',(-3.93,1.4525,0.));
#7605 = VECTOR('',#7606,1.);
#7606 = DIRECTION('',(0.,0.,1.));
#7607 = ORIENTED_EDGE('',*,*,#7608,.F.);
#7608 = EDGE_CURVE('',#7585,#7601,#7609,.T.);
#7609 = LINE('',#7610,#7611);
#7610 = CARTESIAN_POINT('',(-3.93,0.6675,8.E-02));
#7611 = VECTOR('',#7612,1.);
#7612 = DIRECTION('',(0.,1.,0.));
#7613 = PLANE('',#7614);
#7614 = AXIS2_PLACEMENT_3D('',#7615,#7616,#7617);
#7615 = CARTESIAN_POINT('',(-3.93,0.6675,0.));
#7616 = DIRECTION('',(1.,0.,0.));
#7617 = DIRECTION('',(0.,0.,1.));
#7618 = ADVANCED_FACE('',(#7619),#7653,.T.);
#7619 = FACE_BOUND('',#7620,.T.);
#7620 = EDGE_LOOP('',(#7621,#7631,#7639,#7647));
#7621 = ORIENTED_EDGE('',*,*,#7622,.F.);
#7622 = EDGE_CURVE('',#7623,#7625,#7627,.T.);
#7623 = VERTEX_POINT('',#7624);
#7624 = CARTESIAN_POINT('',(-3.33,0.6675,0.));
#7625 = VERTEX_POINT('',#7626);
#7626 = CARTESIAN_POINT('',(-3.33,0.6675,8.E-02));
#7627 = LINE('',#7628,#7629);
#7628 = CARTESIAN_POINT('',(-3.33,0.6675,0.));
#7629 = VECTOR('',#7630,1.);
#7630 = DIRECTION('',(0.,0.,1.));
#7631 = ORIENTED_EDGE('',*,*,#7632,.T.);
#7632 = EDGE_CURVE('',#7623,#7633,#7635,.T.);
#7633 = VERTEX_POINT('',#7634);
#7634 = CARTESIAN_POINT('',(-3.33,1.4525,0.));
#7635 = LINE('',#7636,#7637);
#7636 = CARTESIAN_POINT('',(-3.33,0.6675,0.));
#7637 = VECTOR('',#7638,1.);
#7638 = DIRECTION('',(0.,1.,0.));
#7639 = ORIENTED_EDGE('',*,*,#7640,.T.);
#7640 = EDGE_CURVE('',#7633,#7641,#7643,.T.);
#7641 = VERTEX_POINT('',#7642);
#7642 = CARTESIAN_POINT('',(-3.33,1.4525,8.E-02));
#7643 = LINE('',#7644,#7645);
#7644 = CARTESIAN_POINT('',(-3.33,1.4525,0.));
#7645 = VECTOR('',#7646,1.);
#7646 = DIRECTION('',(0.,0.,1.));
#7647 = ORIENTED_EDGE('',*,*,#7648,.F.);
#7648 = EDGE_CURVE('',#7625,#7641,#7649,.T.);
#7649 = LINE('',#7650,#7651);
#7650 = CARTESIAN_POINT('',(-3.33,0.6675,8.E-02));
#7651 = VECTOR('',#7652,1.);
#7652 = DIRECTION('',(0.,1.,0.));
#7653 = PLANE('',#7654);
#7654 = AXIS2_PLACEMENT_3D('',#7655,#7656,#7657);
#7655 = CARTESIAN_POINT('',(-3.33,0.6675,0.));
#7656 = DIRECTION('',(1.,0.,0.));
#7657 = DIRECTION('',(0.,0.,1.));
#7658 = ADVANCED_FACE('',(#7659),#7675,.F.);
#7659 = FACE_BOUND('',#7660,.F.);
#7660 = EDGE_LOOP('',(#7661,#7667,#7668,#7674));
#7661 = ORIENTED_EDGE('',*,*,#7662,.F.);
#7662 = EDGE_CURVE('',#7583,#7623,#7663,.T.);
#7663 = LINE('',#7664,#7665);
#7664 = CARTESIAN_POINT('',(-3.93,0.6675,0.));
#7665 = VECTOR('',#7666,1.);
#7666 = DIRECTION('',(1.,0.,0.));
#7667 = ORIENTED_EDGE('',*,*,#7582,.T.);
#7668 = ORIENTED_EDGE('',*,*,#7669,.T.);
#7669 = EDGE_CURVE('',#7585,#7625,#7670,.T.);
#7670 = LINE('',#7671,#7672);
#7671 = CARTESIAN_POINT('',(-3.93,0.6675,8.E-02));
#7672 = VECTOR('',#7673,1.);
#7673 = DIRECTION('',(1.,0.,0.));
#7674 = ORIENTED_EDGE('',*,*,#7622,.F.);
#7675 = PLANE('',#7676);
#7676 = AXIS2_PLACEMENT_3D('',#7677,#7678,#7679);
#7677 = CARTESIAN_POINT('',(-3.93,0.6675,0.));
#7678 = DIRECTION('',(0.,1.,0.));
#7679 = DIRECTION('',(0.,-0.,1.));
#7680 = ADVANCED_FACE('',(#7681),#7697,.T.);
#7681 = FACE_BOUND('',#7682,.T.);
#7682 = EDGE_LOOP('',(#7683,#7689,#7690,#7696));
#7683 = ORIENTED_EDGE('',*,*,#7684,.F.);
#7684 = EDGE_CURVE('',#7593,#7633,#7685,.T.);
#7685 = LINE('',#7686,#7687);
#7686 = CARTESIAN_POINT('',(-3.93,1.4525,0.));
#7687 = VECTOR('',#7688,1.);
#7688 = DIRECTION('',(1.,0.,0.));
#7689 = ORIENTED_EDGE('',*,*,#7600,.T.);
#7690 = ORIENTED_EDGE('',*,*,#7691,.T.);
#7691 = EDGE_CURVE('',#7601,#7641,#7692,.T.);
#7692 = LINE('',#7693,#7694);
#7693 = CARTESIAN_POINT('',(-3.93,1.4525,8.E-02));
#7694 = VECTOR('',#7695,1.);
#7695 = DIRECTION('',(1.,0.,0.));
#7696 = ORIENTED_EDGE('',*,*,#7640,.F.);
#7697 = PLANE('',#7698);
#7698 = AXIS2_PLACEMENT_3D('',#7699,#7700,#7701);
#7699 = CARTESIAN_POINT('',(-3.93,1.4525,0.));
#7700 = DIRECTION('',(0.,1.,0.));
#7701 = DIRECTION('',(0.,-0.,1.));
#7702 = ADVANCED_FACE('',(#7703),#7709,.F.);
#7703 = FACE_BOUND('',#7704,.F.);
#7704 = EDGE_LOOP('',(#7705,#7706,#7707,#7708));
#7705 = ORIENTED_EDGE('',*,*,#7592,.F.);
#7706 = ORIENTED_EDGE('',*,*,#7662,.T.);
#7707 = ORIENTED_EDGE('',*,*,#7632,.T.);
#7708 = ORIENTED_EDGE('',*,*,#7684,.F.);
#7709 = PLANE('',#7710);
#7710 = AXIS2_PLACEMENT_3D('',#7711,#7712,#7713);
#7711 = CARTESIAN_POINT('',(-3.93,0.6675,0.));
#7712 = DIRECTION('',(0.,0.,1.));
#7713 = DIRECTION('',(1.,0.,-0.));
#7714 = ADVANCED_FACE('',(#7715),#7721,.T.);
#7715 = FACE_BOUND('',#7716,.T.);
#7716 = EDGE_LOOP('',(#7717,#7718,#7719,#7720));
#7717 = ORIENTED_EDGE('',*,*,#7608,.F.);
#7718 = ORIENTED_EDGE('',*,*,#7669,.T.);
#7719 = ORIENTED_EDGE('',*,*,#7648,.T.);
#7720 = ORIENTED_EDGE('',*,*,#7691,.F.);
#7721 = PLANE('',#7722);
#7722 = AXIS2_PLACEMENT_3D('',#7723,#7724,#7725);
#7723 = CARTESIAN_POINT('',(-3.93,0.6675,8.E-02));
#7724 = DIRECTION('',(0.,0.,1.));
#7725 = DIRECTION('',(1.,0.,-0.));
#7726 = ( GEOMETRIC_REPRESENTATION_CONTEXT(3) 
GLOBAL_UNCERTAINTY_ASSIGNED_CONTEXT((#7730)) 
GLOBAL_UNIT_ASSIGNED_CONTEXT((#7727,#7728,#7729)) REPRESENTATION_CONTEXT
('Context #1','3D Context with UNIT and UNCERTAINTY') );
#7727 = ( LENGTH_UNIT() NAMED_UNIT(*) SI_UNIT(.MILLI.,.METRE.) );
#7728 = ( NAMED_UNIT(*) PLANE_ANGLE_UNIT() SI_UNIT($,.RADIAN.) );
#7729 = ( NAMED_UNIT(*) SI_UNIT($,.STERADIAN.) SOLID_ANGLE_UNIT() );
#7730 = UNCERTAINTY_MEASURE_WITH_UNIT(LENGTH_MEASURE(1.E-07),#7727,
  'distance_accuracy_value','confusion accuracy');
#7731 = CONTEXT_DEPENDENT_SHAPE_REPRESENTATION(#7732,#7734);
#7732 = ( REPRESENTATION_RELATIONSHIP('','',#7575,#7371) 
REPRESENTATION_RELATIONSHIP_WITH_TRANSFORMATION(#7733) 
SHAPE_REPRESENTATION_RELATIONSHIP() );
#7733 = ITEM_DEFINED_TRANSFORMATION('','',#11,#7376);
#7734 = PRODUCT_DEFINITION_SHAPE('Placement','Placement of an item',
  #7735);
#7735 = NEXT_ASSEMBLY_USAGE_OCCURRENCE('39','34','',#7366,#7570,$);
#7736 = PRODUCT_RELATED_PRODUCT_CATEGORY('part',$,(#7572));
#7737 = SHAPE_DEFINITION_REPRESENTATION(#7738,#7744);
#7738 = PRODUCT_DEFINITION_SHAPE('','',#7739);
#7739 = PRODUCT_DEFINITION('design','',#7740,#7743);
#7740 = PRODUCT_DEFINITION_FORMATION('','',#7741);
#7741 = PRODUCT('Open CASCADE STEP translator 7.9 1.3.3',
  'Open CASCADE STEP translator 7.9 1.3.3','',(#7742));
#7742 = PRODUCT_CONTEXT('',#2,'mechanical');
#7743 = PRODUCT_DEFINITION_CONTEXT('part definition',#2,'design');
#7744 = ADVANCED_BREP_SHAPE_REPRESENTATION('',(#11,#7745),#7895);
#7745 = MANIFOLD_SOLID_BREP('',#7746);
#7746 = CLOSED_SHELL('',(#7747,#7787,#7827,#7849,#7871,#7883));
#7747 = ADVANCED_FACE('',(#7748),#7782,.F.);
#7748 = FACE_BOUND('',#7749,.F.);
#7749 = EDGE_LOOP('',(#7750,#7760,#7768,#7776));
#7750 = ORIENTED_EDGE('',*,*,#7751,.F.);
#7751 = EDGE_CURVE('',#7752,#7754,#7756,.T.);
#7752 = VERTEX_POINT('',#7753);
#7753 = CARTESIAN_POINT('',(3.33,-1.4525,0.));
#7754 = VERTEX_POINT('',#7755);
#7755 = CARTESIAN_POINT('',(3.33,-1.4525,8.E-02));
#7756 = LINE('',#7757,#7758);
#7757 = CARTESIAN_POINT('',(3.33,-1.4525,0.));
#7758 = VECTOR('',#7759,1.);
#7759 = DIRECTION('',(0.,0.,1.));
#7760 = ORIENTED_EDGE('',*,*,#7761,.T.);
#7761 = EDGE_CURVE('',#7752,#7762,#7764,.T.);
#7762 = VERTEX_POINT('',#7763);
#7763 = CARTESIAN_POINT('',(3.33,-0.6675,0.));
#7764 = LINE('',#7765,#7766);
#7765 = CARTESIAN_POINT('',(3.33,-1.4525,0.));
#7766 = VECTOR('',#7767,1.);
#7767 = DIRECTION('',(0.,1.,0.));
#7768 = ORIENTED_EDGE('',*,*,#7769,.T.);
#7769 = EDGE_CURVE('',#7762,#7770,#7772,.T.);
#7770 = VERTEX_POINT('',#7771);
#7771 = CARTESIAN_POINT('',(3.33,-0.6675,8.E-02));
#7772 = LINE('',#7773,#7774);
#7773 = CARTESIAN_POINT('',(3.33,-0.6675,0.));
#7774 = VECTOR('',#7775,1.);
#7775 = DIRECTION('',(0.,0.,1.));
#7776 = ORIENTED_EDGE('',*,*,#7777,.F.);
#7777 = EDGE_CURVE('',#7754,#7770,#7778,.T.);
#7778 = LINE('',#7779,#7780);
#7779 = CARTESIAN_POINT('',(3.33,-1.4525,8.E-02));
#7780 = VECTOR('',#7781,1.);
#7781 = DIRECTION('',(0.,1.,0.));
#7782 = PLANE('',#7783);
#7783 = AXIS2_PLACEMENT_3D('',#7784,#7785,#7786);
#7784 = CARTESIAN_POINT('',(3.33,-1.4525,0.));
#7785 = DIRECTION('',(1.,0.,0.));
#7786 = DIRECTION('',(0.,0.,1.));
#7787 = ADVANCED_FACE('',(#7788),#7822,.T.);
#7788 = FACE_BOUND('',#7789,.T.);
#7789 = EDGE_LOOP('',(#7790,#7800,#7808,#7816));
#7790 = ORIENTED_EDGE('',*,*,#7791,.F.);
#7791 = EDGE_CURVE('',#7792,#7794,#7796,.T.);
#7792 = VERTEX_POINT('',#7793);
#7793 = CARTESIAN_POINT('',(3.93,-1.4525,0.));
#7794 = VERTEX_POINT('',#7795);
#7795 = CARTESIAN_POINT('',(3.93,-1.4525,8.E-02));
#7796 = LINE('',#7797,#7798);
#7797 = CARTESIAN_POINT('',(3.93,-1.4525,0.));
#7798 = VECTOR('',#7799,1.);
#7799 = DIRECTION('',(0.,0.,1.));
#7800 = ORIENTED_EDGE('',*,*,#7801,.T.);
#7801 = EDGE_CURVE('',#7792,#7802,#7804,.T.);
#7802 = VERTEX_POINT('',#7803);
#7803 = CARTESIAN_POINT('',(3.93,-0.6675,0.));
#7804 = LINE('',#7805,#7806);
#7805 = CARTESIAN_POINT('',(3.93,-1.4525,0.));
#7806 = VECTOR('',#7807,1.);
#7807 = DIRECTION('',(0.,1.,0.));
#7808 = ORIENTED_EDGE('',*,*,#7809,.T.);
#7809 = EDGE_CURVE('',#7802,#7810,#7812,.T.);
#7810 = VERTEX_POINT('',#7811);
#7811 = CARTESIAN_POINT('',(3.93,-0.6675,8.E-02));
#7812 = LINE('',#7813,#7814);
#7813 = CARTESIAN_POINT('',(3.93,-0.6675,0.));
#7814 = VECTOR('',#7815,1.);
#7815 = DIRECTION('',(0.,0.,1.));
#7816 = ORIENTED_EDGE('',*,*,#7817,.F.);
#7817 = EDGE_CURVE('',#7794,#7810,#7818,.T.);
#7818 = LINE('',#7819,#7820);
#7819 = CARTESIAN_POINT('',(3.93,-1.4525,8.E-02));
#7820 = VECTOR('',#7821,1.);
#7821 = DIRECTION('',(0.,1.,0.));
#7822 = PLANE('',#7823);
#7823 = AXIS2_PLACEMENT_3D('',#7824,#7825,#7826);
#7824 = CARTESIAN_POINT('',(3.93,-1.4525,0.));
#7825 = DIRECTION('',(1.,0.,0.));
#7826 = DIRECTION('',(0.,0.,1.));
#7827 = ADVANCED_FACE('',(#7828),#7844,.F.);
#7828 = FACE_BOUND('',#7829,.F.);
#7829 = EDGE_LOOP('',(#7830,#7836,#7837,#7843));
#7830 = ORIENTED_EDGE('',*,*,#7831,.F.);
#7831 = EDGE_CURVE('',#7752,#7792,#7832,.T.);
#7832 = LINE('',#7833,#7834);
#7833 = CARTESIAN_POINT('',(3.33,-1.4525,0.));
#7834 = VECTOR('',#7835,1.);
#7835 = DIRECTION('',(1.,0.,0.));
#7836 = ORIENTED_EDGE('',*,*,#7751,.T.);
#7837 = ORIENTED_EDGE('',*,*,#7838,.T.);
#7838 = EDGE_CURVE('',#7754,#7794,#7839,.T.);
#7839 = LINE('',#7840,#7841);
#7840 = CARTESIAN_POINT('',(3.33,-1.4525,8.E-02));
#7841 = VECTOR('',#7842,1.);
#7842 = DIRECTION('',(1.,0.,0.));
#7843 = ORIENTED_EDGE('',*,*,#7791,.F.);
#7844 = PLANE('',#7845);
#7845 = AXIS2_PLACEMENT_3D('',#7846,#7847,#7848);
#7846 = CARTESIAN_POINT('',(3.33,-1.4525,0.));
#7847 = DIRECTION('',(0.,1.,0.));
#7848 = DIRECTION('',(0.,-0.,1.));
#7849 = ADVANCED_FACE('',(#7850),#7866,.T.);
#7850 = FACE_BOUND('',#7851,.T.);
#7851 = EDGE_LOOP('',(#7852,#7858,#7859,#7865));
#7852 = ORIENTED_EDGE('',*,*,#7853,.F.);
#7853 = EDGE_CURVE('',#7762,#7802,#7854,.T.);
#7854 = LINE('',#7855,#7856);
#7855 = CARTESIAN_POINT('',(3.33,-0.6675,0.));
#7856 = VECTOR('',#7857,1.);
#7857 = DIRECTION('',(1.,0.,0.));
#7858 = ORIENTED_EDGE('',*,*,#7769,.T.);
#7859 = ORIENTED_EDGE('',*,*,#7860,.T.);
#7860 = EDGE_CURVE('',#7770,#7810,#7861,.T.);
#7861 = LINE('',#7862,#7863);
#7862 = CARTESIAN_POINT('',(3.33,-0.6675,8.E-02));
#7863 = VECTOR('',#7864,1.);
#7864 = DIRECTION('',(1.,0.,0.));
#7865 = ORIENTED_EDGE('',*,*,#7809,.F.);
#7866 = PLANE('',#7867);
#7867 = AXIS2_PLACEMENT_3D('',#7868,#7869,#7870);
#7868 = CARTESIAN_POINT('',(3.33,-0.6675,0.));
#7869 = DIRECTION('',(0.,1.,0.));
#7870 = DIRECTION('',(0.,-0.,1.));
#7871 = ADVANCED_FACE('',(#7872),#7878,.F.);
#7872 = FACE_BOUND('',#7873,.F.);
#7873 = EDGE_LOOP('',(#7874,#7875,#7876,#7877));
#7874 = ORIENTED_EDGE('',*,*,#7761,.F.);
#7875 = ORIENTED_EDGE('',*,*,#7831,.T.);
#7876 = ORIENTED_EDGE('',*,*,#7801,.T.);
#7877 = ORIENTED_EDGE('',*,*,#7853,.F.);
#7878 = PLANE('',#7879);
#7879 = AXIS2_PLACEMENT_3D('',#7880,#7881,#7882);
#7880 = CARTESIAN_POINT('',(3.33,-1.4525,0.));
#7881 = DIRECTION('',(0.,0.,1.));
#7882 = DIRECTION('',(1.,0.,-0.));
#7883 = ADVANCED_FACE('',(#7884),#7890,.T.);
#7884 = FACE_BOUND('',#7885,.T.);
#7885 = EDGE_LOOP('',(#7886,#7887,#7888,#7889));
#7886 = ORIENTED_EDGE('',*,*,#7777,.F.);
#7887 = ORIENTED_EDGE('',*,*,#7838,.T.);
#7888 = ORIENTED_EDGE('',*,*,#7817,.T.);
#7889 = ORIENTED_EDGE('',*,*,#7860,.F.);
#7890 = PLANE('',#7891);
#7891 = AXIS2_PLACEMENT_3D('',#7892,#7893,#7894);
#7892 = CARTESIAN_POINT('',(3.33,-1.4525,8.E-02));
#7893 = DIRECTION('',(0.,0.,1.));
#7894 = DIRECTION('',(1.,0.,-0.));
#7895 = ( GEOMETRIC_REPRESENTATION_CONTEXT(3) 
GLOBAL_UNCERTAINTY_ASSIGNED_CONTEXT((#7899)) 
GLOBAL_UNIT_ASSIGNED_CONTEXT((#7896,#7897,#7898)) REPRESENTATION_CONTEXT
('Context #1','3D Context with UNIT and UNCERTAINTY') );
#7896 = ( LENGTH_UNIT() NAMED_UNIT(*) SI_UNIT(.MILLI.,.METRE.) );
#7897 = ( NAMED_UNIT(*) PLANE_ANGLE_UNIT() SI_UNIT($,.RADIAN.) );
#7898 = ( NAMED_UNIT(*) SI_UNIT($,.STERADIAN.) SOLID_ANGLE_UNIT() );
#7899 = UNCERTAINTY_MEASURE_WITH_UNIT(LENGTH_MEASURE(1.E-07),#7896,
  'distance_accuracy_value','confusion accuracy');
#7900 = CONTEXT_DEPENDENT_SHAPE_REPRESENTATION(#7901,#7903);
#7901 = ( REPRESENTATION_RELATIONSHIP('','',#7744,#7371) 
REPRESENTATION_RELATIONSHIP_WITH_TRANSFORMATION(#7902) 
SHAPE_REPRESENTATION_RELATIONSHIP() );
#7902 = ITEM_DEFINED_TRANSFORMATION('','',#11,#7380);
#7903 = PRODUCT_DEFINITION_SHAPE('Placement','Placement of an item',
  #7904);
#7904 = NEXT_ASSEMBLY_USAGE_OCCURRENCE('40','35','',#7366,#7739,$);
#7905 = PRODUCT_RELATED_PRODUCT_CATEGORY('part',$,(#7741));
#7906 = SHAPE_DEFINITION_REPRESENTATION(#7907,#7913);
#7907 = PRODUCT_DEFINITION_SHAPE('','',#7908);
#7908 = PRODUCT_DEFINITION('design','',#7909,#7912);
#7909 = PRODUCT_DEFINITION_FORMATION('','',#7910);
#7910 = PRODUCT('Open CASCADE STEP translator 7.9 1.3.4',
  'Open CASCADE STEP translator 7.9 1.3.4','',(#7911));
#7911 = PRODUCT_CONTEXT('',#2,'mechanical');
#7912 = PRODUCT_DEFINITION_CONTEXT('part definition',#2,'design');
#7913 = ADVANCED_BREP_SHAPE_REPRESENTATION('',(#11,#7914),#8064);
#7914 = MANIFOLD_SOLID_BREP('',#7915);
#7915 = CLOSED_SHELL('',(#7916,#7956,#7996,#8018,#8040,#8052));
#7916 = ADVANCED_FACE('',(#7917),#7951,.F.);
#7917 = FACE_BOUND('',#7918,.F.);
#7918 = EDGE_LOOP('',(#7919,#7929,#7937,#7945));
#7919 = ORIENTED_EDGE('',*,*,#7920,.F.);
#7920 = EDGE_CURVE('',#7921,#7923,#7925,.T.);
#7921 = VERTEX_POINT('',#7922);
#7922 = CARTESIAN_POINT('',(3.33,0.6675,0.));
#7923 = VERTEX_POINT('',#7924);
#7924 = CARTESIAN_POINT('',(3.33,0.6675,8.E-02));
#7925 = LINE('',#7926,#7927);
#7926 = CARTESIAN_POINT('',(3.33,0.6675,0.));
#7927 = VECTOR('',#7928,1.);
#7928 = DIRECTION('',(0.,0.,1.));
#7929 = ORIENTED_EDGE('',*,*,#7930,.T.);
#7930 = EDGE_CURVE('',#7921,#7931,#7933,.T.);
#7931 = VERTEX_POINT('',#7932);
#7932 = CARTESIAN_POINT('',(3.33,1.4525,0.));
#7933 = LINE('',#7934,#7935);
#7934 = CARTESIAN_POINT('',(3.33,0.6675,0.));
#7935 = VECTOR('',#7936,1.);
#7936 = DIRECTION('',(0.,1.,0.));
#7937 = ORIENTED_EDGE('',*,*,#7938,.T.);
#7938 = EDGE_CURVE('',#7931,#7939,#7941,.T.);
#7939 = VERTEX_POINT('',#7940);
#7940 = CARTESIAN_POINT('',(3.33,1.4525,8.E-02));
#7941 = LINE('',#7942,#7943);
#7942 = CARTESIAN_POINT('',(3.33,1.4525,0.));
#7943 = VECTOR('',#7944,1.);
#7944 = DIRECTION('',(0.,0.,1.));
#7945 = ORIENTED_EDGE('',*,*,#7946,.F.);
#7946 = EDGE_CURVE('',#7923,#7939,#7947,.T.);
#7947 = LINE('',#7948,#7949);
#7948 = CARTESIAN_POINT('',(3.33,0.6675,8.E-02));
#7949 = VECTOR('',#7950,1.);
#7950 = DIRECTION('',(0.,1.,0.));
#7951 = PLANE('',#7952);
#7952 = AXIS2_PLACEMENT_3D('',#7953,#7954,#7955);
#7953 = CARTESIAN_POINT('',(3.33,0.6675,0.));
#7954 = DIRECTION('',(1.,0.,0.));
#7955 = DIRECTION('',(0.,0.,1.));
#7956 = ADVANCED_FACE('',(#7957),#7991,.T.);
#7957 = FACE_BOUND('',#7958,.T.);
#7958 = EDGE_LOOP('',(#7959,#7969,#7977,#7985));
#7959 = ORIENTED_EDGE('',*,*,#7960,.F.);
#7960 = EDGE_CURVE('',#7961,#7963,#7965,.T.);
#7961 = VERTEX_POINT('',#7962);
#7962 = CARTESIAN_POINT('',(3.93,0.6675,0.));
#7963 = VERTEX_POINT('',#7964);
#7964 = CARTESIAN_POINT('',(3.93,0.6675,8.E-02));
#7965 = LINE('',#7966,#7967);
#7966 = CARTESIAN_POINT('',(3.93,0.6675,0.));
#7967 = VECTOR('',#7968,1.);
#7968 = DIRECTION('',(0.,0.,1.));
#7969 = ORIENTED_EDGE('',*,*,#7970,.T.);
#7970 = EDGE_CURVE('',#7961,#7971,#7973,.T.);
#7971 = VERTEX_POINT('',#7972);
#7972 = CARTESIAN_POINT('',(3.93,1.4525,0.));
#7973 = LINE('',#7974,#7975);
#7974 = CARTESIAN_POINT('',(3.93,0.6675,0.));
#7975 = VECTOR('',#7976,1.);
#7976 = DIRECTION('',(0.,1.,0.));
#7977 = ORIENTED_EDGE('',*,*,#7978,.T.);
#7978 = EDGE_CURVE('',#7971,#7979,#7981,.T.);
#7979 = VERTEX_POINT('',#7980);
#7980 = CARTESIAN_POINT('',(3.93,1.4525,8.E-02));
#7981 = LINE('',#7982,#7983);
#7982 = CARTESIAN_POINT('',(3.93,1.4525,0.));
#7983 = VECTOR('',#7984,1.);
#7984 = DIRECTION('',(0.,0.,1.));
#7985 = ORIENTED_EDGE('',*,*,#7986,.F.);
#7986 = EDGE_CURVE('',#7963,#7979,#7987,.T.);
#7987 = LINE('',#7988,#7989);
#7988 = CARTESIAN_POINT('',(3.93,0.6675,8.E-02));
#7989 = VECTOR('',#7990,1.);
#7990 = DIRECTION('',(0.,1.,0.));
#7991 = PLANE('',#7992);
#7992 = AXIS2_PLACEMENT_3D('',#7993,#7994,#7995);
#7993 = CARTESIAN_POINT('',(3.93,0.6675,0.));
#7994 = DIRECTION('',(1.,0.,0.));
#7995 = DIRECTION('',(0.,0.,1.));
#7996 = ADVANCED_FACE('',(#7997),#8013,.F.);
#7997 = FACE_BOUND('',#7998,.F.);
#7998 = EDGE_LOOP('',(#7999,#8005,#8006,#8012));
#7999 = ORIENTED_EDGE('',*,*,#8000,.F.);
#8000 = EDGE_CURVE('',#7921,#7961,#8001,.T.);
#8001 = LINE('',#8002,#8003);
#8002 = CARTESIAN_POINT('',(3.33,0.6675,0.));
#8003 = VECTOR('',#8004,1.);
#8004 = DIRECTION('',(1.,0.,0.));
#8005 = ORIENTED_EDGE('',*,*,#7920,.T.);
#8006 = ORIENTED_EDGE('',*,*,#8007,.T.);
#8007 = EDGE_CURVE('',#7923,#7963,#8008,.T.);
#8008 = LINE('',#8009,#8010);
#8009 = CARTESIAN_POINT('',(3.33,0.6675,8.E-02));
#8010 = VECTOR('',#8011,1.);
#8011 = DIRECTION('',(1.,0.,0.));
#8012 = ORIENTED_EDGE('',*,*,#7960,.F.);
#8013 = PLANE('',#8014);
#8014 = AXIS2_PLACEMENT_3D('',#8015,#8016,#8017);
#8015 = CARTESIAN_POINT('',(3.33,0.6675,0.));
#8016 = DIRECTION('',(0.,1.,0.));
#8017 = DIRECTION('',(0.,-0.,1.));
#8018 = ADVANCED_FACE('',(#8019),#8035,.T.);
#8019 = FACE_BOUND('',#8020,.T.);
#8020 = EDGE_LOOP('',(#8021,#8027,#8028,#8034));
#8021 = ORIENTED_EDGE('',*,*,#8022,.F.);
#8022 = EDGE_CURVE('',#7931,#7971,#8023,.T.);
#8023 = LINE('',#8024,#8025);
#8024 = CARTESIAN_POINT('',(3.33,1.4525,0.));
#8025 = VECTOR('',#8026,1.);
#8026 = DIRECTION('',(1.,0.,0.));
#8027 = ORIENTED_EDGE('',*,*,#7938,.T.);
#8028 = ORIENTED_EDGE('',*,*,#8029,.T.);
#8029 = EDGE_CURVE('',#7939,#7979,#8030,.T.);
#8030 = LINE('',#8031,#8032);
#8031 = CARTESIAN_POINT('',(3.33,1.4525,8.E-02));
#8032 = VECTOR('',#8033,1.);
#8033 = DIRECTION('',(1.,0.,0.));
#8034 = ORIENTED_EDGE('',*,*,#7978,.F.);
#8035 = PLANE('',#8036);
#8036 = AXIS2_PLACEMENT_3D('',#8037,#8038,#8039);
#8037 = CARTESIAN_POINT('',(3.33,1.4525,0.));
#8038 = DIRECTION('',(0.,1.,0.));
#8039 = DIRECTION('',(0.,-0.,1.));
#8040 = ADVANCED_FACE('',(#8041),#8047,.F.);
#8041 = FACE_BOUND('',#8042,.F.);
#8042 = EDGE_LOOP('',(#8043,#8044,#8045,#8046));
#8043 = ORIENTED_EDGE('',*,*,#7930,.F.);
#8044 = ORIENTED_EDGE('',*,*,#8000,.T.);
#8045 = ORIENTED_EDGE('',*,*,#7970,.T.);
#8046 = ORIENTED_EDGE('',*,*,#8022,.F.);
#8047 = PLANE('',#8048);
#8048 = AXIS2_PLACEMENT_3D('',#8049,#8050,#8051);
#8049 = CARTESIAN_POINT('',(3.33,0.6675,0.));
#8050 = DIRECTION('',(0.,0.,1.));
#8051 = DIRECTION('',(1.,0.,-0.));
#8052 = ADVANCED_FACE('',(#8053),#8059,.T.);
#8053 = FACE_BOUND('',#8054,.T.);
#8054 = EDGE_LOOP('',(#8055,#8056,#8057,#8058));
#8055 = ORIENTED_EDGE('',*,*,#7946,.F.);
#8056 = ORIENTED_EDGE('',*,*,#8007,.T.);
#8057 = ORIENTED_EDGE('',*,*,#7986,.T.);
#8058 = ORIENTED_EDGE('',*,*,#8029,.F.);
#8059 = PLANE('',#8060);
#8060 = AXIS2_PLACEMENT_3D('',#8061,#8062,#8063);
#8061 = CARTESIAN_POINT('',(3.33,0.6675,8.E-02));
#8062 = DIRECTION('',(0.,0.,1.));
#8063 = DIRECTION('',(1.,0.,-0.));
#8064 = ( GEOMETRIC_REPRESENTATION_CONTEXT(3) 
GLOBAL_UNCERTAINTY_ASSIGNED_CONTEXT((#8068)) 
GLOBAL_UNIT_ASSIGNED_CONTEXT((#8065,#8066,#8067)) REPRESENTATION_CONTEXT
('Context #1','3D Context with UNIT and UNCERTAINTY') );
#8065 = ( LENGTH_UNIT() NAMED_UNIT(*) SI_UNIT(.MILLI.,.METRE.) );
#8066 = ( NAMED_UNIT(*) PLANE_ANGLE_UNIT() SI_UNIT($,.RADIAN.) );
#8067 = ( NAMED_UNIT(*) SI_UNIT($,.STERADIAN.) SOLID_ANGLE_UNIT() );
#8068 = UNCERTAINTY_MEASURE_WITH_UNIT(LENGTH_MEASURE(1.E-07),#8065,
  'distance_accuracy_value','confusion accuracy');
#8069 = CONTEXT_DEPENDENT_SHAPE_REPRESENTATION(#8070,#8072);
#8070 = ( REPRESENTATION_RELATIONSHIP('','',#7913,#7371) 
REPRESENTATION_RELATIONSHIP_WITH_TRANSFORMATION(#8071) 
SHAPE_REPRESENTATION_RELATIONSHIP() );
#8071 = ITEM_DEFINED_TRANSFORMATION('','',#11,#7384);
#8072 = PRODUCT_DEFINITION_SHAPE('Placement','Placement of an item',
  #8073);
#8073 = NEXT_ASSEMBLY_USAGE_OCCURRENCE('41','36','',#7366,#7908,$);
#8074 = PRODUCT_RELATED_PRODUCT_CATEGORY('part',$,(#7910));
#8075 = SHAPE_DEFINITION_REPRESENTATION(#8076,#8082);
#8076 = PRODUCT_DEFINITION_SHAPE('','',#8077);
#8077 = PRODUCT_DEFINITION('design','',#8078,#8081);
#8078 = PRODUCT_DEFINITION_FORMATION('','',#8079);
#8079 = PRODUCT('C_0201_0603Metric','C_0201_0603Metric','',(#8080));
#8080 = PRODUCT_CONTEXT('',#2,'mechanical');
#8081 = PRODUCT_DEFINITION_CONTEXT('part definition',#2,'design');
#8082 = SHAPE_REPRESENTATION('',(#11,#8083),#8087);
#8083 = AXIS2_PLACEMENT_3D('',#8084,#8085,#8086);
#8084 = CARTESIAN_POINT('',(0.,0.,0.));
#8085 = DIRECTION('',(0.,0.,1.));
#8086 = DIRECTION('',(1.,0.,-0.));
#8087 = ( GEOMETRIC_REPRESENTATION_CONTEXT(3) 
GLOBAL_UNCERTAINTY_ASSIGNED_CONTEXT((#8091)) 
GLOBAL_UNIT_ASSIGNED_CONTEXT((#8088,#8089,#8090)) REPRESENTATION_CONTEXT
('Context #1','3D Context with UNIT and UNCERTAINTY') );
#8088 = ( LENGTH_UNIT() NAMED_UNIT(*) SI_UNIT(.MILLI.,.METRE.) );
#8089 = ( NAMED_UNIT(*) PLANE_ANGLE_UNIT() SI_UNIT($,.RADIAN.) );
#8090 = ( NAMED_UNIT(*) SI_UNIT($,.STERADIAN.) SOLID_ANGLE_UNIT() );
#8091 = UNCERTAINTY_MEASURE_WITH_UNIT(LENGTH_MEASURE(1.E-07),#8088,
  'distance_accuracy_value','confusion accuracy');
#8092 = CONTEXT_DEPENDENT_SHAPE_REPRESENTATION(#8093,#8095);
#8093 = ( REPRESENTATION_RELATIONSHIP('','',#8082,#10) 
REPRESENTATION_RELATIONSHIP_WITH_TRANSFORMATION(#8094) 
SHAPE_REPRESENTATION_RELATIONSHIP() );
#8094 = ITEM_DEFINED_TRANSFORMATION('','',#11,#31);
#8095 = PRODUCT_DEFINITION_SHAPE('Placement','Placement of an item',
  #8096);
#8096 = NEXT_ASSEMBLY_USAGE_OCCURRENCE('46','C3','',#5,#8077,$);
#8097 = PRODUCT_RELATED_PRODUCT_CATEGORY('part',$,(#8079));
#8098 = SHAPE_DEFINITION_REPRESENTATION(#8099,#8105);
#8099 = PRODUCT_DEFINITION_SHAPE('','',#8100);
#8100 = PRODUCT_DEFINITION('design','',#8101,#8104);
#8101 = PRODUCT_DEFINITION_FORMATION('','',#8102);
#8102 = PRODUCT('C_0201_0603Metric','C_0201_0603Metric','',(#8103));
#8103 = PRODUCT_CONTEXT('',#2,'mechanical');
#8104 = PRODUCT_DEFINITION_CONTEXT('part definition',#2,'design');
#8105 = ADVANCED_BREP_SHAPE_REPRESENTATION('',(#11,#8106),#8960);
#8106 = MANIFOLD_SOLID_BREP('',#8107);
#8107 = CLOSED_SHELL('',(#8108,#8184,#8215,#8240,#8265,#8289,#8313,#8338
    ,#8363,#8380,#8466,#8498,#8522,#8547,#8571,#8596,#8620,#8645,#8662,
    #8748,#8779,#8804,#8829,#8853,#8877,#8902,#8927,#8944));
#8108 = ADVANCED_FACE('',(#8109),#8179,.F.);
#8109 = FACE_BOUND('',#8110,.F.);
#8110 = EDGE_LOOP('',(#8111,#8121,#8130,#8138,#8147,#8155,#8164,#8172));
#8111 = ORIENTED_EDGE('',*,*,#8112,.F.);
#8112 = EDGE_CURVE('',#8113,#8115,#8117,.T.);
#8113 = VERTEX_POINT('',#8114);
#8114 = CARTESIAN_POINT('',(-0.3,-0.15,1.5E-02));
#8115 = VERTEX_POINT('',#8116);
#8116 = CARTESIAN_POINT('',(-0.3,-0.15,0.285));
#8117 = LINE('',#8118,#8119);
#8118 = CARTESIAN_POINT('',(-0.3,-0.15,0.));
#8119 = VECTOR('',#8120,1.);
#8120 = DIRECTION('',(0.,0.,1.));
#8121 = ORIENTED_EDGE('',*,*,#8122,.T.);
#8122 = EDGE_CURVE('',#8113,#8123,#8125,.T.);
#8123 = VERTEX_POINT('',#8124);
#8124 = CARTESIAN_POINT('',(-0.3,-0.135,-2.775557561563E-17));
#8125 = CIRCLE('',#8126,1.5E-02);
#8126 = AXIS2_PLACEMENT_3D('',#8127,#8128,#8129);
#8127 = CARTESIAN_POINT('',(-0.3,-0.135,1.5E-02));
#8128 = DIRECTION('',(1.,0.,-0.));
#8129 = DIRECTION('',(0.,0.,1.));
#8130 = ORIENTED_EDGE('',*,*,#8131,.T.);
#8131 = EDGE_CURVE('',#8123,#8132,#8134,.T.);
#8132 = VERTEX_POINT('',#8133);
#8133 = CARTESIAN_POINT('',(-0.3,0.135,-2.775557561563E-17));
#8134 = LINE('',#8135,#8136);
#8135 = CARTESIAN_POINT('',(-0.3,-0.15,0.));
#8136 = VECTOR('',#8137,1.);
#8137 = DIRECTION('',(0.,1.,0.));
#8138 = ORIENTED_EDGE('',*,*,#8139,.F.);
#8139 = EDGE_CURVE('',#8140,#8132,#8142,.T.);
#8140 = VERTEX_POINT('',#8141);
#8141 = CARTESIAN_POINT('',(-0.3,0.15,1.5E-02));
#8142 = CIRCLE('',#8143,1.5E-02);
#8143 = AXIS2_PLACEMENT_3D('',#8144,#8145,#8146);
#8144 = CARTESIAN_POINT('',(-0.3,0.135,1.5E-02));
#8145 = DIRECTION('',(-1.,0.,0.));
#8146 = DIRECTION('',(0.,0.,1.));
#8147 = ORIENTED_EDGE('',*,*,#8148,.T.);
#8148 = EDGE_CURVE('',#8140,#8149,#8151,.T.);
#8149 = VERTEX_POINT('',#8150);
#8150 = CARTESIAN_POINT('',(-0.3,0.15,0.285));
#8151 = LINE('',#8152,#8153);
#8152 = CARTESIAN_POINT('',(-0.3,0.15,0.));
#8153 = VECTOR('',#8154,1.);
#8154 = DIRECTION('',(0.,0.,1.));
#8155 = ORIENTED_EDGE('',*,*,#8156,.T.);
#8156 = EDGE_CURVE('',#8149,#8157,#8159,.T.);
#8157 = VERTEX_POINT('',#8158);
#8158 = CARTESIAN_POINT('',(-0.3,0.135,0.3));
#8159 = CIRCLE('',#8160,1.5E-02);
#8160 = AXIS2_PLACEMENT_3D('',#8161,#8162,#8163);
#8161 = CARTESIAN_POINT('',(-0.3,0.135,0.285));
#8162 = DIRECTION('',(1.,0.,-0.));
#8163 = DIRECTION('',(0.,0.,1.));
#8164 = ORIENTED_EDGE('',*,*,#8165,.F.);
#8165 = EDGE_CURVE('',#8166,#8157,#8168,.T.);
#8166 = VERTEX_POINT('',#8167);
#8167 = CARTESIAN_POINT('',(-0.3,-0.135,0.3));
#8168 = LINE('',#8169,#8170);
#8169 = CARTESIAN_POINT('',(-0.3,-0.15,0.3));
#8170 = VECTOR('',#8171,1.);
#8171 = DIRECTION('',(0.,1.,0.));
#8172 = ORIENTED_EDGE('',*,*,#8173,.F.);
#8173 = EDGE_CURVE('',#8115,#8166,#8174,.T.);
#8174 = CIRCLE('',#8175,1.5E-02);
#8175 = AXIS2_PLACEMENT_3D('',#8176,#8177,#8178);
#8176 = CARTESIAN_POINT('',(-0.3,-0.135,0.285));
#8177 = DIRECTION('',(-1.,0.,0.));
#8178 = DIRECTION('',(0.,0.,1.));
#8179 = PLANE('',#8180);
#8180 = AXIS2_PLACEMENT_3D('',#8181,#8182,#8183);
#8181 = CARTESIAN_POINT('',(-0.3,-0.15,0.));
#8182 = DIRECTION('',(1.,0.,0.));
#8183 = DIRECTION('',(0.,0.,1.));
#8184 = ADVANCED_FACE('',(#8185),#8210,.F.);
#8185 = FACE_BOUND('',#8186,.F.);
#8186 = EDGE_LOOP('',(#8187,#8197,#8203,#8204));
#8187 = ORIENTED_EDGE('',*,*,#8188,.F.);
#8188 = EDGE_CURVE('',#8189,#8191,#8193,.T.);
#8189 = VERTEX_POINT('',#8190);
#8190 = CARTESIAN_POINT('',(-0.15,-0.15,1.5E-02));
#8191 = VERTEX_POINT('',#8192);
#8192 = CARTESIAN_POINT('',(-0.15,-0.15,0.285));
#8193 = LINE('',#8194,#8195);
#8194 = CARTESIAN_POINT('',(-0.15,-0.15,0.));
#8195 = VECTOR('',#8196,1.);
#8196 = DIRECTION('',(0.,0.,1.));
#8197 = ORIENTED_EDGE('',*,*,#8198,.F.);
#8198 = EDGE_CURVE('',#8113,#8189,#8199,.T.);
#8199 = LINE('',#8200,#8201);
#8200 = CARTESIAN_POINT('',(-0.3,-0.15,1.5E-02));
#8201 = VECTOR('',#8202,1.);
#8202 = DIRECTION('',(1.,0.,0.));
#8203 = ORIENTED_EDGE('',*,*,#8112,.T.);
#8204 = ORIENTED_EDGE('',*,*,#8205,.T.);
#8205 = EDGE_CURVE('',#8115,#8191,#8206,.T.);
#8206 = LINE('',#8207,#8208);
#8207 = CARTESIAN_POINT('',(-0.3,-0.15,0.285));
#8208 = VECTOR('',#8209,1.);
#8209 = DIRECTION('',(1.,0.,0.));
#8210 = PLANE('',#8211);
#8211 = AXIS2_PLACEMENT_3D('',#8212,#8213,#8214);
#8212 = CARTESIAN_POINT('',(-0.3,-0.15,0.));
#8213 = DIRECTION('',(0.,1.,0.));
#8214 = DIRECTION('',(0.,-0.,1.));
#8215 = ADVANCED_FACE('',(#8216),#8235,.T.);
#8216 = FACE_BOUND('',#8217,.T.);
#8217 = EDGE_LOOP('',(#8218,#8219,#8227,#8234));
#8218 = ORIENTED_EDGE('',*,*,#8122,.T.);
#8219 = ORIENTED_EDGE('',*,*,#8220,.T.);
#8220 = EDGE_CURVE('',#8123,#8221,#8223,.T.);
#8221 = VERTEX_POINT('',#8222);
#8222 = CARTESIAN_POINT('',(-0.15,-0.135,-2.775557561563E-17));
#8223 = LINE('',#8224,#8225);
#8224 = CARTESIAN_POINT('',(-0.3,-0.135,-2.775557561563E-17));
#8225 = VECTOR('',#8226,1.);
#8226 = DIRECTION('',(1.,0.,0.));
#8227 = ORIENTED_EDGE('',*,*,#8228,.F.);
#8228 = EDGE_CURVE('',#8189,#8221,#8229,.T.);
#8229 = CIRCLE('',#8230,1.5E-02);
#8230 = AXIS2_PLACEMENT_3D('',#8231,#8232,#8233);
#8231 = CARTESIAN_POINT('',(-0.15,-0.135,1.5E-02));
#8232 = DIRECTION('',(1.,0.,-0.));
#8233 = DIRECTION('',(0.,0.,1.));
#8234 = ORIENTED_EDGE('',*,*,#8198,.F.);
#8235 = CYLINDRICAL_SURFACE('',#8236,1.5E-02);
#8236 = AXIS2_PLACEMENT_3D('',#8237,#8238,#8239);
#8237 = CARTESIAN_POINT('',(-0.3,-0.135,1.5E-02));
#8238 = DIRECTION('',(1.,0.,0.));
#8239 = DIRECTION('',(0.,-1.,0.));
#8240 = ADVANCED_FACE('',(#8241),#8260,.T.);
#8241 = FACE_BOUND('',#8242,.T.);
#8242 = EDGE_LOOP('',(#8243,#8244,#8253,#8259));
#8243 = ORIENTED_EDGE('',*,*,#8205,.T.);
#8244 = ORIENTED_EDGE('',*,*,#8245,.T.);
#8245 = EDGE_CURVE('',#8191,#8246,#8248,.T.);
#8246 = VERTEX_POINT('',#8247);
#8247 = CARTESIAN_POINT('',(-0.15,-0.135,0.3));
#8248 = CIRCLE('',#8249,1.5E-02);
#8249 = AXIS2_PLACEMENT_3D('',#8250,#8251,#8252);
#8250 = CARTESIAN_POINT('',(-0.15,-0.135,0.285));
#8251 = DIRECTION('',(-1.,0.,0.));
#8252 = DIRECTION('',(0.,0.,1.));
#8253 = ORIENTED_EDGE('',*,*,#8254,.F.);
#8254 = EDGE_CURVE('',#8166,#8246,#8255,.T.);
#8255 = LINE('',#8256,#8257);
#8256 = CARTESIAN_POINT('',(-0.3,-0.135,0.3));
#8257 = VECTOR('',#8258,1.);
#8258 = DIRECTION('',(1.,0.,0.));
#8259 = ORIENTED_EDGE('',*,*,#8173,.F.);
#8260 = CYLINDRICAL_SURFACE('',#8261,1.5E-02);
#8261 = AXIS2_PLACEMENT_3D('',#8262,#8263,#8264);
#8262 = CARTESIAN_POINT('',(-0.3,-0.135,0.285));
#8263 = DIRECTION('',(1.,0.,0.));
#8264 = DIRECTION('',(0.,-1.,0.));
#8265 = ADVANCED_FACE('',(#8266),#8284,.F.);
#8266 = FACE_BOUND('',#8267,.F.);
#8267 = EDGE_LOOP('',(#8268,#8269,#8270,#8278));
#8268 = ORIENTED_EDGE('',*,*,#8131,.F.);
#8269 = ORIENTED_EDGE('',*,*,#8220,.T.);
#8270 = ORIENTED_EDGE('',*,*,#8271,.T.);
#8271 = EDGE_CURVE('',#8221,#8272,#8274,.T.);
#8272 = VERTEX_POINT('',#8273);
#8273 = CARTESIAN_POINT('',(-0.15,0.135,-2.775557561563E-17));
#8274 = LINE('',#8275,#8276);
#8275 = CARTESIAN_POINT('',(-0.15,-0.15,0.));
#8276 = VECTOR('',#8277,1.);
#8277 = DIRECTION('',(0.,1.,0.));
#8278 = ORIENTED_EDGE('',*,*,#8279,.F.);
#8279 = EDGE_CURVE('',#8132,#8272,#8280,.T.);
#8280 = LINE('',#8281,#8282);
#8281 = CARTESIAN_POINT('',(-0.3,0.135,-2.775557561563E-17));
#8282 = VECTOR('',#8283,1.);
#8283 = DIRECTION('',(1.,0.,0.));
#8284 = PLANE('',#8285);
#8285 = AXIS2_PLACEMENT_3D('',#8286,#8287,#8288);
#8286 = CARTESIAN_POINT('',(-0.3,-0.15,0.));
#8287 = DIRECTION('',(0.,0.,1.));
#8288 = DIRECTION('',(1.,0.,-0.));
#8289 = ADVANCED_FACE('',(#8290),#8308,.T.);
#8290 = FACE_BOUND('',#8291,.T.);
#8291 = EDGE_LOOP('',(#8292,#8293,#8294,#8302));
#8292 = ORIENTED_EDGE('',*,*,#8165,.F.);
#8293 = ORIENTED_EDGE('',*,*,#8254,.T.);
#8294 = ORIENTED_EDGE('',*,*,#8295,.T.);
#8295 = EDGE_CURVE('',#8246,#8296,#8298,.T.);
#8296 = VERTEX_POINT('',#8297);
#8297 = CARTESIAN_POINT('',(-0.15,0.135,0.3));
#8298 = LINE('',#8299,#8300);
#8299 = CARTESIAN_POINT('',(-0.15,-0.15,0.3));
#8300 = VECTOR('',#8301,1.);
#8301 = DIRECTION('',(0.,1.,0.));
#8302 = ORIENTED_EDGE('',*,*,#8303,.F.);
#8303 = EDGE_CURVE('',#8157,#8296,#8304,.T.);
#8304 = LINE('',#8305,#8306);
#8305 = CARTESIAN_POINT('',(-0.3,0.135,0.3));
#8306 = VECTOR('',#8307,1.);
#8307 = DIRECTION('',(1.,0.,0.));
#8308 = PLANE('',#8309);
#8309 = AXIS2_PLACEMENT_3D('',#8310,#8311,#8312);
#8310 = CARTESIAN_POINT('',(-0.3,-0.15,0.3));
#8311 = DIRECTION('',(0.,0.,1.));
#8312 = DIRECTION('',(1.,0.,-0.));
#8313 = ADVANCED_FACE('',(#8314),#8333,.T.);
#8314 = FACE_BOUND('',#8315,.T.);
#8315 = EDGE_LOOP('',(#8316,#8324,#8331,#8332));
#8316 = ORIENTED_EDGE('',*,*,#8317,.T.);
#8317 = EDGE_CURVE('',#8140,#8318,#8320,.T.);
#8318 = VERTEX_POINT('',#8319);
#8319 = CARTESIAN_POINT('',(-0.15,0.15,1.5E-02));
#8320 = LINE('',#8321,#8322);
#8321 = CARTESIAN_POINT('',(-0.3,0.15,1.5E-02));
#8322 = VECTOR('',#8323,1.);
#8323 = DIRECTION('',(1.,0.,0.));
#8324 = ORIENTED_EDGE('',*,*,#8325,.T.);
#8325 = EDGE_CURVE('',#8318,#8272,#8326,.T.);
#8326 = CIRCLE('',#8327,1.5E-02);
#8327 = AXIS2_PLACEMENT_3D('',#8328,#8329,#8330);
#8328 = CARTESIAN_POINT('',(-0.15,0.135,1.5E-02));
#8329 = DIRECTION('',(-1.,0.,0.));
#8330 = DIRECTION('',(0.,0.,1.));
#8331 = ORIENTED_EDGE('',*,*,#8279,.F.);
#8332 = ORIENTED_EDGE('',*,*,#8139,.F.);
#8333 = CYLINDRICAL_SURFACE('',#8334,1.5E-02);
#8334 = AXIS2_PLACEMENT_3D('',#8335,#8336,#8337);
#8335 = CARTESIAN_POINT('',(-0.3,0.135,1.5E-02));
#8336 = DIRECTION('',(1.,0.,0.));
#8337 = DIRECTION('',(-0.,1.,0.));
#8338 = ADVANCED_FACE('',(#8339),#8358,.T.);
#8339 = FACE_BOUND('',#8340,.T.);
#8340 = EDGE_LOOP('',(#8341,#8342,#8343,#8352));
#8341 = ORIENTED_EDGE('',*,*,#8156,.T.);
#8342 = ORIENTED_EDGE('',*,*,#8303,.T.);
#8343 = ORIENTED_EDGE('',*,*,#8344,.F.);
#8344 = EDGE_CURVE('',#8345,#8296,#8347,.T.);
#8345 = VERTEX_POINT('',#8346);
#8346 = CARTESIAN_POINT('',(-0.15,0.15,0.285));
#8347 = CIRCLE('',#8348,1.5E-02);
#8348 = AXIS2_PLACEMENT_3D('',#8349,#8350,#8351);
#8349 = CARTESIAN_POINT('',(-0.15,0.135,0.285));
#8350 = DIRECTION('',(1.,0.,-0.));
#8351 = DIRECTION('',(0.,0.,1.));
#8352 = ORIENTED_EDGE('',*,*,#8353,.F.);
#8353 = EDGE_CURVE('',#8149,#8345,#8354,.T.);
#8354 = LINE('',#8355,#8356);
#8355 = CARTESIAN_POINT('',(-0.3,0.15,0.285));
#8356 = VECTOR('',#8357,1.);
#8357 = DIRECTION('',(1.,0.,0.));
#8358 = CYLINDRICAL_SURFACE('',#8359,1.5E-02);
#8359 = AXIS2_PLACEMENT_3D('',#8360,#8361,#8362);
#8360 = CARTESIAN_POINT('',(-0.3,0.135,0.285));
#8361 = DIRECTION('',(1.,0.,0.));
#8362 = DIRECTION('',(-0.,1.,0.));
#8363 = ADVANCED_FACE('',(#8364),#8375,.T.);
#8364 = FACE_BOUND('',#8365,.T.);
#8365 = EDGE_LOOP('',(#8366,#8372,#8373,#8374));
#8366 = ORIENTED_EDGE('',*,*,#8367,.F.);
#8367 = EDGE_CURVE('',#8318,#8345,#8368,.T.);
#8368 = LINE('',#8369,#8370);
#8369 = CARTESIAN_POINT('',(-0.15,0.15,0.));
#8370 = VECTOR('',#8371,1.);
#8371 = DIRECTION('',(0.,0.,1.));
#8372 = ORIENTED_EDGE('',*,*,#8317,.F.);
#8373 = ORIENTED_EDGE('',*,*,#8148,.T.);
#8374 = ORIENTED_EDGE('',*,*,#8353,.T.);
#8375 = PLANE('',#8376);
#8376 = AXIS2_PLACEMENT_3D('',#8377,#8378,#8379);
#8377 = CARTESIAN_POINT('',(-0.3,0.15,0.));
#8378 = DIRECTION('',(0.,1.,0.));
#8379 = DIRECTION('',(0.,-0.,1.));
#8380 = ADVANCED_FACE('',(#8381,#8391),#8461,.T.);
#8381 = FACE_BOUND('',#8382,.T.);
#8382 = EDGE_LOOP('',(#8383,#8384,#8385,#8386,#8387,#8388,#8389,#8390));
#8383 = ORIENTED_EDGE('',*,*,#8188,.F.);
#8384 = ORIENTED_EDGE('',*,*,#8228,.T.);
#8385 = ORIENTED_EDGE('',*,*,#8271,.T.);
#8386 = ORIENTED_EDGE('',*,*,#8325,.F.);
#8387 = ORIENTED_EDGE('',*,*,#8367,.T.);
#8388 = ORIENTED_EDGE('',*,*,#8344,.T.);
#8389 = ORIENTED_EDGE('',*,*,#8295,.F.);
#8390 = ORIENTED_EDGE('',*,*,#8245,.F.);
#8391 = FACE_BOUND('',#8392,.T.);
#8392 = EDGE_LOOP('',(#8393,#8404,#8412,#8421,#8429,#8438,#8446,#8455));
#8393 = ORIENTED_EDGE('',*,*,#8394,.F.);
#8394 = EDGE_CURVE('',#8395,#8397,#8399,.T.);
#8395 = VERTEX_POINT('',#8396);
#8396 = CARTESIAN_POINT('',(-0.15,-0.135,3.E-02));
#8397 = VERTEX_POINT('',#8398);
#8398 = CARTESIAN_POINT('',(-0.15,-0.12,1.5E-02));
#8399 = CIRCLE('',#8400,1.5E-02);
#8400 = AXIS2_PLACEMENT_3D('',#8401,#8402,#8403);
#8401 = CARTESIAN_POINT('',(-0.15,-0.12,3.E-02));
#8402 = DIRECTION('',(1.,0.,-0.));
#8403 = DIRECTION('',(0.,0.,1.));
#8404 = ORIENTED_EDGE('',*,*,#8405,.T.);
#8405 = EDGE_CURVE('',#8395,#8406,#8408,.T.);
#8406 = VERTEX_POINT('',#8407);
#8407 = CARTESIAN_POINT('',(-0.15,-0.135,0.27));
#8408 = LINE('',#8409,#8410);
#8409 = CARTESIAN_POINT('',(-0.15,-0.135,1.5E-02));
#8410 = VECTOR('',#8411,1.);
#8411 = DIRECTION('',(0.,0.,1.));
#8412 = ORIENTED_EDGE('',*,*,#8413,.T.);
#8413 = EDGE_CURVE('',#8406,#8414,#8416,.T.);
#8414 = VERTEX_POINT('',#8415);
#8415 = CARTESIAN_POINT('',(-0.15,-0.12,0.285));
#8416 = CIRCLE('',#8417,1.5E-02);
#8417 = AXIS2_PLACEMENT_3D('',#8418,#8419,#8420);
#8418 = CARTESIAN_POINT('',(-0.15,-0.12,0.27));
#8419 = DIRECTION('',(-1.,0.,0.));
#8420 = DIRECTION('',(0.,0.,1.));
#8421 = ORIENTED_EDGE('',*,*,#8422,.T.);
#8422 = EDGE_CURVE('',#8414,#8423,#8425,.T.);
#8423 = VERTEX_POINT('',#8424);
#8424 = CARTESIAN_POINT('',(-0.15,0.12,0.285));
#8425 = LINE('',#8426,#8427);
#8426 = CARTESIAN_POINT('',(-0.15,-0.135,0.285));
#8427 = VECTOR('',#8428,1.);
#8428 = DIRECTION('',(0.,1.,0.));
#8429 = ORIENTED_EDGE('',*,*,#8430,.F.);
#8430 = EDGE_CURVE('',#8431,#8423,#8433,.T.);
#8431 = VERTEX_POINT('',#8432);
#8432 = CARTESIAN_POINT('',(-0.15,0.135,0.27));
#8433 = CIRCLE('',#8434,1.5E-02);
#8434 = AXIS2_PLACEMENT_3D('',#8435,#8436,#8437);
#8435 = CARTESIAN_POINT('',(-0.15,0.12,0.27));
#8436 = DIRECTION('',(1.,0.,-0.));
#8437 = DIRECTION('',(0.,0.,1.));
#8438 = ORIENTED_EDGE('',*,*,#8439,.F.);
#8439 = EDGE_CURVE('',#8440,#8431,#8442,.T.);
#8440 = VERTEX_POINT('',#8441);
#8441 = CARTESIAN_POINT('',(-0.15,0.135,3.E-02));
#8442 = LINE('',#8443,#8444);
#8443 = CARTESIAN_POINT('',(-0.15,0.135,1.5E-02));
#8444 = VECTOR('',#8445,1.);
#8445 = DIRECTION('',(0.,0.,1.));
#8446 = ORIENTED_EDGE('',*,*,#8447,.T.);
#8447 = EDGE_CURVE('',#8440,#8448,#8450,.T.);
#8448 = VERTEX_POINT('',#8449);
#8449 = CARTESIAN_POINT('',(-0.15,0.12,1.5E-02));
#8450 = CIRCLE('',#8451,1.5E-02);
#8451 = AXIS2_PLACEMENT_3D('',#8452,#8453,#8454);
#8452 = CARTESIAN_POINT('',(-0.15,0.12,3.E-02));
#8453 = DIRECTION('',(-1.,0.,0.));
#8454 = DIRECTION('',(0.,0.,1.));
#8455 = ORIENTED_EDGE('',*,*,#8456,.F.);
#8456 = EDGE_CURVE('',#8397,#8448,#8457,.T.);
#8457 = LINE('',#8458,#8459);
#8458 = CARTESIAN_POINT('',(-0.15,-0.135,1.5E-02));
#8459 = VECTOR('',#8460,1.);
#8460 = DIRECTION('',(0.,1.,0.));
#8461 = PLANE('',#8462);
#8462 = AXIS2_PLACEMENT_3D('',#8463,#8464,#8465);
#8463 = CARTESIAN_POINT('',(-0.15,-0.15,0.));
#8464 = DIRECTION('',(1.,0.,0.));
#8465 = DIRECTION('',(0.,0.,1.));
#8466 = ADVANCED_FACE('',(#8467),#8493,.T.);
#8467 = FACE_BOUND('',#8468,.T.);
#8468 = EDGE_LOOP('',(#8469,#8470,#8478,#8487));
#8469 = ORIENTED_EDGE('',*,*,#8394,.T.);
#8470 = ORIENTED_EDGE('',*,*,#8471,.T.);
#8471 = EDGE_CURVE('',#8397,#8472,#8474,.T.);
#8472 = VERTEX_POINT('',#8473);
#8473 = CARTESIAN_POINT('',(0.15,-0.12,1.5E-02));
#8474 = LINE('',#8475,#8476);
#8475 = CARTESIAN_POINT('',(-0.15,-0.12,1.5E-02));
#8476 = VECTOR('',#8477,1.);
#8477 = DIRECTION('',(1.,0.,0.));
#8478 = ORIENTED_EDGE('',*,*,#8479,.F.);
#8479 = EDGE_CURVE('',#8480,#8472,#8482,.T.);
#8480 = VERTEX_POINT('',#8481);
#8481 = CARTESIAN_POINT('',(0.15,-0.135,3.E-02));
#8482 = CIRCLE('',#8483,1.5E-02);
#8483 = AXIS2_PLACEMENT_3D('',#8484,#8485,#8486);
#8484 = CARTESIAN_POINT('',(0.15,-0.12,3.E-02));
#8485 = DIRECTION('',(1.,0.,-0.));
#8486 = DIRECTION('',(0.,0.,1.));
#8487 = ORIENTED_EDGE('',*,*,#8488,.F.);
#8488 = EDGE_CURVE('',#8395,#8480,#8489,.T.);
#8489 = LINE('',#8490,#8491);
#8490 = CARTESIAN_POINT('',(-0.15,-0.135,3.E-02));
#8491 = VECTOR('',#8492,1.);
#8492 = DIRECTION('',(1.,0.,0.));
#8493 = CYLINDRICAL_SURFACE('',#8494,1.5E-02);
#8494 = AXIS2_PLACEMENT_3D('',#8495,#8496,#8497);
#8495 = CARTESIAN_POINT('',(-0.15,-0.12,3.E-02));
#8496 = DIRECTION('',(1.,0.,0.));
#8497 = DIRECTION('',(0.,-1.,0.));
#8498 = ADVANCED_FACE('',(#8499),#8517,.F.);
#8499 = FACE_BOUND('',#8500,.F.);
#8500 = EDGE_LOOP('',(#8501,#8502,#8503,#8511));
#8501 = ORIENTED_EDGE('',*,*,#8456,.F.);
#8502 = ORIENTED_EDGE('',*,*,#8471,.T.);
#8503 = ORIENTED_EDGE('',*,*,#8504,.T.);
#8504 = EDGE_CURVE('',#8472,#8505,#8507,.T.);
#8505 = VERTEX_POINT('',#8506);
#8506 = CARTESIAN_POINT('',(0.15,0.12,1.5E-02));
#8507 = LINE('',#8508,#8509);
#8508 = CARTESIAN_POINT('',(0.15,-0.135,1.5E-02));
#8509 = VECTOR('',#8510,1.);
#8510 = DIRECTION('',(0.,1.,0.));
#8511 = ORIENTED_EDGE('',*,*,#8512,.F.);
#8512 = EDGE_CURVE('',#8448,#8505,#8513,.T.);
#8513 = LINE('',#8514,#8515);
#8514 = CARTESIAN_POINT('',(-0.15,0.12,1.5E-02));
#8515 = VECTOR('',#8516,1.);
#8516 = DIRECTION('',(1.,0.,0.));
#8517 = PLANE('',#8518);
#8518 = AXIS2_PLACEMENT_3D('',#8519,#8520,#8521);
#8519 = CARTESIAN_POINT('',(-0.15,-0.135,1.5E-02));
#8520 = DIRECTION('',(0.,0.,1.));
#8521 = DIRECTION('',(1.,0.,-0.));
#8522 = ADVANCED_FACE('',(#8523),#8542,.T.);
#8523 = FACE_BOUND('',#8524,.T.);
#8524 = EDGE_LOOP('',(#8525,#8533,#8540,#8541));
#8525 = ORIENTED_EDGE('',*,*,#8526,.T.);
#8526 = EDGE_CURVE('',#8440,#8527,#8529,.T.);
#8527 = VERTEX_POINT('',#8528);
#8528 = CARTESIAN_POINT('',(0.15,0.135,3.E-02));
#8529 = LINE('',#8530,#8531);
#8530 = CARTESIAN_POINT('',(-0.15,0.135,3.E-02));
#8531 = VECTOR('',#8532,1.);
#8532 = DIRECTION('',(1.,0.,0.));
#8533 = ORIENTED_EDGE('',*,*,#8534,.T.);
#8534 = EDGE_CURVE('',#8527,#8505,#8535,.T.);
#8535 = CIRCLE('',#8536,1.5E-02);
#8536 = AXIS2_PLACEMENT_3D('',#8537,#8538,#8539);
#8537 = CARTESIAN_POINT('',(0.15,0.12,3.E-02));
#8538 = DIRECTION('',(-1.,0.,0.));
#8539 = DIRECTION('',(0.,0.,1.));
#8540 = ORIENTED_EDGE('',*,*,#8512,.F.);
#8541 = ORIENTED_EDGE('',*,*,#8447,.F.);
#8542 = CYLINDRICAL_SURFACE('',#8543,1.5E-02);
#8543 = AXIS2_PLACEMENT_3D('',#8544,#8545,#8546);
#8544 = CARTESIAN_POINT('',(-0.15,0.12,3.E-02));
#8545 = DIRECTION('',(1.,0.,0.));
#8546 = DIRECTION('',(-0.,1.,0.));
#8547 = ADVANCED_FACE('',(#8548),#8566,.T.);
#8548 = FACE_BOUND('',#8549,.T.);
#8549 = EDGE_LOOP('',(#8550,#8558,#8559,#8560));
#8550 = ORIENTED_EDGE('',*,*,#8551,.F.);
#8551 = EDGE_CURVE('',#8527,#8552,#8554,.T.);
#8552 = VERTEX_POINT('',#8553);
#8553 = CARTESIAN_POINT('',(0.15,0.135,0.27));
#8554 = LINE('',#8555,#8556);
#8555 = CARTESIAN_POINT('',(0.15,0.135,1.5E-02));
#8556 = VECTOR('',#8557,1.);
#8557 = DIRECTION('',(0.,0.,1.));
#8558 = ORIENTED_EDGE('',*,*,#8526,.F.);
#8559 = ORIENTED_EDGE('',*,*,#8439,.T.);
#8560 = ORIENTED_EDGE('',*,*,#8561,.T.);
#8561 = EDGE_CURVE('',#8431,#8552,#8562,.T.);
#8562 = LINE('',#8563,#8564);
#8563 = CARTESIAN_POINT('',(-0.15,0.135,0.27));
#8564 = VECTOR('',#8565,1.);
#8565 = DIRECTION('',(1.,0.,0.));
#8566 = PLANE('',#8567);
#8567 = AXIS2_PLACEMENT_3D('',#8568,#8569,#8570);
#8568 = CARTESIAN_POINT('',(-0.15,0.135,1.5E-02));
#8569 = DIRECTION('',(0.,1.,0.));
#8570 = DIRECTION('',(0.,-0.,1.));
#8571 = ADVANCED_FACE('',(#8572),#8591,.T.);
#8572 = FACE_BOUND('',#8573,.T.);
#8573 = EDGE_LOOP('',(#8574,#8575,#8583,#8590));
#8574 = ORIENTED_EDGE('',*,*,#8430,.T.);
#8575 = ORIENTED_EDGE('',*,*,#8576,.T.);
#8576 = EDGE_CURVE('',#8423,#8577,#8579,.T.);
#8577 = VERTEX_POINT('',#8578);
#8578 = CARTESIAN_POINT('',(0.15,0.12,0.285));
#8579 = LINE('',#8580,#8581);
#8580 = CARTESIAN_POINT('',(-0.15,0.12,0.285));
#8581 = VECTOR('',#8582,1.);
#8582 = DIRECTION('',(1.,0.,0.));
#8583 = ORIENTED_EDGE('',*,*,#8584,.F.);
#8584 = EDGE_CURVE('',#8552,#8577,#8585,.T.);
#8585 = CIRCLE('',#8586,1.5E-02);
#8586 = AXIS2_PLACEMENT_3D('',#8587,#8588,#8589);
#8587 = CARTESIAN_POINT('',(0.15,0.12,0.27));
#8588 = DIRECTION('',(1.,0.,-0.));
#8589 = DIRECTION('',(0.,0.,1.));
#8590 = ORIENTED_EDGE('',*,*,#8561,.F.);
#8591 = CYLINDRICAL_SURFACE('',#8592,1.5E-02);
#8592 = AXIS2_PLACEMENT_3D('',#8593,#8594,#8595);
#8593 = CARTESIAN_POINT('',(-0.15,0.12,0.27));
#8594 = DIRECTION('',(1.,0.,0.));
#8595 = DIRECTION('',(-0.,1.,0.));
#8596 = ADVANCED_FACE('',(#8597),#8615,.T.);
#8597 = FACE_BOUND('',#8598,.T.);
#8598 = EDGE_LOOP('',(#8599,#8600,#8608,#8614));
#8599 = ORIENTED_EDGE('',*,*,#8422,.F.);
#8600 = ORIENTED_EDGE('',*,*,#8601,.T.);
#8601 = EDGE_CURVE('',#8414,#8602,#8604,.T.);
#8602 = VERTEX_POINT('',#8603);
#8603 = CARTESIAN_POINT('',(0.15,-0.12,0.285));
#8604 = LINE('',#8605,#8606);
#8605 = CARTESIAN_POINT('',(-0.15,-0.12,0.285));
#8606 = VECTOR('',#8607,1.);
#8607 = DIRECTION('',(1.,0.,0.));
#8608 = ORIENTED_EDGE('',*,*,#8609,.T.);
#8609 = EDGE_CURVE('',#8602,#8577,#8610,.T.);
#8610 = LINE('',#8611,#8612);
#8611 = CARTESIAN_POINT('',(0.15,-0.135,0.285));
#8612 = VECTOR('',#8613,1.);
#8613 = DIRECTION('',(0.,1.,0.));
#8614 = ORIENTED_EDGE('',*,*,#8576,.F.);
#8615 = PLANE('',#8616);
#8616 = AXIS2_PLACEMENT_3D('',#8617,#8618,#8619);
#8617 = CARTESIAN_POINT('',(-0.15,-0.135,0.285));
#8618 = DIRECTION('',(0.,0.,1.));
#8619 = DIRECTION('',(1.,0.,-0.));
#8620 = ADVANCED_FACE('',(#8621),#8640,.T.);
#8621 = FACE_BOUND('',#8622,.T.);
#8622 = EDGE_LOOP('',(#8623,#8631,#8638,#8639));
#8623 = ORIENTED_EDGE('',*,*,#8624,.T.);
#8624 = EDGE_CURVE('',#8406,#8625,#8627,.T.);
#8625 = VERTEX_POINT('',#8626);
#8626 = CARTESIAN_POINT('',(0.15,-0.135,0.27));
#8627 = LINE('',#8628,#8629);
#8628 = CARTESIAN_POINT('',(-0.15,-0.135,0.27));
#8629 = VECTOR('',#8630,1.);
#8630 = DIRECTION('',(1.,0.,0.));
#8631 = ORIENTED_EDGE('',*,*,#8632,.T.);
#8632 = EDGE_CURVE('',#8625,#8602,#8633,.T.);
#8633 = CIRCLE('',#8634,1.5E-02);
#8634 = AXIS2_PLACEMENT_3D('',#8635,#8636,#8637);
#8635 = CARTESIAN_POINT('',(0.15,-0.12,0.27));
#8636 = DIRECTION('',(-1.,0.,0.));
#8637 = DIRECTION('',(0.,0.,1.));
#8638 = ORIENTED_EDGE('',*,*,#8601,.F.);
#8639 = ORIENTED_EDGE('',*,*,#8413,.F.);
#8640 = CYLINDRICAL_SURFACE('',#8641,1.5E-02);
#8641 = AXIS2_PLACEMENT_3D('',#8642,#8643,#8644);
#8642 = CARTESIAN_POINT('',(-0.15,-0.12,0.27));
#8643 = DIRECTION('',(1.,0.,0.));
#8644 = DIRECTION('',(0.,-1.,0.));
#8645 = ADVANCED_FACE('',(#8646),#8657,.F.);
#8646 = FACE_BOUND('',#8647,.F.);
#8647 = EDGE_LOOP('',(#8648,#8654,#8655,#8656));
#8648 = ORIENTED_EDGE('',*,*,#8649,.F.);
#8649 = EDGE_CURVE('',#8480,#8625,#8650,.T.);
#8650 = LINE('',#8651,#8652);
#8651 = CARTESIAN_POINT('',(0.15,-0.135,1.5E-02));
#8652 = VECTOR('',#8653,1.);
#8653 = DIRECTION('',(0.,0.,1.));
#8654 = ORIENTED_EDGE('',*,*,#8488,.F.);
#8655 = ORIENTED_EDGE('',*,*,#8405,.T.);
#8656 = ORIENTED_EDGE('',*,*,#8624,.T.);
#8657 = PLANE('',#8658);
#8658 = AXIS2_PLACEMENT_3D('',#8659,#8660,#8661);
#8659 = CARTESIAN_POINT('',(-0.15,-0.135,1.5E-02));
#8660 = DIRECTION('',(0.,1.,0.));
#8661 = DIRECTION('',(0.,-0.,1.));
#8662 = ADVANCED_FACE('',(#8663,#8733),#8743,.F.);
#8663 = FACE_BOUND('',#8664,.F.);
#8664 = EDGE_LOOP('',(#8665,#8675,#8684,#8692,#8701,#8709,#8718,#8726));
#8665 = ORIENTED_EDGE('',*,*,#8666,.F.);
#8666 = EDGE_CURVE('',#8667,#8669,#8671,.T.);
#8667 = VERTEX_POINT('',#8668);
#8668 = CARTESIAN_POINT('',(0.15,-0.15,1.5E-02));
#8669 = VERTEX_POINT('',#8670);
#8670 = CARTESIAN_POINT('',(0.15,-0.15,0.285));
#8671 = LINE('',#8672,#8673);
#8672 = CARTESIAN_POINT('',(0.15,-0.15,0.));
#8673 = VECTOR('',#8674,1.);
#8674 = DIRECTION('',(0.,0.,1.));
#8675 = ORIENTED_EDGE('',*,*,#8676,.T.);
#8676 = EDGE_CURVE('',#8667,#8677,#8679,.T.);
#8677 = VERTEX_POINT('',#8678);
#8678 = CARTESIAN_POINT('',(0.15,-0.135,-2.775557561563E-17));
#8679 = CIRCLE('',#8680,1.5E-02);
#8680 = AXIS2_PLACEMENT_3D('',#8681,#8682,#8683);
#8681 = CARTESIAN_POINT('',(0.15,-0.135,1.5E-02));
#8682 = DIRECTION('',(1.,0.,-0.));
#8683 = DIRECTION('',(0.,0.,1.));
#8684 = ORIENTED_EDGE('',*,*,#8685,.T.);
#8685 = EDGE_CURVE('',#8677,#8686,#8688,.T.);
#8686 = VERTEX_POINT('',#8687);
#8687 = CARTESIAN_POINT('',(0.15,0.135,-2.775557561563E-17));
#8688 = LINE('',#8689,#8690);
#8689 = CARTESIAN_POINT('',(0.15,-0.15,0.));
#8690 = VECTOR('',#8691,1.);
#8691 = DIRECTION('',(0.,1.,0.));
#8692 = ORIENTED_EDGE('',*,*,#8693,.F.);
#8693 = EDGE_CURVE('',#8694,#8686,#8696,.T.);
#8694 = VERTEX_POINT('',#8695);
#8695 = CARTESIAN_POINT('',(0.15,0.15,1.5E-02));
#8696 = CIRCLE('',#8697,1.5E-02);
#8697 = AXIS2_PLACEMENT_3D('',#8698,#8699,#8700);
#8698 = CARTESIAN_POINT('',(0.15,0.135,1.5E-02));
#8699 = DIRECTION('',(-1.,0.,0.));
#8700 = DIRECTION('',(0.,0.,1.));
#8701 = ORIENTED_EDGE('',*,*,#8702,.T.);
#8702 = EDGE_CURVE('',#8694,#8703,#8705,.T.);
#8703 = VERTEX_POINT('',#8704);
#8704 = CARTESIAN_POINT('',(0.15,0.15,0.285));
#8705 = LINE('',#8706,#8707);
#8706 = CARTESIAN_POINT('',(0.15,0.15,0.));
#8707 = VECTOR('',#8708,1.);
#8708 = DIRECTION('',(0.,0.,1.));
#8709 = ORIENTED_EDGE('',*,*,#8710,.T.);
#8710 = EDGE_CURVE('',#8703,#8711,#8713,.T.);
#8711 = VERTEX_POINT('',#8712);
#8712 = CARTESIAN_POINT('',(0.15,0.135,0.3));
#8713 = CIRCLE('',#8714,1.5E-02);
#8714 = AXIS2_PLACEMENT_3D('',#8715,#8716,#8717);
#8715 = CARTESIAN_POINT('',(0.15,0.135,0.285));
#8716 = DIRECTION('',(1.,0.,-0.));
#8717 = DIRECTION('',(0.,0.,1.));
#8718 = ORIENTED_EDGE('',*,*,#8719,.F.);
#8719 = EDGE_CURVE('',#8720,#8711,#8722,.T.);
#8720 = VERTEX_POINT('',#8721);
#8721 = CARTESIAN_POINT('',(0.15,-0.135,0.3));
#8722 = LINE('',#8723,#8724);
#8723 = CARTESIAN_POINT('',(0.15,-0.15,0.3));
#8724 = VECTOR('',#8725,1.);
#8725 = DIRECTION('',(0.,1.,0.));
#8726 = ORIENTED_EDGE('',*,*,#8727,.F.);
#8727 = EDGE_CURVE('',#8669,#8720,#8728,.T.);
#8728 = CIRCLE('',#8729,1.5E-02);
#8729 = AXIS2_PLACEMENT_3D('',#8730,#8731,#8732);
#8730 = CARTESIAN_POINT('',(0.15,-0.135,0.285));
#8731 = DIRECTION('',(-1.,0.,0.));
#8732 = DIRECTION('',(0.,0.,1.));
#8733 = FACE_BOUND('',#8734,.F.);
#8734 = EDGE_LOOP('',(#8735,#8736,#8737,#8738,#8739,#8740,#8741,#8742));
#8735 = ORIENTED_EDGE('',*,*,#8479,.F.);
#8736 = ORIENTED_EDGE('',*,*,#8649,.T.);
#8737 = ORIENTED_EDGE('',*,*,#8632,.T.);
#8738 = ORIENTED_EDGE('',*,*,#8609,.T.);
#8739 = ORIENTED_EDGE('',*,*,#8584,.F.);
#8740 = ORIENTED_EDGE('',*,*,#8551,.F.);
#8741 = ORIENTED_EDGE('',*,*,#8534,.T.);
#8742 = ORIENTED_EDGE('',*,*,#8504,.F.);
#8743 = PLANE('',#8744);
#8744 = AXIS2_PLACEMENT_3D('',#8745,#8746,#8747);
#8745 = CARTESIAN_POINT('',(0.15,-0.15,0.));
#8746 = DIRECTION('',(1.,0.,0.));
#8747 = DIRECTION('',(0.,0.,1.));
#8748 = ADVANCED_FACE('',(#8749),#8774,.F.);
#8749 = FACE_BOUND('',#8750,.F.);
#8750 = EDGE_LOOP('',(#8751,#8761,#8767,#8768));
#8751 = ORIENTED_EDGE('',*,*,#8752,.F.);
#8752 = EDGE_CURVE('',#8753,#8755,#8757,.T.);
#8753 = VERTEX_POINT('',#8754);
#8754 = CARTESIAN_POINT('',(0.3,-0.15,1.5E-02));
#8755 = VERTEX_POINT('',#8756);
#8756 = CARTESIAN_POINT('',(0.3,-0.15,0.285));
#8757 = LINE('',#8758,#8759);
#8758 = CARTESIAN_POINT('',(0.3,-0.15,0.));
#8759 = VECTOR('',#8760,1.);
#8760 = DIRECTION('',(0.,0.,1.));
#8761 = ORIENTED_EDGE('',*,*,#8762,.F.);
#8762 = EDGE_CURVE('',#8667,#8753,#8763,.T.);
#8763 = LINE('',#8764,#8765);
#8764 = CARTESIAN_POINT('',(0.15,-0.15,1.5E-02));
#8765 = VECTOR('',#8766,1.);
#8766 = DIRECTION('',(1.,0.,0.));
#8767 = ORIENTED_EDGE('',*,*,#8666,.T.);
#8768 = ORIENTED_EDGE('',*,*,#8769,.T.);
#8769 = EDGE_CURVE('',#8669,#8755,#8770,.T.);
#8770 = LINE('',#8771,#8772);
#8771 = CARTESIAN_POINT('',(0.15,-0.15,0.285));
#8772 = VECTOR('',#8773,1.);
#8773 = DIRECTION('',(1.,0.,0.));
#8774 = PLANE('',#8775);
#8775 = AXIS2_PLACEMENT_3D('',#8776,#8777,#8778);
#8776 = CARTESIAN_POINT('',(0.15,-0.15,0.));
#8777 = DIRECTION('',(0.,1.,0.));
#8778 = DIRECTION('',(0.,-0.,1.));
#8779 = ADVANCED_FACE('',(#8780),#8799,.T.);
#8780 = FACE_BOUND('',#8781,.T.);
#8781 = EDGE_LOOP('',(#8782,#8783,#8791,#8798));
#8782 = ORIENTED_EDGE('',*,*,#8676,.T.);
#8783 = ORIENTED_EDGE('',*,*,#8784,.T.);
#8784 = EDGE_CURVE('',#8677,#8785,#8787,.T.);
#8785 = VERTEX_POINT('',#8786);
#8786 = CARTESIAN_POINT('',(0.3,-0.135,-2.775557561563E-17));
#8787 = LINE('',#8788,#8789);
#8788 = CARTESIAN_POINT('',(0.15,-0.135,-2.775557561563E-17));
#8789 = VECTOR('',#8790,1.);
#8790 = DIRECTION('',(1.,0.,0.));
#8791 = ORIENTED_EDGE('',*,*,#8792,.F.);
#8792 = EDGE_CURVE('',#8753,#8785,#8793,.T.);
#8793 = CIRCLE('',#8794,1.5E-02);
#8794 = AXIS2_PLACEMENT_3D('',#8795,#8796,#8797);
#8795 = CARTESIAN_POINT('',(0.3,-0.135,1.5E-02));
#8796 = DIRECTION('',(1.,0.,-0.));
#8797 = DIRECTION('',(0.,0.,1.));
#8798 = ORIENTED_EDGE('',*,*,#8762,.F.);
#8799 = CYLINDRICAL_SURFACE('',#8800,1.5E-02);
#8800 = AXIS2_PLACEMENT_3D('',#8801,#8802,#8803);
#8801 = CARTESIAN_POINT('',(0.15,-0.135,1.5E-02));
#8802 = DIRECTION('',(1.,0.,0.));
#8803 = DIRECTION('',(0.,-1.,0.));
#8804 = ADVANCED_FACE('',(#8805),#8824,.T.);
#8805 = FACE_BOUND('',#8806,.T.);
#8806 = EDGE_LOOP('',(#8807,#8808,#8817,#8823));
#8807 = ORIENTED_EDGE('',*,*,#8769,.T.);
#8808 = ORIENTED_EDGE('',*,*,#8809,.T.);
#8809 = EDGE_CURVE('',#8755,#8810,#8812,.T.);
#8810 = VERTEX_POINT('',#8811);
#8811 = CARTESIAN_POINT('',(0.3,-0.135,0.3));
#8812 = CIRCLE('',#8813,1.5E-02);
#8813 = AXIS2_PLACEMENT_3D('',#8814,#8815,#8816);
#8814 = CARTESIAN_POINT('',(0.3,-0.135,0.285));
#8815 = DIRECTION('',(-1.,0.,0.));
#8816 = DIRECTION('',(0.,0.,1.));
#8817 = ORIENTED_EDGE('',*,*,#8818,.F.);
#8818 = EDGE_CURVE('',#8720,#8810,#8819,.T.);
#8819 = LINE('',#8820,#8821);
#8820 = CARTESIAN_POINT('',(0.15,-0.135,0.3));
#8821 = VECTOR('',#8822,1.);
#8822 = DIRECTION('',(1.,0.,0.));
#8823 = ORIENTED_EDGE('',*,*,#8727,.F.);
#8824 = CYLINDRICAL_SURFACE('',#8825,1.5E-02);
#8825 = AXIS2_PLACEMENT_3D('',#8826,#8827,#8828);
#8826 = CARTESIAN_POINT('',(0.15,-0.135,0.285));
#8827 = DIRECTION('',(1.,0.,0.));
#8828 = DIRECTION('',(0.,-1.,0.));
#8829 = ADVANCED_FACE('',(#8830),#8848,.F.);
#8830 = FACE_BOUND('',#8831,.F.);
#8831 = EDGE_LOOP('',(#8832,#8833,#8834,#8842));
#8832 = ORIENTED_EDGE('',*,*,#8685,.F.);
#8833 = ORIENTED_EDGE('',*,*,#8784,.T.);
#8834 = ORIENTED_EDGE('',*,*,#8835,.T.);
#8835 = EDGE_CURVE('',#8785,#8836,#8838,.T.);
#8836 = VERTEX_POINT('',#8837);
#8837 = CARTESIAN_POINT('',(0.3,0.135,-2.775557561563E-17));
#8838 = LINE('',#8839,#8840);
#8839 = CARTESIAN_POINT('',(0.3,-0.15,0.));
#8840 = VECTOR('',#8841,1.);
#8841 = DIRECTION('',(0.,1.,0.));
#8842 = ORIENTED_EDGE('',*,*,#8843,.F.);
#8843 = EDGE_CURVE('',#8686,#8836,#8844,.T.);
#8844 = LINE('',#8845,#8846);
#8845 = CARTESIAN_POINT('',(0.15,0.135,-2.775557561563E-17));
#8846 = VECTOR('',#8847,1.);
#8847 = DIRECTION('',(1.,0.,0.));
#8848 = PLANE('',#8849);
#8849 = AXIS2_PLACEMENT_3D('',#8850,#8851,#8852);
#8850 = CARTESIAN_POINT('',(0.15,-0.15,0.));
#8851 = DIRECTION('',(0.,0.,1.));
#8852 = DIRECTION('',(1.,0.,-0.));
#8853 = ADVANCED_FACE('',(#8854),#8872,.T.);
#8854 = FACE_BOUND('',#8855,.T.);
#8855 = EDGE_LOOP('',(#8856,#8857,#8858,#8866));
#8856 = ORIENTED_EDGE('',*,*,#8719,.F.);
#8857 = ORIENTED_EDGE('',*,*,#8818,.T.);
#8858 = ORIENTED_EDGE('',*,*,#8859,.T.);
#8859 = EDGE_CURVE('',#8810,#8860,#8862,.T.);
#8860 = VERTEX_POINT('',#8861);
#8861 = CARTESIAN_POINT('',(0.3,0.135,0.3));
#8862 = LINE('',#8863,#8864);
#8863 = CARTESIAN_POINT('',(0.3,-0.15,0.3));
#8864 = VECTOR('',#8865,1.);
#8865 = DIRECTION('',(0.,1.,0.));
#8866 = ORIENTED_EDGE('',*,*,#8867,.F.);
#8867 = EDGE_CURVE('',#8711,#8860,#8868,.T.);
#8868 = LINE('',#8869,#8870);
#8869 = CARTESIAN_POINT('',(0.15,0.135,0.3));
#8870 = VECTOR('',#8871,1.);
#8871 = DIRECTION('',(1.,0.,0.));
#8872 = PLANE('',#8873);
#8873 = AXIS2_PLACEMENT_3D('',#8874,#8875,#8876);
#8874 = CARTESIAN_POINT('',(0.15,-0.15,0.3));
#8875 = DIRECTION('',(0.,0.,1.));
#8876 = DIRECTION('',(1.,0.,-0.));
#8877 = ADVANCED_FACE('',(#8878),#8897,.T.);
#8878 = FACE_BOUND('',#8879,.T.);
#8879 = EDGE_LOOP('',(#8880,#8888,#8895,#8896));
#8880 = ORIENTED_EDGE('',*,*,#8881,.T.);
#8881 = EDGE_CURVE('',#8694,#8882,#8884,.T.);
#8882 = VERTEX_POINT('',#8883);
#8883 = CARTESIAN_POINT('',(0.3,0.15,1.5E-02));
#8884 = LINE('',#8885,#8886);
#8885 = CARTESIAN_POINT('',(0.15,0.15,1.5E-02));
#8886 = VECTOR('',#8887,1.);
#8887 = DIRECTION('',(1.,0.,0.));
#8888 = ORIENTED_EDGE('',*,*,#8889,.T.);
#8889 = EDGE_CURVE('',#8882,#8836,#8890,.T.);
#8890 = CIRCLE('',#8891,1.5E-02);
#8891 = AXIS2_PLACEMENT_3D('',#8892,#8893,#8894);
#8892 = CARTESIAN_POINT('',(0.3,0.135,1.5E-02));
#8893 = DIRECTION('',(-1.,0.,0.));
#8894 = DIRECTION('',(0.,0.,1.));
#8895 = ORIENTED_EDGE('',*,*,#8843,.F.);
#8896 = ORIENTED_EDGE('',*,*,#8693,.F.);
#8897 = CYLINDRICAL_SURFACE('',#8898,1.5E-02);
#8898 = AXIS2_PLACEMENT_3D('',#8899,#8900,#8901);
#8899 = CARTESIAN_POINT('',(0.15,0.135,1.5E-02));
#8900 = DIRECTION('',(1.,0.,0.));
#8901 = DIRECTION('',(-0.,1.,0.));
#8902 = ADVANCED_FACE('',(#8903),#8922,.T.);
#8903 = FACE_BOUND('',#8904,.T.);
#8904 = EDGE_LOOP('',(#8905,#8906,#8907,#8916));
#8905 = ORIENTED_EDGE('',*,*,#8710,.T.);
#8906 = ORIENTED_EDGE('',*,*,#8867,.T.);
#8907 = ORIENTED_EDGE('',*,*,#8908,.F.);
#8908 = EDGE_CURVE('',#8909,#8860,#8911,.T.);
#8909 = VERTEX_POINT('',#8910);
#8910 = CARTESIAN_POINT('',(0.3,0.15,0.285));
#8911 = CIRCLE('',#8912,1.5E-02);
#8912 = AXIS2_PLACEMENT_3D('',#8913,#8914,#8915);
#8913 = CARTESIAN_POINT('',(0.3,0.135,0.285));
#8914 = DIRECTION('',(1.,0.,-0.));
#8915 = DIRECTION('',(0.,0.,1.));
#8916 = ORIENTED_EDGE('',*,*,#8917,.F.);
#8917 = EDGE_CURVE('',#8703,#8909,#8918,.T.);
#8918 = LINE('',#8919,#8920);
#8919 = CARTESIAN_POINT('',(0.15,0.15,0.285));
#8920 = VECTOR('',#8921,1.);
#8921 = DIRECTION('',(1.,0.,0.));
#8922 = CYLINDRICAL_SURFACE('',#8923,1.5E-02);
#8923 = AXIS2_PLACEMENT_3D('',#8924,#8925,#8926);
#8924 = CARTESIAN_POINT('',(0.15,0.135,0.285));
#8925 = DIRECTION('',(1.,0.,0.));
#8926 = DIRECTION('',(-0.,1.,0.));
#8927 = ADVANCED_FACE('',(#8928),#8939,.T.);
#8928 = FACE_BOUND('',#8929,.T.);
#8929 = EDGE_LOOP('',(#8930,#8936,#8937,#8938));
#8930 = ORIENTED_EDGE('',*,*,#8931,.F.);
#8931 = EDGE_CURVE('',#8882,#8909,#8932,.T.);
#8932 = LINE('',#8933,#8934);
#8933 = CARTESIAN_POINT('',(0.3,0.15,0.));
#8934 = VECTOR('',#8935,1.);
#8935 = DIRECTION('',(0.,0.,1.));
#8936 = ORIENTED_EDGE('',*,*,#8881,.F.);
#8937 = ORIENTED_EDGE('',*,*,#8702,.T.);
#8938 = ORIENTED_EDGE('',*,*,#8917,.T.);
#8939 = PLANE('',#8940);
#8940 = AXIS2_PLACEMENT_3D('',#8941,#8942,#8943);
#8941 = CARTESIAN_POINT('',(0.15,0.15,0.));
#8942 = DIRECTION('',(0.,1.,0.));
#8943 = DIRECTION('',(0.,-0.,1.));
#8944 = ADVANCED_FACE('',(#8945),#8955,.T.);
#8945 = FACE_BOUND('',#8946,.T.);
#8946 = EDGE_LOOP('',(#8947,#8948,#8949,#8950,#8951,#8952,#8953,#8954));
#8947 = ORIENTED_EDGE('',*,*,#8752,.F.);
#8948 = ORIENTED_EDGE('',*,*,#8792,.T.);
#8949 = ORIENTED_EDGE('',*,*,#8835,.T.);
#8950 = ORIENTED_EDGE('',*,*,#8889,.F.);
#8951 = ORIENTED_EDGE('',*,*,#8931,.T.);
#8952 = ORIENTED_EDGE('',*,*,#8908,.T.);
#8953 = ORIENTED_EDGE('',*,*,#8859,.F.);
#8954 = ORIENTED_EDGE('',*,*,#8809,.F.);
#8955 = PLANE('',#8956);
#8956 = AXIS2_PLACEMENT_3D('',#8957,#8958,#8959);
#8957 = CARTESIAN_POINT('',(0.3,-0.15,0.));
#8958 = DIRECTION('',(1.,0.,0.));
#8959 = DIRECTION('',(0.,0.,1.));
#8960 = ( GEOMETRIC_REPRESENTATION_CONTEXT(3) 
GLOBAL_UNCERTAINTY_ASSIGNED_CONTEXT((#8964)) 
GLOBAL_UNIT_ASSIGNED_CONTEXT((#8961,#8962,#8963)) REPRESENTATION_CONTEXT
('Context #1','3D Context with UNIT and UNCERTAINTY') );
#8961 = ( LENGTH_UNIT() NAMED_UNIT(*) SI_UNIT(.MILLI.,.METRE.) );
#8962 = ( NAMED_UNIT(*) PLANE_ANGLE_UNIT() SI_UNIT($,.RADIAN.) );
#8963 = ( NAMED_UNIT(*) SI_UNIT($,.STERADIAN.) SOLID_ANGLE_UNIT() );
#8964 = UNCERTAINTY_MEASURE_WITH_UNIT(LENGTH_MEASURE(1.E-07),#8961,
  'distance_accuracy_value','confusion accuracy');
#8965 = CONTEXT_DEPENDENT_SHAPE_REPRESENTATION(#8966,#8968);
#8966 = ( REPRESENTATION_RELATIONSHIP('','',#8105,#8082) 
REPRESENTATION_RELATIONSHIP_WITH_TRANSFORMATION(#8967) 
SHAPE_REPRESENTATION_RELATIONSHIP() );
#8967 = ITEM_DEFINED_TRANSFORMATION('','',#11,#8083);
#8968 = PRODUCT_DEFINITION_SHAPE('Placement','Placement of an item',
  #8969);
#8969 = NEXT_ASSEMBLY_USAGE_OCCURRENCE('45','=>[0:1:1:46]','',#8077,
  #8100,$);
#8970 = PRODUCT_RELATED_PRODUCT_CATEGORY('part',$,(#8102));
#8971 = CONTEXT_DEPENDENT_SHAPE_REPRESENTATION(#8972,#8974);
#8972 = ( REPRESENTATION_RELATIONSHIP('','',#8082,#10) 
REPRESENTATION_RELATIONSHIP_WITH_TRANSFORMATION(#8973) 
SHAPE_REPRESENTATION_RELATIONSHIP() );
#8973 = ITEM_DEFINED_TRANSFORMATION('','',#11,#35);
#8974 = PRODUCT_DEFINITION_SHAPE('Placement','Placement of an item',
  #8975);
#8975 = NEXT_ASSEMBLY_USAGE_OCCURRENCE('47','C2','',#5,#8077,$);
#8976 = CONTEXT_DEPENDENT_SHAPE_REPRESENTATION(#8977,#8979);
#8977 = ( REPRESENTATION_RELATIONSHIP('','',#64,#10) 
REPRESENTATION_RELATIONSHIP_WITH_TRANSFORMATION(#8978) 
SHAPE_REPRESENTATION_RELATIONSHIP() );
#8978 = ITEM_DEFINED_TRANSFORMATION('','',#11,#39);
#8979 = PRODUCT_DEFINITION_SHAPE('Placement','Placement of an item',
  #8980);
#8980 = NEXT_ASSEMBLY_USAGE_OCCURRENCE('48','R3','',#5,#59,$);
#8981 = CONTEXT_DEPENDENT_SHAPE_REPRESENTATION(#8982,#8984);
#8982 = ( REPRESENTATION_RELATIONSHIP('','',#64,#10) 
REPRESENTATION_RELATIONSHIP_WITH_TRANSFORMATION(#8983) 
SHAPE_REPRESENTATION_RELATIONSHIP() );
#8983 = ITEM_DEFINED_TRANSFORMATION('','',#11,#43);
#8984 = PRODUCT_DEFINITION_SHAPE('Placement','Placement of an item',
  #8985);
#8985 = NEXT_ASSEMBLY_USAGE_OCCURRENCE('49','R2','',#5,#59,$);
#8986 = SHAPE_DEFINITION_REPRESENTATION(#8987,#8993);
#8987 = PRODUCT_DEFINITION_SHAPE('','',#8988);
#8988 = PRODUCT_DEFINITION('design','',#8989,#8992);
#8989 = PRODUCT_DEFINITION_FORMATION('','',#8990);
#8990 = PRODUCT('FLEX-MIPI-unsaved-export-XAf8ck_PCB',
  'FLEX-MIPI-unsaved-export-XAf8ck_PCB','',(#8991));
#8991 = PRODUCT_CONTEXT('',#2,'mechanical');
#8992 = PRODUCT_DEFINITION_CONTEXT('part definition',#2,'design');
#8993 = ADVANCED_BREP_SHAPE_REPRESENTATION('',(#11,#8994),#9144);
#8994 = MANIFOLD_SOLID_BREP('',#8995);
#8995 = CLOSED_SHELL('',(#8996,#9036,#9067,#9098,#9120,#9132));
#8996 = ADVANCED_FACE('',(#8997),#9031,.T.);
#8997 = FACE_BOUND('',#8998,.T.);
#8998 = EDGE_LOOP('',(#8999,#9009,#9017,#9025));
#8999 = ORIENTED_EDGE('',*,*,#9000,.T.);
#9000 = EDGE_CURVE('',#9001,#9003,#9005,.T.);
#9001 = VERTEX_POINT('',#9002);
#9002 = CARTESIAN_POINT('',(100.45,-62.6702,0.));
#9003 = VERTEX_POINT('',#9004);
#9004 = CARTESIAN_POINT('',(100.45,-62.6702,1.51));
#9005 = LINE('',#9006,#9007);
#9006 = CARTESIAN_POINT('',(100.45,-62.6702,0.));
#9007 = VECTOR('',#9008,1.);
#9008 = DIRECTION('',(0.,0.,1.));
#9009 = ORIENTED_EDGE('',*,*,#9010,.T.);
#9010 = EDGE_CURVE('',#9003,#9011,#9013,.T.);
#9011 = VERTEX_POINT('',#9012);
#9012 = CARTESIAN_POINT('',(86.8158,-62.6702,1.51));
#9013 = LINE('',#9014,#9015);
#9014 = CARTESIAN_POINT('',(100.45,-62.6702,1.51));
#9015 = VECTOR('',#9016,1.);
#9016 = DIRECTION('',(-1.,0.,0.));
#9017 = ORIENTED_EDGE('',*,*,#9018,.F.);
#9018 = EDGE_CURVE('',#9019,#9011,#9021,.T.);
#9019 = VERTEX_POINT('',#9020);
#9020 = CARTESIAN_POINT('',(86.8158,-62.6702,0.));
#9021 = LINE('',#9022,#9023);
#9022 = CARTESIAN_POINT('',(86.8158,-62.6702,0.));
#9023 = VECTOR('',#9024,1.);
#9024 = DIRECTION('',(0.,0.,1.));
#9025 = ORIENTED_EDGE('',*,*,#9026,.F.);
#9026 = EDGE_CURVE('',#9001,#9019,#9027,.T.);
#9027 = LINE('',#9028,#9029);
#9028 = CARTESIAN_POINT('',(100.45,-62.6702,0.));
#9029 = VECTOR('',#9030,1.);
#9030 = DIRECTION('',(-1.,0.,0.));
#9031 = PLANE('',#9032);
#9032 = AXIS2_PLACEMENT_3D('',#9033,#9034,#9035);
#9033 = CARTESIAN_POINT('',(100.45,-62.6702,0.));
#9034 = DIRECTION('',(0.,-1.,0.));
#9035 = DIRECTION('',(-1.,0.,0.));
#9036 = ADVANCED_FACE('',(#9037),#9062,.T.);
#9037 = FACE_BOUND('',#9038,.T.);
#9038 = EDGE_LOOP('',(#9039,#9040,#9048,#9056));
#9039 = ORIENTED_EDGE('',*,*,#9018,.T.);
#9040 = ORIENTED_EDGE('',*,*,#9041,.T.);
#9041 = EDGE_CURVE('',#9011,#9042,#9044,.T.);
#9042 = VERTEX_POINT('',#9043);
#9043 = CARTESIAN_POINT('',(86.8158,-51.1702,1.51));
#9044 = LINE('',#9045,#9046);
#9045 = CARTESIAN_POINT('',(86.8158,-62.6702,1.51));
#9046 = VECTOR('',#9047,1.);
#9047 = DIRECTION('',(0.,1.,0.));
#9048 = ORIENTED_EDGE('',*,*,#9049,.F.);
#9049 = EDGE_CURVE('',#9050,#9042,#9052,.T.);
#9050 = VERTEX_POINT('',#9051);
#9051 = CARTESIAN_POINT('',(86.8158,-51.1702,0.));
#9052 = LINE('',#9053,#9054);
#9053 = CARTESIAN_POINT('',(86.8158,-51.1702,0.));
#9054 = VECTOR('',#9055,1.);
#9055 = DIRECTION('',(0.,0.,1.));
#9056 = ORIENTED_EDGE('',*,*,#9057,.F.);
#9057 = EDGE_CURVE('',#9019,#9050,#9058,.T.);
#9058 = LINE('',#9059,#9060);
#9059 = CARTESIAN_POINT('',(86.8158,-62.6702,0.));
#9060 = VECTOR('',#9061,1.);
#9061 = DIRECTION('',(0.,1.,0.));
#9062 = PLANE('',#9063);
#9063 = AXIS2_PLACEMENT_3D('',#9064,#9065,#9066);
#9064 = CARTESIAN_POINT('',(86.8158,-62.6702,0.));
#9065 = DIRECTION('',(-1.,0.,0.));
#9066 = DIRECTION('',(0.,1.,0.));
#9067 = ADVANCED_FACE('',(#9068),#9093,.T.);
#9068 = FACE_BOUND('',#9069,.T.);
#9069 = EDGE_LOOP('',(#9070,#9071,#9079,#9087));
#9070 = ORIENTED_EDGE('',*,*,#9049,.T.);
#9071 = ORIENTED_EDGE('',*,*,#9072,.T.);
#9072 = EDGE_CURVE('',#9042,#9073,#9075,.T.);
#9073 = VERTEX_POINT('',#9074);
#9074 = CARTESIAN_POINT('',(100.45,-51.1702,1.51));
#9075 = LINE('',#9076,#9077);
#9076 = CARTESIAN_POINT('',(86.8158,-51.1702,1.51));
#9077 = VECTOR('',#9078,1.);
#9078 = DIRECTION('',(1.,0.,0.));
#9079 = ORIENTED_EDGE('',*,*,#9080,.F.);
#9080 = EDGE_CURVE('',#9081,#9073,#9083,.T.);
#9081 = VERTEX_POINT('',#9082);
#9082 = CARTESIAN_POINT('',(100.45,-51.1702,0.));
#9083 = LINE('',#9084,#9085);
#9084 = CARTESIAN_POINT('',(100.45,-51.1702,0.));
#9085 = VECTOR('',#9086,1.);
#9086 = DIRECTION('',(0.,0.,1.));
#9087 = ORIENTED_EDGE('',*,*,#9088,.F.);
#9088 = EDGE_CURVE('',#9050,#9081,#9089,.T.);
#9089 = LINE('',#9090,#9091);
#9090 = CARTESIAN_POINT('',(86.8158,-51.1702,0.));
#9091 = VECTOR('',#9092,1.);
#9092 = DIRECTION('',(1.,0.,0.));
#9093 = PLANE('',#9094);
#9094 = AXIS2_PLACEMENT_3D('',#9095,#9096,#9097);
#9095 = CARTESIAN_POINT('',(86.8158,-51.1702,0.));
#9096 = DIRECTION('',(0.,1.,0.));
#9097 = DIRECTION('',(1.,0.,0.));
#9098 = ADVANCED_FACE('',(#9099),#9115,.T.);
#9099 = FACE_BOUND('',#9100,.T.);
#9100 = EDGE_LOOP('',(#9101,#9102,#9108,#9109));
#9101 = ORIENTED_EDGE('',*,*,#9080,.T.);
#9102 = ORIENTED_EDGE('',*,*,#9103,.T.);
#9103 = EDGE_CURVE('',#9073,#9003,#9104,.T.);
#9104 = LINE('',#9105,#9106);
#9105 = CARTESIAN_POINT('',(100.45,-51.1702,1.51));
#9106 = VECTOR('',#9107,1.);
#9107 = DIRECTION('',(0.,-1.,0.));
#9108 = ORIENTED_EDGE('',*,*,#9000,.F.);
#9109 = ORIENTED_EDGE('',*,*,#9110,.F.);
#9110 = EDGE_CURVE('',#9081,#9001,#9111,.T.);
#9111 = LINE('',#9112,#9113);
#9112 = CARTESIAN_POINT('',(100.45,-51.1702,0.));
#9113 = VECTOR('',#9114,1.);
#9114 = DIRECTION('',(0.,-1.,0.));
#9115 = PLANE('',#9116);
#9116 = AXIS2_PLACEMENT_3D('',#9117,#9118,#9119);
#9117 = CARTESIAN_POINT('',(100.45,-51.1702,0.));
#9118 = DIRECTION('',(1.,0.,-0.));
#9119 = DIRECTION('',(0.,-1.,0.));
#9120 = ADVANCED_FACE('',(#9121),#9127,.F.);
#9121 = FACE_BOUND('',#9122,.T.);
#9122 = EDGE_LOOP('',(#9123,#9124,#9125,#9126));
#9123 = ORIENTED_EDGE('',*,*,#9026,.T.);
#9124 = ORIENTED_EDGE('',*,*,#9057,.T.);
#9125 = ORIENTED_EDGE('',*,*,#9088,.T.);
#9126 = ORIENTED_EDGE('',*,*,#9110,.T.);
#9127 = PLANE('',#9128);
#9128 = AXIS2_PLACEMENT_3D('',#9129,#9130,#9131);
#9129 = CARTESIAN_POINT('',(0.,0.,0.));
#9130 = DIRECTION('',(0.,0.,1.));
#9131 = DIRECTION('',(1.,0.,-0.));
#9132 = ADVANCED_FACE('',(#9133),#9139,.T.);
#9133 = FACE_BOUND('',#9134,.F.);
#9134 = EDGE_LOOP('',(#9135,#9136,#9137,#9138));
#9135 = ORIENTED_EDGE('',*,*,#9010,.T.);
#9136 = ORIENTED_EDGE('',*,*,#9041,.T.);
#9137 = ORIENTED_EDGE('',*,*,#9072,.T.);
#9138 = ORIENTED_EDGE('',*,*,#9103,.T.);
#9139 = PLANE('',#9140);
#9140 = AXIS2_PLACEMENT_3D('',#9141,#9142,#9143);
#9141 = CARTESIAN_POINT('',(0.,0.,1.51));
#9142 = DIRECTION('',(0.,0.,1.));
#9143 = DIRECTION('',(1.,0.,-0.));
#9144 = ( GEOMETRIC_REPRESENTATION_CONTEXT(3) 
GLOBAL_UNCERTAINTY_ASSIGNED_CONTEXT((#9148)) 
GLOBAL_UNIT_ASSIGNED_CONTEXT((#9145,#9146,#9147)) REPRESENTATION_CONTEXT
('Context #1','3D Context with UNIT and UNCERTAINTY') );
#9145 = ( LENGTH_UNIT() NAMED_UNIT(*) SI_UNIT(.MILLI.,.METRE.) );
#9146 = ( NAMED_UNIT(*) PLANE_ANGLE_UNIT() SI_UNIT($,.RADIAN.) );
#9147 = ( NAMED_UNIT(*) SI_UNIT($,.STERADIAN.) SOLID_ANGLE_UNIT() );
#9148 = UNCERTAINTY_MEASURE_WITH_UNIT(LENGTH_MEASURE(1.E-07),#9145,
  'distance_accuracy_value','confusion accuracy');
#9149 = CONTEXT_DEPENDENT_SHAPE_REPRESENTATION(#9150,#9152);
#9150 = ( REPRESENTATION_RELATIONSHIP('','',#8993,#10) 
REPRESENTATION_RELATIONSHIP_WITH_TRANSFORMATION(#9151) 
SHAPE_REPRESENTATION_RELATIONSHIP() );
#9151 = ITEM_DEFINED_TRANSFORMATION('','',#11,#47);
#9152 = PRODUCT_DEFINITION_SHAPE('Placement','Placement of an item',
  #9153);
#9153 = NEXT_ASSEMBLY_USAGE_OCCURRENCE('50','=>[0:1:1:47]','',#5,#8988,$
  );
#9154 = PRODUCT_RELATED_PRODUCT_CATEGORY('part',$,(#8990));
#9155 = MECHANICAL_DESIGN_GEOMETRIC_PRESENTATION_REPRESENTATION('',(
    #9156,#9164,#9171,#9178,#9185,#9192,#9199,#9206,#9214,#9221,#9228,
    #9235,#9242,#9249,#9257,#9264,#9271,#9278,#9285,#9292,#9299,#9306,
    #9313,#9320,#9327,#9334),#878);
#9156 = STYLED_ITEM('color',(#9157),#90);
#9157 = PRESENTATION_STYLE_ASSIGNMENT((#9158));
#9158 = SURFACE_STYLE_USAGE(.BOTH.,#9159);
#9159 = SURFACE_SIDE_STYLE('',(#9160));
#9160 = SURFACE_STYLE_FILL_AREA(#9161);
#9161 = FILL_AREA_STYLE('',(#9162));
#9162 = FILL_AREA_STYLE_COLOUR('',#9163);
#9163 = COLOUR_RGB('',0.823999987314,0.819999987296,0.781000009244);
#9164 = STYLED_ITEM('color',(#9165),#130);
#9165 = PRESENTATION_STYLE_ASSIGNMENT((#9166));
#9166 = SURFACE_STYLE_USAGE(.BOTH.,#9167);
#9167 = SURFACE_SIDE_STYLE('',(#9168));
#9168 = SURFACE_STYLE_FILL_AREA(#9169);
#9169 = FILL_AREA_STYLE('',(#9170));
#9170 = FILL_AREA_STYLE_COLOUR('',#9163);
#9171 = STYLED_ITEM('color',(#9172),#213);
#9172 = PRESENTATION_STYLE_ASSIGNMENT((#9173));
#9173 = SURFACE_STYLE_USAGE(.BOTH.,#9174);
#9174 = SURFACE_SIDE_STYLE('',(#9175));
#9175 = SURFACE_STYLE_FILL_AREA(#9176);
#9176 = FILL_AREA_STYLE('',(#9177));
#9177 = FILL_AREA_STYLE_COLOUR('',#9163);
#9178 = STYLED_ITEM('color',(#9179),#238);
#9179 = PRESENTATION_STYLE_ASSIGNMENT((#9180));
#9180 = SURFACE_STYLE_USAGE(.BOTH.,#9181);
#9181 = SURFACE_SIDE_STYLE('',(#9182));
#9182 = SURFACE_STYLE_FILL_AREA(#9183);
#9183 = FILL_AREA_STYLE('',(#9184));
#9184 = FILL_AREA_STYLE_COLOUR('',#9163);
#9185 = STYLED_ITEM('color',(#9186),#263);
#9186 = PRESENTATION_STYLE_ASSIGNMENT((#9187));
#9187 = SURFACE_STYLE_USAGE(.BOTH.,#9188);
#9188 = SURFACE_SIDE_STYLE('',(#9189));
#9189 = SURFACE_STYLE_FILL_AREA(#9190);
#9190 = FILL_AREA_STYLE('',(#9191));
#9191 = FILL_AREA_STYLE_COLOUR('',#9163);
#9192 = STYLED_ITEM('color',(#9193),#330);
#9193 = PRESENTATION_STYLE_ASSIGNMENT((#9194));
#9194 = SURFACE_STYLE_USAGE(.BOTH.,#9195);
#9195 = SURFACE_SIDE_STYLE('',(#9196));
#9196 = SURFACE_STYLE_FILL_AREA(#9197);
#9197 = FILL_AREA_STYLE('',(#9198));
#9198 = FILL_AREA_STYLE_COLOUR('',#9163);
#9199 = STYLED_ITEM('color',(#9200),#347);
#9200 = PRESENTATION_STYLE_ASSIGNMENT((#9201));
#9201 = SURFACE_STYLE_USAGE(.BOTH.,#9202);
#9202 = SURFACE_SIDE_STYLE('',(#9203));
#9203 = SURFACE_STYLE_FILL_AREA(#9204);
#9204 = FILL_AREA_STYLE('',(#9205));
#9205 = FILL_AREA_STYLE_COLOUR('',#9163);
#9206 = STYLED_ITEM('color',(#9207),#364);
#9207 = PRESENTATION_STYLE_ASSIGNMENT((#9208));
#9208 = SURFACE_STYLE_USAGE(.BOTH.,#9209);
#9209 = SURFACE_SIDE_STYLE('',(#9210));
#9210 = SURFACE_STYLE_FILL_AREA(#9211);
#9211 = FILL_AREA_STYLE('',(#9212));
#9212 = FILL_AREA_STYLE_COLOUR('',#9213);
#9213 = COLOUR_RGB('',0.894999966383,0.890999961016,0.813000030345);
#9214 = STYLED_ITEM('color',(#9215),#413);
#9215 = PRESENTATION_STYLE_ASSIGNMENT((#9216));
#9216 = SURFACE_STYLE_USAGE(.BOTH.,#9217);
#9217 = SURFACE_SIDE_STYLE('',(#9218));
#9218 = SURFACE_STYLE_FILL_AREA(#9219);
#9219 = FILL_AREA_STYLE('',(#9220));
#9220 = FILL_AREA_STYLE_COLOUR('',#9163);
#9221 = STYLED_ITEM('color',(#9222),#430);
#9222 = PRESENTATION_STYLE_ASSIGNMENT((#9223));
#9223 = SURFACE_STYLE_USAGE(.BOTH.,#9224);
#9224 = SURFACE_SIDE_STYLE('',(#9225));
#9225 = SURFACE_STYLE_FILL_AREA(#9226);
#9226 = FILL_AREA_STYLE('',(#9227));
#9227 = FILL_AREA_STYLE_COLOUR('',#9163);
#9228 = STYLED_ITEM('color',(#9229),#447);
#9229 = PRESENTATION_STYLE_ASSIGNMENT((#9230));
#9230 = SURFACE_STYLE_USAGE(.BOTH.,#9231);
#9231 = SURFACE_SIDE_STYLE('',(#9232));
#9232 = SURFACE_STYLE_FILL_AREA(#9233);
#9233 = FILL_AREA_STYLE('',(#9234));
#9234 = FILL_AREA_STYLE_COLOUR('',#9213);
#9235 = STYLED_ITEM('color',(#9236),#496);
#9236 = PRESENTATION_STYLE_ASSIGNMENT((#9237));
#9237 = SURFACE_STYLE_USAGE(.BOTH.,#9238);
#9238 = SURFACE_SIDE_STYLE('',(#9239));
#9239 = SURFACE_STYLE_FILL_AREA(#9240);
#9240 = FILL_AREA_STYLE('',(#9241));
#9241 = FILL_AREA_STYLE_COLOUR('',#9213);
#9242 = STYLED_ITEM('color',(#9243),#513);
#9243 = PRESENTATION_STYLE_ASSIGNMENT((#9244));
#9244 = SURFACE_STYLE_USAGE(.BOTH.,#9245);
#9245 = SURFACE_SIDE_STYLE('',(#9246));
#9246 = SURFACE_STYLE_FILL_AREA(#9247);
#9247 = FILL_AREA_STYLE('',(#9248));
#9248 = FILL_AREA_STYLE_COLOUR('',#9163);
#9249 = STYLED_ITEM('color',(#9250),#582);
#9250 = PRESENTATION_STYLE_ASSIGNMENT((#9251));
#9251 = SURFACE_STYLE_USAGE(.BOTH.,#9252);
#9252 = SURFACE_SIDE_STYLE('',(#9253));
#9253 = SURFACE_STYLE_FILL_AREA(#9254);
#9254 = FILL_AREA_STYLE('',(#9255));
#9255 = FILL_AREA_STYLE_COLOUR('',#9256);
#9256 = COLOUR_RGB('',8.200000279077E-02,8.600000121357E-02,
  9.399999706163E-02);
#9257 = STYLED_ITEM('color',(#9258),#613);
#9258 = PRESENTATION_STYLE_ASSIGNMENT((#9259));
#9259 = SURFACE_STYLE_USAGE(.BOTH.,#9260);
#9260 = SURFACE_SIDE_STYLE('',(#9261));
#9261 = SURFACE_STYLE_FILL_AREA(#9262);
#9262 = FILL_AREA_STYLE('',(#9263));
#9263 = FILL_AREA_STYLE_COLOUR('',#9256);
#9264 = STYLED_ITEM('color',(#9265),#637);
#9265 = PRESENTATION_STYLE_ASSIGNMENT((#9266));
#9266 = SURFACE_STYLE_USAGE(.BOTH.,#9267);
#9267 = SURFACE_SIDE_STYLE('',(#9268));
#9268 = SURFACE_STYLE_FILL_AREA(#9269);
#9269 = FILL_AREA_STYLE('',(#9270));
#9270 = FILL_AREA_STYLE_COLOUR('',#9163);
#9271 = STYLED_ITEM('color',(#9272),#706);
#9272 = PRESENTATION_STYLE_ASSIGNMENT((#9273));
#9273 = SURFACE_STYLE_USAGE(.BOTH.,#9274);
#9274 = SURFACE_SIDE_STYLE('',(#9275));
#9275 = SURFACE_STYLE_FILL_AREA(#9276);
#9276 = FILL_AREA_STYLE('',(#9277));
#9277 = FILL_AREA_STYLE_COLOUR('',#9256);
#9278 = STYLED_ITEM('color',(#9279),#730);
#9279 = PRESENTATION_STYLE_ASSIGNMENT((#9280));
#9280 = SURFACE_STYLE_USAGE(.BOTH.,#9281);
#9281 = SURFACE_SIDE_STYLE('',(#9282));
#9282 = SURFACE_STYLE_FILL_AREA(#9283);
#9283 = FILL_AREA_STYLE('',(#9284));
#9284 = FILL_AREA_STYLE_COLOUR('',#9163);
#9285 = STYLED_ITEM('color',(#9286),#747);
#9286 = PRESENTATION_STYLE_ASSIGNMENT((#9287));
#9287 = SURFACE_STYLE_USAGE(.BOTH.,#9288);
#9288 = SURFACE_SIDE_STYLE('',(#9289));
#9289 = SURFACE_STYLE_FILL_AREA(#9290);
#9290 = FILL_AREA_STYLE('',(#9291));
#9291 = FILL_AREA_STYLE_COLOUR('',#9163);
#9292 = STYLED_ITEM('color',(#9293),#764);
#9293 = PRESENTATION_STYLE_ASSIGNMENT((#9294));
#9294 = SURFACE_STYLE_USAGE(.BOTH.,#9295);
#9295 = SURFACE_SIDE_STYLE('',(#9296));
#9296 = SURFACE_STYLE_FILL_AREA(#9297);
#9297 = FILL_AREA_STYLE('',(#9298));
#9298 = FILL_AREA_STYLE_COLOUR('',#9163);
#9299 = STYLED_ITEM('color',(#9300),#781);
#9300 = PRESENTATION_STYLE_ASSIGNMENT((#9301));
#9301 = SURFACE_STYLE_USAGE(.BOTH.,#9302);
#9302 = SURFACE_SIDE_STYLE('',(#9303));
#9303 = SURFACE_STYLE_FILL_AREA(#9304);
#9304 = FILL_AREA_STYLE('',(#9305));
#9305 = FILL_AREA_STYLE_COLOUR('',#9163);
#9306 = STYLED_ITEM('color',(#9307),#798);
#9307 = PRESENTATION_STYLE_ASSIGNMENT((#9308));
#9308 = SURFACE_STYLE_USAGE(.BOTH.,#9309);
#9309 = SURFACE_SIDE_STYLE('',(#9310));
#9310 = SURFACE_STYLE_FILL_AREA(#9311);
#9311 = FILL_AREA_STYLE('',(#9312));
#9312 = FILL_AREA_STYLE_COLOUR('',#9163);
#9313 = STYLED_ITEM('color',(#9314),#815);
#9314 = PRESENTATION_STYLE_ASSIGNMENT((#9315));
#9315 = SURFACE_STYLE_USAGE(.BOTH.,#9316);
#9316 = SURFACE_SIDE_STYLE('',(#9317));
#9317 = SURFACE_STYLE_FILL_AREA(#9318);
#9318 = FILL_AREA_STYLE('',(#9319));
#9319 = FILL_AREA_STYLE_COLOUR('',#9163);
#9320 = STYLED_ITEM('color',(#9321),#832);
#9321 = PRESENTATION_STYLE_ASSIGNMENT((#9322));
#9322 = SURFACE_STYLE_USAGE(.BOTH.,#9323);
#9323 = SURFACE_SIDE_STYLE('',(#9324));
#9324 = SURFACE_STYLE_FILL_AREA(#9325);
#9325 = FILL_AREA_STYLE('',(#9326));
#9326 = FILL_AREA_STYLE_COLOUR('',#9163);
#9327 = STYLED_ITEM('color',(#9328),#849);
#9328 = PRESENTATION_STYLE_ASSIGNMENT((#9329));
#9329 = SURFACE_STYLE_USAGE(.BOTH.,#9330);
#9330 = SURFACE_SIDE_STYLE('',(#9331));
#9331 = SURFACE_STYLE_FILL_AREA(#9332);
#9332 = FILL_AREA_STYLE('',(#9333));
#9333 = FILL_AREA_STYLE_COLOUR('',#9256);
#9334 = STYLED_ITEM('color',(#9335),#866);
#9335 = PRESENTATION_STYLE_ASSIGNMENT((#9336));
#9336 = SURFACE_STYLE_USAGE(.BOTH.,#9337);
#9337 = SURFACE_SIDE_STYLE('',(#9338));
#9338 = SURFACE_STYLE_FILL_AREA(#9339);
#9339 = FILL_AREA_STYLE('',(#9340));
#9340 = FILL_AREA_STYLE_COLOUR('',#9256);
#9341 = MECHANICAL_DESIGN_GEOMETRIC_PRESENTATION_REPRESENTATION('',(
    #9342),#9144);
#9342 = STYLED_ITEM('color',(#9343),#8994);
#9343 = PRESENTATION_STYLE_ASSIGNMENT((#9344));
#9344 = SURFACE_STYLE_USAGE(.BOTH.,#9345);
#9345 = SURFACE_SIDE_STYLE('',(#9346));
#9346 = SURFACE_STYLE_FILL_AREA(#9347);
#9347 = FILL_AREA_STYLE('',(#9348));
#9348 = FILL_AREA_STYLE_COLOUR('',#9349);
#9349 = COLOUR_RGB('',0.313304153717,0.484529207832,0.410020903123);
#9350 = MECHANICAL_DESIGN_GEOMETRIC_PRESENTATION_REPRESENTATION('',(
    #9351,#9358,#9365,#9372,#9379,#9386,#9393,#9400,#9407,#9414,#9421,
    #9429,#9436,#9443,#9450,#9457,#9464,#9471,#9478,#9485,#9492,#9499,
    #9506,#9513,#9520,#9527,#9534,#9541),#1774);
#9351 = STYLED_ITEM('color',(#9352),#922);
#9352 = PRESENTATION_STYLE_ASSIGNMENT((#9353));
#9353 = SURFACE_STYLE_USAGE(.BOTH.,#9354);
#9354 = SURFACE_SIDE_STYLE('',(#9355));
#9355 = SURFACE_STYLE_FILL_AREA(#9356);
#9356 = FILL_AREA_STYLE('',(#9357));
#9357 = FILL_AREA_STYLE_COLOUR('',#9163);
#9358 = STYLED_ITEM('color',(#9359),#998);
#9359 = PRESENTATION_STYLE_ASSIGNMENT((#9360));
#9360 = SURFACE_STYLE_USAGE(.BOTH.,#9361);
#9361 = SURFACE_SIDE_STYLE('',(#9362));
#9362 = SURFACE_STYLE_FILL_AREA(#9363);
#9363 = FILL_AREA_STYLE('',(#9364));
#9364 = FILL_AREA_STYLE_COLOUR('',#9163);
#9365 = STYLED_ITEM('color',(#9366),#1029);
#9366 = PRESENTATION_STYLE_ASSIGNMENT((#9367));
#9367 = SURFACE_STYLE_USAGE(.BOTH.,#9368);
#9368 = SURFACE_SIDE_STYLE('',(#9369));
#9369 = SURFACE_STYLE_FILL_AREA(#9370);
#9370 = FILL_AREA_STYLE('',(#9371));
#9371 = FILL_AREA_STYLE_COLOUR('',#9163);
#9372 = STYLED_ITEM('color',(#9373),#1054);
#9373 = PRESENTATION_STYLE_ASSIGNMENT((#9374));
#9374 = SURFACE_STYLE_USAGE(.BOTH.,#9375);
#9375 = SURFACE_SIDE_STYLE('',(#9376));
#9376 = SURFACE_STYLE_FILL_AREA(#9377);
#9377 = FILL_AREA_STYLE('',(#9378));
#9378 = FILL_AREA_STYLE_COLOUR('',#9163);
#9379 = STYLED_ITEM('color',(#9380),#1079);
#9380 = PRESENTATION_STYLE_ASSIGNMENT((#9381));
#9381 = SURFACE_STYLE_USAGE(.BOTH.,#9382);
#9382 = SURFACE_SIDE_STYLE('',(#9383));
#9383 = SURFACE_STYLE_FILL_AREA(#9384);
#9384 = FILL_AREA_STYLE('',(#9385));
#9385 = FILL_AREA_STYLE_COLOUR('',#9163);
#9386 = STYLED_ITEM('color',(#9387),#1103);
#9387 = PRESENTATION_STYLE_ASSIGNMENT((#9388));
#9388 = SURFACE_STYLE_USAGE(.BOTH.,#9389);
#9389 = SURFACE_SIDE_STYLE('',(#9390));
#9390 = SURFACE_STYLE_FILL_AREA(#9391);
#9391 = FILL_AREA_STYLE('',(#9392));
#9392 = FILL_AREA_STYLE_COLOUR('',#9163);
#9393 = STYLED_ITEM('color',(#9394),#1127);
#9394 = PRESENTATION_STYLE_ASSIGNMENT((#9395));
#9395 = SURFACE_STYLE_USAGE(.BOTH.,#9396);
#9396 = SURFACE_SIDE_STYLE('',(#9397));
#9397 = SURFACE_STYLE_FILL_AREA(#9398);
#9398 = FILL_AREA_STYLE('',(#9399));
#9399 = FILL_AREA_STYLE_COLOUR('',#9163);
#9400 = STYLED_ITEM('color',(#9401),#1152);
#9401 = PRESENTATION_STYLE_ASSIGNMENT((#9402));
#9402 = SURFACE_STYLE_USAGE(.BOTH.,#9403);
#9403 = SURFACE_SIDE_STYLE('',(#9404));
#9404 = SURFACE_STYLE_FILL_AREA(#9405);
#9405 = FILL_AREA_STYLE('',(#9406));
#9406 = FILL_AREA_STYLE_COLOUR('',#9163);
#9407 = STYLED_ITEM('color',(#9408),#1177);
#9408 = PRESENTATION_STYLE_ASSIGNMENT((#9409));
#9409 = SURFACE_STYLE_USAGE(.BOTH.,#9410);
#9410 = SURFACE_SIDE_STYLE('',(#9411));
#9411 = SURFACE_STYLE_FILL_AREA(#9412);
#9412 = FILL_AREA_STYLE('',(#9413));
#9413 = FILL_AREA_STYLE_COLOUR('',#9163);
#9414 = STYLED_ITEM('color',(#9415),#1194);
#9415 = PRESENTATION_STYLE_ASSIGNMENT((#9416));
#9416 = SURFACE_STYLE_USAGE(.BOTH.,#9417);
#9417 = SURFACE_SIDE_STYLE('',(#9418));
#9418 = SURFACE_STYLE_FILL_AREA(#9419);
#9419 = FILL_AREA_STYLE('',(#9420));
#9420 = FILL_AREA_STYLE_COLOUR('',#9163);
#9421 = STYLED_ITEM('color',(#9422),#1280);
#9422 = PRESENTATION_STYLE_ASSIGNMENT((#9423));
#9423 = SURFACE_STYLE_USAGE(.BOTH.,#9424);
#9424 = SURFACE_SIDE_STYLE('',(#9425));
#9425 = SURFACE_STYLE_FILL_AREA(#9426);
#9426 = FILL_AREA_STYLE('',(#9427));
#9427 = FILL_AREA_STYLE_COLOUR('',#9428);
#9428 = COLOUR_RGB('',0.379000005575,0.270000008848,0.214999999939);
#9429 = STYLED_ITEM('color',(#9430),#1312);
#9430 = PRESENTATION_STYLE_ASSIGNMENT((#9431));
#9431 = SURFACE_STYLE_USAGE(.BOTH.,#9432);
#9432 = SURFACE_SIDE_STYLE('',(#9433));
#9433 = SURFACE_STYLE_FILL_AREA(#9434);
#9434 = FILL_AREA_STYLE('',(#9435));
#9435 = FILL_AREA_STYLE_COLOUR('',#9428);
#9436 = STYLED_ITEM('color',(#9437),#1336);
#9437 = PRESENTATION_STYLE_ASSIGNMENT((#9438));
#9438 = SURFACE_STYLE_USAGE(.BOTH.,#9439);
#9439 = SURFACE_SIDE_STYLE('',(#9440));
#9440 = SURFACE_STYLE_FILL_AREA(#9441);
#9441 = FILL_AREA_STYLE('',(#9442));
#9442 = FILL_AREA_STYLE_COLOUR('',#9428);
#9443 = STYLED_ITEM('color',(#9444),#1361);
#9444 = PRESENTATION_STYLE_ASSIGNMENT((#9445));
#9445 = SURFACE_STYLE_USAGE(.BOTH.,#9446);
#9446 = SURFACE_SIDE_STYLE('',(#9447));
#9447 = SURFACE_STYLE_FILL_AREA(#9448);
#9448 = FILL_AREA_STYLE('',(#9449));
#9449 = FILL_AREA_STYLE_COLOUR('',#9428);
#9450 = STYLED_ITEM('color',(#9451),#1385);
#9451 = PRESENTATION_STYLE_ASSIGNMENT((#9452));
#9452 = SURFACE_STYLE_USAGE(.BOTH.,#9453);
#9453 = SURFACE_SIDE_STYLE('',(#9454));
#9454 = SURFACE_STYLE_FILL_AREA(#9455);
#9455 = FILL_AREA_STYLE('',(#9456));
#9456 = FILL_AREA_STYLE_COLOUR('',#9428);
#9457 = STYLED_ITEM('color',(#9458),#1410);
#9458 = PRESENTATION_STYLE_ASSIGNMENT((#9459));
#9459 = SURFACE_STYLE_USAGE(.BOTH.,#9460);
#9460 = SURFACE_SIDE_STYLE('',(#9461));
#9461 = SURFACE_STYLE_FILL_AREA(#9462);
#9462 = FILL_AREA_STYLE('',(#9463));
#9463 = FILL_AREA_STYLE_COLOUR('',#9428);
#9464 = STYLED_ITEM('color',(#9465),#1434);
#9465 = PRESENTATION_STYLE_ASSIGNMENT((#9466));
#9466 = SURFACE_STYLE_USAGE(.BOTH.,#9467);
#9467 = SURFACE_SIDE_STYLE('',(#9468));
#9468 = SURFACE_STYLE_FILL_AREA(#9469);
#9469 = FILL_AREA_STYLE('',(#9470));
#9470 = FILL_AREA_STYLE_COLOUR('',#9428);
#9471 = STYLED_ITEM('color',(#9472),#1459);
#9472 = PRESENTATION_STYLE_ASSIGNMENT((#9473));
#9473 = SURFACE_STYLE_USAGE(.BOTH.,#9474);
#9474 = SURFACE_SIDE_STYLE('',(#9475));
#9475 = SURFACE_STYLE_FILL_AREA(#9476);
#9476 = FILL_AREA_STYLE('',(#9477));
#9477 = FILL_AREA_STYLE_COLOUR('',#9428);
#9478 = STYLED_ITEM('color',(#9479),#1476);
#9479 = PRESENTATION_STYLE_ASSIGNMENT((#9480));
#9480 = SURFACE_STYLE_USAGE(.BOTH.,#9481);
#9481 = SURFACE_SIDE_STYLE('',(#9482));
#9482 = SURFACE_STYLE_FILL_AREA(#9483);
#9483 = FILL_AREA_STYLE('',(#9484));
#9484 = FILL_AREA_STYLE_COLOUR('',#9163);
#9485 = STYLED_ITEM('color',(#9486),#1562);
#9486 = PRESENTATION_STYLE_ASSIGNMENT((#9487));
#9487 = SURFACE_STYLE_USAGE(.BOTH.,#9488);
#9488 = SURFACE_SIDE_STYLE('',(#9489));
#9489 = SURFACE_STYLE_FILL_AREA(#9490);
#9490 = FILL_AREA_STYLE('',(#9491));
#9491 = FILL_AREA_STYLE_COLOUR('',#9163);
#9492 = STYLED_ITEM('color',(#9493),#1593);
#9493 = PRESENTATION_STYLE_ASSIGNMENT((#9494));
#9494 = SURFACE_STYLE_USAGE(.BOTH.,#9495);
#9495 = SURFACE_SIDE_STYLE('',(#9496));
#9496 = SURFACE_STYLE_FILL_AREA(#9497);
#9497 = FILL_AREA_STYLE('',(#9498));
#9498 = FILL_AREA_STYLE_COLOUR('',#9163);
#9499 = STYLED_ITEM('color',(#9500),#1618);
#9500 = PRESENTATION_STYLE_ASSIGNMENT((#9501));
#9501 = SURFACE_STYLE_USAGE(.BOTH.,#9502);
#9502 = SURFACE_SIDE_STYLE('',(#9503));
#9503 = SURFACE_STYLE_FILL_AREA(#9504);
#9504 = FILL_AREA_STYLE('',(#9505));
#9505 = FILL_AREA_STYLE_COLOUR('',#9163);
#9506 = STYLED_ITEM('color',(#9507),#1643);
#9507 = PRESENTATION_STYLE_ASSIGNMENT((#9508));
#9508 = SURFACE_STYLE_USAGE(.BOTH.,#9509);
#9509 = SURFACE_SIDE_STYLE('',(#9510));
#9510 = SURFACE_STYLE_FILL_AREA(#9511);
#9511 = FILL_AREA_STYLE('',(#9512));
#9512 = FILL_AREA_STYLE_COLOUR('',#9163);
#9513 = STYLED_ITEM('color',(#9514),#1667);
#9514 = PRESENTATION_STYLE_ASSIGNMENT((#9515));
#9515 = SURFACE_STYLE_USAGE(.BOTH.,#9516);
#9516 = SURFACE_SIDE_STYLE('',(#9517));
#9517 = SURFACE_STYLE_FILL_AREA(#9518);
#9518 = FILL_AREA_STYLE('',(#9519));
#9519 = FILL_AREA_STYLE_COLOUR('',#9163);
#9520 = STYLED_ITEM('color',(#9521),#1691);
#9521 = PRESENTATION_STYLE_ASSIGNMENT((#9522));
#9522 = SURFACE_STYLE_USAGE(.BOTH.,#9523);
#9523 = SURFACE_SIDE_STYLE('',(#9524));
#9524 = SURFACE_STYLE_FILL_AREA(#9525);
#9525 = FILL_AREA_STYLE('',(#9526));
#9526 = FILL_AREA_STYLE_COLOUR('',#9163);
#9527 = STYLED_ITEM('color',(#9528),#1716);
#9528 = PRESENTATION_STYLE_ASSIGNMENT((#9529));
#9529 = SURFACE_STYLE_USAGE(.BOTH.,#9530);
#9530 = SURFACE_SIDE_STYLE('',(#9531));
#9531 = SURFACE_STYLE_FILL_AREA(#9532);
#9532 = FILL_AREA_STYLE('',(#9533));
#9533 = FILL_AREA_STYLE_COLOUR('',#9163);
#9534 = STYLED_ITEM('color',(#9535),#1741);
#9535 = PRESENTATION_STYLE_ASSIGNMENT((#9536));
#9536 = SURFACE_STYLE_USAGE(.BOTH.,#9537);
#9537 = SURFACE_SIDE_STYLE('',(#9538));
#9538 = SURFACE_STYLE_FILL_AREA(#9539);
#9539 = FILL_AREA_STYLE('',(#9540));
#9540 = FILL_AREA_STYLE_COLOUR('',#9163);
#9541 = STYLED_ITEM('color',(#9542),#1758);
#9542 = PRESENTATION_STYLE_ASSIGNMENT((#9543));
#9543 = SURFACE_STYLE_USAGE(.BOTH.,#9544);
#9544 = SURFACE_SIDE_STYLE('',(#9545));
#9545 = SURFACE_STYLE_FILL_AREA(#9546);
#9546 = FILL_AREA_STYLE('',(#9547));
#9547 = FILL_AREA_STYLE_COLOUR('',#9163);
#9548 = MECHANICAL_DESIGN_GEOMETRIC_PRESENTATION_REPRESENTATION('',(
    #9549,#9556,#9563,#9570,#9577,#9584,#9591,#9598,#9605,#9612,#9619,
    #9626,#9633,#9640,#9647,#9654,#9661,#9668,#9675,#9682,#9689,#9696,
    #9703,#9710,#9717,#9724,#9731,#9738),#8960);
#9549 = STYLED_ITEM('color',(#9550),#8108);
#9550 = PRESENTATION_STYLE_ASSIGNMENT((#9551));
#9551 = SURFACE_STYLE_USAGE(.BOTH.,#9552);
#9552 = SURFACE_SIDE_STYLE('',(#9553));
#9553 = SURFACE_STYLE_FILL_AREA(#9554);
#9554 = FILL_AREA_STYLE('',(#9555));
#9555 = FILL_AREA_STYLE_COLOUR('',#9163);
#9556 = STYLED_ITEM('color',(#9557),#8184);
#9557 = PRESENTATION_STYLE_ASSIGNMENT((#9558));
#9558 = SURFACE_STYLE_USAGE(.BOTH.,#9559);
#9559 = SURFACE_SIDE_STYLE('',(#9560));
#9560 = SURFACE_STYLE_FILL_AREA(#9561);
#9561 = FILL_AREA_STYLE('',(#9562));
#9562 = FILL_AREA_STYLE_COLOUR('',#9163);
#9563 = STYLED_ITEM('color',(#9564),#8215);
#9564 = PRESENTATION_STYLE_ASSIGNMENT((#9565));
#9565 = SURFACE_STYLE_USAGE(.BOTH.,#9566);
#9566 = SURFACE_SIDE_STYLE('',(#9567));
#9567 = SURFACE_STYLE_FILL_AREA(#9568);
#9568 = FILL_AREA_STYLE('',(#9569));
#9569 = FILL_AREA_STYLE_COLOUR('',#9163);
#9570 = STYLED_ITEM('color',(#9571),#8240);
#9571 = PRESENTATION_STYLE_ASSIGNMENT((#9572));
#9572 = SURFACE_STYLE_USAGE(.BOTH.,#9573);
#9573 = SURFACE_SIDE_STYLE('',(#9574));
#9574 = SURFACE_STYLE_FILL_AREA(#9575);
#9575 = FILL_AREA_STYLE('',(#9576));
#9576 = FILL_AREA_STYLE_COLOUR('',#9163);
#9577 = STYLED_ITEM('color',(#9578),#8265);
#9578 = PRESENTATION_STYLE_ASSIGNMENT((#9579));
#9579 = SURFACE_STYLE_USAGE(.BOTH.,#9580);
#9580 = SURFACE_SIDE_STYLE('',(#9581));
#9581 = SURFACE_STYLE_FILL_AREA(#9582);
#9582 = FILL_AREA_STYLE('',(#9583));
#9583 = FILL_AREA_STYLE_COLOUR('',#9163);
#9584 = STYLED_ITEM('color',(#9585),#8289);
#9585 = PRESENTATION_STYLE_ASSIGNMENT((#9586));
#9586 = SURFACE_STYLE_USAGE(.BOTH.,#9587);
#9587 = SURFACE_SIDE_STYLE('',(#9588));
#9588 = SURFACE_STYLE_FILL_AREA(#9589);
#9589 = FILL_AREA_STYLE('',(#9590));
#9590 = FILL_AREA_STYLE_COLOUR('',#9163);
#9591 = STYLED_ITEM('color',(#9592),#8313);
#9592 = PRESENTATION_STYLE_ASSIGNMENT((#9593));
#9593 = SURFACE_STYLE_USAGE(.BOTH.,#9594);
#9594 = SURFACE_SIDE_STYLE('',(#9595));
#9595 = SURFACE_STYLE_FILL_AREA(#9596);
#9596 = FILL_AREA_STYLE('',(#9597));
#9597 = FILL_AREA_STYLE_COLOUR('',#9163);
#9598 = STYLED_ITEM('color',(#9599),#8338);
#9599 = PRESENTATION_STYLE_ASSIGNMENT((#9600));
#9600 = SURFACE_STYLE_USAGE(.BOTH.,#9601);
#9601 = SURFACE_SIDE_STYLE('',(#9602));
#9602 = SURFACE_STYLE_FILL_AREA(#9603);
#9603 = FILL_AREA_STYLE('',(#9604));
#9604 = FILL_AREA_STYLE_COLOUR('',#9163);
#9605 = STYLED_ITEM('color',(#9606),#8363);
#9606 = PRESENTATION_STYLE_ASSIGNMENT((#9607));
#9607 = SURFACE_STYLE_USAGE(.BOTH.,#9608);
#9608 = SURFACE_SIDE_STYLE('',(#9609));
#9609 = SURFACE_STYLE_FILL_AREA(#9610);
#9610 = FILL_AREA_STYLE('',(#9611));
#9611 = FILL_AREA_STYLE_COLOUR('',#9163);
#9612 = STYLED_ITEM('color',(#9613),#8380);
#9613 = PRESENTATION_STYLE_ASSIGNMENT((#9614));
#9614 = SURFACE_STYLE_USAGE(.BOTH.,#9615);
#9615 = SURFACE_SIDE_STYLE('',(#9616));
#9616 = SURFACE_STYLE_FILL_AREA(#9617);
#9617 = FILL_AREA_STYLE('',(#9618));
#9618 = FILL_AREA_STYLE_COLOUR('',#9163);
#9619 = STYLED_ITEM('color',(#9620),#8466);
#9620 = PRESENTATION_STYLE_ASSIGNMENT((#9621));
#9621 = SURFACE_STYLE_USAGE(.BOTH.,#9622);
#9622 = SURFACE_SIDE_STYLE('',(#9623));
#9623 = SURFACE_STYLE_FILL_AREA(#9624);
#9624 = FILL_AREA_STYLE('',(#9625));
#9625 = FILL_AREA_STYLE_COLOUR('',#9428);
#9626 = STYLED_ITEM('color',(#9627),#8498);
#9627 = PRESENTATION_STYLE_ASSIGNMENT((#9628));
#9628 = SURFACE_STYLE_USAGE(.BOTH.,#9629);
#9629 = SURFACE_SIDE_STYLE('',(#9630));
#9630 = SURFACE_STYLE_FILL_AREA(#9631);
#9631 = FILL_AREA_STYLE('',(#9632));
#9632 = FILL_AREA_STYLE_COLOUR('',#9428);
#9633 = STYLED_ITEM('color',(#9634),#8522);
#9634 = PRESENTATION_STYLE_ASSIGNMENT((#9635));
#9635 = SURFACE_STYLE_USAGE(.BOTH.,#9636);
#9636 = SURFACE_SIDE_STYLE('',(#9637));
#9637 = SURFACE_STYLE_FILL_AREA(#9638);
#9638 = FILL_AREA_STYLE('',(#9639));
#9639 = FILL_AREA_STYLE_COLOUR('',#9428);
#9640 = STYLED_ITEM('color',(#9641),#8547);
#9641 = PRESENTATION_STYLE_ASSIGNMENT((#9642));
#9642 = SURFACE_STYLE_USAGE(.BOTH.,#9643);
#9643 = SURFACE_SIDE_STYLE('',(#9644));
#9644 = SURFACE_STYLE_FILL_AREA(#9645);
#9645 = FILL_AREA_STYLE('',(#9646));
#9646 = FILL_AREA_STYLE_COLOUR('',#9428);
#9647 = STYLED_ITEM('color',(#9648),#8571);
#9648 = PRESENTATION_STYLE_ASSIGNMENT((#9649));
#9649 = SURFACE_STYLE_USAGE(.BOTH.,#9650);
#9650 = SURFACE_SIDE_STYLE('',(#9651));
#9651 = SURFACE_STYLE_FILL_AREA(#9652);
#9652 = FILL_AREA_STYLE('',(#9653));
#9653 = FILL_AREA_STYLE_COLOUR('',#9428);
#9654 = STYLED_ITEM('color',(#9655),#8596);
#9655 = PRESENTATION_STYLE_ASSIGNMENT((#9656));
#9656 = SURFACE_STYLE_USAGE(.BOTH.,#9657);
#9657 = SURFACE_SIDE_STYLE('',(#9658));
#9658 = SURFACE_STYLE_FILL_AREA(#9659);
#9659 = FILL_AREA_STYLE('',(#9660));
#9660 = FILL_AREA_STYLE_COLOUR('',#9428);
#9661 = STYLED_ITEM('color',(#9662),#8620);
#9662 = PRESENTATION_STYLE_ASSIGNMENT((#9663));
#9663 = SURFACE_STYLE_USAGE(.BOTH.,#9664);
#9664 = SURFACE_SIDE_STYLE('',(#9665));
#9665 = SURFACE_STYLE_FILL_AREA(#9666);
#9666 = FILL_AREA_STYLE('',(#9667));
#9667 = FILL_AREA_STYLE_COLOUR('',#9428);
#9668 = STYLED_ITEM('color',(#9669),#8645);
#9669 = PRESENTATION_STYLE_ASSIGNMENT((#9670));
#9670 = SURFACE_STYLE_USAGE(.BOTH.,#9671);
#9671 = SURFACE_SIDE_STYLE('',(#9672));
#9672 = SURFACE_STYLE_FILL_AREA(#9673);
#9673 = FILL_AREA_STYLE('',(#9674));
#9674 = FILL_AREA_STYLE_COLOUR('',#9428);
#9675 = STYLED_ITEM('color',(#9676),#8662);
#9676 = PRESENTATION_STYLE_ASSIGNMENT((#9677));
#9677 = SURFACE_STYLE_USAGE(.BOTH.,#9678);
#9678 = SURFACE_SIDE_STYLE('',(#9679));
#9679 = SURFACE_STYLE_FILL_AREA(#9680);
#9680 = FILL_AREA_STYLE('',(#9681));
#9681 = FILL_AREA_STYLE_COLOUR('',#9163);
#9682 = STYLED_ITEM('color',(#9683),#8748);
#9683 = PRESENTATION_STYLE_ASSIGNMENT((#9684));
#9684 = SURFACE_STYLE_USAGE(.BOTH.,#9685);
#9685 = SURFACE_SIDE_STYLE('',(#9686));
#9686 = SURFACE_STYLE_FILL_AREA(#9687);
#9687 = FILL_AREA_STYLE('',(#9688));
#9688 = FILL_AREA_STYLE_COLOUR('',#9163);
#9689 = STYLED_ITEM('color',(#9690),#8779);
#9690 = PRESENTATION_STYLE_ASSIGNMENT((#9691));
#9691 = SURFACE_STYLE_USAGE(.BOTH.,#9692);
#9692 = SURFACE_SIDE_STYLE('',(#9693));
#9693 = SURFACE_STYLE_FILL_AREA(#9694);
#9694 = FILL_AREA_STYLE('',(#9695));
#9695 = FILL_AREA_STYLE_COLOUR('',#9163);
#9696 = STYLED_ITEM('color',(#9697),#8804);
#9697 = PRESENTATION_STYLE_ASSIGNMENT((#9698));
#9698 = SURFACE_STYLE_USAGE(.BOTH.,#9699);
#9699 = SURFACE_SIDE_STYLE('',(#9700));
#9700 = SURFACE_STYLE_FILL_AREA(#9701);
#9701 = FILL_AREA_STYLE('',(#9702));
#9702 = FILL_AREA_STYLE_COLOUR('',#9163);
#9703 = STYLED_ITEM('color',(#9704),#8829);
#9704 = PRESENTATION_STYLE_ASSIGNMENT((#9705));
#9705 = SURFACE_STYLE_USAGE(.BOTH.,#9706);
#9706 = SURFACE_SIDE_STYLE('',(#9707));
#9707 = SURFACE_STYLE_FILL_AREA(#9708);
#9708 = FILL_AREA_STYLE('',(#9709));
#9709 = FILL_AREA_STYLE_COLOUR('',#9163);
#9710 = STYLED_ITEM('color',(#9711),#8853);
#9711 = PRESENTATION_STYLE_ASSIGNMENT((#9712));
#9712 = SURFACE_STYLE_USAGE(.BOTH.,#9713);
#9713 = SURFACE_SIDE_STYLE('',(#9714));
#9714 = SURFACE_STYLE_FILL_AREA(#9715);
#9715 = FILL_AREA_STYLE('',(#9716));
#9716 = FILL_AREA_STYLE_COLOUR('',#9163);
#9717 = STYLED_ITEM('color',(#9718),#8877);
#9718 = PRESENTATION_STYLE_ASSIGNMENT((#9719));
#9719 = SURFACE_STYLE_USAGE(.BOTH.,#9720);
#9720 = SURFACE_SIDE_STYLE('',(#9721));
#9721 = SURFACE_STYLE_FILL_AREA(#9722);
#9722 = FILL_AREA_STYLE('',(#9723));
#9723 = FILL_AREA_STYLE_COLOUR('',#9163);
#9724 = STYLED_ITEM('color',(#9725),#8902);
#9725 = PRESENTATION_STYLE_ASSIGNMENT((#9726));
#9726 = SURFACE_STYLE_USAGE(.BOTH.,#9727);
#9727 = SURFACE_SIDE_STYLE('',(#9728));
#9728 = SURFACE_STYLE_FILL_AREA(#9729);
#9729 = FILL_AREA_STYLE('',(#9730));
#9730 = FILL_AREA_STYLE_COLOUR('',#9163);
#9731 = STYLED_ITEM('color',(#9732),#8927);
#9732 = PRESENTATION_STYLE_ASSIGNMENT((#9733));
#9733 = SURFACE_STYLE_USAGE(.BOTH.,#9734);
#9734 = SURFACE_SIDE_STYLE('',(#9735));
#9735 = SURFACE_STYLE_FILL_AREA(#9736);
#9736 = FILL_AREA_STYLE('',(#9737));
#9737 = FILL_AREA_STYLE_COLOUR('',#9163);
#9738 = STYLED_ITEM('color',(#9739),#8944);
#9739 = PRESENTATION_STYLE_ASSIGNMENT((#9740));
#9740 = SURFACE_STYLE_USAGE(.BOTH.,#9741);
#9741 = SURFACE_SIDE_STYLE('',(#9742));
#9742 = SURFACE_STYLE_FILL_AREA(#9743);
#9743 = FILL_AREA_STYLE('',(#9744));
#9744 = FILL_AREA_STYLE_COLOUR('',#9163);
ENDSEC;
END-ISO-10303-21;
