#VRML V2.0 utf8
# 3D model generated by easyeda2kicad.py (https://github.com/uPesy/easyeda2kicad.py)

Shape{
    appearance Appearance {
        material  Material 	{
            diffuseColor 0.7529411764705882 0.7529411764705882 0.7529411764705882
            specularColor 0.7529411764705882 0.7529411764705882 0.7529411764705882
            ambientIntensity 1.0
            transparency 1.0
            shininess 0.5
        }
    }
    geometry IndexedFaceSet {
        ccw TRUE
        solid FALSE
        coord DEF co Coordinate {
            point [
                1.4094 -0.3609 0.0158, 1.4488 -0.3565 0.0113, 1.4488 -0.3609 0.0158, 1.4488 -0.3538 0.0056, 1.4094 -0.3565 0.0113, 1.4094 -0.3538 0.0056, 1.4488 -0.3726 0.0197, 1.4094 -0.3726 0.0197, 1.4488 -0.3664 0.0187, 1.4094 -0.3664 0.0187, 1.4488 -0.3844 0.0158, 1.4094 -0.3888 0.0113, 1.4094 -0.3844 0.0158, 1.4094 -0.3915 0.0056, 1.4488 -0.3888 0.0113, 1.4488 -0.3915 0.0056, 1.4488 -0.3788 0.0187, 1.4094 -0.3788 0.0187, 1.4488 -0.3931 0.0027, 1.4488 -0.3958 0.0007, 1.4094 -0.3931 0.0027, 1.4094 -0.3958 0.0007, 1.4488 -0.399 0.0, 1.4094 -0.399 0.0, 1.4488 -0.5098 0.0, 1.4094 -0.5098 0.0, 1.4488 -0.5098 0.0132, 1.4094 -0.5098 0.0132, 1.4488 -0.509 0.0167, 1.4488 -0.5068 0.0195, 1.4094 -0.509 0.0167, 1.4094 -0.5068 0.0195, 1.4488 -0.5035 0.021, 1.4094 -0.5035 0.021, 1.4488 -0.3917 0.0433, 1.4094 -0.3917 0.0433, 1.4094 0.313 0.0433, 1.4488 0.313 0.0, 1.4488 0.313 0.0433, 1.4094 0.313 0.0, 1.4488 0.3462 0.0, 1.4094 0.3462 0.0, 1.4488 0.3521 0.0027, 1.4488 0.3495 0.0007, 1.4094 0.3521 0.0027, 1.4094 0.3538 0.0056, 1.4488 0.3538 0.0056, 1.4094 0.3495 0.0007, 1.4488 0.3609 0.0158, 1.4094 0.3565 0.0113, 1.4094 0.3609 0.0158, 1.4488 0.3565 0.0113, 1.4488 0.3664 0.0187, 1.4094 0.3664 0.0187, 1.4488 0.3726 0.0197, 1.4094 0.3726 0.0197, 1.4094 0.3844 0.0158, 1.4488 0.3888 0.0113, 1.4488 0.3844 0.0158, 1.4488 0.3915 0.0056, 1.4094 0.3888 0.0113, 1.4094 0.3915 0.0056, 1.4488 0.3788 0.0187, 1.4094 0.3788 0.0187, 1.4488 0.3958 0.0007, 1.4488 0.3931 0.0027, 1.4094 0.3958 0.0007, 1.4094 0.399 0.0, 1.4488 0.399 0.0, 1.4094 0.3931 0.0027, 1.4488 0.5098 0.0, 1.4094 0.5098 0.0, 1.4488 0.5098 0.0132, 1.4094 0.5098 0.0132, 1.4488 0.5068 0.0195, 1.4488 0.509 0.0167, 1.4094 0.5068 0.0195, 1.4094 0.5035 0.021, 1.4488 0.5035 0.021, 1.4094 0.509 0.0167, 1.4488 0.3917 0.0433, 1.4094 0.3917 0.0433, 1.4488 -0.3495 0.0007, 1.4488 -0.3521 0.0027, 1.4094 -0.3495 0.0007, 1.4094 -0.3462 0.0, 1.4488 -0.3462 0.0, 1.4094 -0.3521 0.0027, 1.4094 -0.313 0.0, 1.4488 -0.313 0.0, 1.4094 -0.313 0.0433, 1.4488 -0.313 0.0433, -1.4094 -0.313 0.0433, -1.4094 -0.313 0.0, -1.4488 -0.313 0.0, -1.4488 -0.313 0.0433, -1.4094 -0.3462 0.0, -1.4488 -0.3462 0.0, -1.4488 -0.3521 0.0027, -1.4488 -0.3495 0.0007, -1.4094 -0.3521 0.0027, -1.4094 -0.3538 0.0056, -1.4488 -0.3538 0.0056, -1.4094 -0.3495 0.0007, -1.4488 -0.3565 0.0113, -1.4488 -0.3726 0.0197, -1.4488 -0.3664 0.0187, -1.4094 -0.3664 0.0187, -1.4488 -0.3609 0.0158, -1.4094 -0.3565 0.0113, -1.4094 -0.3609 0.0158, -1.4094 -0.3844 0.0158, -1.4488 -0.3888 0.0113, -1.4488 -0.3844 0.0158, -1.4094 -0.3726 0.0197, -1.4094 -0.3788 0.0187, -1.4488 -0.3788 0.0187, -1.4488 -0.3915 0.0056, -1.4094 -0.3888 0.0113, -1.4094 -0.3915 0.0056, -1.4488 -0.3958 0.0007, -1.4488 -0.3931 0.0027, -1.4094 -0.3958 0.0007, -1.4094 -0.399 0.0, -1.4488 -0.399 0.0, -1.4094 -0.3931 0.0027, -1.4094 -0.5098 0.0, -1.4488 -0.5098 0.0, -1.4094 -0.5098 0.0132, -1.4488 -0.5098 0.0132, -1.4488 -0.5068 0.0195, -1.4488 -0.509 0.0167, -1.4094 -0.5068 0.0195, -1.4094 -0.5035 0.021, -1.4488 -0.5035 0.021, -1.4094 -0.509 0.0167, -1.4094 -0.3917 0.0433, -1.4488 -0.3917 0.0433, -1.4094 0.5035 0.021, -1.4488 0.5035 0.021, -1.4488 0.3917 0.0433, -1.4094 0.3917 0.0433, -1.4488 0.509 0.0167, -1.4488 0.5068 0.0195, -1.4094 0.509 0.0167, -1.4094 0.5098 0.0132, -1.4488 0.5098 0.0132, -1.4094 0.5068 0.0195, -1.4094 0.5098 0.0, -1.4488 0.5098 0.0, -1.4094 0.399 0.0, -1.4488 0.399 0.0, -1.4488 0.3931 0.0027, -1.4488 0.3958 0.0007, -1.4094 0.3931 0.0027, -1.4094 0.3915 0.0056, -1.4488 0.3915 0.0056, -1.4094 0.3958 0.0007, -1.4488 0.3888 0.0113, -1.4488 0.3726 0.0197, -1.4488 0.3788 0.0187, -1.4094 0.3788 0.0187, -1.4488 0.3844 0.0158, -1.4094 0.3888 0.0113, -1.4094 0.3844 0.0158, -1.4094 0.3609 0.0158, -1.4488 0.3565 0.0113, -1.4488 0.3609 0.0158, -1.4094 0.3726 0.0197, -1.4094 0.3664 0.0187, -1.4488 0.3664 0.0187, -1.4488 0.3538 0.0056, -1.4094 0.3565 0.0113, -1.4094 0.3538 0.0056, -1.4488 0.3495 0.0007, -1.4488 0.3521 0.0027, -1.4094 0.3495 0.0007, -1.4094 0.3462 0.0, -1.4488 0.3462 0.0, -1.4094 0.3521 0.0027, -1.4094 0.313 0.0, -1.4488 0.313 0.0, -1.4094 0.313 0.0433, -1.4488 0.313 0.0433
            ]
        }
        coordIndex [
            0,1,2,-1,3,4,5,-1,6,7,8,-1,7,9,8,-1,9,0,2,-1,8,9,2,-1,4,3,1,-1,0,4,1,-1,10,11,12,-1,13,11,14,-1,10,14,11,-1,15,13,14,-1,16,10,12,-1,17,6,16,-1,16,12,17,-1,17,7,6,-1,18,19,20,-1,13,15,18,-1,18,20,13,-1,20,19,21,-1,19,22,21,-1,21,22,23,-1,24,23,22,-1,23,24,25,-1,26,25,24,-1,25,26,27,-1,28,29,30,-1,27,26,28,-1,28,30,27,-1,30,29,31,-1,29,32,31,-1,31,32,33,-1,34,33,32,-1,33,34,35,-1,36,37,38,-1,36,39,37,-1,39,40,37,-1,39,41,40,-1,42,43,44,-1,45,46,42,-1,42,44,45,-1,44,43,47,-1,43,40,47,-1,47,40,41,-1,48,49,50,-1,45,49,51,-1,48,51,49,-1,46,45,51,-1,52,48,50,-1,53,54,52,-1,52,50,53,-1,53,55,54,-1,56,57,58,-1,59,60,61,-1,54,55,62,-1,55,63,62,-1,63,56,58,-1,62,63,58,-1,60,59,57,-1,56,60,57,-1,64,65,66,-1,67,68,64,-1,64,66,67,-1,66,65,69,-1,65,59,69,-1,69,59,61,-1,67,70,68,-1,67,71,70,-1,71,72,70,-1,71,73,72,-1,74,75,76,-1,77,78,74,-1,74,76,77,-1,76,75,79,-1,75,72,79,-1,79,72,73,-1,77,80,78,-1,77,81,80,-1,42,40,43,-1,37,40,42,-1,46,37,42,-1,57,59,72,-1,38,52,54,-1,37,51,48,-1,46,51,37,-1,38,48,52,-1,37,48,38,-1,80,54,62,-1,54,80,38,-1,78,75,74,-1,68,59,65,-1,64,68,65,-1,59,68,72,-1,70,72,68,-1,72,75,57,-1,78,58,57,-1,78,57,75,-1,80,62,78,-1,78,62,58,-1,44,47,41,-1,79,60,77,-1,44,41,39,-1,79,77,76,-1,44,39,45,-1,39,50,49,-1,45,39,49,-1,53,50,36,-1,39,36,50,-1,77,60,56,-1,36,55,53,-1,60,73,61,-1,73,60,79,-1,69,67,66,-1,71,67,73,-1,61,67,69,-1,61,73,67,-1,77,56,63,-1,81,63,55,-1,63,81,77,-1,55,36,81,-1,82,83,84,-1,85,86,82,-1,82,84,85,-1,84,83,87,-1,83,3,87,-1,87,3,5,-1,86,88,89,-1,88,86,85,-1,89,90,91,-1,90,89,88,-1,32,29,28,-1,22,19,18,-1,15,22,18,-1,24,15,26,-1,22,15,24,-1,26,15,14,-1,91,8,2,-1,28,26,14,-1,32,14,10,-1,14,32,28,-1,34,32,16,-1,10,16,32,-1,34,16,6,-1,34,6,91,-1,91,6,8,-1,83,89,3,-1,2,1,89,-1,82,86,83,-1,1,3,89,-1,83,86,89,-1,91,2,89,-1,33,30,31,-1,20,21,23,-1,13,20,23,-1,23,25,13,-1,25,27,13,-1,27,11,13,-1,88,0,90,-1,30,11,27,-1,33,12,11,-1,11,30,33,-1,35,17,33,-1,12,33,17,-1,7,90,9,-1,35,7,17,-1,9,90,0,-1,0,88,4,-1,87,85,84,-1,88,87,5,-1,87,88,85,-1,88,5,4,-1,90,7,35,-1,92,93,94,-1,94,95,92,-1,93,96,97,-1,97,94,93,-1,98,99,100,-1,101,102,98,-1,98,100,101,-1,100,99,103,-1,99,97,103,-1,103,97,96,-1,104,102,101,-1,105,106,107,-1,108,109,110,-1,111,112,113,-1,114,115,116,-1,117,112,118,-1,111,118,112,-1,119,117,118,-1,116,115,113,-1,115,111,113,-1,114,105,107,-1,114,116,105,-1,106,108,110,-1,107,106,110,-1,104,101,109,-1,108,104,109,-1,120,121,122,-1,123,124,120,-1,120,122,123,-1,122,121,125,-1,121,117,125,-1,125,117,119,-1,123,126,127,-1,127,124,123,-1,126,128,129,-1,129,127,126,-1,130,131,132,-1,133,134,130,-1,130,132,133,-1,132,131,135,-1,131,129,135,-1,135,129,128,-1,133,136,137,-1,137,134,133,-1,98,97,99,-1,94,97,98,-1,102,94,98,-1,95,105,137,-1,95,106,105,-1,94,104,108,-1,102,104,94,-1,95,108,106,-1,94,108,95,-1,130,134,131,-1,137,105,116,-1,121,124,117,-1,129,112,117,-1,120,124,121,-1,117,124,129,-1,127,129,124,-1,129,131,112,-1,134,113,112,-1,134,112,131,-1,137,116,134,-1,134,116,113,-1,100,103,96,-1,135,118,133,-1,100,96,93,-1,135,133,132,-1,100,93,101,-1,93,110,109,-1,101,93,109,-1,107,110,92,-1,93,92,110,-1,133,118,111,-1,92,114,107,-1,118,128,119,-1,128,118,135,-1,125,123,122,-1,126,123,128,-1,119,123,125,-1,119,128,123,-1,133,111,115,-1,136,115,114,-1,115,136,133,-1,114,92,136,-1,138,139,140,-1,138,140,141,-1,142,143,144,-1,145,146,142,-1,142,144,145,-1,144,143,147,-1,143,139,147,-1,147,139,138,-1,148,149,146,-1,148,146,145,-1,150,151,149,-1,150,149,148,-1,152,153,154,-1,155,156,152,-1,152,154,155,-1,154,153,157,-1,153,151,157,-1,157,151,150,-1,158,156,155,-1,159,160,161,-1,162,163,164,-1,165,166,167,-1,168,169,170,-1,171,166,172,-1,165,172,166,-1,173,171,172,-1,170,169,167,-1,169,165,167,-1,168,159,161,-1,168,170,159,-1,160,162,164,-1,161,160,164,-1,158,155,163,-1,162,158,163,-1,174,175,176,-1,177,178,174,-1,174,176,177,-1,176,175,179,-1,175,171,179,-1,179,171,173,-1,180,181,178,-1,180,178,177,-1,182,183,181,-1,182,181,180,-1,139,143,142,-1,151,153,152,-1,156,151,152,-1,149,156,146,-1,151,156,149,-1,146,156,158,-1,183,170,167,-1,142,146,158,-1,139,158,162,-1,158,139,142,-1,159,183,140,-1,140,139,160,-1,162,160,139,-1,140,160,159,-1,183,159,170,-1,175,181,171,-1,167,166,181,-1,174,178,175,-1,166,171,181,-1,175,178,181,-1,183,167,181,-1,138,144,147,-1,154,157,150,-1,155,154,150,-1,150,148,155,-1,148,145,155,-1,145,163,155,-1,180,165,182,-1,144,163,145,-1,138,164,163,-1,163,144,138,-1,141,161,138,-1,164,138,161,-1,168,182,169,-1,141,168,161,-1,169,182,165,-1,165,180,172,-1,179,177,176,-1,180,179,173,-1,179,180,177,-1,180,173,172,-1,182,168,141,-1,
        ]
    }
}
Shape{
    appearance Appearance {
        material  Material 	{
            diffuseColor 0.25098039215686274 0.25098039215686274 0.25098039215686274
            specularColor 0.7529411764705882 0.7529411764705882 0.7529411764705882
            ambientIntensity 1.0
            transparency 1.0
            shininess 0.5
        }
    }
    geometry IndexedFaceSet {
        ccw TRUE
        solid FALSE
        coord DEF co Coordinate {
            point [
                1.2795 -0.2638 0.0433, 1.4094 -0.313 0.0433, 1.2795 -0.3294 0.0433, 1.4094 -0.3917 0.0433, 1.4488 -0.3917 0.0433, 1.2795 -0.5 0.0433, 1.2795 -0.4606 0.0433, 1.6772 -0.5 0.0433, 1.2795 -0.395 0.0433, 1.4488 -0.313 0.0433, 1.6772 -0.2638 0.0433, 1.2795 -0.5 0.2756, 1.2795 -0.5 0.0827, -1.2795 -0.5 0.0827, -1.6772 -0.5 0.0433, -1.2795 -0.5 0.0433, -1.2795 -0.5 0.315, -1.6772 -0.5 0.315, -1.2795 -0.5 0.2756, 1.6772 -0.5 0.315, 1.2795 -0.5 0.315, -1.2795 -0.4606 0.0433, -1.2795 -0.4606 0.0827, 1.6772 0.5 0.315, 1.2795 0.5 0.315, 1.5197 0.3425 0.315, 1.2795 -0.3425 0.315, 1.5197 -0.3425 0.315, 1.2795 0.3425 0.315, 1.2795 0.5 0.2756, -1.6772 0.5 0.315, -1.2795 0.5 0.315, -1.2795 0.5 0.2756, 1.2795 0.5 0.0827, -1.2795 0.5 0.0827, -1.6772 0.5 0.0433, -1.2795 0.5 0.0433, 1.6772 0.5 0.0433, 1.2795 0.5 0.0433, -1.2795 0.4606 0.0433, -1.2795 0.4606 0.0827, 1.2795 0.4606 0.0433, 1.2795 0.4606 0.0827, 1.0787 0.3031 0.2756, 0.9685 0.3031 0.2756, 0.9685 0.2441 0.2756, 0.6063 0.3819 0.2756, 0.4961 0.3031 0.2756, 0.6063 0.3031 0.2756, 0.3386 0.3031 0.2756, 0.4488 0.3031 0.2756, 0.4488 0.3819 0.2756, 0.4961 0.3819 0.2756, 0.9213 0.3031 0.2756, 0.811 0.3031 0.2756, 0.811 0.2441 0.2756, 0.6535 0.2441 0.2756, 0.7638 0.3031 0.2756, 0.6535 0.3031 0.2756, 0.9213 0.2441 0.2756, 0.3386 0.3819 0.2756, 0.2913 0.3031 0.2756, 0.4961 0.2441 0.2756, 0.7638 0.2441 0.2756, 0.2913 0.3819 0.2756, 0.1811 0.3031 0.2756, 0.3386 0.2441 0.2756, 0.6063 0.2441 0.2756, 0.1811 0.3819 0.2756, 0.1339 0.3031 0.2756, 0.1811 0.2441 0.2756, 0.4488 0.2441 0.2756, 0.1339 0.3819 0.2756, 0.0236 0.3031 0.2756, 0.0236 0.2441 0.2756, 0.2913 0.2441 0.2756, 0.0236 0.3819 0.2756, -0.0236 0.3031 0.2756, -0.1339 0.2441 0.2756, -0.1339 0.3031 0.2756, 0.1339 0.2441 0.2756, -0.0236 0.3819 0.2756, 1.126 0.3819 0.2756, 1.126 0.4213 0.2756, -0.2913 0.2441 0.2756, -0.1811 0.3031 0.2756, -0.2913 0.3031 0.2756, -0.0236 0.2441 0.2756, -0.1339 0.3819 0.2756, -0.1811 0.3819 0.2756, -0.4488 0.2441 0.2756, -0.3386 0.3031 0.2756, -0.4488 0.3031 0.2756, -0.1811 0.2441 0.2756, -0.3386 0.3819 0.2756, -0.2913 0.3819 0.2756, -0.6063 0.2441 0.2756, -0.4961 0.3031 0.2756, -0.6063 0.3031 0.2756, -0.3386 0.2441 0.2756, -0.4488 0.3819 0.2756, -0.4961 0.3819 0.2756, -0.7638 0.2441 0.2756, -0.6535 0.3031 0.2756, -0.7638 0.3031 0.2756, -0.4961 0.2441 0.2756, -0.6063 0.3819 0.2756, -0.6535 0.3819 0.2756, -0.9213 0.2441 0.2756, -0.811 0.3031 0.2756, -0.9213 0.3031 0.2756, -0.6535 0.2441 0.2756, -0.811 0.3819 0.2756, -0.7638 0.3819 0.2756, -1.0787 0.2441 0.2756, -0.9685 0.3031 0.2756, -1.0787 0.3031 0.2756, -0.811 0.2441 0.2756, -0.9213 0.3819 0.2756, -0.9685 0.3819 0.2756, -1.126 0.3819 0.2756, -1.126 0.3031 0.2756, -1.0787 0.3819 0.2756, -1.2205 0.2441 0.2756, -1.2795 0.3031 0.2756, -0.9685 0.2441 0.2756, -0.0236 0.4213 0.2756, -0.1339 0.4213 0.2756, -0.1811 0.4213 0.2756, -0.2913 0.4213 0.2756, -1.126 0.2441 0.2756, -0.4488 0.4213 0.2756, -0.3386 0.4213 0.2756, 1.0787 0.2441 0.2756, 1.2205 0.2441 0.2756, 1.126 0.3031 0.2756, 1.126 0.2441 0.2756, 1.2795 0.3031 0.2756, 0.7638 0.3819 0.2756, 0.6535 0.3819 0.2756, 0.0236 0.4213 0.2756, -0.6063 0.4213 0.2756, -0.4961 0.4213 0.2756, -0.7638 0.4213 0.2756, -0.6535 0.4213 0.2756, -0.811 0.4213 0.2756, -0.9213 0.4213 0.2756, -0.9685 0.4213 0.2756, -1.126 0.4213 0.2756, -1.0787 0.4213 0.2756, 0.1339 0.4213 0.2756, 0.1811 0.4213 0.2756, 0.2913 0.4213 0.2756, 0.811 0.3819 0.2756, 0.3386 0.4213 0.2756, 0.4488 0.4213 0.2756, 0.9213 0.3819 0.2756, 0.4961 0.4213 0.2756, 0.6063 0.4213 0.2756, 0.9685 0.3819 0.2756, 0.6535 0.4213 0.2756, 0.7638 0.4213 0.2756, 1.0787 0.3819 0.2756, 0.811 0.4213 0.2756, 0.9213 0.4213 0.2756, 0.9685 0.4213 0.2756, 1.0787 0.4213 0.2756, -1.126 0.3031 0.0787, -1.122 0.3031 0.2362, -1.122 0.3031 0.2559, -1.0827 0.3031 0.2559, -1.0827 0.3031 0.2362, -1.0787 0.3031 0.0787, -0.4961 0.0787 0.0787, -0.4488 0.0787 0.0787, -0.4961 0.2441 0.0787, 1.2795 0.3031 0.0787, 1.2205 0.2441 0.0787, 1.4803 0.3031 0.0787, 1.126 0.2441 0.0787, 1.126 0.3031 0.0787, 1.122 0.2723 0.0787, 1.0787 -0.2441 0.0787, 1.0787 -0.0787 0.0787, 0.9685 -0.0787 0.0787, 1.126 0.0787 0.0787, 1.122 0.2526 0.0787, 0.9685 0.2441 0.0787, 0.9685 0.3031 0.0787, 0.9646 0.2723 0.0787, 0.9646 -0.0781 0.0787, 0.9646 -0.0584 0.0787, -0.4528 0.0781 0.0787, 0.9646 0.2526 0.0787, 0.811 0.2441 0.0787, 0.811 0.3031 0.0787, 0.8071 0.2723 0.0787, 1.0827 -0.0584 0.0787, 1.0787 -0.0394 0.0787, -0.4921 0.0781 0.0787, 0.8071 0.2526 0.0787, 0.6535 0.2441 0.0787, 0.6535 0.3031 0.0787, 0.6496 0.2723 0.0787, -0.6535 0.0787 0.0787, -0.6063 0.0787 0.0787, -0.6535 0.2441 0.0787, 0.6496 0.2526 0.0787, 0.4961 0.2441 0.0787, 0.4961 0.3031 0.0787, 0.4921 0.2723 0.0787, -0.6102 0.0781 0.0787, 0.4921 0.2526 0.0787, 0.3386 0.2441 0.0787, 0.3386 0.3031 0.0787, 0.3346 0.2723 0.0787, -0.6496 0.0781 0.0787, 0.3346 0.2526 0.0787, 0.1811 0.2441 0.0787, 0.1811 0.3031 0.0787, 0.1772 0.2723 0.0787, -0.811 0.2441 0.0787, -0.811 0.0787 0.0787, -0.7638 0.0787 0.0787, 0.1772 0.2526 0.0787, 0.0236 0.2441 0.0787, 0.0236 0.3031 0.0787, 0.0197 0.2723 0.0787, -0.7677 0.0781 0.0787, 0.0197 0.2526 0.0787, -0.1339 0.2441 0.0787, -0.1339 0.3031 0.0787, -0.1378 0.2723 0.0787, -0.8071 0.0781 0.0787, -0.1378 0.2526 0.0787, -0.2913 0.2441 0.0787, -0.2913 0.3031 0.0787, -0.2953 0.2723 0.0787, -0.3346 -0.0781 0.0787, -0.3386 -0.0787 0.0787, -0.2913 -0.0787 0.0787, -0.9213 0.0787 0.0787, -0.9685 0.2441 0.0787, -0.9685 0.0787 0.0787, -0.2953 0.2526 0.0787, -0.4488 0.2441 0.0787, -0.4488 0.3031 0.0787, -0.4528 0.2723 0.0787, -0.9252 0.0781 0.0787, -0.4528 0.2526 0.0787, -0.6063 0.2441 0.0787, -0.6063 0.3031 0.0787, -0.6102 0.2723 0.0787, -0.6535 -0.0787 0.0787, -0.6063 -0.0787 0.0787, -0.6496 -0.0781 0.0787, -0.6102 0.2526 0.0787, -0.7638 0.2441 0.0787, -0.7638 0.3031 0.0787, -0.7677 0.2723 0.0787, -1.0827 0.0781 0.0787, -1.126 0.0787 0.0787, -1.122 0.0781 0.0787, -0.811 -0.2441 0.0787, -0.811 -0.0787 0.0787, -0.9213 -0.0787 0.0787, -0.7677 0.2526 0.0787, -0.9213 0.2441 0.0787, -0.9213 0.3031 0.0787, -0.9252 0.2723 0.0787, -0.9685 -0.0787 0.0787, -1.0787 -0.0787 0.0787, -0.9685 -0.2441 0.0787, -0.9252 0.2526 0.0787, -1.0787 0.2441 0.0787, -1.0827 0.2723 0.0787, -1.126 -0.0787 0.0787, -1.0787 -0.2441 0.0787, -1.2795 -0.3031 0.0787, -1.2205 -0.2441 0.0787, -1.4803 -0.3031 0.0787, -1.0827 0.2526 0.0787, -1.4803 0.3031 0.0787, -1.2205 0.2441 0.0787, -1.2795 0.3031 0.0787, -0.7677 -0.0584 0.0787, -0.7638 -0.0394 0.0787, -0.811 -0.0394 0.0787, -0.9646 0.0781 0.0787, -0.3386 0.0787 0.0787, -0.3346 0.0781 0.0787, -0.2953 0.0781 0.0787, -1.0827 -0.2723 0.0787, -1.0787 -0.3031 0.0787, -0.2913 0.0787 0.0787, -1.0827 -0.2526 0.0787, -0.3386 0.2441 0.0787, -0.9213 -0.2441 0.0787, -0.9252 -0.2723 0.0787, -0.9213 -0.3031 0.0787, -0.1811 0.0787 0.0787, -0.1378 0.0781 0.0787, -0.1339 0.0787 0.0787, -0.9252 -0.2526 0.0787, -0.1772 0.0781 0.0787, -0.7638 -0.2441 0.0787, -0.7677 -0.2723 0.0787, -0.7638 -0.3031 0.0787, 1.126 -0.2441 0.0787, -0.7677 -0.2526 0.0787, -0.1811 0.2441 0.0787, -0.6063 -0.2441 0.0787, -0.6102 -0.2723 0.0787, -0.6063 -0.3031 0.0787, 0.1378 0.0781 0.0787, 0.1772 0.0781 0.0787, 0.1339 0.0787 0.0787, -0.6102 -0.2526 0.0787, -0.0197 0.0781 0.0787, 0.0197 0.0781 0.0787, -0.0236 0.0787 0.0787, -0.4488 -0.2441 0.0787, -0.4528 -0.2723 0.0787, -0.4488 -0.3031 0.0787, -0.4528 -0.2526 0.0787, 0.3346 0.0781 0.0787, 0.2913 0.0787 0.0787, 0.2953 0.0781 0.0787, -0.2913 -0.2441 0.0787, -0.2953 -0.2723 0.0787, -0.2913 -0.3031 0.0787, 0.6102 0.0781 0.0787, 0.6496 0.0781 0.0787, 0.6063 0.0787 0.0787, -0.2953 -0.2526 0.0787, 0.4528 0.0781 0.0787, 0.4921 0.0781 0.0787, 0.4488 0.0787 0.0787, -0.1339 -0.2441 0.0787, -0.1378 -0.2723 0.0787, -0.1339 -0.3031 0.0787, 1.126 -0.0787 0.0787, -0.1378 -0.2526 0.0787, 0.8071 0.0781 0.0787, 0.7638 0.0787 0.0787, 0.7677 0.0781 0.0787, 0.0236 -0.2441 0.0787, 0.0197 -0.2723 0.0787, 0.0236 -0.3031 0.0787, 1.0827 0.0781 0.0787, 1.122 0.0781 0.0787, 1.0787 0.0787 0.0787, 0.0197 -0.2526 0.0787, 0.9252 0.0781 0.0787, 0.9646 0.0781 0.0787, 0.9213 0.0787 0.0787, 0.1811 -0.2441 0.0787, 0.1772 -0.2723 0.0787, 0.1811 -0.3031 0.0787, 0.8071 0.0584 0.0787, 0.7677 0.0584 0.0787, 0.811 0.0394 0.0787, 0.1772 -0.2526 0.0787, 1.0827 0.0584 0.0787, 0.3386 -0.2441 0.0787, 0.3346 -0.2723 0.0787, 0.3386 -0.3031 0.0787, 0.6535 0.0787 0.0787, 0.6063 0.2441 0.0787, 0.3346 -0.2526 0.0787, 0.4961 -0.3031 0.0787, 0.4961 -0.2441 0.0787, 0.4921 -0.2723 0.0787, 0.4961 0.0787 0.0787, 1.2205 -0.2441 0.0787, 0.4921 -0.2526 0.0787, 0.6535 -0.3031 0.0787, 0.6535 -0.2441 0.0787, 0.6496 -0.2723 0.0787, 0.811 0.0787 0.0787, 0.6496 -0.2526 0.0787, 0.811 -0.3031 0.0787, 0.811 -0.2441 0.0787, 0.8071 -0.2723 0.0787, 0.7638 0.2441 0.0787, 0.8071 -0.2526 0.0787, 0.9685 -0.3031 0.0787, 0.9685 -0.2441 0.0787, 0.9646 -0.2723 0.0787, 0.9213 0.2441 0.0787, 0.9685 0.0787 0.0787, 1.2795 0.0787 0.0787, 1.2795 -0.0787 0.0787, 1.4803 -0.3031 0.0787, 0.9646 -0.2526 0.0787, 1.126 -0.3031 0.0787, 1.122 -0.2723 0.0787, 1.122 -0.2526 0.0787, 1.2795 -0.3031 0.0787, 1.0787 0.2441 0.0787, 1.122 0.0584 0.0787, 1.126 0.0394 0.0787, -1.122 0.2526 0.0787, -1.126 0.2441 0.0787, -1.122 0.2723 0.0787, -1.0787 0.0787 0.0787, -0.9646 -0.0781 0.0787, -1.126 -0.2441 0.0787, -1.2795 0.0787 0.0787, -0.9685 0.3031 0.0787, -0.9646 0.2526 0.0787, -0.9646 0.2723 0.0787, -0.0197 -0.0781 0.0787, -0.0236 -0.0787 0.0787, 0.0236 -0.0787 0.0787, -0.7638 -0.0787 0.0787, -0.8071 -0.0781 0.0787, -0.9252 -0.0584 0.0787, -0.9213 -0.0394 0.0787, -0.9685 -0.0394 0.0787, -1.0787 0.0394 0.0787, -1.0827 0.0584 0.0787, -0.9646 0.0584 0.0787, -0.811 0.3031 0.0787, -0.8071 0.2526 0.0787, -0.8071 0.2723 0.0787, -0.4921 -0.0781 0.0787, -0.4961 -0.0787 0.0787, -0.4488 -0.0787 0.0787, -0.9213 0.0394 0.0787, -0.9252 0.0584 0.0787, -0.8071 0.0584 0.0787, -0.6535 0.3031 0.0787, -0.6496 0.2526 0.0787, -0.6496 0.2723 0.0787, -0.1811 -0.0787 0.0787, -0.1339 -0.0787 0.0787, -0.1772 -0.0781 0.0787, -0.7638 0.0394 0.0787, -0.7677 0.0584 0.0787, -0.6496 0.0584 0.0787, -0.4961 0.3031 0.0787, -0.4921 0.2526 0.0787, -0.4921 0.2723 0.0787, 0.2913 -0.2441 0.0787, 0.2913 -0.0787 0.0787, -0.6535 -0.0394 0.0787, -0.6102 -0.0584 0.0787, -0.6063 -0.0394 0.0787, -0.6063 0.0394 0.0787, -0.6102 0.0584 0.0787, -0.4921 0.0584 0.0787, -0.3386 0.3031 0.0787, -0.3346 0.2526 0.0787, -0.3346 0.2723 0.0787, 0.8071 -0.0781 0.0787, 0.811 -0.0787 0.0787, 0.8071 -0.0584 0.0787, 0.4488 -0.0787 0.0787, 0.3386 -0.0787 0.0787, 0.4488 -0.2441 0.0787, -0.4488 0.0394 0.0787, -0.4528 0.0584 0.0787, -0.3346 0.0584 0.0787, -0.1811 0.3031 0.0787, -0.1772 0.2526 0.0787, -0.1772 0.2723 0.0787, 0.811 -0.0394 0.0787, 0.7638 -0.0394 0.0787, 0.4528 -0.0781 0.0787, 0.4961 -0.0787 0.0787, -0.2913 0.0394 0.0787, -0.2953 0.0584 0.0787, -0.1772 0.0584 0.0787, 1.0787 0.3031 0.0787, 1.0827 0.2526 0.0787, 1.0827 0.2723 0.0787, 0.9213 -0.0787 0.0787, 0.4488 0.2441 0.0787, 0.9213 0.3031 0.0787, 0.9252 0.2526 0.0787, 0.9252 0.2723 0.0787, 0.9252 -0.0781 0.0787, 0.9252 0.0584 0.0787, 0.3386 0.0787 0.0787, 0.7638 0.3031 0.0787, 0.7677 0.2526 0.0787, 0.7677 0.2723 0.0787, 0.6535 -0.0787 0.0787, 0.7638 -0.2441 0.0787, 0.7638 -0.0787 0.0787, 0.6496 0.0584 0.0787, 0.6535 0.0394 0.0787, 0.2913 0.2441 0.0787, 0.6063 0.3031 0.0787, 0.6102 0.2526 0.0787, 0.6102 0.2723 0.0787, 0.7677 -0.0781 0.0787, 0.4921 0.0584 0.0787, 0.4961 0.0394 0.0787, 0.6102 0.0584 0.0787, 0.1811 0.0787 0.0787, 0.4488 0.3031 0.0787, 0.4528 0.2526 0.0787, 0.4528 0.2723 0.0787, 0.6063 -0.0394 0.0787, 0.6496 -0.0584 0.0787, 0.6535 -0.0394 0.0787, 0.9213 -0.2441 0.0787, 0.3346 0.0584 0.0787, 0.3386 0.0394 0.0787, 0.4528 0.0584 0.0787, 0.1339 0.2441 0.0787, 0.2913 0.3031 0.0787, 0.2953 0.2526 0.0787, 0.2953 0.2723 0.0787, 0.3386 -0.0394 0.0787, 0.2913 -0.0394 0.0787, 0.3346 -0.0584 0.0787, 0.1811 -0.0394 0.0787, 0.1339 -0.0394 0.0787, 0.1772 -0.0584 0.0787, 0.1772 0.0584 0.0787, 0.1811 0.0394 0.0787, 0.2953 0.0584 0.0787, 0.0236 0.0787 0.0787, 0.1339 0.3031 0.0787, 0.1378 0.2526 0.0787, 0.1378 0.2723 0.0787, 0.0197 0.0584 0.0787, 0.0236 0.0394 0.0787, 0.1378 0.0584 0.0787, -0.0236 0.2441 0.0787, -0.0236 0.3031 0.0787, -0.0197 0.2526 0.0787, -0.0197 0.2723 0.0787, 0.6063 -0.0787 0.0787, -0.1339 0.0394 0.0787, -0.1378 0.0584 0.0787, -0.0197 0.0584 0.0787, -1.122 -0.0781 0.0787, -1.2795 -0.0787 0.0787, -1.126 -0.0394 0.0787, -1.122 -0.0584 0.0787, -1.0827 -0.0584 0.0787, -1.122 -0.2526 0.0787, -1.122 -0.2723 0.0787, -1.126 -0.3031 0.0787, -0.4488 -0.0394 0.0787, -0.4961 -0.0394 0.0787, -0.4528 -0.0584 0.0787, -0.6535 -0.2441 0.0787, -1.0827 -0.0781 0.0787, -0.9646 -0.0584 0.0787, -0.9646 -0.2526 0.0787, -0.9646 -0.2723 0.0787, -0.9685 -0.3031 0.0787, -0.2913 -0.0394 0.0787, -0.3386 -0.0394 0.0787, -0.2953 -0.0584 0.0787, -0.4961 -0.2441 0.0787, -0.9252 -0.0781 0.0787, -0.8071 -0.0584 0.0787, -0.8071 -0.2526 0.0787, -0.8071 -0.2723 0.0787, -0.811 -0.3031 0.0787, -0.1339 -0.0394 0.0787, -0.1811 -0.0394 0.0787, -0.1378 -0.0584 0.0787, -0.3386 -0.2441 0.0787, -0.7677 -0.0781 0.0787, -0.6496 -0.0584 0.0787, -0.6496 -0.2526 0.0787, -0.6496 -0.2723 0.0787, -0.6535 -0.3031 0.0787, 0.0236 -0.0394 0.0787, -0.0236 -0.0394 0.0787, 0.0197 -0.0584 0.0787, -0.1811 -0.2441 0.0787, -0.6102 -0.0781 0.0787, -0.4921 -0.0584 0.0787, -0.4921 -0.2526 0.0787, -0.4921 -0.2723 0.0787, -0.4961 -0.3031 0.0787, 0.4921 -0.0584 0.0787, 0.4961 -0.0394 0.0787, 0.4488 -0.0394 0.0787, -0.0236 -0.2441 0.0787, -0.4528 -0.0781 0.0787, -0.3346 -0.0584 0.0787, -0.3346 -0.2526 0.0787, -0.3346 -0.2723 0.0787, -0.3386 -0.3031 0.0787, 0.9685 -0.0394 0.0787, 0.9213 -0.0394 0.0787, 0.1339 -0.0787 0.0787, 0.1811 -0.0787 0.0787, -0.2953 -0.0781 0.0787, -0.1772 -0.0584 0.0787, -0.1772 -0.2526 0.0787, -0.1772 -0.2723 0.0787, -0.1811 -0.3031 0.0787, 1.0787 0.0394 0.0787, 1.122 -0.0584 0.0787, 1.126 -0.0394 0.0787, 1.0827 -0.0781 0.0787, 1.0827 -0.2526 0.0787, 1.0827 -0.2723 0.0787, 1.0787 -0.3031 0.0787, 0.9252 -0.0584 0.0787, 0.6102 -0.0781 0.0787, 0.6496 -0.0781 0.0787, 0.9252 -0.2526 0.0787, 0.9252 -0.2723 0.0787, 0.9213 -0.3031 0.0787, 0.7677 -0.0584 0.0787, 0.6063 -0.2441 0.0787, 0.7677 -0.2526 0.0787, 0.7677 -0.2723 0.0787, 0.7638 -0.3031 0.0787, 0.4921 -0.0781 0.0787, 0.2953 -0.0781 0.0787, 0.6102 -0.0584 0.0787, 0.6102 -0.2526 0.0787, 0.6102 -0.2723 0.0787, 0.6063 -0.3031 0.0787, 0.3346 -0.0781 0.0787, 0.4528 -0.0584 0.0787, 0.4528 -0.2526 0.0787, 0.4528 -0.2723 0.0787, 0.4488 -0.3031 0.0787, 0.1378 -0.0781 0.0787, 0.1772 -0.0781 0.0787, 0.2953 -0.0584 0.0787, 0.2953 -0.2526 0.0787, 0.2953 -0.2723 0.0787, 0.2913 -0.3031 0.0787, 0.1339 -0.2441 0.0787, 0.0197 -0.0781 0.0787, 0.1378 -0.0584 0.0787, 0.1378 -0.2526 0.0787, 0.1378 -0.2723 0.0787, 0.1339 -0.3031 0.0787, -0.1378 -0.0781 0.0787, -0.0197 -0.0584 0.0787, -0.0197 -0.2526 0.0787, -0.0197 -0.2723 0.0787, -0.0236 -0.3031 0.0787, 0.9646 0.0584 0.0787, 0.9685 0.0394 0.0787, 0.9213 0.0394 0.0787, 1.122 -0.0781 0.0787, -1.122 0.0584 0.0787, -1.126 0.0394 0.0787, -1.0787 -0.0394 0.0787, -0.9685 0.0394 0.0787, -0.811 0.0394 0.0787, -0.6535 0.0394 0.0787, -0.4961 0.0394 0.0787, -0.3386 0.0394 0.0787, -0.1811 0.0394 0.0787, -0.0236 0.0394 0.0787, 0.1339 0.0394 0.0787, 0.2913 0.0394 0.0787, 0.4488 0.0394 0.0787, 0.6063 0.0394 0.0787, 0.7638 0.0394 0.0787, -1.0787 0.3819 0.0787, -1.0827 0.3819 0.2323, -1.122 0.3819 0.2323, -1.126 0.3819 0.0787, -1.0827 0.3819 0.2541, -1.122 0.3819 0.2541, -1.126 0.4213 0.0787, -1.0827 0.4094 0.0787, -1.0787 0.4213 0.0787, -1.122 0.3898 0.0787, -1.122 0.4094 0.0787, -1.0827 0.3898 0.0787, -0.9646 0.3031 0.2362, -0.9646 0.3031 0.2559, -0.9252 0.3031 0.2559, -0.9252 0.3031 0.2362, -0.9213 0.3819 0.0787, -0.9252 0.3819 0.2323, -0.9646 0.3819 0.2323, -0.9685 0.3819 0.0787, -0.9252 0.3819 0.2541, -0.9646 0.3819 0.2541, -0.9685 0.4213 0.0787, -0.9252 0.4094 0.0787, -0.9213 0.4213 0.0787, -0.9646 0.3898 0.0787, -0.9646 0.4094 0.0787, -0.9252 0.3898 0.0787, -0.8071 0.3031 0.2362, -0.8071 0.3031 0.2559, -0.7677 0.3031 0.2559, -0.7677 0.3031 0.2362, -0.7638 0.3819 0.0787, -0.7677 0.3819 0.2323, -0.8071 0.3819 0.2323, -0.811 0.3819 0.0787, -0.7677 0.3819 0.2541, -0.8071 0.3819 0.2541, -0.811 0.4213 0.0787, -0.7677 0.4094 0.0787, -0.7638 0.4213 0.0787, -0.8071 0.3898 0.0787, -0.8071 0.4094 0.0787, -0.7677 0.3898 0.0787, -0.6496 0.3031 0.2362, -0.6496 0.3031 0.2559, -0.6102 0.3031 0.2559, -0.6102 0.3031 0.2362, -0.6063 0.3819 0.0787, -0.6102 0.3819 0.2323, -0.6496 0.3819 0.2323, -0.6535 0.3819 0.0787, -0.6102 0.3819 0.2541, -0.6496 0.3819 0.2541, -0.6535 0.4213 0.0787, -0.6102 0.4094 0.0787, -0.6063 0.4213 0.0787, -0.6496 0.3898 0.0787, -0.6496 0.4094 0.0787, -0.6102 0.3898 0.0787, -0.4921 0.3031 0.2362, -0.4921 0.3031 0.2559, -0.4528 0.3031 0.2559, -0.4528 0.3031 0.2362, -0.4488 0.3819 0.0787, -0.4528 0.3819 0.2323, -0.4921 0.3819 0.2323, -0.4961 0.3819 0.0787, -0.4528 0.3819 0.2541, -0.4921 0.3819 0.2541, -0.4961 0.4213 0.0787, -0.4528 0.4094 0.0787, -0.4488 0.4213 0.0787, -0.4921 0.3898 0.0787, -0.4921 0.4094 0.0787, -0.4528 0.3898 0.0787, -0.3346 0.3031 0.2362, -0.3346 0.3031 0.2559, -0.2953 0.3031 0.2559, -0.2953 0.3031 0.2362, -0.2913 0.3819 0.0787, -0.2953 0.3819 0.2323, -0.3346 0.3819 0.2323, -0.3386 0.3819 0.0787, -0.2953 0.3819 0.2541, -0.3346 0.3819 0.2541, -0.3386 0.4213 0.0787, -0.2953 0.4094 0.0787, -0.2913 0.4213 0.0787, -0.3346 0.3898 0.0787, -0.3346 0.4094 0.0787, -0.2953 0.3898 0.0787, -0.1772 0.3031 0.2362, -0.1772 0.3031 0.2559, -0.1378 0.3031 0.2559, -0.1378 0.3031 0.2362, -0.1339 0.3819 0.0787, -0.1378 0.3819 0.2323, -0.1772 0.3819 0.2323, -0.1811 0.3819 0.0787, -0.1378 0.3819 0.2541, -0.1772 0.3819 0.2541, -0.1811 0.4213 0.0787, -0.1378 0.4094 0.0787, -0.1339 0.4213 0.0787, -0.1772 0.3898 0.0787, -0.1772 0.4094 0.0787, -0.1378 0.3898 0.0787, 1.0827 0.3031 0.2362, 1.0827 0.3031 0.2559, 1.122 0.3031 0.2559, 1.122 0.3031 0.2362, 1.126 0.3819 0.0787, 1.122 0.3819 0.2323, 1.0827 0.3819 0.2323, 1.0787 0.3819 0.0787, 1.122 0.3819 0.2541, 1.0827 0.3819 0.2541, 1.0787 0.4213 0.0787, 1.122 0.4094 0.0787, 1.126 0.4213 0.0787, 1.0827 0.3898 0.0787, 1.0827 0.4094 0.0787, 1.122 0.3898 0.0787, 0.9252 0.3031 0.2362, 0.9252 0.3031 0.2559, 0.9646 0.3031 0.2559, 0.9646 0.3031 0.2362, 0.9685 0.3819 0.0787, 0.9646 0.3819 0.2323, 0.9252 0.3819 0.2323, 0.9213 0.3819 0.0787, 0.9646 0.3819 0.2541, 0.9252 0.3819 0.2541, 0.9213 0.4213 0.0787, 0.9646 0.4094 0.0787, 0.9685 0.4213 0.0787, 0.9252 0.3898 0.0787, 0.9252 0.4094 0.0787, 0.9646 0.3898 0.0787, 0.7677 0.3031 0.2362, 0.7677 0.3031 0.2559, 0.8071 0.3031 0.2559, 0.8071 0.3031 0.2362, 0.811 0.3819 0.0787, 0.8071 0.3819 0.2323, 0.7677 0.3819 0.2323, 0.7638 0.3819 0.0787, 0.8071 0.3819 0.2541, 0.7677 0.3819 0.2541, 0.7638 0.4213 0.0787, 0.8071 0.4094 0.0787, 0.811 0.4213 0.0787, 0.7677 0.3898 0.0787, 0.7677 0.4094 0.0787, 0.8071 0.3898 0.0787, 0.6102 0.3031 0.2362, 0.6102 0.3031 0.2559, 0.6496 0.3031 0.2559, 0.6496 0.3031 0.2362, 0.6535 0.3819 0.0787, 0.6496 0.3819 0.2323, 0.6102 0.3819 0.2323, 0.6063 0.3819 0.0787, 0.6496 0.3819 0.2541, 0.6102 0.3819 0.2541, 0.6063 0.4213 0.0787, 0.6496 0.4094 0.0787, 0.6535 0.4213 0.0787, 0.6102 0.3898 0.0787, 0.6102 0.4094 0.0787, 0.6496 0.3898 0.0787, 0.4528 0.3031 0.2362, 0.4528 0.3031 0.2559, 0.4921 0.3031 0.2559, 0.4921 0.3031 0.2362, 0.4961 0.3819 0.0787, 0.4921 0.3819 0.2323, 0.4528 0.3819 0.2323, 0.4488 0.3819 0.0787, 0.4921 0.3819 0.2541, 0.4528 0.3819 0.2541, 0.4488 0.4213 0.0787, 0.4921 0.4094 0.0787, 0.4961 0.4213 0.0787, 0.4528 0.3898 0.0787, 0.4528 0.4094 0.0787, 0.4921 0.3898 0.0787, 0.2953 0.3031 0.2362, 0.2953 0.3031 0.2559, 0.3346 0.3031 0.2559, 0.3346 0.3031 0.2362, 0.3386 0.3819 0.0787, 0.3346 0.3819 0.2323, 0.2953 0.3819 0.2323, 0.2913 0.3819 0.0787, 0.3346 0.3819 0.2541, 0.2953 0.3819 0.2541, 0.2913 0.4213 0.0787, 0.3346 0.4094 0.0787, 0.3386 0.4213 0.0787, 0.2953 0.3898 0.0787, 0.2953 0.4094 0.0787, 0.3346 0.3898 0.0787, 0.1378 0.3031 0.2362, 0.1378 0.3031 0.2559, 0.1772 0.3031 0.2559, 0.1772 0.3031 0.2362, 0.1811 0.3819 0.0787, 0.1772 0.3819 0.2323, 0.1378 0.3819 0.2323, 0.1339 0.3819 0.0787, 0.1772 0.3819 0.2541, 0.1378 0.3819 0.2541, 0.1339 0.4213 0.0787, 0.1772 0.4094 0.0787, 0.1811 0.4213 0.0787, 0.1378 0.3898 0.0787, 0.1378 0.4094 0.0787, 0.1772 0.3898 0.0787, -0.0197 0.3031 0.2362, -0.0197 0.3031 0.2559, 0.0197 0.3031 0.2559, 0.0197 0.3031 0.2362, 0.0236 0.3819 0.0787, 0.0197 0.3819 0.2323, -0.0197 0.3819 0.2323, -0.0236 0.3819 0.0787, 0.0197 0.3819 0.2541, -0.0197 0.3819 0.2541, -0.0236 0.4213 0.0787, 0.0197 0.4094 0.0787, 0.0236 0.4213 0.0787, -0.0197 0.3898 0.0787, -0.0197 0.4094 0.0787, 0.0197 0.3898 0.0787, -1.122 -0.3031 0.2362, -1.126 -0.3031 0.2756, -1.0827 -0.3031 0.2559, -1.122 -0.3031 0.2559, -1.0787 -0.3031 0.2756, -1.0827 -0.3031 0.2362, -0.9646 -0.3031 0.2362, -0.9685 -0.3031 0.2756, -0.9252 -0.3031 0.2559, -0.9646 -0.3031 0.2559, -0.9213 -0.3031 0.2756, -0.9252 -0.3031 0.2362, -0.8071 -0.3031 0.2362, -0.811 -0.3031 0.2756, -0.7677 -0.3031 0.2559, -0.8071 -0.3031 0.2559, -0.7638 -0.3031 0.2756, -0.7677 -0.3031 0.2362, -0.6496 -0.3031 0.2362, -0.6535 -0.3031 0.2756, -0.6102 -0.3031 0.2559, -0.6496 -0.3031 0.2559, -0.6063 -0.3031 0.2756, -0.6102 -0.3031 0.2362, -0.4921 -0.3031 0.2362, -0.4961 -0.3031 0.2756, -0.4528 -0.3031 0.2559, -0.4921 -0.3031 0.2559, -0.4488 -0.3031 0.2756, -0.4528 -0.3031 0.2362, -0.3346 -0.3031 0.2362, -0.3386 -0.3031 0.2756, -0.2953 -0.3031 0.2559, -0.3346 -0.3031 0.2559, -0.2913 -0.3031 0.2756, -0.2953 -0.3031 0.2362, -0.1772 -0.3031 0.2362, -0.1811 -0.3031 0.2756, -0.1378 -0.3031 0.2559, -0.1772 -0.3031 0.2559, -0.1339 -0.3031 0.2756, -0.1378 -0.3031 0.2362, 1.0827 -0.3031 0.2362, 1.0787 -0.3031 0.2756, 1.122 -0.3031 0.2559, 1.0827 -0.3031 0.2559, 1.126 -0.3031 0.2756, 1.122 -0.3031 0.2362, 0.9252 -0.3031 0.2362, 0.9213 -0.3031 0.2756, 0.9646 -0.3031 0.2559, 0.9252 -0.3031 0.2559, 0.9685 -0.3031 0.2756, 0.9646 -0.3031 0.2362, 0.7677 -0.3031 0.2362, 0.7638 -0.3031 0.2756, 0.8071 -0.3031 0.2559, 0.7677 -0.3031 0.2559, 0.811 -0.3031 0.2756, 0.8071 -0.3031 0.2362, 0.6102 -0.3031 0.2362, 0.6063 -0.3031 0.2756, 0.6496 -0.3031 0.2559, 0.6102 -0.3031 0.2559, 0.6535 -0.3031 0.2756, 0.6496 -0.3031 0.2362, 0.4528 -0.3031 0.2362, 0.4488 -0.3031 0.2756, 0.4921 -0.3031 0.2559, 0.4528 -0.3031 0.2559, 0.4961 -0.3031 0.2756, 0.4921 -0.3031 0.2362, 0.2953 -0.3031 0.2362, 0.2913 -0.3031 0.2756, 0.3346 -0.3031 0.2559, 0.2953 -0.3031 0.2559, 0.3386 -0.3031 0.2756, 0.3346 -0.3031 0.2362, 0.1378 -0.3031 0.2362, 0.1339 -0.3031 0.2756, 0.1772 -0.3031 0.2559, 0.1378 -0.3031 0.2559, 0.1811 -0.3031 0.2756, 0.1772 -0.3031 0.2362, -0.0197 -0.3031 0.2362, -0.0236 -0.3031 0.2756, 0.0197 -0.3031 0.2559, -0.0197 -0.3031 0.2559, 0.0236 -0.3031 0.2756, 0.0197 -0.3031 0.2362, 1.0787 0.0787 0.2756, 0.9685 0.0787 0.2756, 1.2795 0.0787 0.2756, 1.126 0.0787 0.2756, 1.126 0.0394 0.2756, 1.0787 0.0394 0.2756, -0.1339 0.0394 0.2756, -0.1339 -0.0394 0.2756, -0.0236 -0.0394 0.2756, 1.2795 -0.0787 0.2756, -0.1811 0.0394 0.2756, -0.811 -0.0787 0.2756, -0.9213 -0.0394 0.2756, -0.9213 -0.0787 0.2756, 0.9685 0.0394 0.2756, 0.9213 0.0394 0.2756, 0.9213 0.0787 0.2756, 0.811 0.0787 0.2756, -0.1811 -0.0394 0.2756, -0.2913 0.0394 0.2756, -0.2913 -0.0394 0.2756, 0.811 0.0394 0.2756, 0.7638 0.0394 0.2756, 0.7638 0.0787 0.2756, 0.6535 0.0787 0.2756, -0.3386 0.0394 0.2756, -1.0787 -0.0394 0.2756, -1.0787 -0.0787 0.2756, -0.9685 -0.0787 0.2756, 0.6535 0.0394 0.2756, 0.6063 0.0394 0.2756, 0.6063 0.0787 0.2756, 0.4961 0.0787 0.2756, -0.4488 -0.0394 0.2756, -0.3386 -0.0394 0.2756, -0.4488 0.0394 0.2756, 0.4961 0.0394 0.2756, 0.4488 0.0394 0.2756, 0.4488 0.0787 0.2756, 0.3386 0.0787 0.2756, -0.4961 0.0394 0.2756, -0.4961 -0.0394 0.2756, 0.3386 0.0394 0.2756, 0.2913 0.0394 0.2756, 0.2913 0.0787 0.2756, 0.1811 0.0787 0.2756, -0.6063 0.0394 0.2756, -0.6063 -0.0394 0.2756, 0.1811 0.0394 0.2756, 0.1339 0.0394 0.2756, 0.1339 0.0787 0.2756, 0.0236 0.0787 0.2756, -0.6535 -0.0394 0.2756, -0.6535 0.0394 0.2756, 0.0236 0.0394 0.2756, -0.0236 0.0394 0.2756, -0.0236 0.0787 0.2756, -0.1339 0.0787 0.2756, -0.7638 0.0394 0.2756, -0.7638 -0.0394 0.2756, -0.1811 0.0787 0.2756, -0.2913 0.0787 0.2756, -0.811 0.0394 0.2756, -0.811 -0.0394 0.2756, -0.3386 0.0787 0.2756, -0.4488 0.0787 0.2756, -0.9213 0.0394 0.2756, -0.4961 0.0787 0.2756, -0.6063 0.0787 0.2756, -0.9685 0.0394 0.2756, -0.9685 -0.0394 0.2756, -0.6535 0.0787 0.2756, -0.7638 0.0787 0.2756, -1.0787 0.0394 0.2756, -0.811 0.0787 0.2756, -0.9213 0.0787 0.2756, -1.126 0.0394 0.2756, -0.9685 0.0787 0.2756, -1.0787 0.0787 0.2756, -1.2795 -0.0787 0.2756, -1.126 -0.0394 0.2756, -1.2795 0.0787 0.2756, -1.126 -0.0787 0.2756, -1.126 0.0787 0.2756, 0.0236 -0.0394 0.2756, -0.6535 -0.0787 0.2756, -0.7638 -0.0787 0.2756, 0.1339 -0.0394 0.2756, 0.1811 -0.0394 0.2756, -0.6063 -0.0787 0.2756, -0.4961 -0.0787 0.2756, 0.2913 -0.0394 0.2756, 0.3386 -0.0394 0.2756, -0.4488 -0.0787 0.2756, -0.3386 -0.0787 0.2756, 0.4488 -0.0394 0.2756, -0.2913 -0.0787 0.2756, -0.1811 -0.0787 0.2756, 0.4961 -0.0394 0.2756, -0.1339 -0.0787 0.2756, -0.0236 -0.0787 0.2756, 0.6063 -0.0394 0.2756, 0.0236 -0.0787 0.2756, 0.1339 -0.0787 0.2756, 0.6535 -0.0394 0.2756, 0.1811 -0.0787 0.2756, 0.2913 -0.0787 0.2756, 0.7638 -0.0394 0.2756, 0.3386 -0.0787 0.2756, 0.4488 -0.0787 0.2756, 0.811 -0.0394 0.2756, 0.4961 -0.0787 0.2756, 0.6063 -0.0787 0.2756, 0.9213 -0.0394 0.2756, 0.6535 -0.0787 0.2756, 0.7638 -0.0787 0.2756, 0.9685 -0.0394 0.2756, 0.811 -0.0787 0.2756, 0.9213 -0.0787 0.2756, 1.0787 -0.0394 0.2756, 0.9685 -0.0787 0.2756, 1.0787 -0.0787 0.2756, 1.126 -0.0394 0.2756, 1.126 -0.0787 0.2756, 0.3386 -0.2441 0.2756, 0.4488 -0.2441 0.2756, 0.2913 -0.2441 0.2756, 0.1811 -0.2441 0.2756, 1.126 -0.2441 0.2756, 1.2205 -0.2441 0.2756, 0.6535 -0.2441 0.2756, 0.7638 -0.2441 0.2756, 0.6063 -0.2441 0.2756, 0.4961 -0.2441 0.2756, 1.0787 -0.2441 0.2756, 0.9685 -0.2441 0.2756, 0.9213 -0.2441 0.2756, 0.811 -0.2441 0.2756, -1.0787 -0.2441 0.2756, -0.9685 -0.2441 0.2756, -0.9213 -0.2441 0.2756, -0.811 -0.2441 0.2756, -0.4488 -0.2441 0.2756, -0.3386 -0.2441 0.2756, -0.2913 -0.2441 0.2756, -0.1811 -0.2441 0.2756, -0.7638 -0.2441 0.2756, -0.6535 -0.2441 0.2756, -0.4961 -0.2441 0.2756, -0.6063 -0.2441 0.2756, -0.1339 -0.2441 0.2756, -0.0236 -0.2441 0.2756, 0.1339 -0.2441 0.2756, 0.0236 -0.2441 0.2756, -1.2795 -0.3031 0.2756, -1.4803 -0.3031 0.2756, 1.4803 0.3031 0.2756, -1.4803 0.3031 0.2756, 1.6772 0.2638 0.0433, 1.6772 -0.2638 0.0039, 1.6772 0.2638 0.0039, 1.2795 0.2638 0.0039, 1.126 0.4606 0.0039, 1.2795 0.4606 0.0039, 1.126 -0.4606 0.0039, 1.2795 -0.2638 0.0039, 1.2795 -0.4606 0.0039, -1.6772 -0.2638 0.0433, -1.6772 0.2638 0.0433, -1.6772 0.2638 0.0039, -1.6772 -0.2638 0.0039, -1.5454 -0.0435 0.0039, -1.126 -0.4606 0.0039, -1.2795 -0.4606 0.0039, -1.2795 -0.2638 0.0039, -1.2841 -0.0049 0.0039, -1.2865 0.0089 0.0039, -1.2847 0.002 0.0039, -1.5041 0.0353 0.0039, -1.5146 0.0353 0.0039, -1.3253 -0.0423 0.0039, -1.318 -0.044 0.0039, -1.126 0.4606 0.0039, -1.2795 0.2638 0.0039, -1.2795 0.4606 0.0039, -1.5259 -0.0214 0.0039, -1.4934 -0.0214 0.0039, -1.4858 -0.0435 0.0039, -1.4531 0.0278 0.0039, -1.4451 0.0321 0.0039, -1.4743 -0.0435 0.0039, -1.4686 -0.0031 0.0039, -1.5339 -0.0435 0.0039, -1.4159 -0.0435 0.0039, -1.4052 -0.0435 0.0039, -1.3581 -0.0079 0.0039, -1.3581 -0.0348 0.0039, -1.386 -0.0079 0.0039, -1.4677 -0.0125 0.0039, -1.4649 -0.0214 0.0039, -1.4359 -0.0426 0.0039, -1.4266 -0.0435 0.0039, -1.453 -0.0356 0.0039, -1.4448 -0.0401 0.0039, -1.4598 -0.0293 0.0039, -1.4648 0.0143 0.0039, -1.4677 0.0059 0.0039, -1.4599 0.0218 0.0039, -1.4364 0.0346 0.0039, -1.4274 0.0352 0.0039, -1.4126 0.0353 0.0039, -1.42 0.0354 0.0039, -1.4052 0.0353 0.0039, -1.3898 -0.0348 0.0039, -1.3476 -0.0435 0.0039, -1.3898 -0.0435 0.0039, -1.3476 0.0353 0.0039, -1.3879 0.0353 0.0039, -1.386 0.0007 0.0039, -1.3581 0.0266 0.0039, -1.3581 0.0007 0.0039, -1.3879 0.0266 0.0039, -1.3322 -0.0307 0.0039, -1.3065 0.0269 0.0039, -1.2998 0.0243 0.0039, -1.304 -0.0348 0.0039, -1.3138 0.0276 0.0039, -1.312 -0.0358 0.0039, -1.3322 -0.0394 0.0039, -1.2736 -0.0056 0.0039, -1.2371 -0.0348 0.0039, -1.2669 -0.0348 0.0039, -1.2848 -0.0129 0.0039, -1.2871 -0.0202 0.0039, -1.2897 0.015 0.0039, -1.2914 -0.0269 0.0039, -1.2941 0.0204 0.0039, -1.2806 -0.03 0.0039, -1.2669 -0.0435 0.0039, -1.2864 -0.0363 0.0039, -1.2766 -0.0224 0.0039, -1.2972 -0.0318 0.0039, -1.2371 0.0353 0.0039, -1.2815 0.0207 0.0039, -1.2879 0.0275 0.0039, -1.2769 0.0127 0.0039, -1.319 -0.0353 0.0039, -1.3045 0.0353 0.0039, -1.2958 0.0324 0.0039, -1.32 0.036 0.0039, -1.3262 0.035 0.0039, -1.3201 0.0271 0.0039, -1.3137 0.0363 0.0039, -1.3322 0.0331 0.0039, -1.3258 -0.0337 0.0039, -1.3262 0.0254 0.0039, -1.3322 0.0226 0.0039, -1.2744 0.0037 0.0039, -1.2743 -0.0142 0.0039, -1.2266 -0.0435 0.0039, -1.2937 -0.041 0.0039, -1.3019 -0.0436 0.0039, -1.3105 -0.0444 0.0039, -1.2266 0.0353 0.0039, -1.5197 0.3425 0.315, -1.5197 -0.3425 0.315, -1.2795 0.3425 0.315, -1.2795 -0.3425 0.315, 1.4803 -0.3031 0.2756, 1.2795 -0.3031 0.2756, -1.126 -0.2441 0.2756, -1.2205 -0.2441 0.2756, -0.6063 -0.3819 0.2756, -0.6535 -0.3819 0.2756, -0.811 -0.3819 0.2756, -0.4961 -0.3819 0.2756, -0.4488 -0.3819 0.2756, -1.126 -0.3819 0.2756, -0.3386 -0.3819 0.2756, -0.2913 -0.3819 0.2756, -0.1811 -0.3819 0.2756, -0.1339 -0.3819 0.2756, -0.0236 -0.3819 0.2756, 0.0236 -0.3819 0.2756, 0.2913 -0.3819 0.2756, -1.0787 -0.4213 0.2756, -1.126 -0.4213 0.2756, 0.3386 -0.3819 0.2756, 0.4488 -0.3819 0.2756, 0.6063 -0.3819 0.2756, 0.4961 -0.3819 0.2756, 0.6535 -0.3819 0.2756, 0.9685 -0.3819 0.2756, 0.9213 -0.3819 0.2756, 0.811 -0.3819 0.2756, 0.1339 -0.3819 0.2756, 1.0787 -0.3819 0.2756, 0.0236 -0.4213 0.2756, 0.1339 -0.4213 0.2756, 0.7638 -0.3819 0.2756, -1.0787 -0.3819 0.2756, -0.9685 -0.3819 0.2756, -0.7638 -0.3819 0.2756, 0.1811 -0.3819 0.2756, -0.0236 -0.4213 0.2756, 1.126 -0.3819 0.2756, 0.6535 -0.4213 0.2756, 0.6063 -0.4213 0.2756, 0.7638 -0.4213 0.2756, 0.811 -0.4213 0.2756, 0.9213 -0.4213 0.2756, 0.3386 -0.4213 0.2756, 0.2913 -0.4213 0.2756, 0.4488 -0.4213 0.2756, 0.4961 -0.4213 0.2756, 1.126 -0.4213 0.2756, 1.0787 -0.4213 0.2756, 0.9685 -0.4213 0.2756, -0.4488 -0.4213 0.2756, -0.4961 -0.4213 0.2756, -0.3386 -0.4213 0.2756, -0.9213 -0.3819 0.2756, -0.6063 -0.4213 0.2756, -0.6535 -0.4213 0.2756, -0.1339 -0.4213 0.2756, -0.1811 -0.4213 0.2756, -0.2913 -0.4213 0.2756, -0.9685 -0.4213 0.2756, 0.1811 -0.4213 0.2756, -0.7638 -0.4213 0.2756, -0.811 -0.4213 0.2756, -0.9213 -0.4213 0.2756, -1.0827 -0.3819 0.2323, -1.0787 -0.3819 0.0787, -1.122 -0.3819 0.2323, -1.126 -0.3819 0.0787, -1.122 -0.3819 0.2541, -1.0827 -0.3819 0.2541, -1.126 -0.4213 0.0787, -1.0787 -0.4213 0.0787, -1.122 -0.4094 0.0787, -1.0827 -0.4094 0.0787, -1.0827 -0.3898 0.0787, -1.122 -0.3898 0.0787, -0.9252 -0.3819 0.2323, -0.9213 -0.3819 0.0787, -0.9646 -0.3819 0.2323, -0.9685 -0.3819 0.0787, -0.9646 -0.3819 0.2541, -0.9252 -0.3819 0.2541, -0.9685 -0.4213 0.0787, -0.9213 -0.4213 0.0787, -0.9646 -0.4094 0.0787, -0.9252 -0.4094 0.0787, -0.9252 -0.3898 0.0787, -0.9646 -0.3898 0.0787, -0.7677 -0.3819 0.2323, -0.7638 -0.3819 0.0787, -0.8071 -0.3819 0.2323, -0.811 -0.3819 0.0787, -0.8071 -0.3819 0.2541, -0.7677 -0.3819 0.2541, -0.811 -0.4213 0.0787, -0.7638 -0.4213 0.0787, -0.8071 -0.4094 0.0787, -0.7677 -0.4094 0.0787, -0.7677 -0.3898 0.0787, -0.8071 -0.3898 0.0787, -0.6102 -0.3819 0.2323, -0.6063 -0.3819 0.0787, -0.6496 -0.3819 0.2323, -0.6535 -0.3819 0.0787, -0.6496 -0.3819 0.2541, -0.6102 -0.3819 0.2541, -0.6535 -0.4213 0.0787, -0.6063 -0.4213 0.0787, -0.6496 -0.4094 0.0787, -0.6102 -0.4094 0.0787, -0.6102 -0.3898 0.0787, -0.6496 -0.3898 0.0787, -0.4528 -0.3819 0.2323, -0.4488 -0.3819 0.0787, -0.4921 -0.3819 0.2323, -0.4961 -0.3819 0.0787, -0.4921 -0.3819 0.2541, -0.4528 -0.3819 0.2541, -0.4961 -0.4213 0.0787, -0.4488 -0.4213 0.0787, -0.4921 -0.4094 0.0787, -0.4528 -0.4094 0.0787, -0.4528 -0.3898 0.0787, -0.4921 -0.3898 0.0787, -0.2953 -0.3819 0.2323, -0.2913 -0.3819 0.0787, -0.3346 -0.3819 0.2323, -0.3386 -0.3819 0.0787, -0.3346 -0.3819 0.2541, -0.2953 -0.3819 0.2541, -0.3386 -0.4213 0.0787, -0.2913 -0.4213 0.0787, -0.3346 -0.4094 0.0787, -0.2953 -0.4094 0.0787, -0.2953 -0.3898 0.0787, -0.3346 -0.3898 0.0787, -0.1378 -0.3819 0.2323, -0.1339 -0.3819 0.0787, -0.1772 -0.3819 0.2323, -0.1811 -0.3819 0.0787, -0.1772 -0.3819 0.2541, -0.1378 -0.3819 0.2541, -0.1811 -0.4213 0.0787, -0.1339 -0.4213 0.0787, -0.1772 -0.4094 0.0787, -0.1378 -0.4094 0.0787, -0.1378 -0.3898 0.0787, -0.1772 -0.3898 0.0787, 1.122 -0.3819 0.2323, 1.126 -0.3819 0.0787, 1.0827 -0.3819 0.2323, 1.0787 -0.3819 0.0787, 1.0827 -0.3819 0.2541, 1.122 -0.3819 0.2541, 1.0787 -0.4213 0.0787, 1.126 -0.4213 0.0787, 1.0827 -0.4094 0.0787, 1.122 -0.4094 0.0787, 1.122 -0.3898 0.0787, 1.0827 -0.3898 0.0787, 0.9646 -0.3819 0.2323, 0.9685 -0.3819 0.0787, 0.9252 -0.3819 0.2323, 0.9213 -0.3819 0.0787, 0.9252 -0.3819 0.2541, 0.9646 -0.3819 0.2541, 0.9213 -0.4213 0.0787, 0.9685 -0.4213 0.0787, 0.9252 -0.4094 0.0787, 0.9646 -0.4094 0.0787, 0.9646 -0.3898 0.0787, 0.9252 -0.3898 0.0787, 0.8071 -0.3819 0.2323, 0.811 -0.3819 0.0787, 0.7677 -0.3819 0.2323, 0.7638 -0.3819 0.0787, 0.7677 -0.3819 0.2541, 0.8071 -0.3819 0.2541, 0.7638 -0.4213 0.0787, 0.811 -0.4213 0.0787, 0.7677 -0.4094 0.0787, 0.8071 -0.4094 0.0787, 0.8071 -0.3898 0.0787, 0.7677 -0.3898 0.0787, 0.6496 -0.3819 0.2323, 0.6535 -0.3819 0.0787, 0.6102 -0.3819 0.2323, 0.6063 -0.3819 0.0787, 0.6102 -0.3819 0.2541, 0.6496 -0.3819 0.2541, 0.6063 -0.4213 0.0787, 0.6535 -0.4213 0.0787, 0.6102 -0.4094 0.0787, 0.6496 -0.4094 0.0787, 0.6496 -0.3898 0.0787, 0.6102 -0.3898 0.0787, 0.4921 -0.3819 0.2323, 0.4961 -0.3819 0.0787, 0.4528 -0.3819 0.2323, 0.4488 -0.3819 0.0787, 0.4528 -0.3819 0.2541, 0.4921 -0.3819 0.2541, 0.4488 -0.4213 0.0787, 0.4961 -0.4213 0.0787, 0.4528 -0.4094 0.0787, 0.4921 -0.4094 0.0787, 0.4921 -0.3898 0.0787, 0.4528 -0.3898 0.0787, 0.3346 -0.3819 0.2323, 0.3386 -0.3819 0.0787, 0.2953 -0.3819 0.2323, 0.2913 -0.3819 0.0787, 0.2953 -0.3819 0.2541, 0.3346 -0.3819 0.2541, 0.2913 -0.4213 0.0787, 0.3386 -0.4213 0.0787, 0.2953 -0.4094 0.0787, 0.3346 -0.4094 0.0787, 0.3346 -0.3898 0.0787, 0.2953 -0.3898 0.0787, 0.1772 -0.3819 0.2323, 0.1811 -0.3819 0.0787, 0.1378 -0.3819 0.2323, 0.1339 -0.3819 0.0787, 0.1378 -0.3819 0.2541, 0.1772 -0.3819 0.2541, 0.1339 -0.4213 0.0787, 0.1811 -0.4213 0.0787, 0.1378 -0.4094 0.0787, 0.1772 -0.4094 0.0787, 0.1772 -0.3898 0.0787, 0.1378 -0.3898 0.0787, 0.0197 -0.3819 0.2323, 0.0236 -0.3819 0.0787, -0.0197 -0.3819 0.2323, -0.0236 -0.3819 0.0787, -0.0197 -0.3819 0.2541, 0.0197 -0.3819 0.2541, -0.0236 -0.4213 0.0787, 0.0236 -0.4213 0.0787, -0.0197 -0.4094 0.0787, 0.0197 -0.4094 0.0787, 0.0197 -0.3898 0.0787, -0.0197 -0.3898 0.0787, 1.2795 -0.4606 0.0827, -1.126 -0.4606 0.063, 1.126 -0.4606 0.063, 1.0787 -0.4606 0.063, 0.9213 -0.4606 0.063, 0.9685 -0.4606 0.063, 0.9685 -0.4606 0.0039, 1.0787 -0.4606 0.0039, 0.811 -0.4606 0.063, 0.7638 -0.4606 0.063, 0.811 -0.4606 0.0039, 0.9213 -0.4606 0.0039, 0.6535 -0.4606 0.0039, 0.7638 -0.4606 0.0039, 0.6535 -0.4606 0.063, 0.4961 -0.4606 0.063, 0.4961 -0.4606 0.0039, 0.6063 -0.4606 0.0039, 0.6063 -0.4606 0.063, 0.4488 -0.4606 0.063, 0.3386 -0.4606 0.0039, 0.4488 -0.4606 0.0039, 0.3386 -0.4606 0.063, 0.1811 -0.4606 0.0039, 0.2913 -0.4606 0.0039, 0.1811 -0.4606 0.063, 0.2913 -0.4606 0.063, 0.1339 -0.4606 0.063, 0.0236 -0.4606 0.063, 0.0236 -0.4606 0.0039, 0.1339 -0.4606 0.0039, -0.1339 -0.4606 0.0039, -0.0236 -0.4606 0.0039, -0.1339 -0.4606 0.063, -0.0236 -0.4606 0.063, -0.2913 -0.4606 0.0039, -0.1811 -0.4606 0.0039, -0.2913 -0.4606 0.063, -0.1811 -0.4606 0.063, -0.4488 -0.4606 0.0039, -0.3386 -0.4606 0.0039, -0.4488 -0.4606 0.063, -0.3386 -0.4606 0.063, -0.6063 -0.4606 0.0039, -0.4961 -0.4606 0.0039, -0.6063 -0.4606 0.063, -0.4961 -0.4606 0.063, -0.6535 -0.4606 0.0039, -0.7638 -0.4606 0.063, -0.7638 -0.4606 0.0039, -0.6535 -0.4606 0.063, -0.9213 -0.4606 0.063, -0.9213 -0.4606 0.0039, -0.811 -0.4606 0.0039, -0.811 -0.4606 0.063, -0.9685 -0.4606 0.0039, -1.0787 -0.4606 0.063, -1.0787 -0.4606 0.0039, -0.9685 -0.4606 0.063, -1.126 0.4606 0.063, -1.122 -0.0584 0.063, -1.122 -0.4094 0.063, -1.122 0.0781 0.063, -1.122 0.2526 0.063, -1.0827 0.0781 0.063, -1.0827 0.4094 0.063, -1.122 0.4094 0.063, -1.122 0.3898 0.063, -1.0787 0.4606 0.063, -1.0827 0.3898 0.063, -1.0827 0.2723 0.063, -1.0827 -0.2526 0.063, -1.122 -0.2526 0.063, -1.122 -0.0781 0.063, -1.122 0.0584 0.063, -1.0827 0.0584 0.063, -1.122 0.2723 0.063, -1.122 -0.3898 0.063, -1.122 -0.2723 0.063, -1.0827 -0.3898 0.063, -1.0827 -0.0584 0.063, -1.0827 -0.0781 0.063, -1.0827 -0.2723 0.063, -1.0827 -0.4094 0.063, -1.0827 0.2526 0.063, -0.9685 0.4606 0.063, -0.9646 -0.0584 0.063, -0.9646 -0.4094 0.063, -0.9646 0.0781 0.063, -0.9646 0.2526 0.063, -0.9252 0.0781 0.063, -0.9252 0.4094 0.063, -0.9646 0.4094 0.063, -0.9646 0.3898 0.063, -0.9213 0.4606 0.063, -0.9252 0.3898 0.063, -0.9252 0.2723 0.063, -0.9252 -0.2526 0.063, -0.9646 -0.2526 0.063, -0.9646 -0.0781 0.063, -0.9646 0.0584 0.063, -0.9252 0.0584 0.063, -0.9646 0.2723 0.063, -0.9646 -0.3898 0.063, -0.9646 -0.2723 0.063, -0.9252 -0.3898 0.063, -0.9252 -0.0584 0.063, -0.9252 -0.0781 0.063, -0.9252 -0.2723 0.063, -0.9252 -0.4094 0.063, -0.9252 0.2526 0.063, -0.811 0.4606 0.063, -0.8071 -0.0584 0.063, -0.8071 -0.4094 0.063, -0.8071 0.0781 0.063, -0.8071 0.2526 0.063, -0.7677 0.0781 0.063, -0.7677 0.4094 0.063, -0.8071 0.4094 0.063, -0.8071 0.3898 0.063, -0.7638 0.4606 0.063, -0.7677 0.3898 0.063, -0.7677 0.2723 0.063, -0.7677 -0.2526 0.063, -0.8071 -0.2526 0.063, -0.8071 -0.0781 0.063, -0.8071 0.0584 0.063, -0.7677 0.0584 0.063, -0.8071 0.2723 0.063, -0.8071 -0.3898 0.063, -0.8071 -0.2723 0.063, -0.7677 -0.3898 0.063, -0.7677 -0.0584 0.063, -0.7677 -0.0781 0.063, -0.7677 -0.2723 0.063, -0.7677 -0.4094 0.063, -0.7677 0.2526 0.063, -0.6535 0.4606 0.063, -0.6496 -0.0584 0.063, -0.6496 -0.4094 0.063, -0.6496 0.0781 0.063, -0.6496 0.2526 0.063, -0.6102 0.0781 0.063, -0.6102 0.4094 0.063, -0.6496 0.4094 0.063, -0.6496 0.3898 0.063, -0.6063 0.4606 0.063, -0.6102 0.3898 0.063, -0.6102 0.2723 0.063, -0.6102 -0.2526 0.063, -0.6496 -0.2526 0.063, -0.6496 -0.0781 0.063, -0.6496 0.0584 0.063, -0.6102 0.0584 0.063, -0.6496 0.2723 0.063, -0.6496 -0.3898 0.063, -0.6496 -0.2723 0.063, -0.6102 -0.3898 0.063, -0.6102 -0.0584 0.063, -0.6102 -0.0781 0.063, -0.6102 -0.2723 0.063, -0.6102 -0.4094 0.063, -0.6102 0.2526 0.063, -0.4961 0.4606 0.063, -0.4921 -0.0584 0.063, -0.4921 -0.4094 0.063, -0.4921 0.0781 0.063, -0.4921 0.2526 0.063, -0.4528 0.0781 0.063, -0.4528 0.4094 0.063, -0.4921 0.4094 0.063, -0.4921 0.3898 0.063, -0.4488 0.4606 0.063, -0.4528 0.3898 0.063, -0.4528 0.2723 0.063, -0.4528 -0.2526 0.063, -0.4921 -0.2526 0.063, -0.4921 -0.0781 0.063, -0.4921 0.0584 0.063, -0.4528 0.0584 0.063, -0.4921 0.2723 0.063, -0.4921 -0.3898 0.063, -0.4921 -0.2723 0.063, -0.4528 -0.3898 0.063, -0.4528 -0.0584 0.063, -0.4528 -0.0781 0.063, -0.4528 -0.2723 0.063, -0.4528 -0.4094 0.063, -0.4528 0.2526 0.063, -0.3386 0.4606 0.063, -0.3346 -0.0584 0.063, -0.3346 -0.4094 0.063, -0.3346 0.0781 0.063, -0.3346 0.2526 0.063, -0.2953 0.0781 0.063, -0.2953 0.4094 0.063, -0.3346 0.4094 0.063, -0.3346 0.3898 0.063, -0.2913 0.4606 0.063, -0.2953 0.3898 0.063, -0.2953 0.2723 0.063, -0.2953 -0.2526 0.063, -0.3346 -0.2526 0.063, -0.3346 -0.0781 0.063, -0.3346 0.0584 0.063, -0.2953 0.0584 0.063, -0.3346 0.2723 0.063, -0.3346 -0.3898 0.063, -0.3346 -0.2723 0.063, -0.2953 -0.3898 0.063, -0.2953 -0.0584 0.063, -0.2953 -0.0781 0.063, -0.2953 -0.2723 0.063, -0.2953 -0.4094 0.063, -0.2953 0.2526 0.063, -0.1811 0.4606 0.063, -0.1772 -0.0584 0.063, -0.1772 -0.4094 0.063, -0.1772 0.0781 0.063, -0.1772 0.2526 0.063, -0.1378 0.0781 0.063, -0.1378 0.4094 0.063, -0.1772 0.4094 0.063, -0.1772 0.3898 0.063, -0.1339 0.4606 0.063, -0.1378 0.3898 0.063, -0.1378 0.2723 0.063, -0.1378 -0.2526 0.063, -0.1772 -0.2526 0.063, -0.1772 -0.0781 0.063, -0.1772 0.0584 0.063, -0.1378 0.0584 0.063, -0.1772 0.2723 0.063, -0.1772 -0.3898 0.063, -0.1772 -0.2723 0.063, -0.1378 -0.3898 0.063, -0.1378 -0.0584 0.063, -0.1378 -0.0781 0.063, -0.1378 -0.2723 0.063, -0.1378 -0.4094 0.063, -0.1378 0.2526 0.063, 1.0787 0.4606 0.063, 1.0827 -0.0584 0.063, 1.0827 -0.4094 0.063, 1.0827 0.0781 0.063, 1.0827 0.2526 0.063, 1.122 0.0781 0.063, 1.122 0.4094 0.063, 1.0827 0.4094 0.063, 1.0827 0.3898 0.063, 1.126 0.4606 0.063, 1.122 0.3898 0.063, 1.122 0.2723 0.063, 1.122 -0.2526 0.063, 1.0827 -0.2526 0.063, 1.0827 -0.0781 0.063, 1.0827 0.0584 0.063, 1.122 0.0584 0.063, 1.0827 0.2723 0.063, 1.0827 -0.3898 0.063, 1.0827 -0.2723 0.063, 1.122 -0.3898 0.063, 1.122 -0.0584 0.063, 1.122 -0.0781 0.063, 1.122 -0.2723 0.063, 1.122 -0.4094 0.063, 1.122 0.2526 0.063, 0.9213 0.4606 0.063, 0.9252 -0.0584 0.063, 0.9252 -0.4094 0.063, 0.9252 0.0781 0.063, 0.9252 0.2526 0.063, 0.9646 0.0781 0.063, 0.9646 0.4094 0.063, 0.9252 0.4094 0.063, 0.9252 0.3898 0.063, 0.9685 0.4606 0.063, 0.9646 0.3898 0.063, 0.9646 0.2723 0.063, 0.9646 -0.2526 0.063, 0.9252 -0.2526 0.063, 0.9252 -0.0781 0.063, 0.9252 0.0584 0.063, 0.9646 0.0584 0.063, 0.9252 0.2723 0.063, 0.9252 -0.3898 0.063, 0.9252 -0.2723 0.063, 0.9646 -0.3898 0.063, 0.9646 -0.0584 0.063, 0.9646 -0.0781 0.063, 0.9646 -0.2723 0.063, 0.9646 -0.4094 0.063, 0.9646 0.2526 0.063, 0.7638 0.4606 0.063, 0.7677 -0.0584 0.063, 0.7677 -0.4094 0.063, 0.7677 0.0781 0.063, 0.7677 0.2526 0.063, 0.8071 0.0781 0.063, 0.8071 0.4094 0.063, 0.7677 0.4094 0.063, 0.7677 0.3898 0.063, 0.811 0.4606 0.063, 0.8071 0.3898 0.063, 0.8071 0.2723 0.063, 0.8071 -0.2526 0.063, 0.7677 -0.2526 0.063, 0.7677 -0.0781 0.063, 0.7677 0.0584 0.063, 0.8071 0.0584 0.063, 0.7677 0.2723 0.063, 0.7677 -0.3898 0.063, 0.7677 -0.2723 0.063, 0.8071 -0.3898 0.063, 0.8071 -0.0584 0.063, 0.8071 -0.0781 0.063, 0.8071 -0.2723 0.063, 0.8071 -0.4094 0.063, 0.8071 0.2526 0.063, 0.6063 0.4606 0.063, 0.6102 -0.0584 0.063, 0.6102 -0.4094 0.063, 0.6102 0.0781 0.063, 0.6102 0.2526 0.063, 0.6496 0.0781 0.063, 0.6496 0.4094 0.063, 0.6102 0.4094 0.063, 0.6102 0.3898 0.063, 0.6535 0.4606 0.063, 0.6496 0.3898 0.063, 0.6496 0.2723 0.063, 0.6496 -0.2526 0.063, 0.6102 -0.2526 0.063, 0.6102 -0.0781 0.063, 0.6102 0.0584 0.063, 0.6496 0.0584 0.063, 0.6102 0.2723 0.063, 0.6102 -0.3898 0.063, 0.6102 -0.2723 0.063, 0.6496 -0.3898 0.063, 0.6496 -0.0584 0.063, 0.6496 -0.0781 0.063, 0.6496 -0.2723 0.063, 0.6496 -0.4094 0.063, 0.6496 0.2526 0.063, 0.4488 0.4606 0.063, 0.4528 -0.0584 0.063, 0.4528 -0.4094 0.063, 0.4528 0.0781 0.063, 0.4528 0.2526 0.063, 0.4921 0.0781 0.063, 0.4921 0.4094 0.063, 0.4528 0.4094 0.063, 0.4528 0.3898 0.063, 0.4961 0.4606 0.063, 0.4921 0.3898 0.063, 0.4921 0.2723 0.063, 0.4921 -0.2526 0.063, 0.4528 -0.2526 0.063, 0.4528 -0.0781 0.063, 0.4528 0.0584 0.063, 0.4921 0.0584 0.063, 0.4528 0.2723 0.063, 0.4528 -0.3898 0.063, 0.4528 -0.2723 0.063, 0.4921 -0.3898 0.063, 0.4921 -0.0584 0.063, 0.4921 -0.0781 0.063, 0.4921 -0.2723 0.063, 0.4921 -0.4094 0.063, 0.4921 0.2526 0.063, 0.2913 0.4606 0.063, 0.2953 -0.0584 0.063, 0.2953 -0.4094 0.063, 0.2953 0.0781 0.063, 0.2953 0.2526 0.063, 0.3346 0.0781 0.063, 0.3346 0.4094 0.063, 0.2953 0.4094 0.063, 0.2953 0.3898 0.063, 0.3386 0.4606 0.063, 0.3346 0.3898 0.063, 0.3346 0.2723 0.063, 0.3346 -0.2526 0.063, 0.2953 -0.2526 0.063, 0.2953 -0.0781 0.063, 0.2953 0.0584 0.063, 0.3346 0.0584 0.063, 0.2953 0.2723 0.063, 0.2953 -0.3898 0.063, 0.2953 -0.2723 0.063, 0.3346 -0.3898 0.063, 0.3346 -0.0584 0.063, 0.3346 -0.0781 0.063, 0.3346 -0.2723 0.063, 0.3346 -0.4094 0.063, 0.3346 0.2526 0.063, 0.1339 0.4606 0.063, 0.1378 -0.0584 0.063, 0.1378 -0.4094 0.063, 0.1378 0.0781 0.063, 0.1378 0.2526 0.063, 0.1772 0.0781 0.063, 0.1772 0.4094 0.063, 0.1378 0.4094 0.063, 0.1378 0.3898 0.063, 0.1811 0.4606 0.063, 0.1772 0.3898 0.063, 0.1772 0.2723 0.063, 0.1772 -0.2526 0.063, 0.1378 -0.2526 0.063, 0.1378 -0.0781 0.063, 0.1378 0.0584 0.063, 0.1772 0.0584 0.063, 0.1378 0.2723 0.063, 0.1378 -0.3898 0.063, 0.1378 -0.2723 0.063, 0.1772 -0.3898 0.063, 0.1772 -0.0584 0.063, 0.1772 -0.0781 0.063, 0.1772 -0.2723 0.063, 0.1772 -0.4094 0.063, 0.1772 0.2526 0.063, -0.0236 0.4606 0.063, -0.0197 -0.0584 0.063, -0.0197 -0.4094 0.063, -0.0197 0.0781 0.063, -0.0197 0.2526 0.063, 0.0197 0.0781 0.063, 0.0197 0.4094 0.063, -0.0197 0.4094 0.063, -0.0197 0.3898 0.063, 0.0236 0.4606 0.063, 0.0197 0.3898 0.063, 0.0197 0.2723 0.063, 0.0197 -0.2526 0.063, -0.0197 -0.2526 0.063, -0.0197 -0.0781 0.063, -0.0197 0.0584 0.063, 0.0197 0.0584 0.063, -0.0197 0.2723 0.063, -0.0197 -0.3898 0.063, -0.0197 -0.2723 0.063, 0.0197 -0.3898 0.063, 0.0197 -0.0584 0.063, 0.0197 -0.0781 0.063, 0.0197 -0.2723 0.063, 0.0197 -0.4094 0.063, 0.0197 0.2526 0.063, 0.3386 0.4606 0.0039, 0.4488 0.4606 0.0039, 0.4961 0.4606 0.0039, 0.6063 0.4606 0.0039, 0.6535 0.4606 0.0039, 0.7638 0.4606 0.0039, 0.811 0.4606 0.0039, 0.9213 0.4606 0.0039, 0.9685 0.4606 0.0039, 1.0787 0.4606 0.0039, 0.1811 0.4606 0.0039, 0.2913 0.4606 0.0039, -1.0787 0.4606 0.0039, -0.9685 0.4606 0.0039, -0.9213 0.4606 0.0039, -0.811 0.4606 0.0039, -0.7638 0.4606 0.0039, -0.6535 0.4606 0.0039, -0.6063 0.4606 0.0039, -0.4961 0.4606 0.0039, -0.4488 0.4606 0.0039, -0.3386 0.4606 0.0039, -0.1339 0.4606 0.0039, -0.0236 0.4606 0.0039, -0.2913 0.4606 0.0039, -0.1811 0.4606 0.0039, 0.0236 0.4606 0.0039, 0.1339 0.4606 0.0039, -1.2795 0.395 0.0433, -1.2795 0.3294 0.0433, -1.2795 0.2638 0.0433, -1.4094 0.3917 0.0433, -1.4488 0.313 0.0433, -1.4094 0.313 0.0433, -1.4488 0.3917 0.0433, 1.2795 0.3294 0.0433, 1.2795 0.2638 0.0433, 1.2795 0.395 0.0433, 1.4094 0.3917 0.0433, 1.4094 0.313 0.0433, 1.4488 0.3917 0.0433, 1.4488 0.313 0.0433, -1.2795 -0.3294 0.0433, -1.2795 -0.2638 0.0433, -1.2795 -0.395 0.0433, -1.4094 -0.313 0.0433, -1.4094 -0.3917 0.0433, -1.4488 -0.3917 0.0433, -1.4488 -0.313 0.0433, -1.5075 0.0202 0.0039, -1.5108 0.0202 0.0039, -1.51 0.023 0.0039, -1.5144 0.0092 0.0039, -1.5039 0.0092 0.0039, -1.4999 -0.0018 0.0039, -1.496 -0.0127 0.0039, -1.5184 -0.0018 0.0039, -1.5083 0.023 0.0039, -1.5223 -0.0127 0.0039, -1.5093 0.0257 0.0039, -1.4518 0.0164 0.0039, -1.4522 -0.0234 0.0039, -1.4574 -0.0103 0.0039, -1.4157 -0.0348 0.0039, -1.4274 0.0269 0.0039, -1.4157 0.0266 0.0039, -1.4343 -0.0343 0.0039, -1.4408 0.024 0.0039, -1.4342 0.0259 0.0039, -1.4557 0.0104 0.0039, -1.458 -0.0033 0.0039, -1.4472 -0.0286 0.0039, -1.4469 0.0211 0.0039, -1.4576 0.004 0.0039, -1.4556 -0.0173 0.0039, -1.4412 -0.0323 0.0039, -1.4269 -0.0351 0.0039
            ]
        }
        coordIndex [
            0,1,2,-1,3,4,5,-1,5,6,3,-1,7,5,4,-1,3,6,8,-1,1,0,9,-1,8,2,3,-1,10,4,9,-1,0,10,9,-1,10,7,4,-1,2,1,3,-1,7,11,12,-1,13,14,15,-1,16,17,18,-1,14,13,17,-1,13,18,17,-1,12,18,13,-1,11,7,19,-1,18,12,11,-1,11,19,20,-1,12,5,7,-1,21,22,13,-1,13,15,21,-1,23,24,25,-1,26,20,27,-1,28,25,24,-1,25,19,23,-1,19,27,20,-1,25,27,19,-1,23,29,24,-1,30,31,32,-1,29,23,33,-1,32,34,35,-1,34,32,29,-1,30,32,35,-1,35,34,36,-1,23,37,33,-1,29,33,34,-1,37,38,33,-1,34,39,36,-1,39,34,40,-1,38,41,42,-1,38,42,33,-1,43,44,45,-1,46,47,48,-1,49,50,51,-1,51,50,52,-1,53,54,55,-1,56,57,58,-1,53,55,59,-1,51,60,49,-1,61,49,60,-1,62,48,47,-1,57,56,63,-1,64,61,60,-1,61,64,65,-1,66,50,49,-1,48,62,67,-1,65,64,68,-1,68,69,65,-1,70,61,65,-1,50,66,71,-1,68,72,69,-1,73,69,72,-1,74,69,73,-1,61,70,75,-1,76,73,72,-1,73,76,77,-1,78,77,79,-1,69,74,80,-1,77,76,81,-1,82,29,83,-1,84,85,86,-1,77,78,87,-1,85,88,89,-1,89,86,85,-1,90,91,92,-1,85,84,93,-1,94,91,95,-1,91,94,92,-1,96,97,98,-1,91,90,99,-1,100,101,97,-1,98,97,101,-1,102,103,104,-1,97,96,105,-1,103,106,107,-1,107,104,103,-1,108,109,110,-1,103,102,111,-1,112,109,113,-1,109,112,110,-1,114,115,116,-1,109,108,117,-1,118,119,115,-1,120,121,122,-1,123,121,124,-1,115,114,125,-1,126,32,127,-1,128,32,129,-1,121,123,130,-1,131,132,32,-1,133,43,45,-1,134,135,136,-1,134,137,135,-1,57,138,58,-1,58,139,48,-1,79,77,81,-1,82,137,29,-1,50,47,52,-1,32,126,29,-1,29,126,140,-1,88,85,79,-1,115,119,116,-1,81,88,79,-1,126,88,81,-1,88,126,127,-1,128,127,32,-1,95,91,86,-1,124,121,120,-1,89,95,86,-1,128,95,89,-1,95,128,129,-1,132,129,32,-1,97,92,100,-1,141,142,32,-1,94,100,92,-1,132,100,94,-1,100,132,131,-1,142,131,32,-1,106,103,98,-1,143,144,32,-1,101,106,98,-1,142,106,101,-1,106,142,141,-1,144,141,32,-1,104,113,109,-1,107,113,104,-1,144,113,107,-1,113,144,143,-1,145,143,32,-1,110,118,115,-1,32,146,145,-1,112,118,110,-1,145,118,112,-1,118,145,146,-1,147,146,32,-1,121,116,122,-1,32,124,148,-1,32,149,147,-1,119,122,116,-1,147,122,119,-1,122,147,149,-1,148,149,32,-1,124,120,148,-1,47,46,52,-1,140,76,150,-1,48,139,46,-1,72,150,76,-1,140,150,29,-1,29,150,151,-1,58,138,139,-1,152,151,68,-1,57,153,138,-1,64,152,68,-1,151,152,29,-1,29,152,154,-1,54,153,57,-1,155,154,60,-1,156,153,54,-1,51,155,60,-1,154,155,29,-1,29,155,157,-1,156,54,53,-1,158,157,52,-1,156,53,159,-1,46,158,52,-1,157,158,29,-1,29,158,160,-1,53,44,159,-1,161,160,139,-1,44,162,159,-1,138,161,139,-1,160,161,29,-1,29,161,163,-1,43,162,44,-1,164,163,153,-1,82,162,43,-1,156,164,153,-1,163,164,29,-1,29,164,165,-1,82,43,135,-1,166,165,159,-1,135,137,82,-1,162,166,159,-1,165,166,29,-1,29,166,83,-1,167,168,121,-1,169,116,121,-1,169,121,168,-1,116,170,171,-1,167,172,171,-1,116,171,172,-1,167,171,168,-1,116,169,170,-1,173,174,175,-1,176,177,178,-1,179,180,181,-1,182,183,184,-1,177,179,185,-1,181,186,179,-1,187,188,189,-1,190,184,191,-1,192,174,173,-1,189,193,187,-1,194,195,196,-1,183,197,198,-1,192,173,199,-1,196,200,194,-1,201,202,203,-1,204,205,206,-1,203,207,201,-1,208,209,210,-1,204,211,205,-1,210,212,208,-1,213,214,215,-1,216,211,204,-1,215,217,213,-1,218,219,220,-1,221,222,223,-1,220,224,218,-1,225,226,227,-1,223,222,228,-1,227,229,225,-1,230,231,232,-1,222,233,228,-1,232,234,230,-1,235,236,237,-1,238,239,240,-1,241,242,243,-1,237,244,235,-1,245,246,247,-1,248,241,243,-1,247,249,245,-1,250,251,252,-1,253,254,255,-1,252,256,250,-1,257,258,259,-1,260,261,262,-1,263,264,265,-1,259,266,257,-1,267,268,269,-1,270,271,272,-1,269,273,267,-1,274,172,275,-1,271,276,277,-1,278,279,280,-1,275,281,274,-1,282,283,284,-1,285,286,287,-1,243,288,248,-1,289,290,291,-1,277,292,293,-1,289,291,294,-1,292,277,295,-1,294,296,289,-1,297,298,299,-1,300,301,302,-1,298,297,303,-1,300,304,301,-1,305,306,307,-1,308,183,182,-1,306,305,309,-1,310,300,302,-1,311,312,313,-1,314,315,316,-1,312,311,317,-1,318,319,320,-1,321,322,323,-1,322,321,324,-1,325,326,327,-1,328,329,330,-1,331,332,333,-1,329,328,334,-1,335,336,337,-1,338,339,340,-1,308,341,183,-1,339,338,342,-1,343,344,345,-1,346,347,348,-1,349,350,351,-1,347,346,352,-1,353,354,355,-1,356,357,358,-1,359,360,361,-1,357,356,362,-1,363,349,351,-1,364,365,366,-1,333,367,368,-1,365,364,369,-1,370,371,372,-1,373,333,208,-1,374,341,308,-1,372,371,375,-1,376,377,378,-1,367,344,201,-1,379,355,194,-1,378,377,380,-1,381,382,383,-1,344,379,384,-1,383,382,385,-1,386,387,388,-1,389,355,390,-1,391,392,393,-1,388,387,394,-1,395,308,396,-1,178,391,393,-1,396,308,397,-1,374,398,393,-1,185,179,399,-1,400,401,185,-1,172,167,275,-1,402,403,274,-1,274,281,402,-1,275,167,404,-1,403,402,404,-1,403,404,167,-1,261,405,403,-1,283,261,403,-1,260,405,261,-1,270,265,406,-1,407,277,276,-1,408,283,282,-1,268,409,269,-1,410,242,267,-1,267,273,410,-1,269,409,411,-1,242,410,411,-1,242,411,409,-1,412,413,414,-1,415,416,264,-1,417,418,419,-1,420,405,421,-1,288,243,422,-1,243,274,405,-1,258,423,259,-1,424,221,257,-1,257,266,424,-1,259,423,425,-1,221,424,425,-1,221,425,423,-1,426,427,428,-1,429,241,430,-1,233,222,431,-1,222,267,241,-1,251,432,252,-1,433,206,250,-1,250,256,433,-1,252,432,434,-1,206,433,434,-1,206,434,432,-1,435,436,437,-1,438,223,439,-1,216,204,440,-1,204,257,223,-1,246,441,247,-1,442,175,245,-1,245,249,442,-1,247,441,443,-1,175,442,443,-1,175,443,441,-1,444,364,445,-1,446,447,448,-1,449,205,450,-1,199,173,451,-1,173,250,205,-1,236,452,237,-1,453,296,235,-1,235,244,453,-1,237,452,454,-1,296,453,454,-1,296,454,452,-1,455,456,457,-1,458,459,460,-1,461,174,462,-1,290,289,463,-1,289,245,174,-1,231,464,232,-1,465,310,230,-1,230,234,465,-1,232,464,466,-1,310,465,466,-1,310,466,464,-1,467,468,457,-1,469,458,470,-1,471,294,472,-1,304,300,473,-1,300,235,294,-1,180,474,181,-1,475,399,179,-1,179,186,475,-1,181,474,476,-1,399,475,476,-1,399,476,474,-1,351,185,399,-1,187,351,399,-1,351,350,185,-1,374,393,392,-1,387,184,477,-1,337,373,478,-1,188,479,189,-1,480,389,187,-1,187,193,480,-1,189,479,481,-1,389,480,481,-1,389,481,479,-1,390,355,354,-1,482,477,184,-1,379,359,361,-1,353,355,483,-1,337,213,484,-1,195,485,196,-1,486,384,194,-1,194,200,486,-1,196,485,487,-1,384,486,487,-1,384,487,485,-1,343,379,344,-1,488,489,490,-1,367,491,492,-1,345,344,360,-1,326,484,493,-1,202,494,203,-1,495,368,201,-1,201,207,495,-1,203,494,496,-1,368,495,496,-1,368,496,494,-1,333,332,367,-1,497,490,456,-1,373,498,499,-1,331,333,500,-1,218,501,326,-1,209,502,210,-1,503,478,208,-1,208,212,503,-1,210,502,504,-1,478,503,504,-1,478,504,502,-1,373,337,336,-1,505,506,507,-1,456,508,477,-1,484,509,510,-1,335,337,511,-1,501,512,316,-1,214,513,215,-1,514,493,213,-1,213,217,514,-1,215,513,515,-1,493,514,515,-1,493,515,513,-1,325,484,326,-1,516,517,518,-1,519,520,521,-1,501,522,523,-1,327,326,524,-1,525,316,225,-1,219,526,220,-1,527,512,218,-1,218,224,527,-1,220,526,528,-1,512,527,528,-1,512,528,526,-1,316,315,501,-1,525,529,530,-1,314,316,531,-1,532,320,525,-1,226,533,227,-1,534,532,225,-1,225,229,534,-1,227,533,535,-1,532,534,535,-1,532,535,533,-1,525,320,319,-1,488,536,377,-1,537,302,538,-1,318,320,539,-1,320,230,302,-1,276,279,407,-1,276,271,540,-1,276,541,279,-1,542,543,544,-1,277,407,295,-1,545,295,407,-1,293,292,546,-1,407,547,546,-1,293,546,547,-1,407,546,545,-1,548,549,550,-1,253,415,551,-1,265,270,297,-1,297,270,272,-1,271,544,552,-1,553,419,270,-1,297,272,303,-1,554,303,272,-1,299,298,555,-1,272,556,555,-1,299,555,556,-1,272,555,554,-1,557,558,559,-1,427,254,560,-1,415,264,305,-1,305,264,263,-1,265,417,561,-1,562,287,264,-1,305,263,309,-1,563,309,263,-1,307,306,564,-1,263,565,564,-1,307,564,565,-1,263,564,563,-1,566,567,568,-1,239,428,569,-1,254,253,311,-1,311,253,551,-1,415,285,570,-1,571,446,253,-1,311,551,317,-1,572,317,551,-1,313,312,573,-1,551,574,573,-1,313,573,574,-1,551,573,572,-1,575,576,577,-1,435,240,578,-1,428,427,321,-1,321,427,560,-1,254,447,579,-1,580,549,427,-1,321,560,324,-1,581,324,560,-1,323,322,582,-1,560,583,582,-1,323,582,583,-1,560,582,581,-1,584,585,586,-1,413,436,587,-1,240,239,328,-1,328,239,569,-1,428,550,588,-1,589,558,239,-1,328,569,334,-1,590,334,569,-1,330,329,591,-1,569,592,591,-1,330,591,592,-1,569,591,590,-1,191,593,594,-1,595,356,596,-1,436,435,338,-1,338,435,578,-1,240,559,597,-1,598,567,435,-1,338,578,342,-1,599,342,578,-1,340,339,600,-1,578,601,600,-1,340,600,601,-1,578,600,599,-1,602,401,363,-1,603,604,198,-1,183,341,605,-1,382,456,490,-1,197,603,198,-1,308,182,397,-1,606,397,182,-1,395,396,607,-1,182,608,607,-1,395,607,608,-1,182,607,606,-1,594,477,609,-1,387,477,508,-1,488,610,536,-1,506,611,488,-1,387,508,394,-1,612,394,508,-1,386,388,613,-1,508,614,613,-1,386,613,614,-1,508,613,612,-1,468,490,615,-1,382,490,489,-1,470,616,536,-1,371,470,458,-1,382,489,385,-1,617,385,489,-1,381,383,618,-1,489,619,618,-1,381,618,619,-1,489,618,617,-1,377,536,616,-1,584,620,470,-1,459,621,445,-1,622,505,536,-1,377,616,380,-1,623,380,616,-1,376,378,624,-1,616,625,624,-1,376,624,625,-1,616,624,623,-1,371,458,460,-1,445,364,459,-1,518,626,459,-1,627,586,458,-1,371,460,375,-1,628,375,460,-1,370,372,629,-1,460,630,629,-1,370,629,630,-1,460,629,628,-1,444,445,596,-1,595,596,631,-1,521,632,596,-1,633,517,445,-1,364,444,369,-1,634,369,444,-1,366,365,635,-1,444,636,635,-1,366,635,636,-1,444,635,634,-1,637,356,595,-1,595,414,637,-1,577,638,414,-1,639,520,595,-1,356,637,362,-1,640,362,637,-1,358,357,641,-1,637,642,641,-1,358,641,642,-1,637,641,640,-1,413,346,414,-1,346,413,587,-1,436,568,643,-1,644,576,413,-1,346,587,352,-1,645,352,587,-1,348,347,646,-1,587,647,646,-1,348,646,647,-1,587,646,645,-1,187,390,351,-1,648,649,390,-1,351,602,363,-1,483,650,649,-1,401,400,363,-1,651,341,603,-1,185,391,177,-1,350,400,185,-1,391,178,177,-1,341,651,605,-1,374,392,341,-1,341,604,603,-1,593,191,184,-1,183,605,197,-1,482,184,190,-1,182,184,387,-1,594,609,191,-1,492,491,500,-1,467,457,456,-1,477,482,609,-1,497,456,455,-1,508,456,382,-1,468,615,457,-1,499,498,511,-1,507,506,488,-1,490,497,615,-1,610,488,611,-1,489,488,377,-1,505,622,506,-1,510,509,524,-1,585,584,470,-1,536,610,622,-1,469,470,620,-1,616,470,371,-1,586,627,584,-1,523,522,531,-1,516,518,459,-1,458,469,627,-1,621,459,626,-1,460,459,364,-1,517,633,518,-1,530,529,539,-1,519,521,596,-1,445,621,633,-1,631,596,632,-1,444,596,356,-1,520,639,521,-1,537,538,473,-1,575,577,414,-1,595,631,639,-1,412,414,638,-1,637,414,346,-1,576,644,577,-1,471,472,463,-1,566,568,436,-1,413,412,644,-1,437,436,643,-1,587,436,338,-1,567,598,568,-1,461,462,451,-1,557,559,240,-1,435,437,598,-1,238,240,597,-1,578,240,328,-1,558,589,559,-1,449,450,440,-1,548,550,428,-1,239,238,589,-1,426,428,588,-1,569,428,321,-1,549,580,550,-1,438,439,431,-1,448,447,254,-1,427,426,580,-1,255,254,579,-1,560,254,311,-1,446,571,447,-1,429,430,422,-1,286,285,415,-1,253,255,571,-1,416,415,570,-1,551,415,305,-1,287,562,285,-1,420,421,652,-1,418,417,265,-1,264,416,562,-1,406,265,561,-1,263,265,297,-1,653,420,652,-1,419,553,417,-1,654,544,271,-1,270,406,553,-1,540,271,552,-1,272,271,277,-1,654,542,544,-1,262,261,652,-1,541,280,279,-1,540,543,276,-1,542,276,543,-1,282,280,541,-1,282,541,408,-1,283,408,261,-1,261,653,652,-1,655,422,243,-1,405,274,403,-1,405,260,421,-1,274,243,242,-1,655,429,422,-1,656,431,222,-1,241,267,242,-1,241,248,430,-1,267,222,221,-1,656,438,431,-1,657,440,204,-1,223,257,221,-1,223,228,439,-1,257,204,206,-1,657,449,440,-1,658,451,173,-1,205,250,206,-1,205,211,450,-1,250,173,175,-1,658,461,451,-1,659,463,289,-1,174,245,175,-1,174,192,462,-1,245,289,296,-1,659,471,463,-1,660,473,300,-1,294,235,296,-1,294,291,472,-1,235,300,310,-1,660,537,473,-1,661,539,320,-1,302,230,310,-1,302,301,538,-1,230,320,532,-1,661,530,539,-1,662,531,316,-1,525,225,532,-1,525,319,529,-1,225,316,512,-1,662,523,531,-1,663,524,326,-1,501,218,512,-1,501,315,522,-1,218,326,493,-1,663,510,524,-1,664,511,337,-1,484,213,493,-1,484,325,509,-1,213,337,478,-1,664,499,511,-1,665,500,333,-1,373,208,478,-1,373,336,498,-1,208,333,368,-1,665,492,500,-1,666,360,344,-1,367,201,368,-1,367,332,491,-1,201,344,384,-1,666,361,360,-1,379,194,384,-1,379,343,359,-1,194,355,389,-1,355,650,483,-1,483,649,648,-1,390,187,389,-1,648,390,354,-1,667,668,122,-1,667,669,668,-1,669,667,670,-1,671,122,668,-1,120,122,671,-1,120,672,669,-1,671,672,120,-1,120,669,670,-1,673,674,675,-1,676,677,670,-1,667,675,674,-1,667,678,676,-1,667,674,678,-1,676,670,667,-1,673,670,677,-1,674,673,677,-1,409,679,115,-1,680,110,115,-1,680,115,679,-1,110,681,682,-1,409,268,682,-1,110,682,268,-1,409,682,679,-1,110,680,681,-1,683,684,118,-1,683,685,684,-1,685,683,686,-1,687,118,684,-1,119,118,687,-1,119,688,685,-1,687,688,119,-1,119,685,686,-1,689,690,691,-1,692,693,686,-1,683,691,690,-1,683,694,692,-1,683,690,694,-1,692,686,683,-1,689,686,693,-1,690,689,693,-1,423,695,109,-1,696,104,109,-1,696,109,695,-1,104,697,698,-1,423,258,698,-1,104,698,258,-1,423,698,695,-1,104,696,697,-1,699,700,113,-1,699,701,700,-1,701,699,702,-1,703,113,700,-1,112,113,703,-1,112,704,701,-1,703,704,112,-1,112,701,702,-1,705,706,707,-1,708,709,702,-1,699,707,706,-1,699,710,708,-1,699,706,710,-1,708,702,699,-1,705,702,709,-1,706,705,709,-1,432,711,103,-1,712,98,103,-1,712,103,711,-1,98,713,714,-1,432,251,714,-1,98,714,251,-1,432,714,711,-1,98,712,713,-1,715,716,106,-1,715,717,716,-1,717,715,718,-1,719,106,716,-1,107,106,719,-1,107,720,717,-1,719,720,107,-1,107,717,718,-1,721,722,723,-1,724,725,718,-1,715,723,722,-1,715,726,724,-1,715,722,726,-1,724,718,715,-1,721,718,725,-1,722,721,725,-1,441,727,97,-1,728,92,97,-1,728,97,727,-1,92,729,730,-1,441,246,730,-1,92,730,246,-1,441,730,727,-1,92,728,729,-1,731,732,100,-1,731,733,732,-1,733,731,734,-1,735,100,732,-1,101,100,735,-1,101,736,733,-1,735,736,101,-1,101,733,734,-1,737,738,739,-1,740,741,734,-1,731,739,738,-1,731,742,740,-1,731,738,742,-1,740,734,731,-1,737,734,741,-1,738,737,741,-1,452,743,91,-1,744,86,91,-1,744,91,743,-1,86,745,746,-1,452,236,746,-1,86,746,236,-1,452,746,743,-1,86,744,745,-1,747,748,95,-1,747,749,748,-1,749,747,750,-1,751,95,748,-1,94,95,751,-1,94,752,749,-1,751,752,94,-1,94,749,750,-1,753,754,755,-1,756,757,750,-1,747,755,754,-1,747,758,756,-1,747,754,758,-1,756,750,747,-1,753,750,757,-1,754,753,757,-1,464,759,85,-1,760,79,85,-1,760,85,759,-1,79,761,762,-1,464,231,762,-1,79,762,231,-1,464,762,759,-1,79,760,761,-1,763,764,88,-1,763,765,764,-1,765,763,766,-1,767,88,764,-1,89,88,767,-1,89,768,765,-1,767,768,89,-1,89,765,766,-1,769,770,771,-1,772,773,766,-1,763,771,770,-1,763,774,772,-1,763,770,774,-1,772,766,763,-1,769,766,773,-1,770,769,773,-1,474,775,43,-1,776,135,43,-1,776,43,775,-1,135,777,778,-1,474,180,778,-1,135,778,180,-1,474,778,775,-1,135,776,777,-1,779,780,82,-1,779,781,780,-1,781,779,782,-1,783,82,780,-1,162,82,783,-1,162,784,781,-1,783,784,162,-1,162,781,782,-1,785,786,787,-1,788,789,782,-1,779,787,786,-1,779,790,788,-1,779,786,790,-1,788,782,779,-1,785,782,789,-1,786,785,789,-1,479,791,53,-1,792,44,53,-1,792,53,791,-1,44,793,794,-1,479,188,794,-1,44,794,188,-1,479,794,791,-1,44,792,793,-1,795,796,159,-1,795,797,796,-1,797,795,798,-1,799,159,796,-1,156,159,799,-1,156,800,797,-1,799,800,156,-1,156,797,798,-1,801,802,803,-1,804,805,798,-1,795,803,802,-1,795,806,804,-1,795,802,806,-1,804,798,795,-1,801,798,805,-1,802,801,805,-1,485,807,57,-1,808,54,57,-1,808,57,807,-1,54,809,810,-1,485,195,810,-1,54,810,195,-1,485,810,807,-1,54,808,809,-1,811,812,153,-1,811,813,812,-1,813,811,814,-1,815,153,812,-1,138,153,815,-1,138,816,813,-1,815,816,138,-1,138,813,814,-1,817,818,819,-1,820,821,814,-1,811,819,818,-1,811,822,820,-1,811,818,822,-1,820,814,811,-1,817,814,821,-1,818,817,821,-1,494,823,48,-1,824,58,48,-1,824,48,823,-1,58,825,826,-1,494,202,826,-1,58,826,202,-1,494,826,823,-1,58,824,825,-1,827,828,139,-1,827,829,828,-1,829,827,830,-1,831,139,828,-1,46,139,831,-1,46,832,829,-1,831,832,46,-1,46,829,830,-1,833,834,835,-1,836,837,830,-1,827,835,834,-1,827,838,836,-1,827,834,838,-1,836,830,827,-1,833,830,837,-1,834,833,837,-1,502,839,50,-1,840,47,50,-1,840,50,839,-1,47,841,842,-1,502,209,842,-1,47,842,209,-1,502,842,839,-1,47,840,841,-1,843,844,52,-1,843,845,844,-1,845,843,846,-1,847,52,844,-1,51,52,847,-1,51,848,845,-1,847,848,51,-1,51,845,846,-1,849,850,851,-1,852,853,846,-1,843,851,850,-1,843,854,852,-1,843,850,854,-1,852,846,843,-1,849,846,853,-1,850,849,853,-1,513,855,61,-1,856,49,61,-1,856,61,855,-1,49,857,858,-1,513,214,858,-1,49,858,214,-1,513,858,855,-1,49,856,857,-1,859,860,60,-1,859,861,860,-1,861,859,862,-1,863,60,860,-1,64,60,863,-1,64,864,861,-1,863,864,64,-1,64,861,862,-1,865,866,867,-1,868,869,862,-1,859,867,866,-1,859,870,868,-1,859,866,870,-1,868,862,859,-1,865,862,869,-1,866,865,869,-1,526,871,69,-1,872,65,69,-1,872,69,871,-1,65,873,874,-1,526,219,874,-1,65,874,219,-1,526,874,871,-1,65,872,873,-1,875,876,68,-1,875,877,876,-1,877,875,878,-1,879,68,876,-1,72,68,879,-1,72,880,877,-1,879,880,72,-1,72,877,878,-1,881,882,883,-1,884,885,878,-1,875,883,882,-1,875,886,884,-1,875,882,886,-1,884,878,875,-1,881,878,885,-1,882,881,885,-1,533,887,77,-1,888,73,77,-1,888,77,887,-1,73,889,890,-1,533,226,890,-1,73,890,226,-1,533,890,887,-1,73,888,889,-1,891,892,76,-1,891,893,892,-1,893,891,894,-1,895,76,892,-1,81,76,895,-1,81,896,893,-1,895,896,81,-1,81,893,894,-1,897,898,899,-1,900,901,894,-1,891,899,898,-1,891,902,900,-1,891,898,902,-1,900,894,891,-1,897,894,901,-1,898,897,901,-1,903,547,904,-1,905,906,907,-1,908,293,547,-1,906,903,904,-1,907,906,904,-1,547,903,908,-1,907,908,905,-1,907,293,908,-1,909,556,910,-1,911,912,913,-1,914,299,556,-1,912,909,910,-1,913,912,910,-1,556,909,914,-1,913,914,911,-1,913,299,914,-1,915,565,916,-1,917,918,919,-1,920,307,565,-1,918,915,916,-1,919,918,916,-1,565,915,920,-1,919,920,917,-1,919,307,920,-1,921,574,922,-1,923,924,925,-1,926,313,574,-1,924,921,922,-1,925,924,922,-1,574,921,926,-1,925,926,923,-1,925,313,926,-1,927,583,928,-1,929,930,931,-1,932,323,583,-1,930,927,928,-1,931,930,928,-1,583,927,932,-1,931,932,929,-1,931,323,932,-1,933,592,934,-1,935,936,937,-1,938,330,592,-1,936,933,934,-1,937,936,934,-1,592,933,938,-1,937,938,935,-1,937,330,938,-1,939,601,940,-1,941,942,943,-1,944,340,601,-1,942,939,940,-1,943,942,940,-1,601,939,944,-1,943,944,941,-1,943,340,944,-1,945,608,946,-1,947,948,949,-1,950,395,608,-1,948,945,946,-1,949,948,946,-1,608,945,950,-1,949,950,947,-1,949,395,950,-1,951,614,952,-1,953,954,955,-1,956,386,614,-1,954,951,952,-1,955,954,952,-1,614,951,956,-1,955,956,953,-1,955,386,956,-1,957,619,958,-1,959,960,961,-1,962,381,619,-1,960,957,958,-1,961,960,958,-1,619,957,962,-1,961,962,959,-1,961,381,962,-1,963,625,964,-1,965,966,967,-1,968,376,625,-1,966,963,964,-1,967,966,964,-1,625,963,968,-1,967,968,965,-1,967,376,968,-1,969,630,970,-1,971,972,973,-1,974,370,630,-1,972,969,970,-1,973,972,970,-1,630,969,974,-1,973,974,971,-1,973,370,974,-1,975,636,976,-1,977,978,979,-1,980,366,636,-1,978,975,976,-1,979,978,976,-1,636,975,980,-1,979,980,977,-1,979,366,980,-1,981,642,982,-1,983,984,985,-1,986,358,642,-1,984,981,982,-1,985,984,982,-1,642,981,986,-1,985,986,983,-1,985,358,986,-1,987,647,988,-1,989,990,991,-1,992,348,647,-1,990,987,988,-1,991,990,988,-1,647,987,992,-1,991,992,989,-1,991,348,992,-1,993,351,390,-1,390,994,993,-1,995,996,997,-1,998,993,994,-1,999,1000,1001,-1,997,1002,995,-1,1000,999,1003,-1,1004,1005,1006,-1,998,994,1007,-1,1008,1009,1010,-1,1011,1012,1013,-1,1008,1010,1014,-1,1015,1016,1017,-1,1012,1018,1013,-1,1019,1020,1021,-1,1015,1017,1022,-1,1023,1024,1025,-1,1026,1027,1028,-1,1023,1025,1029,-1,1030,1031,1032,-1,1033,1034,1026,-1,1028,1033,1026,-1,1030,1032,1035,-1,1036,1037,1038,-1,1034,1039,1040,-1,1034,1033,1039,-1,1036,1038,1041,-1,1042,1043,1044,-1,1045,1040,1046,-1,1046,1040,1039,-1,1042,1044,1047,-1,1048,1049,1050,-1,1051,1052,1045,-1,1046,1051,1045,-1,1048,1050,999,-1,1003,1053,1054,-1,1052,1055,1056,-1,1052,1051,1055,-1,1003,1054,1012,-1,1018,1057,1058,-1,1005,1056,1059,-1,1059,1056,1055,-1,1018,1058,1028,-1,1033,1060,1061,-1,1062,1063,1005,-1,1059,1062,1005,-1,1033,1061,1039,-1,1046,1064,1065,-1,1063,1066,1019,-1,1063,1062,1066,-1,1046,1065,1051,-1,1055,1067,1068,-1,1069,1019,1066,-1,1055,1068,1059,-1,1062,1070,1071,-1,1072,1073,1074,-1,1075,1073,1072,-1,1062,1071,1066,-1,1069,1076,1074,-1,1047,1048,1077,-1,1069,1073,1019,-1,1073,1069,1074,-1,1013,1018,1027,-1,1078,1052,1079,-1,1080,1047,1077,-1,1018,1028,1027,-1,1019,1021,1063,-1,1000,1003,1011,-1,1041,1042,1081,-1,1003,1012,1011,-1,1005,1004,1056,-1,1077,1048,1001,-1,1040,1082,1083,-1,1041,1081,1084,-1,1048,999,1001,-1,1052,1078,1045,-1,1081,1042,1080,-1,1036,1085,1035,-1,1042,1047,1080,-1,1040,1083,1034,-1,1085,1036,1084,-1,1086,1087,1026,-1,1035,1085,1088,-1,1036,1041,1084,-1,1026,1087,1027,-1,1089,1090,1013,-1,1091,1030,1088,-1,1030,1035,1088,-1,1013,1090,1011,-1,1029,1030,1091,-1,1092,1093,1000,-1,1094,1029,1091,-1,1000,1093,1001,-1,1094,1023,1029,-1,1095,1096,1077,-1,1094,1097,1023,-1,1077,1096,1080,-1,1023,1097,1022,-1,1098,1099,1081,-1,1022,1097,1100,-1,1081,1099,1084,-1,1015,1022,1100,-1,1101,1102,1085,-1,1103,1015,1100,-1,1085,1102,1088,-1,1103,1014,1015,-1,1104,1105,1091,-1,1103,1106,1014,-1,1091,1105,1094,-1,1014,1106,1008,-1,1107,1108,1097,-1,1008,1106,1109,-1,1097,1108,1100,-1,1007,1008,1109,-1,1110,1111,1103,-1,1112,1007,1109,-1,1103,1111,1106,-1,1112,998,1007,-1,1113,1114,1109,-1,1112,1115,998,-1,1109,1114,1112,-1,997,1115,1002,-1,1115,997,998,-1,1115,1116,1002,-1,185,995,391,-1,185,996,995,-1,133,45,187,-1,187,399,133,-1,134,179,177,-1,134,136,179,-1,1009,355,379,-1,379,1010,1009,-1,59,55,194,-1,194,389,59,-1,1016,344,367,-1,367,1017,1016,-1,63,56,201,-1,201,384,63,-1,1024,333,373,-1,373,1025,1024,-1,67,62,208,-1,208,368,67,-1,1031,337,484,-1,484,1032,1031,-1,71,66,213,-1,213,478,71,-1,1037,326,501,-1,501,1038,1037,-1,75,70,218,-1,218,493,75,-1,1043,316,525,-1,525,1044,1043,-1,80,74,225,-1,225,512,80,-1,1076,261,408,-1,408,1074,1076,-1,405,1070,243,-1,405,1071,1070,-1,130,123,283,-1,283,403,130,-1,125,274,242,-1,125,114,274,-1,241,1067,222,-1,241,1068,1067,-1,117,267,221,-1,117,108,267,-1,223,1064,204,-1,223,1065,1064,-1,111,257,206,-1,111,102,257,-1,205,1060,173,-1,205,1061,1060,-1,105,250,175,-1,105,96,250,-1,174,1057,289,-1,174,1058,1057,-1,99,245,296,-1,99,90,245,-1,294,1053,300,-1,294,1054,1053,-1,93,235,310,-1,93,84,235,-1,302,1049,320,-1,302,1050,1049,-1,87,230,532,-1,87,78,230,-1,458,1101,459,-1,458,1102,1101,-1,445,1099,1098,-1,1098,596,445,-1,392,1116,341,-1,392,1002,1116,-1,490,1107,488,-1,490,1108,1107,-1,536,1105,1104,-1,1104,470,536,-1,183,1114,1113,-1,1113,184,183,-1,477,1111,1110,-1,1110,456,477,-1,364,1117,1118,-1,364,1118,460,-1,1119,356,1120,-1,356,1119,444,-1,308,1121,1122,-1,308,1122,374,-1,377,1123,1124,-1,377,1124,489,-1,1125,371,1126,-1,371,1125,616,-1,1127,387,1128,-1,387,1127,182,-1,1129,382,1130,-1,382,1129,508,-1,270,1020,271,-1,270,1021,1020,-1,264,1006,265,-1,264,1004,1006,-1,239,1086,428,-1,239,1087,1086,-1,435,1089,240,-1,435,1090,1089,-1,253,1079,415,-1,253,1078,1079,-1,427,1083,1082,-1,1082,254,427,-1,413,1092,436,-1,413,1093,1092,-1,277,1131,1132,-1,277,1132,272,-1,297,1133,1134,-1,297,1134,263,-1,321,1135,1136,-1,321,1136,569,-1,328,1137,1138,-1,328,1138,578,-1,305,1139,1140,-1,305,1140,551,-1,1141,311,1142,-1,311,1141,560,-1,338,1143,1144,-1,338,1144,587,-1,595,1096,1095,-1,1095,414,595,-1,1145,346,1146,-1,346,1145,637,-1,280,1147,278,-1,280,1148,1147,-1,178,1149,137,-1,137,176,178,-1,284,124,1150,-1,1150,282,284,-1,23,10,1151,-1,1151,37,23,-1,23,19,10,-1,1151,1152,1153,-1,1151,10,1152,-1,7,10,19,-1,1154,1155,1156,-1,1157,1155,1158,-1,1154,1152,1158,-1,1155,1154,1158,-1,1157,1158,1159,-1,1152,1154,1153,-1,17,1160,14,-1,30,1161,1160,-1,17,30,1160,-1,1162,1163,1161,-1,30,35,1161,-1,1163,1160,1161,-1,1164,1163,1162,-1,1165,1166,1167,-1,1168,1169,1170,-1,1171,1172,1162,-1,1173,1174,1167,-1,1175,1176,1177,-1,1162,1172,1164,-1,1162,1176,1171,-1,1178,1179,1180,-1,1181,1171,1182,-1,1163,1183,1167,-1,1184,1183,1171,-1,1163,1180,1183,-1,1163,1185,1180,-1,1180,1185,1178,-1,1163,1164,1185,-1,1186,1187,1167,-1,1188,1189,1190,-1,1183,1191,1192,-1,1167,1183,1193,-1,1167,1193,1194,-1,1167,1194,1186,-1,1195,1196,1183,-1,1183,1196,1193,-1,1183,1192,1197,-1,1183,1197,1195,-1,1191,1183,1184,-1,1198,1199,1171,-1,1171,1199,1184,-1,1171,1181,1200,-1,1171,1200,1198,-1,1176,1201,1171,-1,1182,1171,1201,-1,1202,1201,1176,-1,1203,1204,1176,-1,1176,1204,1202,-1,1205,1203,1176,-1,1190,1206,1187,-1,1207,1167,1208,-1,1190,1187,1205,-1,1176,1209,1210,-1,1211,1212,1213,-1,1189,1206,1190,-1,1211,1190,1205,-1,1176,1210,1205,-1,1205,1214,1211,-1,1211,1214,1212,-1,1214,1205,1210,-1,1215,1207,1209,-1,1187,1208,1167,-1,1206,1208,1187,-1,1216,1217,1218,-1,1219,1216,1220,-1,1221,1207,1215,-1,1222,1223,1224,-1,1168,1225,1226,-1,1227,1228,1229,-1,1168,1228,1169,-1,1228,1168,1226,-1,1230,1231,1232,-1,1228,1227,1169,-1,1233,1224,1230,-1,1228,1234,1229,-1,1235,1236,1237,-1,1218,1217,1234,-1,1229,1234,1217,-1,1235,1238,1236,-1,1220,1239,1219,-1,1216,1218,1220,-1,1240,1176,1241,-1,1242,1243,1176,-1,1239,1244,1219,-1,1176,1245,1242,-1,1246,1209,1243,-1,1247,1248,1244,-1,1244,1239,1247,-1,1209,1249,1215,-1,1248,1247,1249,-1,1247,1215,1249,-1,1209,1246,1249,-1,1209,1176,1243,-1,1176,1240,1245,-1,1241,1235,1237,-1,1238,1235,1250,-1,1235,1222,1250,-1,1224,1233,1251,-1,1222,1235,1223,-1,1165,1167,1252,-1,1231,1167,1253,-1,1253,1232,1231,-1,1167,1254,1253,-1,1167,1174,1255,-1,1167,1255,1254,-1,1167,1207,1173,-1,1207,1221,1173,-1,1235,1241,1176,-1,1222,1224,1251,-1,1231,1230,1224,-1,1176,1175,1256,-1,1176,1256,1235,-1,1165,1256,1175,-1,1165,1252,1256,-1,1167,1231,1252,-1,30,1257,31,-1,1258,1257,30,-1,16,1258,17,-1,31,1257,1259,-1,1258,30,17,-1,1258,16,1260,-1,398,1261,393,-1,398,1262,1261,-1,282,1150,1148,-1,1148,280,282,-1,1261,1149,178,-1,178,393,1261,-1,391,995,1002,-1,1002,392,391,-1,1074,541,1072,-1,1074,408,541,-1,276,1075,1072,-1,1072,541,276,-1,32,1259,124,-1,32,31,1259,-1,29,28,24,-1,29,137,28,-1,26,1262,11,-1,11,20,26,-1,1260,16,18,-1,18,1147,1260,-1,1263,1264,904,-1,1133,913,1134,-1,1265,925,1266,-1,916,1267,919,-1,1265,1268,928,-1,1269,931,1268,-1,1270,1147,18,-1,913,916,1134,-1,919,1140,1139,-1,1271,1272,937,-1,931,1269,934,-1,919,922,1140,-1,925,1141,1142,-1,1269,1271,934,-1,1273,943,940,-1,925,928,1141,-1,931,1136,1135,-1,988,1274,1275,-1,943,1274,988,-1,931,934,1136,-1,937,1138,1137,-1,1275,1276,991,-1,1275,991,988,-1,937,940,1138,-1,943,1144,1143,-1,979,976,1277,-1,18,1278,1279,-1,943,988,1144,-1,991,1145,1146,-1,1280,1281,970,-1,1277,1280,979,-1,991,982,1145,-1,985,1119,1120,-1,967,964,1282,-1,964,1283,1282,-1,985,976,1119,-1,979,1118,1117,-1,967,1282,1284,-1,979,970,1118,-1,973,1125,1126,-1,1285,955,1286,-1,1287,952,961,-1,973,964,1125,-1,967,1124,1123,-1,1276,1288,982,-1,949,946,1289,-1,967,958,1124,-1,961,1129,1130,-1,1290,1288,1276,-1,961,952,1129,-1,955,1127,1128,-1,1288,1290,1291,-1,1284,1292,958,-1,955,946,1127,-1,949,1122,1121,-1,949,1262,1122,-1,1266,925,922,-1,1264,1147,904,-1,1293,1294,910,-1,922,919,1295,-1,1132,907,910,-1,1132,1131,907,-1,1296,985,1288,-1,18,1290,1297,-1,949,1289,1298,-1,18,11,1290,-1,982,991,1276,-1,1265,928,925,-1,1298,1262,949,-1,11,1291,1290,-1,1299,1292,1284,-1,11,1299,1300,-1,967,1284,958,-1,1292,1287,961,-1,973,1281,1283,-1,1299,1301,1292,-1,11,1301,1299,-1,1286,1302,1303,-1,11,1302,1301,-1,952,1287,1286,-1,961,958,1292,-1,1304,1305,11,-1,1306,1304,11,-1,1304,1281,1280,-1,1281,1304,1306,-1,970,979,1280,-1,1277,976,1296,-1,1307,1306,11,-1,1300,1307,11,-1,1282,1307,1300,-1,1307,1282,1283,-1,964,973,1283,-1,973,970,1281,-1,1286,1287,1302,-1,11,1303,1302,-1,1262,1308,11,-1,11,1308,1309,-1,1262,1298,1308,-1,1289,946,1285,-1,1310,1303,11,-1,1309,1310,11,-1,1289,1310,1309,-1,1310,1289,1285,-1,946,955,1285,-1,955,952,1286,-1,922,1295,1266,-1,1311,1312,18,-1,1313,1311,18,-1,1271,1311,1313,-1,1268,931,928,-1,1311,1271,1269,-1,1294,1314,913,-1,1315,1316,18,-1,1312,1315,18,-1,1268,1315,1312,-1,907,1293,910,-1,1315,1268,1265,-1,1270,1293,907,-1,1317,1318,18,-1,1297,1317,18,-1,1275,1317,1297,-1,1317,1275,1274,-1,1274,943,1273,-1,1273,940,1272,-1,1319,1313,18,-1,1318,1319,18,-1,1273,1319,1318,-1,1319,1273,1272,-1,940,937,1272,-1,937,934,1271,-1,1270,18,1279,-1,1320,1278,18,-1,1294,1278,1320,-1,1270,907,904,-1,1278,1294,1293,-1,904,1147,1270,-1,1321,1291,11,-1,1305,1321,11,-1,1277,1321,1305,-1,1321,1277,1296,-1,976,985,1296,-1,985,982,1288,-1,1322,1323,18,-1,1316,1322,18,-1,1266,1322,1316,-1,1322,1266,1295,-1,1295,919,1267,-1,1267,916,1314,-1,1324,1320,18,-1,1323,1324,18,-1,1267,1324,1323,-1,1324,1267,1314,-1,916,913,1314,-1,913,910,1294,-1,1293,1325,1326,-1,1327,1328,1326,-1,1270,1327,1329,-1,1330,1293,1270,-1,1270,1328,1327,-1,1325,1293,1330,-1,1326,1325,1327,-1,1270,1329,1330,-1,1331,1332,1333,-1,1333,1332,1334,-1,1326,1335,1334,-1,1326,1328,1335,-1,1326,1334,1332,-1,1328,1331,1333,-1,1335,1328,1336,-1,1328,1333,1336,-1,1314,1337,1338,-1,1339,1340,1338,-1,1294,1339,1341,-1,1342,1314,1294,-1,1294,1340,1339,-1,1337,1314,1342,-1,1338,1337,1339,-1,1294,1341,1342,-1,1343,1344,1345,-1,1345,1344,1346,-1,1338,1347,1346,-1,1338,1340,1347,-1,1338,1346,1344,-1,1340,1343,1345,-1,1347,1340,1348,-1,1340,1345,1348,-1,1295,1349,1350,-1,1351,1352,1350,-1,1267,1351,1353,-1,1354,1295,1267,-1,1267,1352,1351,-1,1349,1295,1354,-1,1350,1349,1351,-1,1267,1353,1354,-1,1355,1356,1357,-1,1357,1356,1358,-1,1350,1359,1358,-1,1350,1352,1359,-1,1350,1358,1356,-1,1352,1355,1357,-1,1359,1352,1360,-1,1352,1357,1360,-1,1265,1361,1362,-1,1363,1364,1362,-1,1266,1363,1365,-1,1366,1265,1266,-1,1266,1364,1363,-1,1361,1265,1366,-1,1362,1361,1363,-1,1266,1365,1366,-1,1367,1368,1369,-1,1369,1368,1370,-1,1362,1371,1370,-1,1362,1364,1371,-1,1362,1370,1368,-1,1364,1367,1369,-1,1371,1364,1372,-1,1364,1369,1372,-1,1269,1373,1374,-1,1375,1376,1374,-1,1268,1375,1377,-1,1378,1269,1268,-1,1268,1376,1375,-1,1373,1269,1378,-1,1374,1373,1375,-1,1268,1377,1378,-1,1379,1380,1381,-1,1381,1380,1382,-1,1374,1383,1382,-1,1374,1376,1383,-1,1374,1382,1380,-1,1376,1379,1381,-1,1383,1376,1384,-1,1376,1381,1384,-1,1272,1385,1386,-1,1387,1388,1386,-1,1271,1387,1389,-1,1390,1272,1271,-1,1271,1388,1387,-1,1385,1272,1390,-1,1386,1385,1387,-1,1271,1389,1390,-1,1391,1392,1393,-1,1393,1392,1394,-1,1386,1395,1394,-1,1386,1388,1395,-1,1386,1394,1392,-1,1388,1391,1393,-1,1395,1388,1396,-1,1388,1393,1396,-1,1274,1397,1398,-1,1399,1400,1398,-1,1273,1399,1401,-1,1402,1274,1273,-1,1273,1400,1399,-1,1397,1274,1402,-1,1398,1397,1399,-1,1273,1401,1402,-1,1403,1404,1405,-1,1405,1404,1406,-1,1398,1407,1406,-1,1398,1400,1407,-1,1398,1406,1404,-1,1400,1403,1405,-1,1407,1400,1408,-1,1400,1405,1408,-1,1298,1409,1410,-1,1411,1412,1410,-1,1289,1411,1413,-1,1414,1298,1289,-1,1289,1412,1411,-1,1409,1298,1414,-1,1410,1409,1411,-1,1289,1413,1414,-1,1415,1416,1417,-1,1417,1416,1418,-1,1410,1419,1418,-1,1410,1412,1419,-1,1410,1418,1416,-1,1412,1415,1417,-1,1419,1412,1420,-1,1412,1417,1420,-1,1285,1421,1422,-1,1423,1424,1422,-1,1286,1423,1425,-1,1426,1285,1286,-1,1286,1424,1423,-1,1421,1285,1426,-1,1422,1421,1423,-1,1286,1425,1426,-1,1427,1428,1429,-1,1429,1428,1430,-1,1422,1431,1430,-1,1422,1424,1431,-1,1422,1430,1428,-1,1424,1427,1429,-1,1431,1424,1432,-1,1424,1429,1432,-1,1287,1433,1434,-1,1435,1436,1434,-1,1292,1435,1437,-1,1438,1287,1292,-1,1292,1436,1435,-1,1433,1287,1438,-1,1434,1433,1435,-1,1292,1437,1438,-1,1439,1440,1441,-1,1441,1440,1442,-1,1434,1443,1442,-1,1434,1436,1443,-1,1434,1442,1440,-1,1436,1439,1441,-1,1443,1436,1444,-1,1436,1441,1444,-1,1284,1445,1446,-1,1447,1448,1446,-1,1282,1447,1449,-1,1450,1284,1282,-1,1282,1448,1447,-1,1445,1284,1450,-1,1446,1445,1447,-1,1282,1449,1450,-1,1451,1452,1453,-1,1453,1452,1454,-1,1446,1455,1454,-1,1446,1448,1455,-1,1446,1454,1452,-1,1448,1451,1453,-1,1455,1448,1456,-1,1448,1453,1456,-1,1283,1457,1458,-1,1459,1460,1458,-1,1281,1459,1461,-1,1462,1283,1281,-1,1281,1460,1459,-1,1457,1283,1462,-1,1458,1457,1459,-1,1281,1461,1462,-1,1463,1464,1465,-1,1465,1464,1466,-1,1458,1467,1466,-1,1458,1460,1467,-1,1458,1466,1464,-1,1460,1463,1465,-1,1467,1460,1468,-1,1460,1465,1468,-1,1280,1469,1470,-1,1471,1472,1470,-1,1277,1471,1473,-1,1474,1280,1277,-1,1277,1472,1471,-1,1469,1280,1474,-1,1470,1469,1471,-1,1277,1473,1474,-1,1475,1476,1477,-1,1477,1476,1478,-1,1470,1479,1478,-1,1470,1472,1479,-1,1470,1478,1476,-1,1472,1475,1477,-1,1479,1472,1480,-1,1472,1477,1480,-1,1296,1481,1482,-1,1483,1484,1482,-1,1288,1483,1485,-1,1486,1296,1288,-1,1288,1484,1483,-1,1481,1296,1486,-1,1482,1481,1483,-1,1288,1485,1486,-1,1487,1488,1489,-1,1489,1488,1490,-1,1482,1491,1490,-1,1482,1484,1491,-1,1482,1490,1488,-1,1484,1487,1489,-1,1491,1484,1492,-1,1484,1489,1492,-1,1276,1493,1494,-1,1495,1496,1494,-1,1275,1495,1497,-1,1498,1276,1275,-1,1275,1496,1495,-1,1493,1276,1498,-1,1494,1493,1495,-1,1275,1497,1498,-1,1499,1500,1501,-1,1501,1500,1502,-1,1494,1503,1502,-1,1494,1496,1503,-1,1494,1502,1500,-1,1496,1499,1501,-1,1503,1496,1504,-1,1496,1501,1504,-1,1263,279,1264,-1,279,1263,407,-1,1264,279,278,-1,278,1147,1264,-1,1262,398,374,-1,374,1122,1262,-1,134,177,176,-1,176,137,134,-1,124,284,283,-1,283,123,124,-1,12,22,1505,-1,12,13,22,-1,1505,6,5,-1,5,12,1505,-1,1165,21,1166,-1,22,21,1506,-1,6,1505,1507,-1,1165,1506,21,-1,1505,1508,1507,-1,1505,1509,1510,-1,1510,1511,1512,-1,6,1157,1159,-1,1513,1505,1514,-1,1157,6,1507,-1,1510,1508,1505,-1,1515,1516,1513,-1,1510,1512,1508,-1,1509,1505,1513,-1,1517,1518,1519,-1,1516,1509,1513,-1,1519,1514,1505,-1,1518,1514,1519,-1,1520,1521,1522,-1,1523,1505,1520,-1,1519,1505,1523,-1,1524,1520,1505,-1,1525,1526,1527,-1,1522,1523,1520,-1,1527,1524,1505,-1,1526,1524,1527,-1,1528,1529,1530,-1,1531,1505,1530,-1,1527,1505,1531,-1,1532,1530,1505,-1,1530,1529,1531,-1,1533,1534,1535,-1,1533,1532,1505,-1,1533,1505,22,-1,1536,1537,1538,-1,1535,1532,1533,-1,22,1538,1539,-1,22,1539,1533,-1,1540,1541,1542,-1,1537,1539,1538,-1,1538,22,1543,-1,1543,22,1542,-1,1544,1545,1546,-1,1541,1543,1542,-1,1542,22,1547,-1,1545,1547,1546,-1,1548,1549,1550,-1,22,1551,1546,-1,22,1546,1547,-1,1551,22,1550,-1,1550,1549,1551,-1,1552,1553,1554,-1,1550,22,1555,-1,1552,1555,1553,-1,1556,1557,1558,-1,22,1559,1553,-1,22,1553,1555,-1,1559,22,1556,-1,1556,1558,1559,-1,1560,1561,1562,-1,1556,22,1563,-1,1560,1563,1561,-1,1506,1561,22,-1,22,1561,1563,-1,1506,1564,1565,-1,1566,1561,1506,-1,1567,1568,1569,-1,1564,1570,1571,-1,1564,1571,1572,-1,1573,1574,1570,-1,1570,1564,1573,-1,1575,1574,1573,-1,1576,1577,1578,-1,1564,1568,1567,-1,1564,1567,1579,-1,1569,1573,1580,-1,1581,1572,1575,-1,1573,1561,1580,-1,1582,1583,1584,-1,1506,1578,1577,-1,1506,1577,1583,-1,1585,1561,1586,-1,1579,1585,1565,-1,1561,1587,1576,-1,1588,1561,1566,-1,1583,1582,1506,-1,1506,1582,1566,-1,1561,1584,1587,-1,1584,1583,1587,-1,1561,1588,1584,-1,1576,1586,1561,-1,1564,1579,1565,-1,1506,1565,1578,-1,1561,1585,1580,-1,1580,1585,1579,-1,1578,1586,1576,-1,1589,1575,1573,-1,1572,1581,1564,-1,1564,1581,1568,-1,1575,1572,1574,-1,1569,1589,1573,-1,1568,1589,1569,-1,1563,1590,1591,-1,1592,1556,1563,-1,1593,1594,1595,-1,1590,1596,1597,-1,1590,1597,1598,-1,1599,1600,1596,-1,1596,1590,1599,-1,1601,1600,1599,-1,1602,1603,1604,-1,1590,1594,1593,-1,1590,1593,1605,-1,1595,1599,1606,-1,1607,1598,1601,-1,1599,1556,1606,-1,1608,1609,1610,-1,1563,1604,1603,-1,1563,1603,1609,-1,1611,1556,1612,-1,1605,1611,1591,-1,1556,1613,1602,-1,1614,1556,1592,-1,1609,1608,1563,-1,1563,1608,1592,-1,1556,1610,1613,-1,1610,1609,1613,-1,1556,1614,1610,-1,1602,1612,1556,-1,1590,1605,1591,-1,1563,1591,1604,-1,1556,1611,1606,-1,1606,1611,1605,-1,1604,1612,1602,-1,1615,1601,1599,-1,1598,1607,1590,-1,1590,1607,1594,-1,1601,1598,1600,-1,1595,1615,1599,-1,1594,1615,1595,-1,1559,1616,1617,-1,1618,1553,1559,-1,1619,1620,1621,-1,1616,1622,1623,-1,1616,1623,1624,-1,1625,1626,1622,-1,1622,1616,1625,-1,1627,1626,1625,-1,1628,1629,1630,-1,1616,1620,1619,-1,1616,1619,1631,-1,1621,1625,1632,-1,1633,1624,1627,-1,1625,1553,1632,-1,1634,1635,1636,-1,1559,1630,1629,-1,1559,1629,1635,-1,1637,1553,1638,-1,1631,1637,1617,-1,1553,1639,1628,-1,1640,1553,1618,-1,1635,1634,1559,-1,1559,1634,1618,-1,1553,1636,1639,-1,1636,1635,1639,-1,1553,1640,1636,-1,1628,1638,1553,-1,1616,1631,1617,-1,1559,1617,1630,-1,1553,1637,1632,-1,1632,1637,1631,-1,1630,1638,1628,-1,1641,1627,1625,-1,1624,1633,1616,-1,1616,1633,1620,-1,1627,1624,1626,-1,1621,1641,1625,-1,1620,1641,1621,-1,1555,1642,1643,-1,1644,1550,1555,-1,1645,1646,1647,-1,1642,1648,1649,-1,1642,1649,1650,-1,1651,1652,1648,-1,1648,1642,1651,-1,1653,1652,1651,-1,1654,1655,1656,-1,1642,1646,1645,-1,1642,1645,1657,-1,1647,1651,1658,-1,1659,1650,1653,-1,1651,1550,1658,-1,1660,1661,1662,-1,1555,1656,1655,-1,1555,1655,1661,-1,1663,1550,1664,-1,1657,1663,1643,-1,1550,1665,1654,-1,1666,1550,1644,-1,1661,1660,1555,-1,1555,1660,1644,-1,1550,1662,1665,-1,1662,1661,1665,-1,1550,1666,1662,-1,1654,1664,1550,-1,1642,1657,1643,-1,1555,1643,1656,-1,1550,1663,1658,-1,1658,1663,1657,-1,1656,1664,1654,-1,1667,1653,1651,-1,1650,1659,1642,-1,1642,1659,1646,-1,1653,1650,1652,-1,1647,1667,1651,-1,1646,1667,1647,-1,1551,1668,1669,-1,1670,1546,1551,-1,1671,1672,1673,-1,1668,1674,1675,-1,1668,1675,1676,-1,1677,1678,1674,-1,1674,1668,1677,-1,1679,1678,1677,-1,1680,1681,1682,-1,1668,1672,1671,-1,1668,1671,1683,-1,1673,1677,1684,-1,1685,1676,1679,-1,1677,1546,1684,-1,1686,1687,1688,-1,1551,1682,1681,-1,1551,1681,1687,-1,1689,1546,1690,-1,1683,1689,1669,-1,1546,1691,1680,-1,1692,1546,1670,-1,1687,1686,1551,-1,1551,1686,1670,-1,1546,1688,1691,-1,1688,1687,1691,-1,1546,1692,1688,-1,1680,1690,1546,-1,1668,1683,1669,-1,1551,1669,1682,-1,1546,1689,1684,-1,1684,1689,1683,-1,1682,1690,1680,-1,1693,1679,1677,-1,1676,1685,1668,-1,1668,1685,1672,-1,1679,1676,1678,-1,1673,1693,1677,-1,1672,1693,1673,-1,1547,1694,1695,-1,1696,1542,1547,-1,1697,1698,1699,-1,1694,1700,1701,-1,1694,1701,1702,-1,1703,1704,1700,-1,1700,1694,1703,-1,1705,1704,1703,-1,1706,1707,1708,-1,1694,1698,1697,-1,1694,1697,1709,-1,1699,1703,1710,-1,1711,1702,1705,-1,1703,1542,1710,-1,1712,1713,1714,-1,1547,1708,1707,-1,1547,1707,1713,-1,1715,1542,1716,-1,1709,1715,1695,-1,1542,1717,1706,-1,1718,1542,1696,-1,1713,1712,1547,-1,1547,1712,1696,-1,1542,1714,1717,-1,1714,1713,1717,-1,1542,1718,1714,-1,1706,1716,1542,-1,1694,1709,1695,-1,1547,1695,1708,-1,1542,1715,1710,-1,1710,1715,1709,-1,1708,1716,1706,-1,1719,1705,1703,-1,1702,1711,1694,-1,1694,1711,1698,-1,1705,1702,1704,-1,1699,1719,1703,-1,1698,1719,1699,-1,1543,1720,1721,-1,1722,1538,1543,-1,1723,1724,1725,-1,1720,1726,1727,-1,1720,1727,1728,-1,1729,1730,1726,-1,1726,1720,1729,-1,1731,1730,1729,-1,1732,1733,1734,-1,1720,1724,1723,-1,1720,1723,1735,-1,1725,1729,1736,-1,1737,1728,1731,-1,1729,1538,1736,-1,1738,1739,1740,-1,1543,1734,1733,-1,1543,1733,1739,-1,1741,1538,1742,-1,1735,1741,1721,-1,1538,1743,1732,-1,1744,1538,1722,-1,1739,1738,1543,-1,1543,1738,1722,-1,1538,1740,1743,-1,1740,1739,1743,-1,1538,1744,1740,-1,1732,1742,1538,-1,1720,1735,1721,-1,1543,1721,1734,-1,1538,1741,1736,-1,1736,1741,1735,-1,1734,1742,1732,-1,1745,1731,1729,-1,1728,1737,1720,-1,1720,1737,1724,-1,1731,1728,1730,-1,1725,1745,1729,-1,1724,1745,1725,-1,1508,1746,1747,-1,1748,1507,1508,-1,1749,1750,1751,-1,1746,1752,1753,-1,1746,1753,1754,-1,1755,1756,1752,-1,1752,1746,1755,-1,1757,1756,1755,-1,1758,1759,1760,-1,1746,1750,1749,-1,1746,1749,1761,-1,1751,1755,1762,-1,1763,1754,1757,-1,1755,1507,1762,-1,1764,1765,1766,-1,1508,1760,1759,-1,1508,1759,1765,-1,1767,1507,1768,-1,1761,1767,1747,-1,1507,1769,1758,-1,1770,1507,1748,-1,1765,1764,1508,-1,1508,1764,1748,-1,1507,1766,1769,-1,1766,1765,1769,-1,1507,1770,1766,-1,1758,1768,1507,-1,1746,1761,1747,-1,1508,1747,1760,-1,1507,1767,1762,-1,1762,1767,1761,-1,1760,1768,1758,-1,1771,1757,1755,-1,1754,1763,1746,-1,1746,1763,1750,-1,1757,1754,1756,-1,1751,1771,1755,-1,1750,1771,1751,-1,1509,1772,1773,-1,1774,1510,1509,-1,1775,1776,1777,-1,1772,1778,1779,-1,1772,1779,1780,-1,1781,1782,1778,-1,1778,1772,1781,-1,1783,1782,1781,-1,1784,1785,1786,-1,1772,1776,1775,-1,1772,1775,1787,-1,1777,1781,1788,-1,1789,1780,1783,-1,1781,1510,1788,-1,1790,1791,1792,-1,1509,1786,1785,-1,1509,1785,1791,-1,1793,1510,1794,-1,1787,1793,1773,-1,1510,1795,1784,-1,1796,1510,1774,-1,1791,1790,1509,-1,1509,1790,1774,-1,1510,1792,1795,-1,1792,1791,1795,-1,1510,1796,1792,-1,1784,1794,1510,-1,1772,1787,1773,-1,1509,1773,1786,-1,1510,1793,1788,-1,1788,1793,1787,-1,1786,1794,1784,-1,1797,1783,1781,-1,1780,1789,1772,-1,1772,1789,1776,-1,1783,1780,1782,-1,1777,1797,1781,-1,1776,1797,1777,-1,1514,1798,1799,-1,1800,1513,1514,-1,1801,1802,1803,-1,1798,1804,1805,-1,1798,1805,1806,-1,1807,1808,1804,-1,1804,1798,1807,-1,1809,1808,1807,-1,1810,1811,1812,-1,1798,1802,1801,-1,1798,1801,1813,-1,1803,1807,1814,-1,1815,1806,1809,-1,1807,1513,1814,-1,1816,1817,1818,-1,1514,1812,1811,-1,1514,1811,1817,-1,1819,1513,1820,-1,1813,1819,1799,-1,1513,1821,1810,-1,1822,1513,1800,-1,1817,1816,1514,-1,1514,1816,1800,-1,1513,1818,1821,-1,1818,1817,1821,-1,1513,1822,1818,-1,1810,1820,1513,-1,1798,1813,1799,-1,1514,1799,1812,-1,1513,1819,1814,-1,1814,1819,1813,-1,1812,1820,1810,-1,1823,1809,1807,-1,1806,1815,1798,-1,1798,1815,1802,-1,1809,1806,1808,-1,1803,1823,1807,-1,1802,1823,1803,-1,1523,1824,1825,-1,1826,1519,1523,-1,1827,1828,1829,-1,1824,1830,1831,-1,1824,1831,1832,-1,1833,1834,1830,-1,1830,1824,1833,-1,1835,1834,1833,-1,1836,1837,1838,-1,1824,1828,1827,-1,1824,1827,1839,-1,1829,1833,1840,-1,1841,1832,1835,-1,1833,1519,1840,-1,1842,1843,1844,-1,1523,1838,1837,-1,1523,1837,1843,-1,1845,1519,1846,-1,1839,1845,1825,-1,1519,1847,1836,-1,1848,1519,1826,-1,1843,1842,1523,-1,1523,1842,1826,-1,1519,1844,1847,-1,1844,1843,1847,-1,1519,1848,1844,-1,1836,1846,1519,-1,1824,1839,1825,-1,1523,1825,1838,-1,1519,1845,1840,-1,1840,1845,1839,-1,1838,1846,1836,-1,1849,1835,1833,-1,1832,1841,1824,-1,1824,1841,1828,-1,1835,1832,1834,-1,1829,1849,1833,-1,1828,1849,1829,-1,1524,1850,1851,-1,1852,1520,1524,-1,1853,1854,1855,-1,1850,1856,1857,-1,1850,1857,1858,-1,1859,1860,1856,-1,1856,1850,1859,-1,1861,1860,1859,-1,1862,1863,1864,-1,1850,1854,1853,-1,1850,1853,1865,-1,1855,1859,1866,-1,1867,1858,1861,-1,1859,1520,1866,-1,1868,1869,1870,-1,1524,1864,1863,-1,1524,1863,1869,-1,1871,1520,1872,-1,1865,1871,1851,-1,1520,1873,1862,-1,1874,1520,1852,-1,1869,1868,1524,-1,1524,1868,1852,-1,1520,1870,1873,-1,1870,1869,1873,-1,1520,1874,1870,-1,1862,1872,1520,-1,1850,1865,1851,-1,1524,1851,1864,-1,1520,1871,1866,-1,1866,1871,1865,-1,1864,1872,1862,-1,1875,1861,1859,-1,1858,1867,1850,-1,1850,1867,1854,-1,1861,1858,1860,-1,1855,1875,1859,-1,1854,1875,1855,-1,1531,1876,1877,-1,1878,1527,1531,-1,1879,1880,1881,-1,1876,1882,1883,-1,1876,1883,1884,-1,1885,1886,1882,-1,1882,1876,1885,-1,1887,1886,1885,-1,1888,1889,1890,-1,1876,1880,1879,-1,1876,1879,1891,-1,1881,1885,1892,-1,1893,1884,1887,-1,1885,1527,1892,-1,1894,1895,1896,-1,1531,1890,1889,-1,1531,1889,1895,-1,1897,1527,1898,-1,1891,1897,1877,-1,1527,1899,1888,-1,1900,1527,1878,-1,1895,1894,1531,-1,1531,1894,1878,-1,1527,1896,1899,-1,1896,1895,1899,-1,1527,1900,1896,-1,1888,1898,1527,-1,1876,1891,1877,-1,1531,1877,1890,-1,1527,1897,1892,-1,1892,1897,1891,-1,1890,1898,1888,-1,1901,1887,1885,-1,1884,1893,1876,-1,1876,1893,1880,-1,1887,1884,1886,-1,1881,1901,1885,-1,1880,1901,1881,-1,1532,1902,1903,-1,1904,1530,1532,-1,1905,1906,1907,-1,1902,1908,1909,-1,1902,1909,1910,-1,1911,1912,1908,-1,1908,1902,1911,-1,1913,1912,1911,-1,1914,1915,1916,-1,1902,1906,1905,-1,1902,1905,1917,-1,1907,1911,1918,-1,1919,1910,1913,-1,1911,1530,1918,-1,1920,1921,1922,-1,1532,1916,1915,-1,1532,1915,1921,-1,1923,1530,1924,-1,1917,1923,1903,-1,1530,1925,1914,-1,1926,1530,1904,-1,1921,1920,1532,-1,1532,1920,1904,-1,1530,1922,1925,-1,1922,1921,1925,-1,1530,1926,1922,-1,1914,1924,1530,-1,1902,1917,1903,-1,1532,1903,1916,-1,1530,1923,1918,-1,1918,1923,1917,-1,1916,1924,1914,-1,1927,1913,1911,-1,1910,1919,1902,-1,1902,1919,1906,-1,1913,1910,1912,-1,1907,1927,1911,-1,1906,1927,1907,-1,1539,1928,1929,-1,1930,1533,1539,-1,1931,1932,1933,-1,1928,1934,1935,-1,1928,1935,1936,-1,1937,1938,1934,-1,1934,1928,1937,-1,1939,1938,1937,-1,1940,1941,1942,-1,1928,1932,1931,-1,1928,1931,1943,-1,1933,1937,1944,-1,1945,1936,1939,-1,1937,1533,1944,-1,1946,1947,1948,-1,1539,1942,1941,-1,1539,1941,1947,-1,1949,1533,1950,-1,1943,1949,1929,-1,1533,1951,1940,-1,1952,1533,1930,-1,1947,1946,1539,-1,1539,1946,1930,-1,1533,1948,1951,-1,1948,1947,1951,-1,1533,1952,1948,-1,1940,1950,1533,-1,1928,1943,1929,-1,1539,1929,1942,-1,1533,1949,1944,-1,1944,1949,1943,-1,1942,1950,1940,-1,1953,1939,1937,-1,1936,1945,1928,-1,1928,1945,1932,-1,1939,1936,1938,-1,1933,1953,1937,-1,1932,1953,1933,-1,1526,1954,1955,-1,1526,1525,1954,-1,1522,1956,1957,-1,1522,1521,1956,-1,1518,1958,1959,-1,1518,1517,1958,-1,1516,1960,1961,-1,1516,1515,1960,-1,1512,1962,1963,-1,1512,1511,1962,-1,1964,1965,1529,-1,1529,1528,1964,-1,1560,1966,1967,-1,1560,1562,1966,-1,1558,1968,1969,-1,1558,1557,1968,-1,1552,1970,1971,-1,1552,1554,1970,-1,1549,1972,1973,-1,1549,1548,1972,-1,1545,1974,1975,-1,1545,1544,1974,-1,1537,1976,1977,-1,1537,1536,1976,-1,1978,1979,1541,-1,1541,1540,1978,-1,1980,1981,1535,-1,1535,1534,1980,-1,33,42,40,-1,33,40,34,-1,1969,1968,1616,-1,39,40,1564,-1,1599,1590,40,-1,40,1642,1625,-1,1967,1966,1590,-1,1971,1970,1642,-1,1968,1599,1616,-1,40,1651,1642,-1,40,1625,1616,-1,1973,1972,1668,-1,1970,1625,1642,-1,1651,40,1668,-1,40,1677,1668,-1,1975,1974,1694,-1,1972,1651,1668,-1,40,1694,1677,-1,1703,1694,40,-1,1979,1978,1720,-1,1974,1677,1694,-1,1616,1599,40,-1,1729,40,1928,-1,1977,1976,1928,-1,1978,1703,1720,-1,40,42,1928,-1,1928,42,1937,-1,1981,1980,1902,-1,1976,1729,1928,-1,1720,40,1729,-1,1902,1937,42,-1,1965,1964,1876,-1,1980,1937,1902,-1,42,1876,1911,-1,1885,1876,42,-1,1955,1954,1850,-1,1964,1911,1876,-1,1911,1902,42,-1,1885,42,1850,-1,1957,1956,1824,-1,1954,1885,1850,-1,1850,42,1859,-1,1824,1859,42,-1,1959,1958,1798,-1,1956,1859,1824,-1,1833,42,1798,-1,1824,42,1833,-1,1961,1960,1772,-1,1958,1833,1798,-1,1807,1798,42,-1,1772,1807,42,-1,1963,1962,1746,-1,1960,1807,1772,-1,1781,42,1746,-1,1772,42,1781,-1,1156,1155,41,-1,1962,1781,1746,-1,1746,42,1755,-1,1755,42,41,-1,1155,1755,41,-1,1703,40,1720,-1,1590,1573,40,-1,1175,1177,39,-1,1966,1573,1590,-1,1175,39,1564,-1,40,1573,1564,-1,587,1144,988,-1,988,647,587,-1,1146,346,348,-1,348,991,1146,-1,1276,1500,1290,-1,1276,1494,1500,-1,1290,1499,1297,-1,1290,1500,1499,-1,1496,1275,1297,-1,1297,1499,1496,-1,1077,575,414,-1,414,1095,1077,-1,576,1001,1093,-1,1093,413,576,-1,575,1077,1001,-1,1001,576,575,-1,226,74,73,-1,74,226,225,-1,77,532,533,-1,532,77,87,-1,140,126,897,-1,140,897,899,-1,126,81,894,-1,126,894,897,-1,899,76,140,-1,76,899,891,-1,1049,1048,661,-1,1049,661,320,-1,525,530,1047,-1,525,1047,1044,-1,530,1048,1047,-1,1048,530,661,-1,1937,1534,1533,-1,1937,1980,1534,-1,1977,1928,1539,-1,1539,1537,1977,-1,1911,1528,1530,-1,1911,1964,1528,-1,1981,1902,1532,-1,1532,1535,1981,-1,1703,1540,1542,-1,1703,1978,1540,-1,1975,1694,1547,-1,1547,1545,1975,-1,1729,1536,1538,-1,1729,1976,1536,-1,1979,1720,1543,-1,1543,1541,1979,-1,1755,1157,1507,-1,1755,1155,1157,-1,1963,1746,1508,-1,1508,1512,1963,-1,1781,1511,1510,-1,1781,1962,1511,-1,1961,1772,1509,-1,1509,1516,1961,-1,1807,1515,1513,-1,1807,1960,1515,-1,1959,1798,1514,-1,1514,1518,1959,-1,1833,1517,1519,-1,1833,1958,1517,-1,1957,1824,1523,-1,1523,1522,1957,-1,1859,1521,1520,-1,1859,1956,1521,-1,1955,1850,1524,-1,1524,1526,1955,-1,1885,1525,1527,-1,1885,1954,1525,-1,1965,1876,1531,-1,1531,1529,1965,-1,1677,1544,1546,-1,1677,1974,1544,-1,1973,1668,1551,-1,1551,1549,1973,-1,1651,1548,1550,-1,1651,1972,1548,-1,1971,1642,1555,-1,1555,1552,1971,-1,1625,1554,1553,-1,1625,1970,1554,-1,1969,1616,1559,-1,1559,1558,1969,-1,1599,1557,1556,-1,1599,1968,1557,-1,1967,1590,1563,-1,1563,1560,1967,-1,1573,1562,1561,-1,1573,1966,1562,-1,1175,1564,1506,-1,1506,1165,1175,-1,578,1138,940,-1,940,601,578,-1,1143,338,340,-1,340,943,1143,-1,551,1140,922,-1,922,574,551,-1,1142,311,313,-1,313,925,1142,-1,263,1134,916,-1,916,565,263,-1,1139,305,307,-1,307,919,1139,-1,569,1136,934,-1,934,592,569,-1,1137,328,330,-1,330,937,1137,-1,560,1141,928,-1,928,583,560,-1,1135,321,323,-1,323,931,1135,-1,272,1132,910,-1,910,556,272,-1,1133,297,299,-1,299,913,1133,-1,407,1263,904,-1,904,547,407,-1,1131,277,293,-1,293,907,1131,-1,1284,1452,1299,-1,1284,1446,1452,-1,1299,1451,1300,-1,1299,1452,1451,-1,1448,1282,1300,-1,1300,1451,1448,-1,489,1124,958,-1,958,619,489,-1,1130,382,381,-1,381,961,1130,-1,1287,1440,1302,-1,1287,1434,1440,-1,1302,1439,1301,-1,1302,1440,1439,-1,1436,1292,1301,-1,1301,1439,1436,-1,508,1129,952,-1,952,614,508,-1,1128,387,386,-1,386,955,1128,-1,1280,1476,1304,-1,1280,1470,1476,-1,1304,1475,1305,-1,1304,1476,1475,-1,1472,1277,1305,-1,1305,1475,1472,-1,460,1118,970,-1,970,630,460,-1,1126,371,370,-1,370,973,1126,-1,1283,1464,1307,-1,1283,1458,1464,-1,1307,1463,1306,-1,1307,1464,1463,-1,1460,1281,1306,-1,1306,1463,1460,-1,616,1125,964,-1,964,625,616,-1,1123,377,376,-1,376,967,1123,-1,1298,1416,1308,-1,1298,1410,1416,-1,1308,1415,1309,-1,1308,1416,1415,-1,1412,1289,1309,-1,1309,1415,1412,-1,182,1127,946,-1,946,608,182,-1,1121,308,395,-1,395,949,1121,-1,1285,1428,1310,-1,1285,1422,1428,-1,1310,1427,1303,-1,1310,1428,1427,-1,1424,1286,1303,-1,1303,1427,1424,-1,1269,1380,1311,-1,1269,1374,1380,-1,1311,1379,1312,-1,1311,1380,1379,-1,1376,1268,1312,-1,1312,1379,1376,-1,1265,1368,1315,-1,1265,1362,1368,-1,1315,1367,1316,-1,1315,1368,1367,-1,1364,1266,1316,-1,1316,1367,1364,-1,1274,1404,1317,-1,1274,1398,1404,-1,1317,1403,1318,-1,1317,1404,1403,-1,1400,1273,1318,-1,1318,1403,1400,-1,1272,1392,1319,-1,1272,1386,1392,-1,1319,1391,1313,-1,1319,1392,1391,-1,1388,1271,1313,-1,1313,1391,1388,-1,1293,1332,1278,-1,1293,1326,1332,-1,1278,1331,1279,-1,1278,1332,1331,-1,1328,1270,1279,-1,1279,1331,1328,-1,637,1145,982,-1,982,642,637,-1,1120,356,358,-1,358,985,1120,-1,1296,1488,1321,-1,1296,1482,1488,-1,1321,1487,1291,-1,1321,1488,1487,-1,1484,1288,1291,-1,1291,1487,1484,-1,444,1119,976,-1,976,636,444,-1,1117,364,366,-1,366,979,1117,-1,1295,1356,1322,-1,1295,1350,1356,-1,1322,1355,1323,-1,1322,1356,1355,-1,1352,1267,1323,-1,1323,1355,1352,-1,1314,1344,1324,-1,1314,1338,1344,-1,1324,1343,1320,-1,1324,1344,1343,-1,1340,1294,1320,-1,1320,1343,1340,-1,1000,566,436,-1,436,1092,1000,-1,567,1011,1090,-1,1090,435,567,-1,566,1000,1011,-1,1011,567,566,-1,1040,448,254,-1,254,1082,1040,-1,446,1045,1078,-1,1078,253,446,-1,448,1040,1045,-1,1045,446,448,-1,1052,286,415,-1,415,1079,1052,-1,287,1056,1004,-1,1004,264,287,-1,286,1052,1056,-1,1056,287,286,-1,1013,557,240,-1,240,1089,1013,-1,558,1027,1087,-1,1087,239,558,-1,557,1013,1027,-1,1027,558,557,-1,1026,548,428,-1,428,1086,1026,-1,549,1034,1083,-1,1083,427,549,-1,548,1026,1034,-1,1034,549,548,-1,1005,418,265,-1,265,1006,1005,-1,419,1063,1021,-1,1021,270,419,-1,418,1005,1063,-1,1063,419,418,-1,1019,654,271,-1,271,1020,1019,-1,542,1073,1075,-1,1075,276,542,-1,654,1019,1073,-1,1073,542,654,-1,1103,467,456,-1,456,1110,1103,-1,468,1100,1108,-1,1108,490,468,-1,467,1103,1100,-1,1100,468,467,-1,1109,593,184,-1,184,1113,1109,-1,594,1106,1111,-1,1111,477,594,-1,593,1109,1106,-1,1106,594,593,-1,1091,585,470,-1,470,1104,1091,-1,586,1088,1102,-1,1102,458,586,-1,585,1091,1088,-1,1088,586,585,-1,1097,507,488,-1,488,1107,1097,-1,505,1094,1105,-1,1105,536,505,-1,507,1097,1094,-1,1094,505,507,-1,1115,604,341,-1,341,1116,1115,-1,198,1112,1114,-1,1114,183,198,-1,604,1115,1112,-1,1112,198,604,-1,1081,519,596,-1,596,1098,1081,-1,520,1080,1096,-1,1096,595,520,-1,519,1081,1080,-1,1080,520,519,-1,1085,516,459,-1,459,1101,1085,-1,517,1084,1099,-1,1099,445,517,-1,516,1085,1084,-1,1084,517,516,-1,231,78,79,-1,78,231,230,-1,85,310,464,-1,310,85,93,-1,127,128,769,-1,127,769,771,-1,128,89,766,-1,128,766,769,-1,771,88,127,-1,88,771,763,-1,1053,1003,660,-1,1053,660,300,-1,302,537,999,-1,302,999,1050,-1,537,1003,999,-1,1003,537,660,-1,236,84,86,-1,84,236,235,-1,91,296,452,-1,296,91,99,-1,129,132,753,-1,129,753,755,-1,132,94,750,-1,132,750,753,-1,755,95,129,-1,95,755,747,-1,1057,1018,659,-1,1057,659,289,-1,294,471,1012,-1,294,1012,1054,-1,471,1018,1012,-1,1018,471,659,-1,246,90,92,-1,90,246,245,-1,97,175,441,-1,175,97,105,-1,131,142,737,-1,131,737,739,-1,142,101,734,-1,142,734,737,-1,739,100,131,-1,100,739,731,-1,1060,1033,658,-1,1060,658,173,-1,174,461,1028,-1,174,1028,1058,-1,461,1033,1028,-1,1033,461,658,-1,251,96,98,-1,96,251,250,-1,103,206,432,-1,206,103,111,-1,141,144,721,-1,141,721,723,-1,144,107,718,-1,144,718,721,-1,723,106,141,-1,106,723,715,-1,1064,1046,657,-1,1064,657,204,-1,205,449,1039,-1,205,1039,1061,-1,449,1046,1039,-1,1046,449,657,-1,258,102,104,-1,102,258,257,-1,109,221,423,-1,221,109,117,-1,143,145,705,-1,143,705,707,-1,145,112,702,-1,145,702,705,-1,707,113,143,-1,113,707,699,-1,1067,1055,656,-1,1067,656,222,-1,223,438,1051,-1,223,1051,1065,-1,438,1055,1051,-1,1055,438,656,-1,268,108,110,-1,108,268,267,-1,115,242,409,-1,242,115,125,-1,146,147,689,-1,146,689,691,-1,147,119,686,-1,147,686,689,-1,691,118,146,-1,118,691,683,-1,1070,1062,655,-1,1070,655,243,-1,241,429,1059,-1,241,1059,1068,-1,429,1062,1059,-1,1062,429,655,-1,172,114,116,-1,114,172,274,-1,121,403,167,-1,403,121,130,-1,149,148,673,-1,149,673,675,-1,148,120,670,-1,148,670,673,-1,675,122,149,-1,122,675,667,-1,1076,1069,653,-1,1076,653,261,-1,405,420,1066,-1,405,1066,1071,-1,420,1069,1066,-1,1069,420,653,-1,219,70,65,-1,70,219,218,-1,69,512,526,-1,512,69,80,-1,1043,1042,662,-1,1043,662,316,-1,501,523,1041,-1,501,1041,1038,-1,523,1042,1041,-1,1042,523,662,-1,151,150,881,-1,151,881,883,-1,150,72,878,-1,150,878,881,-1,883,68,151,-1,68,883,875,-1,214,66,49,-1,66,214,213,-1,61,493,513,-1,493,61,75,-1,1037,1036,663,-1,1037,663,326,-1,484,510,1035,-1,484,1035,1032,-1,510,1036,1035,-1,1036,510,663,-1,154,152,865,-1,154,865,867,-1,152,64,862,-1,152,862,865,-1,867,60,154,-1,60,867,859,-1,209,62,47,-1,62,209,208,-1,50,478,502,-1,478,50,71,-1,1031,1030,664,-1,1031,664,337,-1,373,499,1029,-1,373,1029,1025,-1,499,1030,1029,-1,1030,499,664,-1,157,155,849,-1,157,849,851,-1,155,51,846,-1,155,846,849,-1,851,52,157,-1,52,851,843,-1,202,56,58,-1,56,202,201,-1,48,368,494,-1,368,48,67,-1,1024,1023,665,-1,1024,665,333,-1,367,492,1022,-1,367,1022,1017,-1,492,1023,1022,-1,1023,492,665,-1,160,158,833,-1,160,833,835,-1,158,46,830,-1,158,830,833,-1,835,139,160,-1,139,835,827,-1,195,55,54,-1,55,195,194,-1,57,384,485,-1,384,57,63,-1,1016,1015,666,-1,1016,666,344,-1,379,361,1014,-1,379,1014,1010,-1,361,1015,1014,-1,1015,361,666,-1,163,161,817,-1,163,817,819,-1,161,138,814,-1,161,814,817,-1,819,153,163,-1,153,819,811,-1,188,45,44,-1,45,188,187,-1,53,389,479,-1,389,53,59,-1,1009,1008,650,-1,1009,650,355,-1,390,649,1007,-1,390,1007,994,-1,649,1008,1007,-1,1008,649,650,-1,165,164,801,-1,165,801,803,-1,164,156,798,-1,164,798,801,-1,803,159,165,-1,159,803,795,-1,180,136,135,-1,136,180,179,-1,43,399,474,-1,399,43,133,-1,993,998,602,-1,993,602,351,-1,185,401,997,-1,185,997,996,-1,401,998,997,-1,998,401,602,-1,83,166,785,-1,83,785,787,-1,166,162,782,-1,166,782,785,-1,787,82,83,-1,82,787,779,-1,1177,1982,39,-1,1983,1176,1984,-1,1983,1982,1176,-1,1176,1982,1177,-1,1176,1161,1984,-1,1176,1162,1161,-1,36,39,1985,-1,1982,1983,1985,-1,1984,1161,1986,-1,1984,1986,1987,-1,1982,1985,39,-1,1988,1161,35,-1,1987,1985,1983,-1,1983,1984,1987,-1,1161,1988,1986,-1,1985,1988,36,-1,36,1988,35,-1,1154,1989,1990,-1,1991,1989,1156,-1,1154,1156,1989,-1,41,1991,1156,-1,1153,1990,1151,-1,1153,1154,1990,-1,41,1992,1991,-1,1989,1992,1993,-1,1992,41,38,-1,1994,1992,38,-1,38,37,1994,-1,37,1151,1994,-1,1993,1990,1989,-1,1989,1991,1992,-1,1990,1993,1995,-1,1994,1151,1995,-1,1990,1995,1151,-1,1996,1997,1167,-1,1996,1167,1166,-1,21,1998,1166,-1,1996,1166,1998,-1,1163,1997,1160,-1,1163,1167,1997,-1,1999,1997,1996,-1,2000,1999,1996,-1,2001,2000,15,-1,1998,2000,1996,-1,15,14,2001,-1,2000,21,15,-1,14,1160,2001,-1,21,2000,1998,-1,1160,1997,2002,-1,1997,1999,2002,-1,2001,1160,2002,-1,8,6,1159,-1,1158,8,1159,-1,2,1158,0,-1,2,8,1158,-1,1158,10,0,-1,1158,1152,10,-1,1260,1148,1258,-1,1148,1260,1147,-1,1258,1148,1150,-1,1150,1257,1258,-1,1259,1257,1150,-1,1259,1150,124,-1,26,27,1261,-1,26,1261,1262,-1,1261,27,25,-1,1261,25,1149,-1,1149,25,28,-1,1149,28,137,-1,2003,2004,2005,-1,2006,2007,2008,-1,2009,2010,2008,-1,2011,2003,2005,-1,2010,2009,2012,-1,2004,2003,2007,-1,2011,2005,2013,-1,2006,2008,2010,-1,2007,2006,2004,-1,2014,2015,2016,-1,2017,2018,2019,-1,2020,2021,2022,-1,2023,2014,2024,-1,2025,2015,2026,-1,2024,2027,2023,-1,2016,2015,2028,-1,2024,2014,2016,-1,2026,2021,2025,-1,2015,2014,2026,-1,2021,2029,2025,-1,2030,2020,2022,-1,2020,2029,2021,-1,2030,2022,2018,-1,2018,2017,2030,-1,
        ]
    }
}
Shape{
    appearance Appearance {
        material  Material 	{
            diffuseColor 1.0 1.0 0.0
            specularColor 0.7529411764705882 0.7529411764705882 0.7529411764705882
            ambientIntensity 1.0
            transparency 1.0
            shininess 0.5
        }
    }
    geometry IndexedFaceSet {
        ccw TRUE
        solid FALSE
        coord DEF co Coordinate {
            point [
                -0.0197 -0.4132 0.0278, -0.0197 -0.3937 0.0223, -0.0197 -0.4176 0.0234, -0.0197 -0.4094 0.063, -0.0197 -0.3898 0.063, -0.0197 -0.3898 0.0394, -0.0197 -0.4046 0.0086, -0.0197 -0.4121 0.0039, -0.0197 -0.4231 0.0206, -0.0197 -0.4204 0.001, -0.0197 -0.4291 0.0197, -0.0197 -0.4291 0.0, -0.0197 -0.3984 0.0148, -0.0197 -0.5098 0.0, -0.0197 -0.5098 0.0197, -0.0197 -0.3908 0.0306, -0.0197 -0.4104 0.0333, -0.0197 -0.4094 0.0394, 0.0197 -0.4104 0.0333, 0.0197 -0.4094 0.0394, 0.0197 -0.4231 0.0206, 0.0197 -0.4176 0.0234, 0.0197 -0.4132 0.0278, 0.0197 -0.4291 0.0197, 0.0197 -0.5098 0.0197, 0.0197 -0.5098 0.0, 0.0197 -0.4291 0.0, 0.0197 -0.3984 0.0148, 0.0197 -0.4046 0.0086, 0.0197 -0.3937 0.0223, 0.0197 -0.3908 0.0306, 0.0197 -0.3898 0.0394, 0.0197 -0.4121 0.0039, 0.0197 -0.4204 0.001, 0.0197 -0.4094 0.063, 0.0197 -0.3898 0.063, 0.0197 -0.0665 0.0234, 0.0197 -0.0781 0.0197, 0.0197 -0.072 0.0206, 0.0197 -0.2526 0.0197, 0.0197 -0.2526 0.0394, 0.0197 -0.2685 0.0278, 0.0197 -0.0622 0.0278, 0.0197 -0.2642 0.0234, 0.0197 -0.2587 0.0206, 0.0197 -0.0781 0.0394, 0.0197 -0.2713 0.0333, 0.0197 -0.2723 0.0394, 0.0197 -0.2723 0.063, 0.0197 -0.2526 0.063, 0.0197 -0.0781 0.063, 0.0197 -0.0584 0.0394, 0.0197 -0.0594 0.0333, 0.0197 -0.0584 0.063, -0.0197 -0.2526 0.0394, -0.0197 -0.0781 0.0394, -0.0197 -0.2642 0.0234, -0.0197 -0.2587 0.0206, -0.0197 -0.2526 0.0197, -0.0197 -0.2685 0.0278, -0.0197 -0.2713 0.0333, -0.0197 -0.2723 0.0394, -0.0197 -0.0781 0.0197, -0.0197 -0.0622 0.0278, -0.0197 -0.0594 0.0333, -0.0197 -0.0584 0.0394, -0.0197 -0.0665 0.0234, -0.0197 -0.072 0.0206, -0.0197 -0.0781 0.063, -0.0197 -0.0584 0.063, -0.0197 -0.2723 0.063, -0.0197 -0.2526 0.063, -0.0197 -0.3819 0.2541, -0.0197 -0.3819 0.2323, -0.0197 -0.3861 0.2279, -0.0197 -0.4045 0.2356, -0.0197 -0.3898 0.2165, -0.0197 -0.4094 0.2165, -0.0197 -0.3888 0.2225, -0.0197 -0.3909 0.2499, -0.0197 -0.3898 0.0787, -0.0197 -0.4094 0.0787, -0.0197 -0.4082 0.2264, -0.0197 -0.3986 0.2436, 0.0197 -0.3898 0.0787, 0.0197 -0.4094 0.2165, 0.0197 -0.4094 0.0787, 0.0197 -0.3898 0.2165, 0.0197 -0.4045 0.2356, 0.0197 -0.3909 0.2499, 0.0197 -0.3861 0.2279, 0.0197 -0.3819 0.2541, 0.0197 -0.3986 0.2436, 0.0197 -0.4082 0.2264, 0.0197 -0.3819 0.2323, 0.0197 -0.3888 0.2225, 0.0197 -0.2691 0.1146, 0.0197 -0.2715 0.1094, 0.0197 -0.2723 0.1038, 0.0197 -0.2211 0.1355, 0.0197 -0.2374 0.153, 0.0197 -0.238 0.1468, 0.0197 -0.2526 0.1038, 0.0197 -0.2653 0.1188, 0.0197 -0.2317 0.1215, 0.0197 -0.2444 0.1365, 0.0197 -0.2695 0.204, 0.0197 -0.2683 0.1973, 0.0197 -0.2649 0.1914, 0.0197 -0.2185 0.1439, 0.0197 -0.2189 0.1614, 0.0197 -0.2177 0.1526, 0.0197 -0.227 0.1769, 0.0197 -0.2498 0.204, 0.0197 -0.242 0.1642, 0.0197 -0.2221 0.1696, 0.0197 -0.2705 0.2226, 0.0197 -0.2584 0.2411, 0.0197 -0.2647 0.2473, 0.0197 -0.2498 0.2165, 0.0197 -0.2695 0.2165, 0.0197 -0.2721 0.252, 0.0197 -0.2733 0.2281, 0.0197 -0.2776 0.2325, 0.0197 -0.2892 0.2362, 0.0197 -0.2831 0.2353, 0.0197 -0.2892 0.2559, 0.0197 -0.2805 0.2549, 0.0197 -0.3031 0.2559, 0.0197 -0.3031 0.2362, 0.0197 -0.2537 0.2336, 0.0197 -0.2508 0.2253, 0.0197 -0.2388 0.159, 0.0197 -0.2256 0.1279, 0.0197 -0.2403 0.1412, 0.0197 -0.2526 0.0787, 0.0197 -0.2723 0.0787, -0.0197 -0.2526 0.1038, -0.0197 -0.2317 0.1215, -0.0197 -0.2177 0.1526, -0.0197 -0.2189 0.1614, -0.0197 -0.2221 0.1696, -0.0197 -0.227 0.1769, -0.0197 -0.2185 0.1439, -0.0197 -0.2211 0.1355, -0.0197 -0.2256 0.1279, -0.0197 -0.2498 0.204, -0.0197 -0.2498 0.2165, -0.0197 -0.2647 0.2473, -0.0197 -0.2721 0.252, -0.0197 -0.2805 0.2549, -0.0197 -0.2892 0.2559, -0.0197 -0.2584 0.2411, -0.0197 -0.2537 0.2336, -0.0197 -0.2508 0.2253, -0.0197 -0.2892 0.2362, -0.0197 -0.2733 0.2281, -0.0197 -0.2831 0.2353, -0.0197 -0.2776 0.2325, -0.0197 -0.2705 0.2226, -0.0197 -0.2695 0.2165, -0.0197 -0.2695 0.204, -0.0197 -0.2649 0.1914, -0.0197 -0.2683 0.1973, -0.0197 -0.242 0.1642, -0.0197 -0.238 0.1468, -0.0197 -0.2388 0.159, -0.0197 -0.2374 0.153, -0.0197 -0.2403 0.1412, -0.0197 -0.2444 0.1365, -0.0197 -0.2653 0.1188, -0.0197 -0.2715 0.1094, -0.0197 -0.2723 0.1038, -0.0197 -0.2691 0.1146, -0.0197 -0.2526 0.0787, -0.0197 -0.2723 0.0787, -0.0197 -0.3031 0.2559, -0.0197 -0.3031 0.2362, 0.0197 -0.0658 0.1914, 0.0197 -0.0624 0.1973, 0.0197 -0.0612 0.204, 0.0197 -0.0654 0.1188, 0.0197 -0.0584 0.1038, 0.0197 -0.0616 0.1146, 0.0197 -0.1123 0.1439, 0.0197 -0.1118 0.1614, 0.0197 -0.113 0.1526, 0.0197 -0.1096 0.1355, 0.0197 -0.1051 0.1279, 0.0197 -0.1086 0.1696, 0.0197 -0.1037 0.1769, 0.0197 -0.0809 0.204, 0.0197 -0.0887 0.1642, 0.0197 -0.0933 0.153, 0.0197 -0.0919 0.159, 0.0197 -0.099 0.1215, 0.0197 -0.0863 0.1365, 0.0197 -0.0904 0.1412, 0.0197 -0.0612 0.2362, 0.0197 -0.0809 0.2362, 0.0197 -0.0781 0.1038, 0.0197 -0.0928 0.1468, 0.0197 -0.0781 0.0787, 0.0197 -0.0584 0.0787, 0.0197 -0.0592 0.1094, -0.0197 -0.0781 0.0787, -0.0197 -0.0781 0.1038, -0.0197 -0.0654 0.1188, -0.0197 -0.1123 0.1439, -0.0197 -0.113 0.1526, -0.0197 -0.1118 0.1614, -0.0197 -0.0584 0.0787, -0.0197 -0.1086 0.1696, -0.0197 -0.1051 0.1279, -0.0197 -0.1096 0.1355, -0.0197 -0.1037 0.1769, -0.0197 -0.0919 0.159, -0.0197 -0.0933 0.153, -0.0197 -0.099 0.1215, -0.0197 -0.0904 0.1412, -0.0197 -0.0863 0.1365, -0.0197 -0.0809 0.204, -0.0197 -0.0887 0.1642, -0.0197 -0.0624 0.1973, -0.0197 -0.0658 0.1914, -0.0197 -0.0612 0.204, -0.0197 -0.0612 0.2362, -0.0197 -0.0809 0.2362, -0.0197 -0.0928 0.1468, -0.0197 -0.0584 0.1038, -0.0197 -0.0592 0.1094, -0.0197 -0.0616 0.1146, 0.1378 -0.3819 0.2541, 0.1378 -0.3819 0.2323, 0.1378 -0.3861 0.2279, 0.1378 -0.4045 0.2356, 0.1378 -0.3898 0.2165, 0.1378 -0.4094 0.2165, 0.1378 -0.3888 0.2225, 0.1378 -0.3909 0.2499, 0.1378 -0.3898 0.0787, 0.1378 -0.4094 0.0787, 0.1378 -0.4082 0.2264, 0.1378 -0.3986 0.2436, 0.1772 -0.3898 0.0787, 0.1772 -0.4094 0.2165, 0.1772 -0.4094 0.0787, 0.1772 -0.3898 0.2165, 0.1772 -0.4045 0.2356, 0.1772 -0.3909 0.2499, 0.1772 -0.3861 0.2279, 0.1772 -0.3819 0.2541, 0.1772 -0.3986 0.2436, 0.1772 -0.4082 0.2264, 0.1772 -0.3819 0.2323, 0.1772 -0.3888 0.2225, 0.1772 -0.2691 0.1146, 0.1772 -0.2715 0.1094, 0.1772 -0.2723 0.1038, 0.1772 -0.2211 0.1355, 0.1772 -0.2374 0.153, 0.1772 -0.238 0.1468, 0.1772 -0.2526 0.1038, 0.1772 -0.2653 0.1188, 0.1772 -0.2317 0.1215, 0.1772 -0.2444 0.1365, 0.1772 -0.2695 0.204, 0.1772 -0.2683 0.1973, 0.1772 -0.2649 0.1914, 0.1772 -0.2185 0.1439, 0.1772 -0.2189 0.1614, 0.1772 -0.2177 0.1526, 0.1772 -0.227 0.1769, 0.1772 -0.2498 0.204, 0.1772 -0.242 0.1642, 0.1772 -0.2221 0.1696, 0.1772 -0.2705 0.2226, 0.1772 -0.2584 0.2411, 0.1772 -0.2647 0.2473, 0.1772 -0.2498 0.2165, 0.1772 -0.2695 0.2165, 0.1772 -0.2721 0.252, 0.1772 -0.2733 0.2281, 0.1772 -0.2776 0.2325, 0.1772 -0.2892 0.2362, 0.1772 -0.2831 0.2353, 0.1772 -0.2892 0.2559, 0.1772 -0.2805 0.2549, 0.1772 -0.3031 0.2559, 0.1772 -0.3031 0.2362, 0.1772 -0.2537 0.2336, 0.1772 -0.2508 0.2253, 0.1772 -0.2388 0.159, 0.1772 -0.2256 0.1279, 0.1772 -0.2403 0.1412, 0.1772 -0.2526 0.0787, 0.1772 -0.2723 0.0787, 0.1378 -0.2526 0.1038, 0.1378 -0.2317 0.1215, 0.1378 -0.2177 0.1526, 0.1378 -0.2189 0.1614, 0.1378 -0.2221 0.1696, 0.1378 -0.227 0.1769, 0.1378 -0.2185 0.1439, 0.1378 -0.2211 0.1355, 0.1378 -0.2256 0.1279, 0.1378 -0.2498 0.204, 0.1378 -0.2498 0.2165, 0.1378 -0.2647 0.2473, 0.1378 -0.2721 0.252, 0.1378 -0.2805 0.2549, 0.1378 -0.2892 0.2559, 0.1378 -0.2584 0.2411, 0.1378 -0.2537 0.2336, 0.1378 -0.2508 0.2253, 0.1378 -0.2892 0.2362, 0.1378 -0.2733 0.2281, 0.1378 -0.2831 0.2353, 0.1378 -0.2776 0.2325, 0.1378 -0.2705 0.2226, 0.1378 -0.2695 0.2165, 0.1378 -0.2695 0.204, 0.1378 -0.2649 0.1914, 0.1378 -0.2683 0.1973, 0.1378 -0.242 0.1642, 0.1378 -0.238 0.1468, 0.1378 -0.2388 0.159, 0.1378 -0.2374 0.153, 0.1378 -0.2403 0.1412, 0.1378 -0.2444 0.1365, 0.1378 -0.2653 0.1188, 0.1378 -0.2715 0.1094, 0.1378 -0.2723 0.1038, 0.1378 -0.2691 0.1146, 0.1378 -0.2526 0.0787, 0.1378 -0.2723 0.0787, 0.1378 -0.3031 0.2559, 0.1378 -0.3031 0.2362, 0.1378 -0.4132 0.0278, 0.1378 -0.3937 0.0223, 0.1378 -0.4176 0.0234, 0.1378 -0.4094 0.063, 0.1378 -0.3898 0.063, 0.1378 -0.3898 0.0394, 0.1378 -0.4046 0.0086, 0.1378 -0.4121 0.0039, 0.1378 -0.4231 0.0206, 0.1378 -0.4204 0.001, 0.1378 -0.4291 0.0197, 0.1378 -0.4291 0.0, 0.1378 -0.3984 0.0148, 0.1378 -0.5098 0.0, 0.1378 -0.5098 0.0197, 0.1378 -0.3908 0.0306, 0.1378 -0.4104 0.0333, 0.1378 -0.4094 0.0394, 0.1772 -0.4104 0.0333, 0.1772 -0.4094 0.0394, 0.1772 -0.4231 0.0206, 0.1772 -0.4176 0.0234, 0.1772 -0.4132 0.0278, 0.1772 -0.4291 0.0197, 0.1772 -0.5098 0.0197, 0.1772 -0.5098 0.0, 0.1772 -0.4291 0.0, 0.1772 -0.3984 0.0148, 0.1772 -0.4046 0.0086, 0.1772 -0.3937 0.0223, 0.1772 -0.3908 0.0306, 0.1772 -0.3898 0.0394, 0.1772 -0.4121 0.0039, 0.1772 -0.4204 0.001, 0.1772 -0.4094 0.063, 0.1772 -0.3898 0.063, 0.1772 -0.0665 0.0234, 0.1772 -0.0781 0.0197, 0.1772 -0.072 0.0206, 0.1772 -0.2526 0.0197, 0.1772 -0.2526 0.0394, 0.1772 -0.2685 0.0278, 0.1772 -0.0622 0.0278, 0.1772 -0.2642 0.0234, 0.1772 -0.2587 0.0206, 0.1772 -0.0781 0.0394, 0.1772 -0.2713 0.0333, 0.1772 -0.2723 0.0394, 0.1772 -0.2723 0.063, 0.1772 -0.2526 0.063, 0.1772 -0.0781 0.063, 0.1772 -0.0584 0.0394, 0.1772 -0.0594 0.0333, 0.1772 -0.0584 0.063, 0.1378 -0.2526 0.0394, 0.1378 -0.0781 0.0394, 0.1378 -0.2642 0.0234, 0.1378 -0.2587 0.0206, 0.1378 -0.2526 0.0197, 0.1378 -0.2685 0.0278, 0.1378 -0.2713 0.0333, 0.1378 -0.2723 0.0394, 0.1378 -0.0781 0.0197, 0.1378 -0.0622 0.0278, 0.1378 -0.0594 0.0333, 0.1378 -0.0584 0.0394, 0.1378 -0.0665 0.0234, 0.1378 -0.072 0.0206, 0.1378 -0.0781 0.063, 0.1378 -0.0584 0.063, 0.1378 -0.2723 0.063, 0.1378 -0.2526 0.063, 0.1772 -0.0658 0.1914, 0.1772 -0.0624 0.1973, 0.1772 -0.0612 0.204, 0.1772 -0.0654 0.1188, 0.1772 -0.0584 0.1038, 0.1772 -0.0616 0.1146, 0.1772 -0.1123 0.1439, 0.1772 -0.1118 0.1614, 0.1772 -0.113 0.1526, 0.1772 -0.1096 0.1355, 0.1772 -0.1051 0.1279, 0.1772 -0.1086 0.1696, 0.1772 -0.1037 0.1769, 0.1772 -0.0809 0.204, 0.1772 -0.0887 0.1642, 0.1772 -0.0933 0.153, 0.1772 -0.0919 0.159, 0.1772 -0.099 0.1215, 0.1772 -0.0863 0.1365, 0.1772 -0.0904 0.1412, 0.1772 -0.0612 0.2362, 0.1772 -0.0809 0.2362, 0.1772 -0.0781 0.1038, 0.1772 -0.0928 0.1468, 0.1772 -0.0781 0.0787, 0.1772 -0.0584 0.0787, 0.1772 -0.0592 0.1094, 0.1378 -0.0781 0.0787, 0.1378 -0.0781 0.1038, 0.1378 -0.0654 0.1188, 0.1378 -0.1123 0.1439, 0.1378 -0.113 0.1526, 0.1378 -0.1118 0.1614, 0.1378 -0.0584 0.0787, 0.1378 -0.1086 0.1696, 0.1378 -0.1051 0.1279, 0.1378 -0.1096 0.1355, 0.1378 -0.1037 0.1769, 0.1378 -0.0919 0.159, 0.1378 -0.0933 0.153, 0.1378 -0.099 0.1215, 0.1378 -0.0904 0.1412, 0.1378 -0.0863 0.1365, 0.1378 -0.0809 0.204, 0.1378 -0.0887 0.1642, 0.1378 -0.0624 0.1973, 0.1378 -0.0658 0.1914, 0.1378 -0.0612 0.204, 0.1378 -0.0612 0.2362, 0.1378 -0.0809 0.2362, 0.1378 -0.0928 0.1468, 0.1378 -0.0584 0.1038, 0.1378 -0.0592 0.1094, 0.1378 -0.0616 0.1146, 0.3346 -0.2691 0.1146, 0.3346 -0.2715 0.1094, 0.3346 -0.2723 0.1038, 0.3346 -0.2211 0.1355, 0.3346 -0.2374 0.153, 0.3346 -0.238 0.1468, 0.3346 -0.2526 0.1038, 0.3346 -0.2653 0.1188, 0.3346 -0.2317 0.1215, 0.3346 -0.2444 0.1365, 0.3346 -0.2695 0.204, 0.3346 -0.2683 0.1973, 0.3346 -0.2649 0.1914, 0.3346 -0.2185 0.1439, 0.3346 -0.2189 0.1614, 0.3346 -0.2177 0.1526, 0.3346 -0.227 0.1769, 0.3346 -0.2498 0.204, 0.3346 -0.242 0.1642, 0.3346 -0.2221 0.1696, 0.3346 -0.2705 0.2226, 0.3346 -0.2584 0.2411, 0.3346 -0.2647 0.2473, 0.3346 -0.2498 0.2165, 0.3346 -0.2695 0.2165, 0.3346 -0.2721 0.252, 0.3346 -0.2733 0.2281, 0.3346 -0.2776 0.2325, 0.3346 -0.2892 0.2362, 0.3346 -0.2831 0.2353, 0.3346 -0.2892 0.2559, 0.3346 -0.2805 0.2549, 0.3346 -0.3031 0.2559, 0.3346 -0.3031 0.2362, 0.3346 -0.2537 0.2336, 0.3346 -0.2508 0.2253, 0.3346 -0.2388 0.159, 0.3346 -0.2256 0.1279, 0.3346 -0.2403 0.1412, 0.3346 -0.2526 0.0787, 0.3346 -0.2723 0.0787, 0.2953 -0.2526 0.1038, 0.2953 -0.2317 0.1215, 0.2953 -0.2177 0.1526, 0.2953 -0.2189 0.1614, 0.2953 -0.2221 0.1696, 0.2953 -0.227 0.1769, 0.2953 -0.2185 0.1439, 0.2953 -0.2211 0.1355, 0.2953 -0.2256 0.1279, 0.2953 -0.2498 0.204, 0.2953 -0.2498 0.2165, 0.2953 -0.2647 0.2473, 0.2953 -0.2721 0.252, 0.2953 -0.2805 0.2549, 0.2953 -0.2892 0.2559, 0.2953 -0.2584 0.2411, 0.2953 -0.2537 0.2336, 0.2953 -0.2508 0.2253, 0.2953 -0.2892 0.2362, 0.2953 -0.2733 0.2281, 0.2953 -0.2831 0.2353, 0.2953 -0.2776 0.2325, 0.2953 -0.2705 0.2226, 0.2953 -0.2695 0.2165, 0.2953 -0.2695 0.204, 0.2953 -0.2649 0.1914, 0.2953 -0.2683 0.1973, 0.2953 -0.242 0.1642, 0.2953 -0.238 0.1468, 0.2953 -0.2388 0.159, 0.2953 -0.2374 0.153, 0.2953 -0.2403 0.1412, 0.2953 -0.2444 0.1365, 0.2953 -0.2653 0.1188, 0.2953 -0.2715 0.1094, 0.2953 -0.2723 0.1038, 0.2953 -0.2691 0.1146, 0.2953 -0.2526 0.0787, 0.2953 -0.2723 0.0787, 0.2953 -0.3031 0.2559, 0.2953 -0.3031 0.2362, 0.2953 -0.3819 0.2541, 0.2953 -0.3819 0.2323, 0.2953 -0.3861 0.2279, 0.2953 -0.4045 0.2356, 0.2953 -0.3898 0.2165, 0.2953 -0.4094 0.2165, 0.2953 -0.3888 0.2225, 0.2953 -0.3909 0.2499, 0.2953 -0.3898 0.0787, 0.2953 -0.4094 0.0787, 0.2953 -0.4082 0.2264, 0.2953 -0.3986 0.2436, 0.3346 -0.3898 0.0787, 0.3346 -0.4094 0.2165, 0.3346 -0.4094 0.0787, 0.3346 -0.3898 0.2165, 0.3346 -0.4045 0.2356, 0.3346 -0.3909 0.2499, 0.3346 -0.3861 0.2279, 0.3346 -0.3819 0.2541, 0.3346 -0.3986 0.2436, 0.3346 -0.4082 0.2264, 0.3346 -0.3819 0.2323, 0.3346 -0.3888 0.2225, 0.2953 -0.4132 0.0278, 0.2953 -0.3937 0.0223, 0.2953 -0.4176 0.0234, 0.2953 -0.4094 0.063, 0.2953 -0.3898 0.063, 0.2953 -0.3898 0.0394, 0.2953 -0.4046 0.0086, 0.2953 -0.4121 0.0039, 0.2953 -0.4231 0.0206, 0.2953 -0.4204 0.001, 0.2953 -0.4291 0.0197, 0.2953 -0.4291 0.0, 0.2953 -0.3984 0.0148, 0.2953 -0.5098 0.0, 0.2953 -0.5098 0.0197, 0.2953 -0.3908 0.0306, 0.2953 -0.4104 0.0333, 0.2953 -0.4094 0.0394, 0.3346 -0.4104 0.0333, 0.3346 -0.4094 0.0394, 0.3346 -0.4231 0.0206, 0.3346 -0.4176 0.0234, 0.3346 -0.4132 0.0278, 0.3346 -0.4291 0.0197, 0.3346 -0.5098 0.0197, 0.3346 -0.5098 0.0, 0.3346 -0.4291 0.0, 0.3346 -0.3984 0.0148, 0.3346 -0.4046 0.0086, 0.3346 -0.3937 0.0223, 0.3346 -0.3908 0.0306, 0.3346 -0.3898 0.0394, 0.3346 -0.4121 0.0039, 0.3346 -0.4204 0.001, 0.3346 -0.4094 0.063, 0.3346 -0.3898 0.063, 0.3346 -0.0665 0.0234, 0.3346 -0.0781 0.0197, 0.3346 -0.072 0.0206, 0.3346 -0.2526 0.0197, 0.3346 -0.2526 0.0394, 0.3346 -0.2685 0.0278, 0.3346 -0.0622 0.0278, 0.3346 -0.2642 0.0234, 0.3346 -0.2587 0.0206, 0.3346 -0.0781 0.0394, 0.3346 -0.2713 0.0333, 0.3346 -0.2723 0.0394, 0.3346 -0.2723 0.063, 0.3346 -0.2526 0.063, 0.3346 -0.0781 0.063, 0.3346 -0.0584 0.0394, 0.3346 -0.0594 0.0333, 0.3346 -0.0584 0.063, 0.2953 -0.2526 0.0394, 0.2953 -0.0781 0.0394, 0.2953 -0.2642 0.0234, 0.2953 -0.2587 0.0206, 0.2953 -0.2526 0.0197, 0.2953 -0.2685 0.0278, 0.2953 -0.2713 0.0333, 0.2953 -0.2723 0.0394, 0.2953 -0.0781 0.0197, 0.2953 -0.0622 0.0278, 0.2953 -0.0594 0.0333, 0.2953 -0.0584 0.0394, 0.2953 -0.0665 0.0234, 0.2953 -0.072 0.0206, 0.2953 -0.0781 0.063, 0.2953 -0.0584 0.063, 0.2953 -0.2723 0.063, 0.2953 -0.2526 0.063, 0.3346 -0.0658 0.1914, 0.3346 -0.0624 0.1973, 0.3346 -0.0612 0.204, 0.3346 -0.0654 0.1188, 0.3346 -0.0584 0.1038, 0.3346 -0.0616 0.1146, 0.3346 -0.1123 0.1439, 0.3346 -0.1118 0.1614, 0.3346 -0.113 0.1526, 0.3346 -0.1096 0.1355, 0.3346 -0.1051 0.1279, 0.3346 -0.1086 0.1696, 0.3346 -0.1037 0.1769, 0.3346 -0.0809 0.204, 0.3346 -0.0887 0.1642, 0.3346 -0.0933 0.153, 0.3346 -0.0919 0.159, 0.3346 -0.099 0.1215, 0.3346 -0.0863 0.1365, 0.3346 -0.0904 0.1412, 0.3346 -0.0612 0.2362, 0.3346 -0.0809 0.2362, 0.3346 -0.0781 0.1038, 0.3346 -0.0928 0.1468, 0.3346 -0.0781 0.0787, 0.3346 -0.0584 0.0787, 0.3346 -0.0592 0.1094, 0.2953 -0.0781 0.0787, 0.2953 -0.0781 0.1038, 0.2953 -0.0654 0.1188, 0.2953 -0.1123 0.1439, 0.2953 -0.113 0.1526, 0.2953 -0.1118 0.1614, 0.2953 -0.0584 0.0787, 0.2953 -0.1086 0.1696, 0.2953 -0.1051 0.1279, 0.2953 -0.1096 0.1355, 0.2953 -0.1037 0.1769, 0.2953 -0.0919 0.159, 0.2953 -0.0933 0.153, 0.2953 -0.099 0.1215, 0.2953 -0.0904 0.1412, 0.2953 -0.0863 0.1365, 0.2953 -0.0809 0.204, 0.2953 -0.0887 0.1642, 0.2953 -0.0624 0.1973, 0.2953 -0.0658 0.1914, 0.2953 -0.0612 0.204, 0.2953 -0.0612 0.2362, 0.2953 -0.0809 0.2362, 0.2953 -0.0928 0.1468, 0.2953 -0.0584 0.1038, 0.2953 -0.0592 0.1094, 0.2953 -0.0616 0.1146, 0.4528 -0.3819 0.2541, 0.4528 -0.3819 0.2323, 0.4528 -0.3861 0.2279, 0.4528 -0.4045 0.2356, 0.4528 -0.3898 0.2165, 0.4528 -0.4094 0.2165, 0.4528 -0.3888 0.2225, 0.4528 -0.3909 0.2499, 0.4528 -0.3898 0.0787, 0.4528 -0.4094 0.0787, 0.4528 -0.4082 0.2264, 0.4528 -0.3986 0.2436, 0.4921 -0.3898 0.0787, 0.4921 -0.4094 0.2165, 0.4921 -0.4094 0.0787, 0.4921 -0.3898 0.2165, 0.4921 -0.4045 0.2356, 0.4921 -0.3909 0.2499, 0.4921 -0.3861 0.2279, 0.4921 -0.3819 0.2541, 0.4921 -0.3986 0.2436, 0.4921 -0.4082 0.2264, 0.4921 -0.3819 0.2323, 0.4921 -0.3888 0.2225, 0.4921 -0.2691 0.1146, 0.4921 -0.2715 0.1094, 0.4921 -0.2723 0.1038, 0.4921 -0.2211 0.1355, 0.4921 -0.2374 0.153, 0.4921 -0.238 0.1468, 0.4921 -0.2526 0.1038, 0.4921 -0.2653 0.1188, 0.4921 -0.2317 0.1215, 0.4921 -0.2444 0.1365, 0.4921 -0.2695 0.204, 0.4921 -0.2683 0.1973, 0.4921 -0.2649 0.1914, 0.4921 -0.2185 0.1439, 0.4921 -0.2189 0.1614, 0.4921 -0.2177 0.1526, 0.4921 -0.227 0.1769, 0.4921 -0.2498 0.204, 0.4921 -0.242 0.1642, 0.4921 -0.2221 0.1696, 0.4921 -0.2705 0.2226, 0.4921 -0.2584 0.2411, 0.4921 -0.2647 0.2473, 0.4921 -0.2498 0.2165, 0.4921 -0.2695 0.2165, 0.4921 -0.2721 0.252, 0.4921 -0.2733 0.2281, 0.4921 -0.2776 0.2325, 0.4921 -0.2892 0.2362, 0.4921 -0.2831 0.2353, 0.4921 -0.2892 0.2559, 0.4921 -0.2805 0.2549, 0.4921 -0.3031 0.2559, 0.4921 -0.3031 0.2362, 0.4921 -0.2537 0.2336, 0.4921 -0.2508 0.2253, 0.4921 -0.2388 0.159, 0.4921 -0.2256 0.1279, 0.4921 -0.2403 0.1412, 0.4921 -0.2526 0.0787, 0.4921 -0.2723 0.0787, 0.4528 -0.2526 0.1038, 0.4528 -0.2317 0.1215, 0.4528 -0.2177 0.1526, 0.4528 -0.2189 0.1614, 0.4528 -0.2221 0.1696, 0.4528 -0.227 0.1769, 0.4528 -0.2185 0.1439, 0.4528 -0.2211 0.1355, 0.4528 -0.2256 0.1279, 0.4528 -0.2498 0.204, 0.4528 -0.2498 0.2165, 0.4528 -0.2647 0.2473, 0.4528 -0.2721 0.252, 0.4528 -0.2805 0.2549, 0.4528 -0.2892 0.2559, 0.4528 -0.2584 0.2411, 0.4528 -0.2537 0.2336, 0.4528 -0.2508 0.2253, 0.4528 -0.2892 0.2362, 0.4528 -0.2733 0.2281, 0.4528 -0.2831 0.2353, 0.4528 -0.2776 0.2325, 0.4528 -0.2705 0.2226, 0.4528 -0.2695 0.2165, 0.4528 -0.2695 0.204, 0.4528 -0.2649 0.1914, 0.4528 -0.2683 0.1973, 0.4528 -0.242 0.1642, 0.4528 -0.238 0.1468, 0.4528 -0.2388 0.159, 0.4528 -0.2374 0.153, 0.4528 -0.2403 0.1412, 0.4528 -0.2444 0.1365, 0.4528 -0.2653 0.1188, 0.4528 -0.2715 0.1094, 0.4528 -0.2723 0.1038, 0.4528 -0.2691 0.1146, 0.4528 -0.2526 0.0787, 0.4528 -0.2723 0.0787, 0.4528 -0.3031 0.2559, 0.4528 -0.3031 0.2362, 0.4528 -0.4132 0.0278, 0.4528 -0.3937 0.0223, 0.4528 -0.4176 0.0234, 0.4528 -0.4094 0.063, 0.4528 -0.3898 0.063, 0.4528 -0.3898 0.0394, 0.4528 -0.4046 0.0086, 0.4528 -0.4121 0.0039, 0.4528 -0.4231 0.0206, 0.4528 -0.4204 0.001, 0.4528 -0.4291 0.0197, 0.4528 -0.4291 0.0, 0.4528 -0.3984 0.0148, 0.4528 -0.5098 0.0, 0.4528 -0.5098 0.0197, 0.4528 -0.3908 0.0306, 0.4528 -0.4104 0.0333, 0.4528 -0.4094 0.0394, 0.4921 -0.4104 0.0333, 0.4921 -0.4094 0.0394, 0.4921 -0.4231 0.0206, 0.4921 -0.4176 0.0234, 0.4921 -0.4132 0.0278, 0.4921 -0.4291 0.0197, 0.4921 -0.5098 0.0197, 0.4921 -0.5098 0.0, 0.4921 -0.4291 0.0, 0.4921 -0.3984 0.0148, 0.4921 -0.4046 0.0086, 0.4921 -0.3937 0.0223, 0.4921 -0.3908 0.0306, 0.4921 -0.3898 0.0394, 0.4921 -0.4121 0.0039, 0.4921 -0.4204 0.001, 0.4921 -0.4094 0.063, 0.4921 -0.3898 0.063, 0.4921 -0.0665 0.0234, 0.4921 -0.0781 0.0197, 0.4921 -0.072 0.0206, 0.4921 -0.2526 0.0197, 0.4921 -0.2526 0.0394, 0.4921 -0.2685 0.0278, 0.4921 -0.0622 0.0278, 0.4921 -0.2642 0.0234, 0.4921 -0.2587 0.0206, 0.4921 -0.0781 0.0394, 0.4921 -0.2713 0.0333, 0.4921 -0.2723 0.0394, 0.4921 -0.2723 0.063, 0.4921 -0.2526 0.063, 0.4921 -0.0781 0.063, 0.4921 -0.0584 0.0394, 0.4921 -0.0594 0.0333, 0.4921 -0.0584 0.063, 0.4528 -0.2526 0.0394, 0.4528 -0.0781 0.0394, 0.4528 -0.2642 0.0234, 0.4528 -0.2587 0.0206, 0.4528 -0.2526 0.0197, 0.4528 -0.2685 0.0278, 0.4528 -0.2713 0.0333, 0.4528 -0.2723 0.0394, 0.4528 -0.0781 0.0197, 0.4528 -0.0622 0.0278, 0.4528 -0.0594 0.0333, 0.4528 -0.0584 0.0394, 0.4528 -0.0665 0.0234, 0.4528 -0.072 0.0206, 0.4528 -0.0781 0.063, 0.4528 -0.0584 0.063, 0.4528 -0.2723 0.063, 0.4528 -0.2526 0.063, 0.4921 -0.0658 0.1914, 0.4921 -0.0624 0.1973, 0.4921 -0.0612 0.204, 0.4921 -0.0654 0.1188, 0.4921 -0.0584 0.1038, 0.4921 -0.0616 0.1146, 0.4921 -0.1123 0.1439, 0.4921 -0.1118 0.1614, 0.4921 -0.113 0.1526, 0.4921 -0.1096 0.1355, 0.4921 -0.1051 0.1279, 0.4921 -0.1086 0.1696, 0.4921 -0.1037 0.1769, 0.4921 -0.0809 0.204, 0.4921 -0.0887 0.1642, 0.4921 -0.0933 0.153, 0.4921 -0.0919 0.159, 0.4921 -0.099 0.1215, 0.4921 -0.0863 0.1365, 0.4921 -0.0904 0.1412, 0.4921 -0.0612 0.2362, 0.4921 -0.0809 0.2362, 0.4921 -0.0781 0.1038, 0.4921 -0.0928 0.1468, 0.4921 -0.0781 0.0787, 0.4921 -0.0584 0.0787, 0.4921 -0.0592 0.1094, 0.4528 -0.0781 0.0787, 0.4528 -0.0781 0.1038, 0.4528 -0.0654 0.1188, 0.4528 -0.1123 0.1439, 0.4528 -0.113 0.1526, 0.4528 -0.1118 0.1614, 0.4528 -0.0584 0.0787, 0.4528 -0.1086 0.1696, 0.4528 -0.1051 0.1279, 0.4528 -0.1096 0.1355, 0.4528 -0.1037 0.1769, 0.4528 -0.0919 0.159, 0.4528 -0.0933 0.153, 0.4528 -0.099 0.1215, 0.4528 -0.0904 0.1412, 0.4528 -0.0863 0.1365, 0.4528 -0.0809 0.204, 0.4528 -0.0887 0.1642, 0.4528 -0.0624 0.1973, 0.4528 -0.0658 0.1914, 0.4528 -0.0612 0.204, 0.4528 -0.0612 0.2362, 0.4528 -0.0809 0.2362, 0.4528 -0.0928 0.1468, 0.4528 -0.0584 0.1038, 0.4528 -0.0592 0.1094, 0.4528 -0.0616 0.1146, 0.6496 -0.2691 0.1146, 0.6496 -0.2715 0.1094, 0.6496 -0.2723 0.1038, 0.6496 -0.2211 0.1355, 0.6496 -0.2374 0.153, 0.6496 -0.238 0.1468, 0.6496 -0.2526 0.1038, 0.6496 -0.2653 0.1188, 0.6496 -0.2317 0.1215, 0.6496 -0.2444 0.1365, 0.6496 -0.2695 0.204, 0.6496 -0.2683 0.1973, 0.6496 -0.2649 0.1914, 0.6496 -0.2185 0.1439, 0.6496 -0.2189 0.1614, 0.6496 -0.2177 0.1526, 0.6496 -0.227 0.1769, 0.6496 -0.2498 0.204, 0.6496 -0.242 0.1642, 0.6496 -0.2221 0.1696, 0.6496 -0.2705 0.2226, 0.6496 -0.2584 0.2411, 0.6496 -0.2647 0.2473, 0.6496 -0.2498 0.2165, 0.6496 -0.2695 0.2165, 0.6496 -0.2721 0.252, 0.6496 -0.2733 0.2281, 0.6496 -0.2776 0.2325, 0.6496 -0.2892 0.2362, 0.6496 -0.2831 0.2353, 0.6496 -0.2892 0.2559, 0.6496 -0.2805 0.2549, 0.6496 -0.3031 0.2559, 0.6496 -0.3031 0.2362, 0.6496 -0.2537 0.2336, 0.6496 -0.2508 0.2253, 0.6496 -0.2388 0.159, 0.6496 -0.2256 0.1279, 0.6496 -0.2403 0.1412, 0.6496 -0.2526 0.0787, 0.6496 -0.2723 0.0787, 0.6102 -0.2526 0.1038, 0.6102 -0.2317 0.1215, 0.6102 -0.2177 0.1526, 0.6102 -0.2189 0.1614, 0.6102 -0.2221 0.1696, 0.6102 -0.227 0.1769, 0.6102 -0.2185 0.1439, 0.6102 -0.2211 0.1355, 0.6102 -0.2256 0.1279, 0.6102 -0.2498 0.204, 0.6102 -0.2498 0.2165, 0.6102 -0.2647 0.2473, 0.6102 -0.2721 0.252, 0.6102 -0.2805 0.2549, 0.6102 -0.2892 0.2559, 0.6102 -0.2584 0.2411, 0.6102 -0.2537 0.2336, 0.6102 -0.2508 0.2253, 0.6102 -0.2892 0.2362, 0.6102 -0.2733 0.2281, 0.6102 -0.2831 0.2353, 0.6102 -0.2776 0.2325, 0.6102 -0.2705 0.2226, 0.6102 -0.2695 0.2165, 0.6102 -0.2695 0.204, 0.6102 -0.2649 0.1914, 0.6102 -0.2683 0.1973, 0.6102 -0.242 0.1642, 0.6102 -0.238 0.1468, 0.6102 -0.2388 0.159, 0.6102 -0.2374 0.153, 0.6102 -0.2403 0.1412, 0.6102 -0.2444 0.1365, 0.6102 -0.2653 0.1188, 0.6102 -0.2715 0.1094, 0.6102 -0.2723 0.1038, 0.6102 -0.2691 0.1146, 0.6102 -0.2526 0.0787, 0.6102 -0.2723 0.0787, 0.6102 -0.3031 0.2559, 0.6102 -0.3031 0.2362, 0.6102 -0.3819 0.2541, 0.6102 -0.3819 0.2323, 0.6102 -0.3861 0.2279, 0.6102 -0.4045 0.2356, 0.6102 -0.3898 0.2165, 0.6102 -0.4094 0.2165, 0.6102 -0.3888 0.2225, 0.6102 -0.3909 0.2499, 0.6102 -0.3898 0.0787, 0.6102 -0.4094 0.0787, 0.6102 -0.4082 0.2264, 0.6102 -0.3986 0.2436, 0.6496 -0.3898 0.0787, 0.6496 -0.4094 0.2165, 0.6496 -0.4094 0.0787, 0.6496 -0.3898 0.2165, 0.6496 -0.4045 0.2356, 0.6496 -0.3909 0.2499, 0.6496 -0.3861 0.2279, 0.6496 -0.3819 0.2541, 0.6496 -0.3986 0.2436, 0.6496 -0.4082 0.2264, 0.6496 -0.3819 0.2323, 0.6496 -0.3888 0.2225, 0.6102 -0.4132 0.0278, 0.6102 -0.3937 0.0223, 0.6102 -0.4176 0.0234, 0.6102 -0.4094 0.063, 0.6102 -0.3898 0.063, 0.6102 -0.3898 0.0394, 0.6102 -0.4046 0.0086, 0.6102 -0.4121 0.0039, 0.6102 -0.4231 0.0206, 0.6102 -0.4204 0.001, 0.6102 -0.4291 0.0197, 0.6102 -0.4291 0.0, 0.6102 -0.3984 0.0148, 0.6102 -0.5098 0.0, 0.6102 -0.5098 0.0197, 0.6102 -0.3908 0.0306, 0.6102 -0.4104 0.0333, 0.6102 -0.4094 0.0394, 0.6496 -0.4104 0.0333, 0.6496 -0.4094 0.0394, 0.6496 -0.4231 0.0206, 0.6496 -0.4176 0.0234, 0.6496 -0.4132 0.0278, 0.6496 -0.4291 0.0197, 0.6496 -0.5098 0.0197, 0.6496 -0.5098 0.0, 0.6496 -0.4291 0.0, 0.6496 -0.3984 0.0148, 0.6496 -0.4046 0.0086, 0.6496 -0.3937 0.0223, 0.6496 -0.3908 0.0306, 0.6496 -0.3898 0.0394, 0.6496 -0.4121 0.0039, 0.6496 -0.4204 0.001, 0.6496 -0.4094 0.063, 0.6496 -0.3898 0.063, 0.6496 -0.0665 0.0234, 0.6496 -0.0781 0.0197, 0.6496 -0.072 0.0206, 0.6496 -0.2526 0.0197, 0.6496 -0.2526 0.0394, 0.6496 -0.2685 0.0278, 0.6496 -0.0622 0.0278, 0.6496 -0.2642 0.0234, 0.6496 -0.2587 0.0206, 0.6496 -0.0781 0.0394, 0.6496 -0.2713 0.0333, 0.6496 -0.2723 0.0394, 0.6496 -0.2723 0.063, 0.6496 -0.2526 0.063, 0.6496 -0.0781 0.063, 0.6496 -0.0584 0.0394, 0.6496 -0.0594 0.0333, 0.6496 -0.0584 0.063, 0.6102 -0.2526 0.0394, 0.6102 -0.0781 0.0394, 0.6102 -0.2642 0.0234, 0.6102 -0.2587 0.0206, 0.6102 -0.2526 0.0197, 0.6102 -0.2685 0.0278, 0.6102 -0.2713 0.0333, 0.6102 -0.2723 0.0394, 0.6102 -0.0781 0.0197, 0.6102 -0.0622 0.0278, 0.6102 -0.0594 0.0333, 0.6102 -0.0584 0.0394, 0.6102 -0.0665 0.0234, 0.6102 -0.072 0.0206, 0.6102 -0.0781 0.063, 0.6102 -0.0584 0.063, 0.6102 -0.2723 0.063, 0.6102 -0.2526 0.063, 0.6496 -0.0658 0.1914, 0.6496 -0.0624 0.1973, 0.6496 -0.0612 0.204, 0.6496 -0.0654 0.1188, 0.6496 -0.0584 0.1038, 0.6496 -0.0616 0.1146, 0.6496 -0.1123 0.1439, 0.6496 -0.1118 0.1614, 0.6496 -0.113 0.1526, 0.6496 -0.1096 0.1355, 0.6496 -0.1051 0.1279, 0.6496 -0.1086 0.1696, 0.6496 -0.1037 0.1769, 0.6496 -0.0809 0.204, 0.6496 -0.0887 0.1642, 0.6496 -0.0933 0.153, 0.6496 -0.0919 0.159, 0.6496 -0.099 0.1215, 0.6496 -0.0863 0.1365, 0.6496 -0.0904 0.1412, 0.6496 -0.0612 0.2362, 0.6496 -0.0809 0.2362, 0.6496 -0.0781 0.1038, 0.6496 -0.0928 0.1468, 0.6496 -0.0781 0.0787, 0.6496 -0.0584 0.0787, 0.6496 -0.0592 0.1094, 0.6102 -0.0781 0.0787, 0.6102 -0.0781 0.1038, 0.6102 -0.0654 0.1188, 0.6102 -0.1123 0.1439, 0.6102 -0.113 0.1526, 0.6102 -0.1118 0.1614, 0.6102 -0.0584 0.0787, 0.6102 -0.1086 0.1696, 0.6102 -0.1051 0.1279, 0.6102 -0.1096 0.1355, 0.6102 -0.1037 0.1769, 0.6102 -0.0919 0.159, 0.6102 -0.0933 0.153, 0.6102 -0.099 0.1215, 0.6102 -0.0904 0.1412, 0.6102 -0.0863 0.1365, 0.6102 -0.0809 0.204, 0.6102 -0.0887 0.1642, 0.6102 -0.0624 0.1973, 0.6102 -0.0658 0.1914, 0.6102 -0.0612 0.204, 0.6102 -0.0612 0.2362, 0.6102 -0.0809 0.2362, 0.6102 -0.0928 0.1468, 0.6102 -0.0584 0.1038, 0.6102 -0.0592 0.1094, 0.6102 -0.0616 0.1146, 0.7677 -0.3819 0.2541, 0.7677 -0.3819 0.2323, 0.7677 -0.3861 0.2279, 0.7677 -0.4045 0.2356, 0.7677 -0.3898 0.2165, 0.7677 -0.4094 0.2165, 0.7677 -0.3888 0.2225, 0.7677 -0.3909 0.2499, 0.7677 -0.3898 0.0787, 0.7677 -0.4094 0.0787, 0.7677 -0.4082 0.2264, 0.7677 -0.3986 0.2436, 0.8071 -0.3898 0.0787, 0.8071 -0.4094 0.2165, 0.8071 -0.4094 0.0787, 0.8071 -0.3898 0.2165, 0.8071 -0.4045 0.2356, 0.8071 -0.3909 0.2499, 0.8071 -0.3861 0.2279, 0.8071 -0.3819 0.2541, 0.8071 -0.3986 0.2436, 0.8071 -0.4082 0.2264, 0.8071 -0.3819 0.2323, 0.8071 -0.3888 0.2225, 0.8071 -0.2691 0.1146, 0.8071 -0.2715 0.1094, 0.8071 -0.2723 0.1038, 0.8071 -0.2211 0.1355, 0.8071 -0.2374 0.153, 0.8071 -0.238 0.1468, 0.8071 -0.2526 0.1038, 0.8071 -0.2653 0.1188, 0.8071 -0.2317 0.1215, 0.8071 -0.2444 0.1365, 0.8071 -0.2695 0.204, 0.8071 -0.2683 0.1973, 0.8071 -0.2649 0.1914, 0.8071 -0.2185 0.1439, 0.8071 -0.2189 0.1614, 0.8071 -0.2177 0.1526, 0.8071 -0.227 0.1769, 0.8071 -0.2498 0.204, 0.8071 -0.242 0.1642, 0.8071 -0.2221 0.1696, 0.8071 -0.2705 0.2226, 0.8071 -0.2584 0.2411, 0.8071 -0.2647 0.2473, 0.8071 -0.2498 0.2165, 0.8071 -0.2695 0.2165, 0.8071 -0.2721 0.252, 0.8071 -0.2733 0.2281, 0.8071 -0.2776 0.2325, 0.8071 -0.2892 0.2362, 0.8071 -0.2831 0.2353, 0.8071 -0.2892 0.2559, 0.8071 -0.2805 0.2549, 0.8071 -0.3031 0.2559, 0.8071 -0.3031 0.2362, 0.8071 -0.2537 0.2336, 0.8071 -0.2508 0.2253, 0.8071 -0.2388 0.159, 0.8071 -0.2256 0.1279, 0.8071 -0.2403 0.1412, 0.8071 -0.2526 0.0787, 0.8071 -0.2723 0.0787, 0.7677 -0.2526 0.1038, 0.7677 -0.2317 0.1215, 0.7677 -0.2177 0.1526, 0.7677 -0.2189 0.1614, 0.7677 -0.2221 0.1696, 0.7677 -0.227 0.1769, 0.7677 -0.2185 0.1439, 0.7677 -0.2211 0.1355, 0.7677 -0.2256 0.1279, 0.7677 -0.2498 0.204, 0.7677 -0.2498 0.2165, 0.7677 -0.2647 0.2473, 0.7677 -0.2721 0.252, 0.7677 -0.2805 0.2549, 0.7677 -0.2892 0.2559, 0.7677 -0.2584 0.2411, 0.7677 -0.2537 0.2336, 0.7677 -0.2508 0.2253, 0.7677 -0.2892 0.2362, 0.7677 -0.2733 0.2281, 0.7677 -0.2831 0.2353, 0.7677 -0.2776 0.2325, 0.7677 -0.2705 0.2226, 0.7677 -0.2695 0.2165, 0.7677 -0.2695 0.204, 0.7677 -0.2649 0.1914, 0.7677 -0.2683 0.1973, 0.7677 -0.242 0.1642, 0.7677 -0.238 0.1468, 0.7677 -0.2388 0.159, 0.7677 -0.2374 0.153, 0.7677 -0.2403 0.1412, 0.7677 -0.2444 0.1365, 0.7677 -0.2653 0.1188, 0.7677 -0.2715 0.1094, 0.7677 -0.2723 0.1038, 0.7677 -0.2691 0.1146, 0.7677 -0.2526 0.0787, 0.7677 -0.2723 0.0787, 0.7677 -0.3031 0.2559, 0.7677 -0.3031 0.2362, 0.7677 -0.4132 0.0278, 0.7677 -0.3937 0.0223, 0.7677 -0.4176 0.0234, 0.7677 -0.4094 0.063, 0.7677 -0.3898 0.063, 0.7677 -0.3898 0.0394, 0.7677 -0.4046 0.0086, 0.7677 -0.4121 0.0039, 0.7677 -0.4231 0.0206, 0.7677 -0.4204 0.001, 0.7677 -0.4291 0.0197, 0.7677 -0.4291 0.0, 0.7677 -0.3984 0.0148, 0.7677 -0.5098 0.0, 0.7677 -0.5098 0.0197, 0.7677 -0.3908 0.0306, 0.7677 -0.4104 0.0333, 0.7677 -0.4094 0.0394, 0.8071 -0.4104 0.0333, 0.8071 -0.4094 0.0394, 0.8071 -0.4231 0.0206, 0.8071 -0.4176 0.0234, 0.8071 -0.4132 0.0278, 0.8071 -0.4291 0.0197, 0.8071 -0.5098 0.0197, 0.8071 -0.5098 0.0, 0.8071 -0.4291 0.0, 0.8071 -0.3984 0.0148, 0.8071 -0.4046 0.0086, 0.8071 -0.3937 0.0223, 0.8071 -0.3908 0.0306, 0.8071 -0.3898 0.0394, 0.8071 -0.4121 0.0039, 0.8071 -0.4204 0.001, 0.8071 -0.4094 0.063, 0.8071 -0.3898 0.063, 0.8071 -0.0665 0.0234, 0.8071 -0.0781 0.0197, 0.8071 -0.072 0.0206, 0.8071 -0.2526 0.0197, 0.8071 -0.2526 0.0394, 0.8071 -0.2685 0.0278, 0.8071 -0.0622 0.0278, 0.8071 -0.2642 0.0234, 0.8071 -0.2587 0.0206, 0.8071 -0.0781 0.0394, 0.8071 -0.2713 0.0333, 0.8071 -0.2723 0.0394, 0.8071 -0.2723 0.063, 0.8071 -0.2526 0.063, 0.8071 -0.0781 0.063, 0.8071 -0.0584 0.0394, 0.8071 -0.0594 0.0333, 0.8071 -0.0584 0.063, 0.7677 -0.2526 0.0394, 0.7677 -0.0781 0.0394, 0.7677 -0.2642 0.0234, 0.7677 -0.2587 0.0206, 0.7677 -0.2526 0.0197, 0.7677 -0.2685 0.0278, 0.7677 -0.2713 0.0333, 0.7677 -0.2723 0.0394, 0.7677 -0.0781 0.0197, 0.7677 -0.0622 0.0278, 0.7677 -0.0594 0.0333, 0.7677 -0.0584 0.0394, 0.7677 -0.0665 0.0234, 0.7677 -0.072 0.0206, 0.7677 -0.0781 0.063, 0.7677 -0.0584 0.063, 0.7677 -0.2723 0.063, 0.7677 -0.2526 0.063, 0.8071 -0.0658 0.1914, 0.8071 -0.0624 0.1973, 0.8071 -0.0612 0.204, 0.8071 -0.0654 0.1188, 0.8071 -0.0584 0.1038, 0.8071 -0.0616 0.1146, 0.8071 -0.1123 0.1439, 0.8071 -0.1118 0.1614, 0.8071 -0.113 0.1526, 0.8071 -0.1096 0.1355, 0.8071 -0.1051 0.1279, 0.8071 -0.1086 0.1696, 0.8071 -0.1037 0.1769, 0.8071 -0.0809 0.204, 0.8071 -0.0887 0.1642, 0.8071 -0.0933 0.153, 0.8071 -0.0919 0.159, 0.8071 -0.099 0.1215, 0.8071 -0.0863 0.1365, 0.8071 -0.0904 0.1412, 0.8071 -0.0612 0.2362, 0.8071 -0.0809 0.2362, 0.8071 -0.0781 0.1038, 0.8071 -0.0928 0.1468, 0.8071 -0.0781 0.0787, 0.8071 -0.0584 0.0787, 0.8071 -0.0592 0.1094, 0.7677 -0.0781 0.0787, 0.7677 -0.0781 0.1038, 0.7677 -0.0654 0.1188, 0.7677 -0.1123 0.1439, 0.7677 -0.113 0.1526, 0.7677 -0.1118 0.1614, 0.7677 -0.0584 0.0787, 0.7677 -0.1086 0.1696, 0.7677 -0.1051 0.1279, 0.7677 -0.1096 0.1355, 0.7677 -0.1037 0.1769, 0.7677 -0.0919 0.159, 0.7677 -0.0933 0.153, 0.7677 -0.099 0.1215, 0.7677 -0.0904 0.1412, 0.7677 -0.0863 0.1365, 0.7677 -0.0809 0.204, 0.7677 -0.0887 0.1642, 0.7677 -0.0624 0.1973, 0.7677 -0.0658 0.1914, 0.7677 -0.0612 0.204, 0.7677 -0.0612 0.2362, 0.7677 -0.0809 0.2362, 0.7677 -0.0928 0.1468, 0.7677 -0.0584 0.1038, 0.7677 -0.0592 0.1094, 0.7677 -0.0616 0.1146, 0.9252 -0.3819 0.2541, 0.9252 -0.3819 0.2323, 0.9252 -0.3861 0.2279, 0.9252 -0.4045 0.2356, 0.9252 -0.3898 0.2165, 0.9252 -0.4094 0.2165, 0.9252 -0.3888 0.2225, 0.9252 -0.3909 0.2499, 0.9252 -0.3898 0.0787, 0.9252 -0.4094 0.0787, 0.9252 -0.4082 0.2264, 0.9252 -0.3986 0.2436, 0.9646 -0.3898 0.0787, 0.9646 -0.4094 0.2165, 0.9646 -0.4094 0.0787, 0.9646 -0.3898 0.2165, 0.9646 -0.4045 0.2356, 0.9646 -0.3909 0.2499, 0.9646 -0.3861 0.2279, 0.9646 -0.3819 0.2541, 0.9646 -0.3986 0.2436, 0.9646 -0.4082 0.2264, 0.9646 -0.3819 0.2323, 0.9646 -0.3888 0.2225, 0.9646 -0.2691 0.1146, 0.9646 -0.2715 0.1094, 0.9646 -0.2723 0.1038, 0.9646 -0.2211 0.1355, 0.9646 -0.2374 0.153, 0.9646 -0.238 0.1468, 0.9646 -0.2526 0.1038, 0.9646 -0.2653 0.1188, 0.9646 -0.2317 0.1215, 0.9646 -0.2444 0.1365, 0.9646 -0.2695 0.204, 0.9646 -0.2683 0.1973, 0.9646 -0.2649 0.1914, 0.9646 -0.2185 0.1439, 0.9646 -0.2189 0.1614, 0.9646 -0.2177 0.1526, 0.9646 -0.227 0.1769, 0.9646 -0.2498 0.204, 0.9646 -0.242 0.1642, 0.9646 -0.2221 0.1696, 0.9646 -0.2705 0.2226, 0.9646 -0.2584 0.2411, 0.9646 -0.2647 0.2473, 0.9646 -0.2498 0.2165, 0.9646 -0.2695 0.2165, 0.9646 -0.2721 0.252, 0.9646 -0.2733 0.2281, 0.9646 -0.2776 0.2325, 0.9646 -0.2892 0.2362, 0.9646 -0.2831 0.2353, 0.9646 -0.2892 0.2559, 0.9646 -0.2805 0.2549, 0.9646 -0.3031 0.2559, 0.9646 -0.3031 0.2362, 0.9646 -0.2537 0.2336, 0.9646 -0.2508 0.2253, 0.9646 -0.2388 0.159, 0.9646 -0.2256 0.1279, 0.9646 -0.2403 0.1412, 0.9646 -0.2526 0.0787, 0.9646 -0.2723 0.0787, 0.9252 -0.2526 0.1038, 0.9252 -0.2317 0.1215, 0.9252 -0.2177 0.1526, 0.9252 -0.2189 0.1614, 0.9252 -0.2221 0.1696, 0.9252 -0.227 0.1769, 0.9252 -0.2185 0.1439, 0.9252 -0.2211 0.1355, 0.9252 -0.2256 0.1279, 0.9252 -0.2498 0.204, 0.9252 -0.2498 0.2165, 0.9252 -0.2647 0.2473, 0.9252 -0.2721 0.252, 0.9252 -0.2805 0.2549, 0.9252 -0.2892 0.2559, 0.9252 -0.2584 0.2411, 0.9252 -0.2537 0.2336, 0.9252 -0.2508 0.2253, 0.9252 -0.2892 0.2362, 0.9252 -0.2733 0.2281, 0.9252 -0.2831 0.2353, 0.9252 -0.2776 0.2325, 0.9252 -0.2705 0.2226, 0.9252 -0.2695 0.2165, 0.9252 -0.2695 0.204, 0.9252 -0.2649 0.1914, 0.9252 -0.2683 0.1973, 0.9252 -0.242 0.1642, 0.9252 -0.238 0.1468, 0.9252 -0.2388 0.159, 0.9252 -0.2374 0.153, 0.9252 -0.2403 0.1412, 0.9252 -0.2444 0.1365, 0.9252 -0.2653 0.1188, 0.9252 -0.2715 0.1094, 0.9252 -0.2723 0.1038, 0.9252 -0.2691 0.1146, 0.9252 -0.2526 0.0787, 0.9252 -0.2723 0.0787, 0.9252 -0.3031 0.2559, 0.9252 -0.3031 0.2362, 0.9252 -0.4132 0.0278, 0.9252 -0.3937 0.0223, 0.9252 -0.4176 0.0234, 0.9252 -0.4094 0.063, 0.9252 -0.3898 0.063, 0.9252 -0.3898 0.0394, 0.9252 -0.4046 0.0086, 0.9252 -0.4121 0.0039, 0.9252 -0.4231 0.0206, 0.9252 -0.4204 0.001, 0.9252 -0.4291 0.0197, 0.9252 -0.4291 0.0, 0.9252 -0.3984 0.0148, 0.9252 -0.5098 0.0, 0.9252 -0.5098 0.0197, 0.9252 -0.3908 0.0306, 0.9252 -0.4104 0.0333, 0.9252 -0.4094 0.0394, 0.9646 -0.4104 0.0333, 0.9646 -0.4094 0.0394, 0.9646 -0.4231 0.0206, 0.9646 -0.4176 0.0234, 0.9646 -0.4132 0.0278, 0.9646 -0.4291 0.0197, 0.9646 -0.5098 0.0197, 0.9646 -0.5098 0.0, 0.9646 -0.4291 0.0, 0.9646 -0.3984 0.0148, 0.9646 -0.4046 0.0086, 0.9646 -0.3937 0.0223, 0.9646 -0.3908 0.0306, 0.9646 -0.3898 0.0394, 0.9646 -0.4121 0.0039, 0.9646 -0.4204 0.001, 0.9646 -0.4094 0.063, 0.9646 -0.3898 0.063, 0.9646 -0.0665 0.0234, 0.9646 -0.0781 0.0197, 0.9646 -0.072 0.0206, 0.9646 -0.2526 0.0197, 0.9646 -0.2526 0.0394, 0.9646 -0.2685 0.0278, 0.9646 -0.0622 0.0278, 0.9646 -0.2642 0.0234, 0.9646 -0.2587 0.0206, 0.9646 -0.0781 0.0394, 0.9646 -0.2713 0.0333, 0.9646 -0.2723 0.0394, 0.9646 -0.2723 0.063, 0.9646 -0.2526 0.063, 0.9646 -0.0781 0.063, 0.9646 -0.0584 0.0394, 0.9646 -0.0594 0.0333, 0.9646 -0.0584 0.063, 0.9252 -0.2526 0.0394, 0.9252 -0.0781 0.0394, 0.9252 -0.2642 0.0234, 0.9252 -0.2587 0.0206, 0.9252 -0.2526 0.0197, 0.9252 -0.2685 0.0278, 0.9252 -0.2713 0.0333, 0.9252 -0.2723 0.0394, 0.9252 -0.0781 0.0197, 0.9252 -0.0622 0.0278, 0.9252 -0.0594 0.0333, 0.9252 -0.0584 0.0394, 0.9252 -0.0665 0.0234, 0.9252 -0.072 0.0206, 0.9252 -0.0781 0.063, 0.9252 -0.0584 0.063, 0.9252 -0.2723 0.063, 0.9252 -0.2526 0.063, 0.9646 -0.0658 0.1914, 0.9646 -0.0624 0.1973, 0.9646 -0.0612 0.204, 0.9646 -0.0654 0.1188, 0.9646 -0.0584 0.1038, 0.9646 -0.0616 0.1146, 0.9646 -0.1123 0.1439, 0.9646 -0.1118 0.1614, 0.9646 -0.113 0.1526, 0.9646 -0.1096 0.1355, 0.9646 -0.1051 0.1279, 0.9646 -0.1086 0.1696, 0.9646 -0.1037 0.1769, 0.9646 -0.0809 0.204, 0.9646 -0.0887 0.1642, 0.9646 -0.0933 0.153, 0.9646 -0.0919 0.159, 0.9646 -0.099 0.1215, 0.9646 -0.0863 0.1365, 0.9646 -0.0904 0.1412, 0.9646 -0.0612 0.2362, 0.9646 -0.0809 0.2362, 0.9646 -0.0781 0.1038, 0.9646 -0.0928 0.1468, 0.9646 -0.0781 0.0787, 0.9646 -0.0584 0.0787, 0.9646 -0.0592 0.1094, 0.9252 -0.0781 0.0787, 0.9252 -0.0781 0.1038, 0.9252 -0.0654 0.1188, 0.9252 -0.1123 0.1439, 0.9252 -0.113 0.1526, 0.9252 -0.1118 0.1614, 0.9252 -0.0584 0.0787, 0.9252 -0.1086 0.1696, 0.9252 -0.1051 0.1279, 0.9252 -0.1096 0.1355, 0.9252 -0.1037 0.1769, 0.9252 -0.0919 0.159, 0.9252 -0.0933 0.153, 0.9252 -0.099 0.1215, 0.9252 -0.0904 0.1412, 0.9252 -0.0863 0.1365, 0.9252 -0.0809 0.204, 0.9252 -0.0887 0.1642, 0.9252 -0.0624 0.1973, 0.9252 -0.0658 0.1914, 0.9252 -0.0612 0.204, 0.9252 -0.0612 0.2362, 0.9252 -0.0809 0.2362, 0.9252 -0.0928 0.1468, 0.9252 -0.0584 0.1038, 0.9252 -0.0592 0.1094, 0.9252 -0.0616 0.1146, 1.122 -0.2691 0.1146, 1.122 -0.2715 0.1094, 1.122 -0.2723 0.1038, 1.122 -0.2211 0.1355, 1.122 -0.2374 0.153, 1.122 -0.238 0.1468, 1.122 -0.2526 0.1038, 1.122 -0.2653 0.1188, 1.122 -0.2317 0.1215, 1.122 -0.2444 0.1365, 1.122 -0.2695 0.204, 1.122 -0.2683 0.1973, 1.122 -0.2649 0.1914, 1.122 -0.2185 0.1439, 1.122 -0.2189 0.1614, 1.122 -0.2177 0.1526, 1.122 -0.227 0.1769, 1.122 -0.2498 0.204, 1.122 -0.242 0.1642, 1.122 -0.2221 0.1696, 1.122 -0.2705 0.2226, 1.122 -0.2584 0.2411, 1.122 -0.2647 0.2473, 1.122 -0.2498 0.2165, 1.122 -0.2695 0.2165, 1.122 -0.2721 0.252, 1.122 -0.2733 0.2281, 1.122 -0.2776 0.2325, 1.122 -0.2892 0.2362, 1.122 -0.2831 0.2353, 1.122 -0.2892 0.2559, 1.122 -0.2805 0.2549, 1.122 -0.3031 0.2559, 1.122 -0.3031 0.2362, 1.122 -0.2537 0.2336, 1.122 -0.2508 0.2253, 1.122 -0.2388 0.159, 1.122 -0.2256 0.1279, 1.122 -0.2403 0.1412, 1.122 -0.2526 0.0787, 1.122 -0.2723 0.0787, 1.0827 -0.2526 0.1038, 1.0827 -0.2317 0.1215, 1.0827 -0.2177 0.1526, 1.0827 -0.2189 0.1614, 1.0827 -0.2221 0.1696, 1.0827 -0.227 0.1769, 1.0827 -0.2185 0.1439, 1.0827 -0.2211 0.1355, 1.0827 -0.2256 0.1279, 1.0827 -0.2498 0.204, 1.0827 -0.2498 0.2165, 1.0827 -0.2647 0.2473, 1.0827 -0.2721 0.252, 1.0827 -0.2805 0.2549, 1.0827 -0.2892 0.2559, 1.0827 -0.2584 0.2411, 1.0827 -0.2537 0.2336, 1.0827 -0.2508 0.2253, 1.0827 -0.2892 0.2362, 1.0827 -0.2733 0.2281, 1.0827 -0.2831 0.2353, 1.0827 -0.2776 0.2325, 1.0827 -0.2705 0.2226, 1.0827 -0.2695 0.2165, 1.0827 -0.2695 0.204, 1.0827 -0.2649 0.1914, 1.0827 -0.2683 0.1973, 1.0827 -0.242 0.1642, 1.0827 -0.238 0.1468, 1.0827 -0.2388 0.159, 1.0827 -0.2374 0.153, 1.0827 -0.2403 0.1412, 1.0827 -0.2444 0.1365, 1.0827 -0.2653 0.1188, 1.0827 -0.2715 0.1094, 1.0827 -0.2723 0.1038, 1.0827 -0.2691 0.1146, 1.0827 -0.2526 0.0787, 1.0827 -0.2723 0.0787, 1.0827 -0.3031 0.2559, 1.0827 -0.3031 0.2362, 1.0827 -0.3819 0.2541, 1.0827 -0.3819 0.2323, 1.0827 -0.3861 0.2279, 1.0827 -0.4045 0.2356, 1.0827 -0.3898 0.2165, 1.0827 -0.4094 0.2165, 1.0827 -0.3888 0.2225, 1.0827 -0.3909 0.2499, 1.0827 -0.3898 0.0787, 1.0827 -0.4094 0.0787, 1.0827 -0.4082 0.2264, 1.0827 -0.3986 0.2436, 1.122 -0.3898 0.0787, 1.122 -0.4094 0.2165, 1.122 -0.4094 0.0787, 1.122 -0.3898 0.2165, 1.122 -0.4045 0.2356, 1.122 -0.3909 0.2499, 1.122 -0.3861 0.2279, 1.122 -0.3819 0.2541, 1.122 -0.3986 0.2436, 1.122 -0.4082 0.2264, 1.122 -0.3819 0.2323, 1.122 -0.3888 0.2225, 1.0827 -0.4132 0.0278, 1.0827 -0.3937 0.0223, 1.0827 -0.4176 0.0234, 1.0827 -0.4094 0.063, 1.0827 -0.3898 0.063, 1.0827 -0.3898 0.0394, 1.0827 -0.4046 0.0086, 1.0827 -0.4121 0.0039, 1.0827 -0.4231 0.0206, 1.0827 -0.4204 0.001, 1.0827 -0.4291 0.0197, 1.0827 -0.4291 0.0, 1.0827 -0.3984 0.0148, 1.0827 -0.5098 0.0, 1.0827 -0.5098 0.0197, 1.0827 -0.3908 0.0306, 1.0827 -0.4104 0.0333, 1.0827 -0.4094 0.0394, 1.122 -0.4104 0.0333, 1.122 -0.4094 0.0394, 1.122 -0.4231 0.0206, 1.122 -0.4176 0.0234, 1.122 -0.4132 0.0278, 1.122 -0.4291 0.0197, 1.122 -0.5098 0.0197, 1.122 -0.5098 0.0, 1.122 -0.4291 0.0, 1.122 -0.3984 0.0148, 1.122 -0.4046 0.0086, 1.122 -0.3937 0.0223, 1.122 -0.3908 0.0306, 1.122 -0.3898 0.0394, 1.122 -0.4121 0.0039, 1.122 -0.4204 0.001, 1.122 -0.4094 0.063, 1.122 -0.3898 0.063, 1.122 -0.0665 0.0234, 1.122 -0.0781 0.0197, 1.122 -0.072 0.0206, 1.122 -0.2526 0.0197, 1.122 -0.2526 0.0394, 1.122 -0.2685 0.0278, 1.122 -0.0622 0.0278, 1.122 -0.2642 0.0234, 1.122 -0.2587 0.0206, 1.122 -0.0781 0.0394, 1.122 -0.2713 0.0333, 1.122 -0.2723 0.0394, 1.122 -0.2723 0.063, 1.122 -0.2526 0.063, 1.122 -0.0781 0.063, 1.122 -0.0584 0.0394, 1.122 -0.0594 0.0333, 1.122 -0.0584 0.063, 1.0827 -0.2526 0.0394, 1.0827 -0.0781 0.0394, 1.0827 -0.2642 0.0234, 1.0827 -0.2587 0.0206, 1.0827 -0.2526 0.0197, 1.0827 -0.2685 0.0278, 1.0827 -0.2713 0.0333, 1.0827 -0.2723 0.0394, 1.0827 -0.0781 0.0197, 1.0827 -0.0622 0.0278, 1.0827 -0.0594 0.0333, 1.0827 -0.0584 0.0394, 1.0827 -0.0665 0.0234, 1.0827 -0.072 0.0206, 1.0827 -0.0781 0.063, 1.0827 -0.0584 0.063, 1.0827 -0.2723 0.063, 1.0827 -0.2526 0.063, 1.122 -0.0658 0.1914, 1.122 -0.0624 0.1973, 1.122 -0.0612 0.204, 1.122 -0.0654 0.1188, 1.122 -0.0584 0.1038, 1.122 -0.0616 0.1146, 1.122 -0.1123 0.1439, 1.122 -0.1118 0.1614, 1.122 -0.113 0.1526, 1.122 -0.1096 0.1355, 1.122 -0.1051 0.1279, 1.122 -0.1086 0.1696, 1.122 -0.1037 0.1769, 1.122 -0.0809 0.204, 1.122 -0.0887 0.1642, 1.122 -0.0933 0.153, 1.122 -0.0919 0.159, 1.122 -0.099 0.1215, 1.122 -0.0863 0.1365, 1.122 -0.0904 0.1412, 1.122 -0.0612 0.2362, 1.122 -0.0809 0.2362, 1.122 -0.0781 0.1038, 1.122 -0.0928 0.1468, 1.122 -0.0781 0.0787, 1.122 -0.0584 0.0787, 1.122 -0.0592 0.1094, 1.0827 -0.0781 0.0787, 1.0827 -0.0781 0.1038, 1.0827 -0.0654 0.1188, 1.0827 -0.1123 0.1439, 1.0827 -0.113 0.1526, 1.0827 -0.1118 0.1614, 1.0827 -0.0584 0.0787, 1.0827 -0.1086 0.1696, 1.0827 -0.1051 0.1279, 1.0827 -0.1096 0.1355, 1.0827 -0.1037 0.1769, 1.0827 -0.0919 0.159, 1.0827 -0.0933 0.153, 1.0827 -0.099 0.1215, 1.0827 -0.0904 0.1412, 1.0827 -0.0863 0.1365, 1.0827 -0.0809 0.204, 1.0827 -0.0887 0.1642, 1.0827 -0.0624 0.1973, 1.0827 -0.0658 0.1914, 1.0827 -0.0612 0.204, 1.0827 -0.0612 0.2362, 1.0827 -0.0809 0.2362, 1.0827 -0.0928 0.1468, 1.0827 -0.0584 0.1038, 1.0827 -0.0592 0.1094, 1.0827 -0.0616 0.1146, -0.1772 -0.3819 0.2541, -0.1772 -0.3819 0.2323, -0.1772 -0.3861 0.2279, -0.1772 -0.4045 0.2356, -0.1772 -0.3898 0.2165, -0.1772 -0.4094 0.2165, -0.1772 -0.3888 0.2225, -0.1772 -0.3909 0.2499, -0.1772 -0.3898 0.0787, -0.1772 -0.4094 0.0787, -0.1772 -0.4082 0.2264, -0.1772 -0.3986 0.2436, -0.1378 -0.3898 0.0787, -0.1378 -0.4094 0.2165, -0.1378 -0.4094 0.0787, -0.1378 -0.3898 0.2165, -0.1378 -0.4045 0.2356, -0.1378 -0.3909 0.2499, -0.1378 -0.3861 0.2279, -0.1378 -0.3819 0.2541, -0.1378 -0.3986 0.2436, -0.1378 -0.4082 0.2264, -0.1378 -0.3819 0.2323, -0.1378 -0.3888 0.2225, -0.1378 -0.2691 0.1146, -0.1378 -0.2715 0.1094, -0.1378 -0.2723 0.1038, -0.1378 -0.2211 0.1355, -0.1378 -0.2374 0.153, -0.1378 -0.238 0.1468, -0.1378 -0.2526 0.1038, -0.1378 -0.2653 0.1188, -0.1378 -0.2317 0.1215, -0.1378 -0.2444 0.1365, -0.1378 -0.2695 0.204, -0.1378 -0.2683 0.1973, -0.1378 -0.2649 0.1914, -0.1378 -0.2185 0.1439, -0.1378 -0.2189 0.1614, -0.1378 -0.2177 0.1526, -0.1378 -0.227 0.1769, -0.1378 -0.2498 0.204, -0.1378 -0.242 0.1642, -0.1378 -0.2221 0.1696, -0.1378 -0.2705 0.2226, -0.1378 -0.2584 0.2411, -0.1378 -0.2647 0.2473, -0.1378 -0.2498 0.2165, -0.1378 -0.2695 0.2165, -0.1378 -0.2721 0.252, -0.1378 -0.2733 0.2281, -0.1378 -0.2776 0.2325, -0.1378 -0.2892 0.2362, -0.1378 -0.2831 0.2353, -0.1378 -0.2892 0.2559, -0.1378 -0.2805 0.2549, -0.1378 -0.3031 0.2559, -0.1378 -0.3031 0.2362, -0.1378 -0.2537 0.2336, -0.1378 -0.2508 0.2253, -0.1378 -0.2388 0.159, -0.1378 -0.2256 0.1279, -0.1378 -0.2403 0.1412, -0.1378 -0.2526 0.0787, -0.1378 -0.2723 0.0787, -0.1772 -0.2526 0.1038, -0.1772 -0.2317 0.1215, -0.1772 -0.2177 0.1526, -0.1772 -0.2189 0.1614, -0.1772 -0.2221 0.1696, -0.1772 -0.227 0.1769, -0.1772 -0.2185 0.1439, -0.1772 -0.2211 0.1355, -0.1772 -0.2256 0.1279, -0.1772 -0.2498 0.204, -0.1772 -0.2498 0.2165, -0.1772 -0.2647 0.2473, -0.1772 -0.2721 0.252, -0.1772 -0.2805 0.2549, -0.1772 -0.2892 0.2559, -0.1772 -0.2584 0.2411, -0.1772 -0.2537 0.2336, -0.1772 -0.2508 0.2253, -0.1772 -0.2892 0.2362, -0.1772 -0.2733 0.2281, -0.1772 -0.2831 0.2353, -0.1772 -0.2776 0.2325, -0.1772 -0.2705 0.2226, -0.1772 -0.2695 0.2165, -0.1772 -0.2695 0.204, -0.1772 -0.2649 0.1914, -0.1772 -0.2683 0.1973, -0.1772 -0.242 0.1642, -0.1772 -0.238 0.1468, -0.1772 -0.2388 0.159, -0.1772 -0.2374 0.153, -0.1772 -0.2403 0.1412, -0.1772 -0.2444 0.1365, -0.1772 -0.2653 0.1188, -0.1772 -0.2715 0.1094, -0.1772 -0.2723 0.1038, -0.1772 -0.2691 0.1146, -0.1772 -0.2526 0.0787, -0.1772 -0.2723 0.0787, -0.1772 -0.3031 0.2559, -0.1772 -0.3031 0.2362, -0.1772 -0.4132 0.0278, -0.1772 -0.3937 0.0223, -0.1772 -0.4176 0.0234, -0.1772 -0.4094 0.063, -0.1772 -0.3898 0.063, -0.1772 -0.3898 0.0394, -0.1772 -0.4046 0.0086, -0.1772 -0.4121 0.0039, -0.1772 -0.4231 0.0206, -0.1772 -0.4204 0.001, -0.1772 -0.4291 0.0197, -0.1772 -0.4291 0.0, -0.1772 -0.3984 0.0148, -0.1772 -0.5098 0.0, -0.1772 -0.5098 0.0197, -0.1772 -0.3908 0.0306, -0.1772 -0.4104 0.0333, -0.1772 -0.4094 0.0394, -0.1378 -0.4104 0.0333, -0.1378 -0.4094 0.0394, -0.1378 -0.4231 0.0206, -0.1378 -0.4176 0.0234, -0.1378 -0.4132 0.0278, -0.1378 -0.4291 0.0197, -0.1378 -0.5098 0.0197, -0.1378 -0.5098 0.0, -0.1378 -0.4291 0.0, -0.1378 -0.3984 0.0148, -0.1378 -0.4046 0.0086, -0.1378 -0.3937 0.0223, -0.1378 -0.3908 0.0306, -0.1378 -0.3898 0.0394, -0.1378 -0.4121 0.0039, -0.1378 -0.4204 0.001, -0.1378 -0.4094 0.063, -0.1378 -0.3898 0.063, -0.1378 -0.0665 0.0234, -0.1378 -0.0781 0.0197, -0.1378 -0.072 0.0206, -0.1378 -0.2526 0.0197, -0.1378 -0.2526 0.0394, -0.1378 -0.2685 0.0278, -0.1378 -0.0622 0.0278, -0.1378 -0.2642 0.0234, -0.1378 -0.2587 0.0206, -0.1378 -0.0781 0.0394, -0.1378 -0.2713 0.0333, -0.1378 -0.2723 0.0394, -0.1378 -0.2723 0.063, -0.1378 -0.2526 0.063, -0.1378 -0.0781 0.063, -0.1378 -0.0584 0.0394, -0.1378 -0.0594 0.0333, -0.1378 -0.0584 0.063, -0.1772 -0.2526 0.0394, -0.1772 -0.0781 0.0394, -0.1772 -0.2642 0.0234, -0.1772 -0.2587 0.0206, -0.1772 -0.2526 0.0197, -0.1772 -0.2685 0.0278, -0.1772 -0.2713 0.0333, -0.1772 -0.2723 0.0394, -0.1772 -0.0781 0.0197, -0.1772 -0.0622 0.0278, -0.1772 -0.0594 0.0333, -0.1772 -0.0584 0.0394, -0.1772 -0.0665 0.0234, -0.1772 -0.072 0.0206, -0.1772 -0.0781 0.063, -0.1772 -0.0584 0.063, -0.1772 -0.2723 0.063, -0.1772 -0.2526 0.063, -0.1378 -0.0658 0.1914, -0.1378 -0.0624 0.1973, -0.1378 -0.0612 0.204, -0.1378 -0.0654 0.1188, -0.1378 -0.0584 0.1038, -0.1378 -0.0616 0.1146, -0.1378 -0.1123 0.1439, -0.1378 -0.1118 0.1614, -0.1378 -0.113 0.1526, -0.1378 -0.1096 0.1355, -0.1378 -0.1051 0.1279, -0.1378 -0.1086 0.1696, -0.1378 -0.1037 0.1769, -0.1378 -0.0809 0.204, -0.1378 -0.0887 0.1642, -0.1378 -0.0933 0.153, -0.1378 -0.0919 0.159, -0.1378 -0.099 0.1215, -0.1378 -0.0863 0.1365, -0.1378 -0.0904 0.1412, -0.1378 -0.0612 0.2362, -0.1378 -0.0809 0.2362, -0.1378 -0.0781 0.1038, -0.1378 -0.0928 0.1468, -0.1378 -0.0781 0.0787, -0.1378 -0.0584 0.0787, -0.1378 -0.0592 0.1094, -0.1772 -0.0781 0.0787, -0.1772 -0.0781 0.1038, -0.1772 -0.0654 0.1188, -0.1772 -0.1123 0.1439, -0.1772 -0.113 0.1526, -0.1772 -0.1118 0.1614, -0.1772 -0.0584 0.0787, -0.1772 -0.1086 0.1696, -0.1772 -0.1051 0.1279, -0.1772 -0.1096 0.1355, -0.1772 -0.1037 0.1769, -0.1772 -0.0919 0.159, -0.1772 -0.0933 0.153, -0.1772 -0.099 0.1215, -0.1772 -0.0904 0.1412, -0.1772 -0.0863 0.1365, -0.1772 -0.0809 0.204, -0.1772 -0.0887 0.1642, -0.1772 -0.0624 0.1973, -0.1772 -0.0658 0.1914, -0.1772 -0.0612 0.204, -0.1772 -0.0612 0.2362, -0.1772 -0.0809 0.2362, -0.1772 -0.0928 0.1468, -0.1772 -0.0584 0.1038, -0.1772 -0.0592 0.1094, -0.1772 -0.0616 0.1146, -0.3346 -0.3819 0.2541, -0.3346 -0.3819 0.2323, -0.3346 -0.3861 0.2279, -0.3346 -0.4045 0.2356, -0.3346 -0.3898 0.2165, -0.3346 -0.4094 0.2165, -0.3346 -0.3888 0.2225, -0.3346 -0.3909 0.2499, -0.3346 -0.3898 0.0787, -0.3346 -0.4094 0.0787, -0.3346 -0.4082 0.2264, -0.3346 -0.3986 0.2436, -0.2953 -0.3898 0.0787, -0.2953 -0.4094 0.2165, -0.2953 -0.4094 0.0787, -0.2953 -0.3898 0.2165, -0.2953 -0.4045 0.2356, -0.2953 -0.3909 0.2499, -0.2953 -0.3861 0.2279, -0.2953 -0.3819 0.2541, -0.2953 -0.3986 0.2436, -0.2953 -0.4082 0.2264, -0.2953 -0.3819 0.2323, -0.2953 -0.3888 0.2225, -0.2953 -0.2691 0.1146, -0.2953 -0.2715 0.1094, -0.2953 -0.2723 0.1038, -0.2953 -0.2211 0.1355, -0.2953 -0.2374 0.153, -0.2953 -0.238 0.1468, -0.2953 -0.2526 0.1038, -0.2953 -0.2653 0.1188, -0.2953 -0.2317 0.1215, -0.2953 -0.2444 0.1365, -0.2953 -0.2695 0.204, -0.2953 -0.2683 0.1973, -0.2953 -0.2649 0.1914, -0.2953 -0.2185 0.1439, -0.2953 -0.2189 0.1614, -0.2953 -0.2177 0.1526, -0.2953 -0.227 0.1769, -0.2953 -0.2498 0.204, -0.2953 -0.242 0.1642, -0.2953 -0.2221 0.1696, -0.2953 -0.2705 0.2226, -0.2953 -0.2584 0.2411, -0.2953 -0.2647 0.2473, -0.2953 -0.2498 0.2165, -0.2953 -0.2695 0.2165, -0.2953 -0.2721 0.252, -0.2953 -0.2733 0.2281, -0.2953 -0.2776 0.2325, -0.2953 -0.2892 0.2362, -0.2953 -0.2831 0.2353, -0.2953 -0.2892 0.2559, -0.2953 -0.2805 0.2549, -0.2953 -0.3031 0.2559, -0.2953 -0.3031 0.2362, -0.2953 -0.2537 0.2336, -0.2953 -0.2508 0.2253, -0.2953 -0.2388 0.159, -0.2953 -0.2256 0.1279, -0.2953 -0.2403 0.1412, -0.2953 -0.2526 0.0787, -0.2953 -0.2723 0.0787, -0.3346 -0.2526 0.1038, -0.3346 -0.2317 0.1215, -0.3346 -0.2177 0.1526, -0.3346 -0.2189 0.1614, -0.3346 -0.2221 0.1696, -0.3346 -0.227 0.1769, -0.3346 -0.2185 0.1439, -0.3346 -0.2211 0.1355, -0.3346 -0.2256 0.1279, -0.3346 -0.2498 0.204, -0.3346 -0.2498 0.2165, -0.3346 -0.2647 0.2473, -0.3346 -0.2721 0.252, -0.3346 -0.2805 0.2549, -0.3346 -0.2892 0.2559, -0.3346 -0.2584 0.2411, -0.3346 -0.2537 0.2336, -0.3346 -0.2508 0.2253, -0.3346 -0.2892 0.2362, -0.3346 -0.2733 0.2281, -0.3346 -0.2831 0.2353, -0.3346 -0.2776 0.2325, -0.3346 -0.2705 0.2226, -0.3346 -0.2695 0.2165, -0.3346 -0.2695 0.204, -0.3346 -0.2649 0.1914, -0.3346 -0.2683 0.1973, -0.3346 -0.242 0.1642, -0.3346 -0.238 0.1468, -0.3346 -0.2388 0.159, -0.3346 -0.2374 0.153, -0.3346 -0.2403 0.1412, -0.3346 -0.2444 0.1365, -0.3346 -0.2653 0.1188, -0.3346 -0.2715 0.1094, -0.3346 -0.2723 0.1038, -0.3346 -0.2691 0.1146, -0.3346 -0.2526 0.0787, -0.3346 -0.2723 0.0787, -0.3346 -0.3031 0.2559, -0.3346 -0.3031 0.2362, -0.3346 -0.4132 0.0278, -0.3346 -0.3937 0.0223, -0.3346 -0.4176 0.0234, -0.3346 -0.4094 0.063, -0.3346 -0.3898 0.063, -0.3346 -0.3898 0.0394, -0.3346 -0.4046 0.0086, -0.3346 -0.4121 0.0039, -0.3346 -0.4231 0.0206, -0.3346 -0.4204 0.001, -0.3346 -0.4291 0.0197, -0.3346 -0.4291 0.0, -0.3346 -0.3984 0.0148, -0.3346 -0.5098 0.0, -0.3346 -0.5098 0.0197, -0.3346 -0.3908 0.0306, -0.3346 -0.4104 0.0333, -0.3346 -0.4094 0.0394, -0.2953 -0.4104 0.0333, -0.2953 -0.4094 0.0394, -0.2953 -0.4231 0.0206, -0.2953 -0.4176 0.0234, -0.2953 -0.4132 0.0278, -0.2953 -0.4291 0.0197, -0.2953 -0.5098 0.0197, -0.2953 -0.5098 0.0, -0.2953 -0.4291 0.0, -0.2953 -0.3984 0.0148, -0.2953 -0.4046 0.0086, -0.2953 -0.3937 0.0223, -0.2953 -0.3908 0.0306, -0.2953 -0.3898 0.0394, -0.2953 -0.4121 0.0039, -0.2953 -0.4204 0.001, -0.2953 -0.4094 0.063, -0.2953 -0.3898 0.063, -0.2953 -0.0665 0.0234, -0.2953 -0.0781 0.0197, -0.2953 -0.072 0.0206, -0.2953 -0.2526 0.0197, -0.2953 -0.2526 0.0394, -0.2953 -0.2685 0.0278, -0.2953 -0.0622 0.0278, -0.2953 -0.2642 0.0234, -0.2953 -0.2587 0.0206, -0.2953 -0.0781 0.0394, -0.2953 -0.2713 0.0333, -0.2953 -0.2723 0.0394, -0.2953 -0.2723 0.063, -0.2953 -0.2526 0.063, -0.2953 -0.0781 0.063, -0.2953 -0.0584 0.0394, -0.2953 -0.0594 0.0333, -0.2953 -0.0584 0.063, -0.3346 -0.2526 0.0394, -0.3346 -0.0781 0.0394, -0.3346 -0.2642 0.0234, -0.3346 -0.2587 0.0206, -0.3346 -0.2526 0.0197, -0.3346 -0.2685 0.0278, -0.3346 -0.2713 0.0333, -0.3346 -0.2723 0.0394, -0.3346 -0.0781 0.0197, -0.3346 -0.0622 0.0278, -0.3346 -0.0594 0.0333, -0.3346 -0.0584 0.0394, -0.3346 -0.0665 0.0234, -0.3346 -0.072 0.0206, -0.3346 -0.0781 0.063, -0.3346 -0.0584 0.063, -0.3346 -0.2723 0.063, -0.3346 -0.2526 0.063, -0.2953 -0.0658 0.1914, -0.2953 -0.0624 0.1973, -0.2953 -0.0612 0.204, -0.2953 -0.0654 0.1188, -0.2953 -0.0584 0.1038, -0.2953 -0.0616 0.1146, -0.2953 -0.1123 0.1439, -0.2953 -0.1118 0.1614, -0.2953 -0.113 0.1526, -0.2953 -0.1096 0.1355, -0.2953 -0.1051 0.1279, -0.2953 -0.1086 0.1696, -0.2953 -0.1037 0.1769, -0.2953 -0.0809 0.204, -0.2953 -0.0887 0.1642, -0.2953 -0.0933 0.153, -0.2953 -0.0919 0.159, -0.2953 -0.099 0.1215, -0.2953 -0.0863 0.1365, -0.2953 -0.0904 0.1412, -0.2953 -0.0612 0.2362, -0.2953 -0.0809 0.2362, -0.2953 -0.0781 0.1038, -0.2953 -0.0928 0.1468, -0.2953 -0.0781 0.0787, -0.2953 -0.0584 0.0787, -0.2953 -0.0592 0.1094, -0.3346 -0.0781 0.0787, -0.3346 -0.0781 0.1038, -0.3346 -0.0654 0.1188, -0.3346 -0.1123 0.1439, -0.3346 -0.113 0.1526, -0.3346 -0.1118 0.1614, -0.3346 -0.0584 0.0787, -0.3346 -0.1086 0.1696, -0.3346 -0.1051 0.1279, -0.3346 -0.1096 0.1355, -0.3346 -0.1037 0.1769, -0.3346 -0.0919 0.159, -0.3346 -0.0933 0.153, -0.3346 -0.099 0.1215, -0.3346 -0.0904 0.1412, -0.3346 -0.0863 0.1365, -0.3346 -0.0809 0.204, -0.3346 -0.0887 0.1642, -0.3346 -0.0624 0.1973, -0.3346 -0.0658 0.1914, -0.3346 -0.0612 0.204, -0.3346 -0.0612 0.2362, -0.3346 -0.0809 0.2362, -0.3346 -0.0928 0.1468, -0.3346 -0.0584 0.1038, -0.3346 -0.0592 0.1094, -0.3346 -0.0616 0.1146, -0.4921 -0.3819 0.2541, -0.4921 -0.3819 0.2323, -0.4921 -0.3861 0.2279, -0.4921 -0.4045 0.2356, -0.4921 -0.3898 0.2165, -0.4921 -0.4094 0.2165, -0.4921 -0.3888 0.2225, -0.4921 -0.3909 0.2499, -0.4921 -0.3898 0.0787, -0.4921 -0.4094 0.0787, -0.4921 -0.4082 0.2264, -0.4921 -0.3986 0.2436, -0.4528 -0.3898 0.0787, -0.4528 -0.4094 0.2165, -0.4528 -0.4094 0.0787, -0.4528 -0.3898 0.2165, -0.4528 -0.4045 0.2356, -0.4528 -0.3909 0.2499, -0.4528 -0.3861 0.2279, -0.4528 -0.3819 0.2541, -0.4528 -0.3986 0.2436, -0.4528 -0.4082 0.2264, -0.4528 -0.3819 0.2323, -0.4528 -0.3888 0.2225, -0.4528 -0.2691 0.1146, -0.4528 -0.2715 0.1094, -0.4528 -0.2723 0.1038, -0.4528 -0.2211 0.1355, -0.4528 -0.2374 0.153, -0.4528 -0.238 0.1468, -0.4528 -0.2526 0.1038, -0.4528 -0.2653 0.1188, -0.4528 -0.2317 0.1215, -0.4528 -0.2444 0.1365, -0.4528 -0.2695 0.204, -0.4528 -0.2683 0.1973, -0.4528 -0.2649 0.1914, -0.4528 -0.2185 0.1439, -0.4528 -0.2189 0.1614, -0.4528 -0.2177 0.1526, -0.4528 -0.227 0.1769, -0.4528 -0.2498 0.204, -0.4528 -0.242 0.1642, -0.4528 -0.2221 0.1696, -0.4528 -0.2705 0.2226, -0.4528 -0.2584 0.2411, -0.4528 -0.2647 0.2473, -0.4528 -0.2498 0.2165, -0.4528 -0.2695 0.2165, -0.4528 -0.2721 0.252, -0.4528 -0.2733 0.2281, -0.4528 -0.2776 0.2325, -0.4528 -0.2892 0.2362, -0.4528 -0.2831 0.2353, -0.4528 -0.2892 0.2559, -0.4528 -0.2805 0.2549, -0.4528 -0.3031 0.2559, -0.4528 -0.3031 0.2362, -0.4528 -0.2537 0.2336, -0.4528 -0.2508 0.2253, -0.4528 -0.2388 0.159, -0.4528 -0.2256 0.1279, -0.4528 -0.2403 0.1412, -0.4528 -0.2526 0.0787, -0.4528 -0.2723 0.0787, -0.4921 -0.2526 0.1038, -0.4921 -0.2317 0.1215, -0.4921 -0.2177 0.1526, -0.4921 -0.2189 0.1614, -0.4921 -0.2221 0.1696, -0.4921 -0.227 0.1769, -0.4921 -0.2185 0.1439, -0.4921 -0.2211 0.1355, -0.4921 -0.2256 0.1279, -0.4921 -0.2498 0.204, -0.4921 -0.2498 0.2165, -0.4921 -0.2647 0.2473, -0.4921 -0.2721 0.252, -0.4921 -0.2805 0.2549, -0.4921 -0.2892 0.2559, -0.4921 -0.2584 0.2411, -0.4921 -0.2537 0.2336, -0.4921 -0.2508 0.2253, -0.4921 -0.2892 0.2362, -0.4921 -0.2733 0.2281, -0.4921 -0.2831 0.2353, -0.4921 -0.2776 0.2325, -0.4921 -0.2705 0.2226, -0.4921 -0.2695 0.2165, -0.4921 -0.2695 0.204, -0.4921 -0.2649 0.1914, -0.4921 -0.2683 0.1973, -0.4921 -0.242 0.1642, -0.4921 -0.238 0.1468, -0.4921 -0.2388 0.159, -0.4921 -0.2374 0.153, -0.4921 -0.2403 0.1412, -0.4921 -0.2444 0.1365, -0.4921 -0.2653 0.1188, -0.4921 -0.2715 0.1094, -0.4921 -0.2723 0.1038, -0.4921 -0.2691 0.1146, -0.4921 -0.2526 0.0787, -0.4921 -0.2723 0.0787, -0.4921 -0.3031 0.2559, -0.4921 -0.3031 0.2362, -0.4921 -0.4132 0.0278, -0.4921 -0.3937 0.0223, -0.4921 -0.4176 0.0234, -0.4921 -0.4094 0.063, -0.4921 -0.3898 0.063, -0.4921 -0.3898 0.0394, -0.4921 -0.4046 0.0086, -0.4921 -0.4121 0.0039, -0.4921 -0.4231 0.0206, -0.4921 -0.4204 0.001, -0.4921 -0.4291 0.0197, -0.4921 -0.4291 0.0, -0.4921 -0.3984 0.0148, -0.4921 -0.5098 0.0, -0.4921 -0.5098 0.0197, -0.4921 -0.3908 0.0306, -0.4921 -0.4104 0.0333, -0.4921 -0.4094 0.0394, -0.4528 -0.4104 0.0333, -0.4528 -0.4094 0.0394, -0.4528 -0.4231 0.0206, -0.4528 -0.4176 0.0234, -0.4528 -0.4132 0.0278, -0.4528 -0.4291 0.0197, -0.4528 -0.5098 0.0197, -0.4528 -0.5098 0.0, -0.4528 -0.4291 0.0, -0.4528 -0.3984 0.0148, -0.4528 -0.4046 0.0086, -0.4528 -0.3937 0.0223, -0.4528 -0.3908 0.0306, -0.4528 -0.3898 0.0394, -0.4528 -0.4121 0.0039, -0.4528 -0.4204 0.001, -0.4528 -0.4094 0.063, -0.4528 -0.3898 0.063, -0.4528 -0.0665 0.0234, -0.4528 -0.0781 0.0197, -0.4528 -0.072 0.0206, -0.4528 -0.2526 0.0197, -0.4528 -0.2526 0.0394, -0.4528 -0.2685 0.0278, -0.4528 -0.0622 0.0278, -0.4528 -0.2642 0.0234, -0.4528 -0.2587 0.0206, -0.4528 -0.0781 0.0394, -0.4528 -0.2713 0.0333, -0.4528 -0.2723 0.0394, -0.4528 -0.2723 0.063, -0.4528 -0.2526 0.063, -0.4528 -0.0781 0.063, -0.4528 -0.0584 0.0394, -0.4528 -0.0594 0.0333, -0.4528 -0.0584 0.063, -0.4921 -0.2526 0.0394, -0.4921 -0.0781 0.0394, -0.4921 -0.2642 0.0234, -0.4921 -0.2587 0.0206, -0.4921 -0.2526 0.0197, -0.4921 -0.2685 0.0278, -0.4921 -0.2713 0.0333, -0.4921 -0.2723 0.0394, -0.4921 -0.0781 0.0197, -0.4921 -0.0622 0.0278, -0.4921 -0.0594 0.0333, -0.4921 -0.0584 0.0394, -0.4921 -0.0665 0.0234, -0.4921 -0.072 0.0206, -0.4921 -0.0781 0.063, -0.4921 -0.0584 0.063, -0.4921 -0.2723 0.063, -0.4921 -0.2526 0.063, -0.4528 -0.0658 0.1914, -0.4528 -0.0624 0.1973, -0.4528 -0.0612 0.204, -0.4528 -0.0654 0.1188, -0.4528 -0.0584 0.1038, -0.4528 -0.0616 0.1146, -0.4528 -0.1123 0.1439, -0.4528 -0.1118 0.1614, -0.4528 -0.113 0.1526, -0.4528 -0.1096 0.1355, -0.4528 -0.1051 0.1279, -0.4528 -0.1086 0.1696, -0.4528 -0.1037 0.1769, -0.4528 -0.0809 0.204, -0.4528 -0.0887 0.1642, -0.4528 -0.0933 0.153, -0.4528 -0.0919 0.159, -0.4528 -0.099 0.1215, -0.4528 -0.0863 0.1365, -0.4528 -0.0904 0.1412, -0.4528 -0.0612 0.2362, -0.4528 -0.0809 0.2362, -0.4528 -0.0781 0.1038, -0.4528 -0.0928 0.1468, -0.4528 -0.0781 0.0787, -0.4528 -0.0584 0.0787, -0.4528 -0.0592 0.1094, -0.4921 -0.0781 0.0787, -0.4921 -0.0781 0.1038, -0.4921 -0.0654 0.1188, -0.4921 -0.1123 0.1439, -0.4921 -0.113 0.1526, -0.4921 -0.1118 0.1614, -0.4921 -0.0584 0.0787, -0.4921 -0.1086 0.1696, -0.4921 -0.1051 0.1279, -0.4921 -0.1096 0.1355, -0.4921 -0.1037 0.1769, -0.4921 -0.0919 0.159, -0.4921 -0.0933 0.153, -0.4921 -0.099 0.1215, -0.4921 -0.0904 0.1412, -0.4921 -0.0863 0.1365, -0.4921 -0.0809 0.204, -0.4921 -0.0887 0.1642, -0.4921 -0.0624 0.1973, -0.4921 -0.0658 0.1914, -0.4921 -0.0612 0.204, -0.4921 -0.0612 0.2362, -0.4921 -0.0809 0.2362, -0.4921 -0.0928 0.1468, -0.4921 -0.0584 0.1038, -0.4921 -0.0592 0.1094, -0.4921 -0.0616 0.1146, -0.6496 -0.3819 0.2541, -0.6496 -0.3819 0.2323, -0.6496 -0.3861 0.2279, -0.6496 -0.4045 0.2356, -0.6496 -0.3898 0.2165, -0.6496 -0.4094 0.2165, -0.6496 -0.3888 0.2225, -0.6496 -0.3909 0.2499, -0.6496 -0.3898 0.0787, -0.6496 -0.4094 0.0787, -0.6496 -0.4082 0.2264, -0.6496 -0.3986 0.2436, -0.6102 -0.3898 0.0787, -0.6102 -0.4094 0.2165, -0.6102 -0.4094 0.0787, -0.6102 -0.3898 0.2165, -0.6102 -0.4045 0.2356, -0.6102 -0.3909 0.2499, -0.6102 -0.3861 0.2279, -0.6102 -0.3819 0.2541, -0.6102 -0.3986 0.2436, -0.6102 -0.4082 0.2264, -0.6102 -0.3819 0.2323, -0.6102 -0.3888 0.2225, -0.6102 -0.2691 0.1146, -0.6102 -0.2715 0.1094, -0.6102 -0.2723 0.1038, -0.6102 -0.2211 0.1355, -0.6102 -0.2374 0.153, -0.6102 -0.238 0.1468, -0.6102 -0.2526 0.1038, -0.6102 -0.2653 0.1188, -0.6102 -0.2317 0.1215, -0.6102 -0.2444 0.1365, -0.6102 -0.2695 0.204, -0.6102 -0.2683 0.1973, -0.6102 -0.2649 0.1914, -0.6102 -0.2185 0.1439, -0.6102 -0.2189 0.1614, -0.6102 -0.2177 0.1526, -0.6102 -0.227 0.1769, -0.6102 -0.2498 0.204, -0.6102 -0.242 0.1642, -0.6102 -0.2221 0.1696, -0.6102 -0.2705 0.2226, -0.6102 -0.2584 0.2411, -0.6102 -0.2647 0.2473, -0.6102 -0.2498 0.2165, -0.6102 -0.2695 0.2165, -0.6102 -0.2721 0.252, -0.6102 -0.2733 0.2281, -0.6102 -0.2776 0.2325, -0.6102 -0.2892 0.2362, -0.6102 -0.2831 0.2353, -0.6102 -0.2892 0.2559, -0.6102 -0.2805 0.2549, -0.6102 -0.3031 0.2559, -0.6102 -0.3031 0.2362, -0.6102 -0.2537 0.2336, -0.6102 -0.2508 0.2253, -0.6102 -0.2388 0.159, -0.6102 -0.2256 0.1279, -0.6102 -0.2403 0.1412, -0.6102 -0.2526 0.0787, -0.6102 -0.2723 0.0787, -0.6496 -0.2526 0.1038, -0.6496 -0.2317 0.1215, -0.6496 -0.2177 0.1526, -0.6496 -0.2189 0.1614, -0.6496 -0.2221 0.1696, -0.6496 -0.227 0.1769, -0.6496 -0.2185 0.1439, -0.6496 -0.2211 0.1355, -0.6496 -0.2256 0.1279, -0.6496 -0.2498 0.204, -0.6496 -0.2498 0.2165, -0.6496 -0.2647 0.2473, -0.6496 -0.2721 0.252, -0.6496 -0.2805 0.2549, -0.6496 -0.2892 0.2559, -0.6496 -0.2584 0.2411, -0.6496 -0.2537 0.2336, -0.6496 -0.2508 0.2253, -0.6496 -0.2892 0.2362, -0.6496 -0.2733 0.2281, -0.6496 -0.2831 0.2353, -0.6496 -0.2776 0.2325, -0.6496 -0.2705 0.2226, -0.6496 -0.2695 0.2165, -0.6496 -0.2695 0.204, -0.6496 -0.2649 0.1914, -0.6496 -0.2683 0.1973, -0.6496 -0.242 0.1642, -0.6496 -0.238 0.1468, -0.6496 -0.2388 0.159, -0.6496 -0.2374 0.153, -0.6496 -0.2403 0.1412, -0.6496 -0.2444 0.1365, -0.6496 -0.2653 0.1188, -0.6496 -0.2715 0.1094, -0.6496 -0.2723 0.1038, -0.6496 -0.2691 0.1146, -0.6496 -0.2526 0.0787, -0.6496 -0.2723 0.0787, -0.6496 -0.3031 0.2559, -0.6496 -0.3031 0.2362, -0.6496 -0.4132 0.0278, -0.6496 -0.3937 0.0223, -0.6496 -0.4176 0.0234, -0.6496 -0.4094 0.063, -0.6496 -0.3898 0.063, -0.6496 -0.3898 0.0394, -0.6496 -0.4046 0.0086, -0.6496 -0.4121 0.0039, -0.6496 -0.4231 0.0206, -0.6496 -0.4204 0.001, -0.6496 -0.4291 0.0197, -0.6496 -0.4291 0.0, -0.6496 -0.3984 0.0148, -0.6496 -0.5098 0.0, -0.6496 -0.5098 0.0197, -0.6496 -0.3908 0.0306, -0.6496 -0.4104 0.0333, -0.6496 -0.4094 0.0394, -0.6102 -0.4104 0.0333, -0.6102 -0.4094 0.0394, -0.6102 -0.4231 0.0206, -0.6102 -0.4176 0.0234, -0.6102 -0.4132 0.0278, -0.6102 -0.4291 0.0197, -0.6102 -0.5098 0.0197, -0.6102 -0.5098 0.0, -0.6102 -0.4291 0.0, -0.6102 -0.3984 0.0148, -0.6102 -0.4046 0.0086, -0.6102 -0.3937 0.0223, -0.6102 -0.3908 0.0306, -0.6102 -0.3898 0.0394, -0.6102 -0.4121 0.0039, -0.6102 -0.4204 0.001, -0.6102 -0.4094 0.063, -0.6102 -0.3898 0.063, -0.6102 -0.0665 0.0234, -0.6102 -0.0781 0.0197, -0.6102 -0.072 0.0206, -0.6102 -0.2526 0.0197, -0.6102 -0.2526 0.0394, -0.6102 -0.2685 0.0278, -0.6102 -0.0622 0.0278, -0.6102 -0.2642 0.0234, -0.6102 -0.2587 0.0206, -0.6102 -0.0781 0.0394, -0.6102 -0.2713 0.0333, -0.6102 -0.2723 0.0394, -0.6102 -0.2723 0.063, -0.6102 -0.2526 0.063, -0.6102 -0.0781 0.063, -0.6102 -0.0584 0.0394, -0.6102 -0.0594 0.0333, -0.6102 -0.0584 0.063, -0.6496 -0.2526 0.0394, -0.6496 -0.0781 0.0394, -0.6496 -0.2642 0.0234, -0.6496 -0.2587 0.0206, -0.6496 -0.2526 0.0197, -0.6496 -0.2685 0.0278, -0.6496 -0.2713 0.0333, -0.6496 -0.2723 0.0394, -0.6496 -0.0781 0.0197, -0.6496 -0.0622 0.0278, -0.6496 -0.0594 0.0333, -0.6496 -0.0584 0.0394, -0.6496 -0.0665 0.0234, -0.6496 -0.072 0.0206, -0.6496 -0.0781 0.063, -0.6496 -0.0584 0.063, -0.6496 -0.2723 0.063, -0.6496 -0.2526 0.063, -0.6102 -0.0658 0.1914, -0.6102 -0.0624 0.1973, -0.6102 -0.0612 0.204, -0.6102 -0.0654 0.1188, -0.6102 -0.0584 0.1038, -0.6102 -0.0616 0.1146, -0.6102 -0.1123 0.1439, -0.6102 -0.1118 0.1614, -0.6102 -0.113 0.1526, -0.6102 -0.1096 0.1355, -0.6102 -0.1051 0.1279, -0.6102 -0.1086 0.1696, -0.6102 -0.1037 0.1769, -0.6102 -0.0809 0.204, -0.6102 -0.0887 0.1642, -0.6102 -0.0933 0.153, -0.6102 -0.0919 0.159, -0.6102 -0.099 0.1215, -0.6102 -0.0863 0.1365, -0.6102 -0.0904 0.1412, -0.6102 -0.0612 0.2362, -0.6102 -0.0809 0.2362, -0.6102 -0.0781 0.1038, -0.6102 -0.0928 0.1468, -0.6102 -0.0781 0.0787, -0.6102 -0.0584 0.0787, -0.6102 -0.0592 0.1094, -0.6496 -0.0781 0.0787, -0.6496 -0.0781 0.1038, -0.6496 -0.0654 0.1188, -0.6496 -0.1123 0.1439, -0.6496 -0.113 0.1526, -0.6496 -0.1118 0.1614, -0.6496 -0.0584 0.0787, -0.6496 -0.1086 0.1696, -0.6496 -0.1051 0.1279, -0.6496 -0.1096 0.1355, -0.6496 -0.1037 0.1769, -0.6496 -0.0919 0.159, -0.6496 -0.0933 0.153, -0.6496 -0.099 0.1215, -0.6496 -0.0904 0.1412, -0.6496 -0.0863 0.1365, -0.6496 -0.0809 0.204, -0.6496 -0.0887 0.1642, -0.6496 -0.0624 0.1973, -0.6496 -0.0658 0.1914, -0.6496 -0.0612 0.204, -0.6496 -0.0612 0.2362, -0.6496 -0.0809 0.2362, -0.6496 -0.0928 0.1468, -0.6496 -0.0584 0.1038, -0.6496 -0.0592 0.1094, -0.6496 -0.0616 0.1146, -0.8071 -0.3819 0.2541, -0.8071 -0.3819 0.2323, -0.8071 -0.3861 0.2279, -0.8071 -0.4045 0.2356, -0.8071 -0.3898 0.2165, -0.8071 -0.4094 0.2165, -0.8071 -0.3888 0.2225, -0.8071 -0.3909 0.2499, -0.8071 -0.3898 0.0787, -0.8071 -0.4094 0.0787, -0.8071 -0.4082 0.2264, -0.8071 -0.3986 0.2436, -0.7677 -0.3898 0.0787, -0.7677 -0.4094 0.2165, -0.7677 -0.4094 0.0787, -0.7677 -0.3898 0.2165, -0.7677 -0.4045 0.2356, -0.7677 -0.3909 0.2499, -0.7677 -0.3861 0.2279, -0.7677 -0.3819 0.2541, -0.7677 -0.3986 0.2436, -0.7677 -0.4082 0.2264, -0.7677 -0.3819 0.2323, -0.7677 -0.3888 0.2225, -0.7677 -0.2691 0.1146, -0.7677 -0.2715 0.1094, -0.7677 -0.2723 0.1038, -0.7677 -0.2211 0.1355, -0.7677 -0.2374 0.153, -0.7677 -0.238 0.1468, -0.7677 -0.2526 0.1038, -0.7677 -0.2653 0.1188, -0.7677 -0.2317 0.1215, -0.7677 -0.2444 0.1365, -0.7677 -0.2695 0.204, -0.7677 -0.2683 0.1973, -0.7677 -0.2649 0.1914, -0.7677 -0.2185 0.1439, -0.7677 -0.2189 0.1614, -0.7677 -0.2177 0.1526, -0.7677 -0.227 0.1769, -0.7677 -0.2498 0.204, -0.7677 -0.242 0.1642, -0.7677 -0.2221 0.1696, -0.7677 -0.2705 0.2226, -0.7677 -0.2584 0.2411, -0.7677 -0.2647 0.2473, -0.7677 -0.2498 0.2165, -0.7677 -0.2695 0.2165, -0.7677 -0.2721 0.252, -0.7677 -0.2733 0.2281, -0.7677 -0.2776 0.2325, -0.7677 -0.2892 0.2362, -0.7677 -0.2831 0.2353, -0.7677 -0.2892 0.2559, -0.7677 -0.2805 0.2549, -0.7677 -0.3031 0.2559, -0.7677 -0.3031 0.2362, -0.7677 -0.2537 0.2336, -0.7677 -0.2508 0.2253, -0.7677 -0.2388 0.159, -0.7677 -0.2256 0.1279, -0.7677 -0.2403 0.1412, -0.7677 -0.2526 0.0787, -0.7677 -0.2723 0.0787, -0.8071 -0.2526 0.1038, -0.8071 -0.2317 0.1215, -0.8071 -0.2177 0.1526, -0.8071 -0.2189 0.1614, -0.8071 -0.2221 0.1696, -0.8071 -0.227 0.1769, -0.8071 -0.2185 0.1439, -0.8071 -0.2211 0.1355, -0.8071 -0.2256 0.1279, -0.8071 -0.2498 0.204, -0.8071 -0.2498 0.2165, -0.8071 -0.2647 0.2473, -0.8071 -0.2721 0.252, -0.8071 -0.2805 0.2549, -0.8071 -0.2892 0.2559, -0.8071 -0.2584 0.2411, -0.8071 -0.2537 0.2336, -0.8071 -0.2508 0.2253, -0.8071 -0.2892 0.2362, -0.8071 -0.2733 0.2281, -0.8071 -0.2831 0.2353, -0.8071 -0.2776 0.2325, -0.8071 -0.2705 0.2226, -0.8071 -0.2695 0.2165, -0.8071 -0.2695 0.204, -0.8071 -0.2649 0.1914, -0.8071 -0.2683 0.1973, -0.8071 -0.242 0.1642, -0.8071 -0.238 0.1468, -0.8071 -0.2388 0.159, -0.8071 -0.2374 0.153, -0.8071 -0.2403 0.1412, -0.8071 -0.2444 0.1365, -0.8071 -0.2653 0.1188, -0.8071 -0.2715 0.1094, -0.8071 -0.2723 0.1038, -0.8071 -0.2691 0.1146, -0.8071 -0.2526 0.0787, -0.8071 -0.2723 0.0787, -0.8071 -0.3031 0.2559, -0.8071 -0.3031 0.2362, -0.8071 -0.4132 0.0278, -0.8071 -0.3937 0.0223, -0.8071 -0.4176 0.0234, -0.8071 -0.4094 0.063, -0.8071 -0.3898 0.063, -0.8071 -0.3898 0.0394, -0.8071 -0.4046 0.0086, -0.8071 -0.4121 0.0039, -0.8071 -0.4231 0.0206, -0.8071 -0.4204 0.001, -0.8071 -0.4291 0.0197, -0.8071 -0.4291 0.0, -0.8071 -0.3984 0.0148, -0.8071 -0.5098 0.0, -0.8071 -0.5098 0.0197, -0.8071 -0.3908 0.0306, -0.8071 -0.4104 0.0333, -0.8071 -0.4094 0.0394, -0.7677 -0.4104 0.0333, -0.7677 -0.4094 0.0394, -0.7677 -0.4231 0.0206, -0.7677 -0.4176 0.0234, -0.7677 -0.4132 0.0278, -0.7677 -0.4291 0.0197, -0.7677 -0.5098 0.0197, -0.7677 -0.5098 0.0, -0.7677 -0.4291 0.0, -0.7677 -0.3984 0.0148, -0.7677 -0.4046 0.0086, -0.7677 -0.3937 0.0223, -0.7677 -0.3908 0.0306, -0.7677 -0.3898 0.0394, -0.7677 -0.4121 0.0039, -0.7677 -0.4204 0.001, -0.7677 -0.4094 0.063, -0.7677 -0.3898 0.063, -0.7677 -0.0665 0.0234, -0.7677 -0.0781 0.0197, -0.7677 -0.072 0.0206, -0.7677 -0.2526 0.0197, -0.7677 -0.2526 0.0394, -0.7677 -0.2685 0.0278, -0.7677 -0.0622 0.0278, -0.7677 -0.2642 0.0234, -0.7677 -0.2587 0.0206, -0.7677 -0.0781 0.0394, -0.7677 -0.2713 0.0333, -0.7677 -0.2723 0.0394, -0.7677 -0.2723 0.063, -0.7677 -0.2526 0.063, -0.7677 -0.0781 0.063, -0.7677 -0.0584 0.0394, -0.7677 -0.0594 0.0333, -0.7677 -0.0584 0.063, -0.8071 -0.2526 0.0394, -0.8071 -0.0781 0.0394, -0.8071 -0.2642 0.0234, -0.8071 -0.2587 0.0206, -0.8071 -0.2526 0.0197, -0.8071 -0.2685 0.0278, -0.8071 -0.2713 0.0333, -0.8071 -0.2723 0.0394, -0.8071 -0.0781 0.0197, -0.8071 -0.0622 0.0278, -0.8071 -0.0594 0.0333, -0.8071 -0.0584 0.0394, -0.8071 -0.0665 0.0234, -0.8071 -0.072 0.0206, -0.8071 -0.0781 0.063, -0.8071 -0.0584 0.063, -0.8071 -0.2723 0.063, -0.8071 -0.2526 0.063, -0.7677 -0.0658 0.1914, -0.7677 -0.0624 0.1973, -0.7677 -0.0612 0.204, -0.7677 -0.0654 0.1188, -0.7677 -0.0584 0.1038, -0.7677 -0.0616 0.1146, -0.7677 -0.1123 0.1439, -0.7677 -0.1118 0.1614, -0.7677 -0.113 0.1526, -0.7677 -0.1096 0.1355, -0.7677 -0.1051 0.1279, -0.7677 -0.1086 0.1696, -0.7677 -0.1037 0.1769, -0.7677 -0.0809 0.204, -0.7677 -0.0887 0.1642, -0.7677 -0.0933 0.153, -0.7677 -0.0919 0.159, -0.7677 -0.099 0.1215, -0.7677 -0.0863 0.1365, -0.7677 -0.0904 0.1412, -0.7677 -0.0612 0.2362, -0.7677 -0.0809 0.2362, -0.7677 -0.0781 0.1038, -0.7677 -0.0928 0.1468, -0.7677 -0.0781 0.0787, -0.7677 -0.0584 0.0787, -0.7677 -0.0592 0.1094, -0.8071 -0.0781 0.0787, -0.8071 -0.0781 0.1038, -0.8071 -0.0654 0.1188, -0.8071 -0.1123 0.1439, -0.8071 -0.113 0.1526, -0.8071 -0.1118 0.1614, -0.8071 -0.0584 0.0787, -0.8071 -0.1086 0.1696, -0.8071 -0.1051 0.1279, -0.8071 -0.1096 0.1355, -0.8071 -0.1037 0.1769, -0.8071 -0.0919 0.159, -0.8071 -0.0933 0.153, -0.8071 -0.099 0.1215, -0.8071 -0.0904 0.1412, -0.8071 -0.0863 0.1365, -0.8071 -0.0809 0.204, -0.8071 -0.0887 0.1642, -0.8071 -0.0624 0.1973, -0.8071 -0.0658 0.1914, -0.8071 -0.0612 0.204, -0.8071 -0.0612 0.2362, -0.8071 -0.0809 0.2362, -0.8071 -0.0928 0.1468, -0.8071 -0.0584 0.1038, -0.8071 -0.0592 0.1094, -0.8071 -0.0616 0.1146, -0.9646 -0.3819 0.2541, -0.9646 -0.3819 0.2323, -0.9646 -0.3861 0.2279, -0.9646 -0.4045 0.2356, -0.9646 -0.3898 0.2165, -0.9646 -0.4094 0.2165, -0.9646 -0.3888 0.2225, -0.9646 -0.3909 0.2499, -0.9646 -0.3898 0.0787, -0.9646 -0.4094 0.0787, -0.9646 -0.4082 0.2264, -0.9646 -0.3986 0.2436, -0.9252 -0.3898 0.0787, -0.9252 -0.4094 0.2165, -0.9252 -0.4094 0.0787, -0.9252 -0.3898 0.2165, -0.9252 -0.4045 0.2356, -0.9252 -0.3909 0.2499, -0.9252 -0.3861 0.2279, -0.9252 -0.3819 0.2541, -0.9252 -0.3986 0.2436, -0.9252 -0.4082 0.2264, -0.9252 -0.3819 0.2323, -0.9252 -0.3888 0.2225, -0.9252 -0.2691 0.1146, -0.9252 -0.2715 0.1094, -0.9252 -0.2723 0.1038, -0.9252 -0.2211 0.1355, -0.9252 -0.2374 0.153, -0.9252 -0.238 0.1468, -0.9252 -0.2526 0.1038, -0.9252 -0.2653 0.1188, -0.9252 -0.2317 0.1215, -0.9252 -0.2444 0.1365, -0.9252 -0.2695 0.204, -0.9252 -0.2683 0.1973, -0.9252 -0.2649 0.1914, -0.9252 -0.2185 0.1439, -0.9252 -0.2189 0.1614, -0.9252 -0.2177 0.1526, -0.9252 -0.227 0.1769, -0.9252 -0.2498 0.204, -0.9252 -0.242 0.1642, -0.9252 -0.2221 0.1696, -0.9252 -0.2705 0.2226, -0.9252 -0.2584 0.2411, -0.9252 -0.2647 0.2473, -0.9252 -0.2498 0.2165, -0.9252 -0.2695 0.2165, -0.9252 -0.2721 0.252, -0.9252 -0.2733 0.2281, -0.9252 -0.2776 0.2325, -0.9252 -0.2892 0.2362, -0.9252 -0.2831 0.2353, -0.9252 -0.2892 0.2559, -0.9252 -0.2805 0.2549, -0.9252 -0.3031 0.2559, -0.9252 -0.3031 0.2362, -0.9252 -0.2537 0.2336, -0.9252 -0.2508 0.2253, -0.9252 -0.2388 0.159, -0.9252 -0.2256 0.1279, -0.9252 -0.2403 0.1412, -0.9252 -0.2526 0.0787, -0.9252 -0.2723 0.0787, -0.9646 -0.2526 0.1038, -0.9646 -0.2317 0.1215, -0.9646 -0.2177 0.1526, -0.9646 -0.2189 0.1614, -0.9646 -0.2221 0.1696, -0.9646 -0.227 0.1769, -0.9646 -0.2185 0.1439, -0.9646 -0.2211 0.1355, -0.9646 -0.2256 0.1279, -0.9646 -0.2498 0.204, -0.9646 -0.2498 0.2165, -0.9646 -0.2647 0.2473, -0.9646 -0.2721 0.252, -0.9646 -0.2805 0.2549, -0.9646 -0.2892 0.2559, -0.9646 -0.2584 0.2411, -0.9646 -0.2537 0.2336, -0.9646 -0.2508 0.2253, -0.9646 -0.2892 0.2362, -0.9646 -0.2733 0.2281, -0.9646 -0.2831 0.2353, -0.9646 -0.2776 0.2325, -0.9646 -0.2705 0.2226, -0.9646 -0.2695 0.2165, -0.9646 -0.2695 0.204, -0.9646 -0.2649 0.1914, -0.9646 -0.2683 0.1973, -0.9646 -0.242 0.1642, -0.9646 -0.238 0.1468, -0.9646 -0.2388 0.159, -0.9646 -0.2374 0.153, -0.9646 -0.2403 0.1412, -0.9646 -0.2444 0.1365, -0.9646 -0.2653 0.1188, -0.9646 -0.2715 0.1094, -0.9646 -0.2723 0.1038, -0.9646 -0.2691 0.1146, -0.9646 -0.2526 0.0787, -0.9646 -0.2723 0.0787, -0.9646 -0.3031 0.2559, -0.9646 -0.3031 0.2362, -0.9646 -0.4132 0.0278, -0.9646 -0.3937 0.0223, -0.9646 -0.4176 0.0234, -0.9646 -0.4094 0.063, -0.9646 -0.3898 0.063, -0.9646 -0.3898 0.0394, -0.9646 -0.4046 0.0086, -0.9646 -0.4121 0.0039, -0.9646 -0.4231 0.0206, -0.9646 -0.4204 0.001, -0.9646 -0.4291 0.0197, -0.9646 -0.4291 0.0, -0.9646 -0.3984 0.0148, -0.9646 -0.5098 0.0, -0.9646 -0.5098 0.0197, -0.9646 -0.3908 0.0306, -0.9646 -0.4104 0.0333, -0.9646 -0.4094 0.0394, -0.9252 -0.4104 0.0333, -0.9252 -0.4094 0.0394, -0.9252 -0.4231 0.0206, -0.9252 -0.4176 0.0234, -0.9252 -0.4132 0.0278, -0.9252 -0.4291 0.0197, -0.9252 -0.5098 0.0197, -0.9252 -0.5098 0.0, -0.9252 -0.4291 0.0, -0.9252 -0.3984 0.0148, -0.9252 -0.4046 0.0086, -0.9252 -0.3937 0.0223, -0.9252 -0.3908 0.0306, -0.9252 -0.3898 0.0394, -0.9252 -0.4121 0.0039, -0.9252 -0.4204 0.001, -0.9252 -0.4094 0.063, -0.9252 -0.3898 0.063, -0.9252 -0.0665 0.0234, -0.9252 -0.0781 0.0197, -0.9252 -0.072 0.0206, -0.9252 -0.2526 0.0197, -0.9252 -0.2526 0.0394, -0.9252 -0.2685 0.0278, -0.9252 -0.0622 0.0278, -0.9252 -0.2642 0.0234, -0.9252 -0.2587 0.0206, -0.9252 -0.0781 0.0394, -0.9252 -0.2713 0.0333, -0.9252 -0.2723 0.0394, -0.9252 -0.2723 0.063, -0.9252 -0.2526 0.063, -0.9252 -0.0781 0.063, -0.9252 -0.0584 0.0394, -0.9252 -0.0594 0.0333, -0.9252 -0.0584 0.063, -0.9646 -0.2526 0.0394, -0.9646 -0.0781 0.0394, -0.9646 -0.2642 0.0234, -0.9646 -0.2587 0.0206, -0.9646 -0.2526 0.0197, -0.9646 -0.2685 0.0278, -0.9646 -0.2713 0.0333, -0.9646 -0.2723 0.0394, -0.9646 -0.0781 0.0197, -0.9646 -0.0622 0.0278, -0.9646 -0.0594 0.0333, -0.9646 -0.0584 0.0394, -0.9646 -0.0665 0.0234, -0.9646 -0.072 0.0206, -0.9646 -0.0781 0.063, -0.9646 -0.0584 0.063, -0.9646 -0.2723 0.063, -0.9646 -0.2526 0.063, -0.9252 -0.0658 0.1914, -0.9252 -0.0624 0.1973, -0.9252 -0.0612 0.204, -0.9252 -0.0654 0.1188, -0.9252 -0.0584 0.1038, -0.9252 -0.0616 0.1146, -0.9252 -0.1123 0.1439, -0.9252 -0.1118 0.1614, -0.9252 -0.113 0.1526, -0.9252 -0.1096 0.1355, -0.9252 -0.1051 0.1279, -0.9252 -0.1086 0.1696, -0.9252 -0.1037 0.1769, -0.9252 -0.0809 0.204, -0.9252 -0.0887 0.1642, -0.9252 -0.0933 0.153, -0.9252 -0.0919 0.159, -0.9252 -0.099 0.1215, -0.9252 -0.0863 0.1365, -0.9252 -0.0904 0.1412, -0.9252 -0.0612 0.2362, -0.9252 -0.0809 0.2362, -0.9252 -0.0781 0.1038, -0.9252 -0.0928 0.1468, -0.9252 -0.0781 0.0787, -0.9252 -0.0584 0.0787, -0.9252 -0.0592 0.1094, -0.9646 -0.0781 0.0787, -0.9646 -0.0781 0.1038, -0.9646 -0.0654 0.1188, -0.9646 -0.1123 0.1439, -0.9646 -0.113 0.1526, -0.9646 -0.1118 0.1614, -0.9646 -0.0584 0.0787, -0.9646 -0.1086 0.1696, -0.9646 -0.1051 0.1279, -0.9646 -0.1096 0.1355, -0.9646 -0.1037 0.1769, -0.9646 -0.0919 0.159, -0.9646 -0.0933 0.153, -0.9646 -0.099 0.1215, -0.9646 -0.0904 0.1412, -0.9646 -0.0863 0.1365, -0.9646 -0.0809 0.204, -0.9646 -0.0887 0.1642, -0.9646 -0.0624 0.1973, -0.9646 -0.0658 0.1914, -0.9646 -0.0612 0.204, -0.9646 -0.0612 0.2362, -0.9646 -0.0809 0.2362, -0.9646 -0.0928 0.1468, -0.9646 -0.0584 0.1038, -0.9646 -0.0592 0.1094, -0.9646 -0.0616 0.1146, -1.122 -0.3819 0.2541, -1.122 -0.3819 0.2323, -1.122 -0.3861 0.2279, -1.122 -0.4045 0.2356, -1.122 -0.3898 0.2165, -1.122 -0.4094 0.2165, -1.122 -0.3888 0.2225, -1.122 -0.3909 0.2499, -1.122 -0.3898 0.0787, -1.122 -0.4094 0.0787, -1.122 -0.4082 0.2264, -1.122 -0.3986 0.2436, -1.0827 -0.3898 0.0787, -1.0827 -0.4094 0.2165, -1.0827 -0.4094 0.0787, -1.0827 -0.3898 0.2165, -1.0827 -0.4045 0.2356, -1.0827 -0.3909 0.2499, -1.0827 -0.3861 0.2279, -1.0827 -0.3819 0.2541, -1.0827 -0.3986 0.2436, -1.0827 -0.4082 0.2264, -1.0827 -0.3819 0.2323, -1.0827 -0.3888 0.2225, -1.0827 -0.2691 0.1146, -1.0827 -0.2715 0.1094, -1.0827 -0.2723 0.1038, -1.0827 -0.2211 0.1355, -1.0827 -0.2374 0.153, -1.0827 -0.238 0.1468, -1.0827 -0.2526 0.1038, -1.0827 -0.2653 0.1188, -1.0827 -0.2317 0.1215, -1.0827 -0.2444 0.1365, -1.0827 -0.2695 0.204, -1.0827 -0.2683 0.1973, -1.0827 -0.2649 0.1914, -1.0827 -0.2185 0.1439, -1.0827 -0.2189 0.1614, -1.0827 -0.2177 0.1526, -1.0827 -0.227 0.1769, -1.0827 -0.2498 0.204, -1.0827 -0.242 0.1642, -1.0827 -0.2221 0.1696, -1.0827 -0.2705 0.2226, -1.0827 -0.2584 0.2411, -1.0827 -0.2647 0.2473, -1.0827 -0.2498 0.2165, -1.0827 -0.2695 0.2165, -1.0827 -0.2721 0.252, -1.0827 -0.2733 0.2281, -1.0827 -0.2776 0.2325, -1.0827 -0.2892 0.2362, -1.0827 -0.2831 0.2353, -1.0827 -0.2892 0.2559, -1.0827 -0.2805 0.2549, -1.0827 -0.3031 0.2559, -1.0827 -0.3031 0.2362, -1.0827 -0.2537 0.2336, -1.0827 -0.2508 0.2253, -1.0827 -0.2388 0.159, -1.0827 -0.2256 0.1279, -1.0827 -0.2403 0.1412, -1.0827 -0.2526 0.0787, -1.0827 -0.2723 0.0787, -1.122 -0.2526 0.1038, -1.122 -0.2317 0.1215, -1.122 -0.2177 0.1526, -1.122 -0.2189 0.1614, -1.122 -0.2221 0.1696, -1.122 -0.227 0.1769, -1.122 -0.2185 0.1439, -1.122 -0.2211 0.1355, -1.122 -0.2256 0.1279, -1.122 -0.2498 0.204, -1.122 -0.2498 0.2165, -1.122 -0.2647 0.2473, -1.122 -0.2721 0.252, -1.122 -0.2805 0.2549, -1.122 -0.2892 0.2559, -1.122 -0.2584 0.2411, -1.122 -0.2537 0.2336, -1.122 -0.2508 0.2253, -1.122 -0.2892 0.2362, -1.122 -0.2733 0.2281, -1.122 -0.2831 0.2353, -1.122 -0.2776 0.2325, -1.122 -0.2705 0.2226, -1.122 -0.2695 0.2165, -1.122 -0.2695 0.204, -1.122 -0.2649 0.1914, -1.122 -0.2683 0.1973, -1.122 -0.242 0.1642, -1.122 -0.238 0.1468, -1.122 -0.2388 0.159, -1.122 -0.2374 0.153, -1.122 -0.2403 0.1412, -1.122 -0.2444 0.1365, -1.122 -0.2653 0.1188, -1.122 -0.2715 0.1094, -1.122 -0.2723 0.1038, -1.122 -0.2691 0.1146, -1.122 -0.2526 0.0787, -1.122 -0.2723 0.0787, -1.122 -0.3031 0.2559, -1.122 -0.3031 0.2362, -1.122 -0.4132 0.0278, -1.122 -0.3937 0.0223, -1.122 -0.4176 0.0234, -1.122 -0.4094 0.063, -1.122 -0.3898 0.063, -1.122 -0.3898 0.0394, -1.122 -0.4046 0.0086, -1.122 -0.4121 0.0039, -1.122 -0.4231 0.0206, -1.122 -0.4204 0.001, -1.122 -0.4291 0.0197, -1.122 -0.4291 0.0, -1.122 -0.3984 0.0148, -1.122 -0.5098 0.0, -1.122 -0.5098 0.0197, -1.122 -0.3908 0.0306, -1.122 -0.4104 0.0333, -1.122 -0.4094 0.0394, -1.0827 -0.4104 0.0333, -1.0827 -0.4094 0.0394, -1.0827 -0.4231 0.0206, -1.0827 -0.4176 0.0234, -1.0827 -0.4132 0.0278, -1.0827 -0.4291 0.0197, -1.0827 -0.5098 0.0197, -1.0827 -0.5098 0.0, -1.0827 -0.4291 0.0, -1.0827 -0.3984 0.0148, -1.0827 -0.4046 0.0086, -1.0827 -0.3937 0.0223, -1.0827 -0.3908 0.0306, -1.0827 -0.3898 0.0394, -1.0827 -0.4121 0.0039, -1.0827 -0.4204 0.001, -1.0827 -0.4094 0.063, -1.0827 -0.3898 0.063, -1.0827 -0.0665 0.0234, -1.0827 -0.0781 0.0197, -1.0827 -0.072 0.0206, -1.0827 -0.2526 0.0197, -1.0827 -0.2526 0.0394, -1.0827 -0.2685 0.0278, -1.0827 -0.0622 0.0278, -1.0827 -0.2642 0.0234, -1.0827 -0.2587 0.0206, -1.0827 -0.0781 0.0394, -1.0827 -0.2713 0.0333, -1.0827 -0.2723 0.0394, -1.0827 -0.2723 0.063, -1.0827 -0.2526 0.063, -1.0827 -0.0781 0.063, -1.0827 -0.0584 0.0394, -1.0827 -0.0594 0.0333, -1.0827 -0.0584 0.063, -1.122 -0.2526 0.0394, -1.122 -0.0781 0.0394, -1.122 -0.2642 0.0234, -1.122 -0.2587 0.0206, -1.122 -0.2526 0.0197, -1.122 -0.2685 0.0278, -1.122 -0.2713 0.0333, -1.122 -0.2723 0.0394, -1.122 -0.0781 0.0197, -1.122 -0.0622 0.0278, -1.122 -0.0594 0.0333, -1.122 -0.0584 0.0394, -1.122 -0.0665 0.0234, -1.122 -0.072 0.0206, -1.122 -0.0781 0.063, -1.122 -0.0584 0.063, -1.122 -0.2723 0.063, -1.122 -0.2526 0.063, -1.0827 -0.0658 0.1914, -1.0827 -0.0624 0.1973, -1.0827 -0.0612 0.204, -1.0827 -0.0654 0.1188, -1.0827 -0.0584 0.1038, -1.0827 -0.0616 0.1146, -1.0827 -0.1123 0.1439, -1.0827 -0.1118 0.1614, -1.0827 -0.113 0.1526, -1.0827 -0.1096 0.1355, -1.0827 -0.1051 0.1279, -1.0827 -0.1086 0.1696, -1.0827 -0.1037 0.1769, -1.0827 -0.0809 0.204, -1.0827 -0.0887 0.1642, -1.0827 -0.0933 0.153, -1.0827 -0.0919 0.159, -1.0827 -0.099 0.1215, -1.0827 -0.0863 0.1365, -1.0827 -0.0904 0.1412, -1.0827 -0.0612 0.2362, -1.0827 -0.0809 0.2362, -1.0827 -0.0781 0.1038, -1.0827 -0.0928 0.1468, -1.0827 -0.0781 0.0787, -1.0827 -0.0584 0.0787, -1.0827 -0.0592 0.1094, -1.122 -0.0781 0.0787, -1.122 -0.0781 0.1038, -1.122 -0.0654 0.1188, -1.122 -0.1123 0.1439, -1.122 -0.113 0.1526, -1.122 -0.1118 0.1614, -1.122 -0.0584 0.0787, -1.122 -0.1086 0.1696, -1.122 -0.1051 0.1279, -1.122 -0.1096 0.1355, -1.122 -0.1037 0.1769, -1.122 -0.0919 0.159, -1.122 -0.0933 0.153, -1.122 -0.099 0.1215, -1.122 -0.0904 0.1412, -1.122 -0.0863 0.1365, -1.122 -0.0809 0.204, -1.122 -0.0887 0.1642, -1.122 -0.0624 0.1973, -1.122 -0.0658 0.1914, -1.122 -0.0612 0.204, -1.122 -0.0612 0.2362, -1.122 -0.0809 0.2362, -1.122 -0.0928 0.1468, -1.122 -0.0584 0.1038, -1.122 -0.0592 0.1094, -1.122 -0.0616 0.1146, -0.0197 0.3898 0.0787, -0.0197 0.3898 0.2165, -0.0197 0.4094 0.0787, -0.0197 0.3888 0.2225, -0.0197 0.3909 0.2499, -0.0197 0.3986 0.2436, -0.0197 0.4045 0.2356, -0.0197 0.3861 0.2279, -0.0197 0.3819 0.2323, -0.0197 0.3819 0.2541, -0.0197 0.4082 0.2264, -0.0197 0.4094 0.2165, 0.0197 0.4094 0.2165, 0.0197 0.3898 0.2165, 0.0197 0.4094 0.0787, 0.0197 0.4045 0.2356, 0.0197 0.4082 0.2264, 0.0197 0.3898 0.0787, 0.0197 0.3986 0.2436, 0.0197 0.3819 0.2541, 0.0197 0.3861 0.2279, 0.0197 0.3909 0.2499, 0.0197 0.3888 0.2225, 0.0197 0.3819 0.2323, -0.0197 0.2723 0.0787, -0.0197 0.2526 0.0787, -0.0197 0.2526 0.1038, -0.0197 0.2185 0.1439, -0.0197 0.2177 0.1526, -0.0197 0.2189 0.1614, -0.0197 0.2892 0.2362, -0.0197 0.2892 0.2559, -0.0197 0.3031 0.2362, -0.0197 0.2723 0.1038, -0.0197 0.2221 0.1696, -0.0197 0.2374 0.153, -0.0197 0.227 0.1769, -0.0197 0.2317 0.1215, -0.0197 0.2403 0.1412, -0.0197 0.2444 0.1365, -0.0197 0.2388 0.159, -0.0197 0.242 0.1642, -0.0197 0.238 0.1468, -0.0197 0.2211 0.1355, -0.0197 0.2498 0.204, -0.0197 0.2683 0.1973, -0.0197 0.2649 0.1914, -0.0197 0.2695 0.204, -0.0197 0.2695 0.2165, -0.0197 0.2537 0.2336, -0.0197 0.2584 0.2411, -0.0197 0.2733 0.2281, -0.0197 0.2705 0.2226, -0.0197 0.2647 0.2473, -0.0197 0.2721 0.252, -0.0197 0.2776 0.2325, -0.0197 0.2831 0.2353, -0.0197 0.2805 0.2549, -0.0197 0.3031 0.2559, -0.0197 0.2508 0.2253, -0.0197 0.2498 0.2165, -0.0197 0.2691 0.1146, -0.0197 0.2715 0.1094, -0.0197 0.2256 0.1279, -0.0197 0.2653 0.1188, 0.0197 0.2691 0.1146, 0.0197 0.2715 0.1094, 0.0197 0.2653 0.1188, 0.0197 0.2723 0.1038, 0.0197 0.2444 0.1365, 0.0197 0.2403 0.1412, 0.0197 0.2388 0.159, 0.0197 0.2374 0.153, 0.0197 0.238 0.1468, 0.0197 0.242 0.1642, 0.0197 0.2649 0.1914, 0.0197 0.2683 0.1973, 0.0197 0.2695 0.204, 0.0197 0.2695 0.2165, 0.0197 0.2705 0.2226, 0.0197 0.2831 0.2353, 0.0197 0.2776 0.2325, 0.0197 0.2733 0.2281, 0.0197 0.2892 0.2362, 0.0197 0.2584 0.2411, 0.0197 0.2647 0.2473, 0.0197 0.2537 0.2336, 0.0197 0.2508 0.2253, 0.0197 0.2498 0.2165, 0.0197 0.2721 0.252, 0.0197 0.2805 0.2549, 0.0197 0.2892 0.2559, 0.0197 0.2498 0.204, 0.0197 0.227 0.1769, 0.0197 0.2185 0.1439, 0.0197 0.2177 0.1526, 0.0197 0.2211 0.1355, 0.0197 0.2256 0.1279, 0.0197 0.2317 0.1215, 0.0197 0.2189 0.1614, 0.0197 0.2221 0.1696, 0.0197 0.2526 0.1038, 0.0197 0.3031 0.2362, 0.0197 0.3031 0.2559, 0.0197 0.2723 0.0787, 0.0197 0.2526 0.0787, 0.0197 0.2642 0.0234, 0.0197 0.2526 0.0197, 0.0197 0.2587 0.0206, 0.0197 0.0781 0.0197, 0.0197 0.0781 0.0394, 0.0197 0.0622 0.0278, 0.0197 0.2685 0.0278, 0.0197 0.0665 0.0234, 0.0197 0.072 0.0206, 0.0197 0.2526 0.0394, 0.0197 0.0594 0.0333, 0.0197 0.0584 0.0394, 0.0197 0.0584 0.063, 0.0197 0.0781 0.063, 0.0197 0.2526 0.063, 0.0197 0.2723 0.0394, 0.0197 0.2713 0.0333, 0.0197 0.2723 0.063, -0.0197 0.2526 0.0394, -0.0197 0.0781 0.0394, -0.0197 0.0665 0.0234, -0.0197 0.072 0.0206, -0.0197 0.0781 0.0197, -0.0197 0.0622 0.0278, -0.0197 0.0594 0.0333, -0.0197 0.0584 0.0394, -0.0197 0.2526 0.0197, -0.0197 0.2685 0.0278, -0.0197 0.2713 0.0333, -0.0197 0.2723 0.0394, -0.0197 0.2642 0.0234, -0.0197 0.2587 0.0206, -0.0197 0.2526 0.063, -0.0197 0.2723 0.063, -0.0197 0.0584 0.063, -0.0197 0.0781 0.063, -0.0197 0.3937 0.0223, -0.0197 0.3908 0.0306, -0.0197 0.4132 0.0278, -0.0197 0.3898 0.063, -0.0197 0.4094 0.063, -0.0197 0.4094 0.0394, -0.0197 0.3984 0.0148, -0.0197 0.4231 0.0206, -0.0197 0.4046 0.0086, -0.0197 0.4121 0.0039, -0.0197 0.4291 0.0197, -0.0197 0.4176 0.0234, -0.0197 0.5098 0.0197, -0.0197 0.5098 0.0, -0.0197 0.4204 0.001, -0.0197 0.4291 0.0, -0.0197 0.3898 0.0394, -0.0197 0.4104 0.0333, 0.0197 0.4046 0.0086, 0.0197 0.3984 0.0148, 0.0197 0.4121 0.0039, 0.0197 0.4204 0.001, 0.0197 0.4291 0.0, 0.0197 0.3937 0.0223, 0.0197 0.3908 0.0306, 0.0197 0.3898 0.0394, 0.0197 0.5098 0.0, 0.0197 0.5098 0.0197, 0.0197 0.4291 0.0197, 0.0197 0.4231 0.0206, 0.0197 0.4104 0.0333, 0.0197 0.4132 0.0278, 0.0197 0.4176 0.0234, 0.0197 0.4094 0.0394, 0.0197 0.3898 0.063, 0.0197 0.4094 0.063, 0.0197 0.0616 0.1146, 0.0197 0.0592 0.1094, 0.0197 0.0584 0.1038, 0.0197 0.1037 0.1769, 0.0197 0.0933 0.153, 0.0197 0.1051 0.1279, 0.0197 0.0584 0.0787, 0.0197 0.0654 0.1188, 0.0197 0.0863 0.1365, 0.0197 0.0781 0.1038, 0.0197 0.0612 0.204, 0.0197 0.0624 0.1973, 0.0197 0.0658 0.1914, 0.0197 0.1118 0.1614, 0.0197 0.1086 0.1696, 0.0197 0.1096 0.1355, 0.0197 0.1123 0.1439, 0.0197 0.113 0.1526, 0.0197 0.0887 0.1642, 0.0197 0.0919 0.159, 0.0197 0.0612 0.2362, 0.0197 0.0809 0.204, 0.0197 0.0809 0.2362, 0.0197 0.0928 0.1468, 0.0197 0.099 0.1215, 0.0197 0.0904 0.1412, 0.0197 0.0781 0.0787, -0.0197 0.0584 0.1038, -0.0197 0.0616 0.1146, -0.0197 0.0654 0.1188, -0.0197 0.0781 0.0787, -0.0197 0.0584 0.0787, -0.0197 0.0904 0.1412, -0.0197 0.0928 0.1468, -0.0197 0.099 0.1215, -0.0197 0.0781 0.1038, -0.0197 0.0592 0.1094, -0.0197 0.0863 0.1365, -0.0197 0.0612 0.204, -0.0197 0.0658 0.1914, -0.0197 0.0624 0.1973, -0.0197 0.113 0.1526, -0.0197 0.1123 0.1439, -0.0197 0.1118 0.1614, -0.0197 0.1096 0.1355, -0.0197 0.1086 0.1696, -0.0197 0.0887 0.1642, -0.0197 0.1037 0.1769, -0.0197 0.0919 0.159, -0.0197 0.1051 0.1279, -0.0197 0.0612 0.2362, -0.0197 0.0809 0.204, -0.0197 0.0809 0.2362, -0.0197 0.0933 0.153, 0.1378 0.3898 0.0787, 0.1378 0.3898 0.2165, 0.1378 0.4094 0.0787, 0.1378 0.3888 0.2225, 0.1378 0.3909 0.2499, 0.1378 0.3986 0.2436, 0.1378 0.4045 0.2356, 0.1378 0.3861 0.2279, 0.1378 0.3819 0.2323, 0.1378 0.3819 0.2541, 0.1378 0.4082 0.2264, 0.1378 0.4094 0.2165, 0.1772 0.4094 0.2165, 0.1772 0.3898 0.2165, 0.1772 0.4094 0.0787, 0.1772 0.4045 0.2356, 0.1772 0.4082 0.2264, 0.1772 0.3898 0.0787, 0.1772 0.3986 0.2436, 0.1772 0.3819 0.2541, 0.1772 0.3861 0.2279, 0.1772 0.3909 0.2499, 0.1772 0.3888 0.2225, 0.1772 0.3819 0.2323, 0.1378 0.2723 0.0787, 0.1378 0.2526 0.0787, 0.1378 0.2526 0.1038, 0.1378 0.2185 0.1439, 0.1378 0.2177 0.1526, 0.1378 0.2189 0.1614, 0.1378 0.2892 0.2362, 0.1378 0.2892 0.2559, 0.1378 0.3031 0.2362, 0.1378 0.2723 0.1038, 0.1378 0.2221 0.1696, 0.1378 0.2374 0.153, 0.1378 0.227 0.1769, 0.1378 0.2317 0.1215, 0.1378 0.2403 0.1412, 0.1378 0.2444 0.1365, 0.1378 0.2388 0.159, 0.1378 0.242 0.1642, 0.1378 0.238 0.1468, 0.1378 0.2211 0.1355, 0.1378 0.2498 0.204, 0.1378 0.2683 0.1973, 0.1378 0.2649 0.1914, 0.1378 0.2695 0.204, 0.1378 0.2695 0.2165, 0.1378 0.2537 0.2336, 0.1378 0.2584 0.2411, 0.1378 0.2733 0.2281, 0.1378 0.2705 0.2226, 0.1378 0.2647 0.2473, 0.1378 0.2721 0.252, 0.1378 0.2776 0.2325, 0.1378 0.2831 0.2353, 0.1378 0.2805 0.2549, 0.1378 0.3031 0.2559, 0.1378 0.2508 0.2253, 0.1378 0.2498 0.2165, 0.1378 0.2691 0.1146, 0.1378 0.2715 0.1094, 0.1378 0.2256 0.1279, 0.1378 0.2653 0.1188, 0.1772 0.2691 0.1146, 0.1772 0.2715 0.1094, 0.1772 0.2653 0.1188, 0.1772 0.2723 0.1038, 0.1772 0.2444 0.1365, 0.1772 0.2403 0.1412, 0.1772 0.2388 0.159, 0.1772 0.2374 0.153, 0.1772 0.238 0.1468, 0.1772 0.242 0.1642, 0.1772 0.2649 0.1914, 0.1772 0.2683 0.1973, 0.1772 0.2695 0.204, 0.1772 0.2695 0.2165, 0.1772 0.2705 0.2226, 0.1772 0.2831 0.2353, 0.1772 0.2776 0.2325, 0.1772 0.2733 0.2281, 0.1772 0.2892 0.2362, 0.1772 0.2584 0.2411, 0.1772 0.2647 0.2473, 0.1772 0.2537 0.2336, 0.1772 0.2508 0.2253, 0.1772 0.2498 0.2165, 0.1772 0.2721 0.252, 0.1772 0.2805 0.2549, 0.1772 0.2892 0.2559, 0.1772 0.2498 0.204, 0.1772 0.227 0.1769, 0.1772 0.2185 0.1439, 0.1772 0.2177 0.1526, 0.1772 0.2211 0.1355, 0.1772 0.2256 0.1279, 0.1772 0.2317 0.1215, 0.1772 0.2189 0.1614, 0.1772 0.2221 0.1696, 0.1772 0.2526 0.1038, 0.1772 0.3031 0.2362, 0.1772 0.3031 0.2559, 0.1772 0.2723 0.0787, 0.1772 0.2526 0.0787, 0.1772 0.2642 0.0234, 0.1772 0.2526 0.0197, 0.1772 0.2587 0.0206, 0.1772 0.0781 0.0197, 0.1772 0.0781 0.0394, 0.1772 0.0622 0.0278, 0.1772 0.2685 0.0278, 0.1772 0.0665 0.0234, 0.1772 0.072 0.0206, 0.1772 0.2526 0.0394, 0.1772 0.0594 0.0333, 0.1772 0.0584 0.0394, 0.1772 0.0584 0.063, 0.1772 0.0781 0.063, 0.1772 0.2526 0.063, 0.1772 0.2723 0.0394, 0.1772 0.2713 0.0333, 0.1772 0.2723 0.063, 0.1378 0.2526 0.0394, 0.1378 0.0781 0.0394, 0.1378 0.0665 0.0234, 0.1378 0.072 0.0206, 0.1378 0.0781 0.0197, 0.1378 0.0622 0.0278, 0.1378 0.0594 0.0333, 0.1378 0.0584 0.0394, 0.1378 0.2526 0.0197, 0.1378 0.2685 0.0278, 0.1378 0.2713 0.0333, 0.1378 0.2723 0.0394, 0.1378 0.2642 0.0234, 0.1378 0.2587 0.0206, 0.1378 0.2526 0.063, 0.1378 0.2723 0.063, 0.1378 0.0584 0.063, 0.1378 0.0781 0.063, 0.1378 0.3937 0.0223, 0.1378 0.3908 0.0306, 0.1378 0.4132 0.0278, 0.1378 0.3898 0.063, 0.1378 0.4094 0.063, 0.1378 0.4094 0.0394, 0.1378 0.3984 0.0148, 0.1378 0.4231 0.0206, 0.1378 0.4046 0.0086, 0.1378 0.4121 0.0039, 0.1378 0.4291 0.0197, 0.1378 0.4176 0.0234, 0.1378 0.5098 0.0197, 0.1378 0.5098 0.0, 0.1378 0.4204 0.001, 0.1378 0.4291 0.0, 0.1378 0.3898 0.0394, 0.1378 0.4104 0.0333, 0.1772 0.4046 0.0086, 0.1772 0.3984 0.0148, 0.1772 0.4121 0.0039, 0.1772 0.4204 0.001, 0.1772 0.4291 0.0, 0.1772 0.3937 0.0223, 0.1772 0.3908 0.0306, 0.1772 0.3898 0.0394, 0.1772 0.5098 0.0, 0.1772 0.5098 0.0197, 0.1772 0.4291 0.0197, 0.1772 0.4231 0.0206, 0.1772 0.4104 0.0333, 0.1772 0.4132 0.0278, 0.1772 0.4176 0.0234, 0.1772 0.4094 0.0394, 0.1772 0.3898 0.063, 0.1772 0.4094 0.063, 0.1772 0.0616 0.1146, 0.1772 0.0592 0.1094, 0.1772 0.0584 0.1038, 0.1772 0.1037 0.1769, 0.1772 0.0933 0.153, 0.1772 0.1051 0.1279, 0.1772 0.0584 0.0787, 0.1772 0.0654 0.1188, 0.1772 0.0863 0.1365, 0.1772 0.0781 0.1038, 0.1772 0.0612 0.204, 0.1772 0.0624 0.1973, 0.1772 0.0658 0.1914, 0.1772 0.1118 0.1614, 0.1772 0.1086 0.1696, 0.1772 0.1096 0.1355, 0.1772 0.1123 0.1439, 0.1772 0.113 0.1526, 0.1772 0.0887 0.1642, 0.1772 0.0919 0.159, 0.1772 0.0612 0.2362, 0.1772 0.0809 0.204, 0.1772 0.0809 0.2362, 0.1772 0.0928 0.1468, 0.1772 0.099 0.1215, 0.1772 0.0904 0.1412, 0.1772 0.0781 0.0787, 0.1378 0.0584 0.1038, 0.1378 0.0616 0.1146, 0.1378 0.0654 0.1188, 0.1378 0.0781 0.0787, 0.1378 0.0584 0.0787, 0.1378 0.0904 0.1412, 0.1378 0.0928 0.1468, 0.1378 0.099 0.1215, 0.1378 0.0781 0.1038, 0.1378 0.0592 0.1094, 0.1378 0.0863 0.1365, 0.1378 0.0612 0.204, 0.1378 0.0658 0.1914, 0.1378 0.0624 0.1973, 0.1378 0.113 0.1526, 0.1378 0.1123 0.1439, 0.1378 0.1118 0.1614, 0.1378 0.1096 0.1355, 0.1378 0.1086 0.1696, 0.1378 0.0887 0.1642, 0.1378 0.1037 0.1769, 0.1378 0.0919 0.159, 0.1378 0.1051 0.1279, 0.1378 0.0612 0.2362, 0.1378 0.0809 0.204, 0.1378 0.0809 0.2362, 0.1378 0.0933 0.153, 0.2953 0.3898 0.0787, 0.2953 0.3898 0.2165, 0.2953 0.4094 0.0787, 0.2953 0.3888 0.2225, 0.2953 0.3909 0.2499, 0.2953 0.3986 0.2436, 0.2953 0.4045 0.2356, 0.2953 0.3861 0.2279, 0.2953 0.3819 0.2323, 0.2953 0.3819 0.2541, 0.2953 0.4082 0.2264, 0.2953 0.4094 0.2165, 0.3346 0.4094 0.2165, 0.3346 0.3898 0.2165, 0.3346 0.4094 0.0787, 0.3346 0.4045 0.2356, 0.3346 0.4082 0.2264, 0.3346 0.3898 0.0787, 0.3346 0.3986 0.2436, 0.3346 0.3819 0.2541, 0.3346 0.3861 0.2279, 0.3346 0.3909 0.2499, 0.3346 0.3888 0.2225, 0.3346 0.3819 0.2323, 0.2953 0.2723 0.0787, 0.2953 0.2526 0.0787, 0.2953 0.2526 0.1038, 0.2953 0.2185 0.1439, 0.2953 0.2177 0.1526, 0.2953 0.2189 0.1614, 0.2953 0.2892 0.2362, 0.2953 0.2892 0.2559, 0.2953 0.3031 0.2362, 0.2953 0.2723 0.1038, 0.2953 0.2221 0.1696, 0.2953 0.2374 0.153, 0.2953 0.227 0.1769, 0.2953 0.2317 0.1215, 0.2953 0.2403 0.1412, 0.2953 0.2444 0.1365, 0.2953 0.2388 0.159, 0.2953 0.242 0.1642, 0.2953 0.238 0.1468, 0.2953 0.2211 0.1355, 0.2953 0.2498 0.204, 0.2953 0.2683 0.1973, 0.2953 0.2649 0.1914, 0.2953 0.2695 0.204, 0.2953 0.2695 0.2165, 0.2953 0.2537 0.2336, 0.2953 0.2584 0.2411, 0.2953 0.2733 0.2281, 0.2953 0.2705 0.2226, 0.2953 0.2647 0.2473, 0.2953 0.2721 0.252, 0.2953 0.2776 0.2325, 0.2953 0.2831 0.2353, 0.2953 0.2805 0.2549, 0.2953 0.3031 0.2559, 0.2953 0.2508 0.2253, 0.2953 0.2498 0.2165, 0.2953 0.2691 0.1146, 0.2953 0.2715 0.1094, 0.2953 0.2256 0.1279, 0.2953 0.2653 0.1188, 0.3346 0.2691 0.1146, 0.3346 0.2715 0.1094, 0.3346 0.2653 0.1188, 0.3346 0.2723 0.1038, 0.3346 0.2444 0.1365, 0.3346 0.2403 0.1412, 0.3346 0.2388 0.159, 0.3346 0.2374 0.153, 0.3346 0.238 0.1468, 0.3346 0.242 0.1642, 0.3346 0.2649 0.1914, 0.3346 0.2683 0.1973, 0.3346 0.2695 0.204, 0.3346 0.2695 0.2165, 0.3346 0.2705 0.2226, 0.3346 0.2831 0.2353, 0.3346 0.2776 0.2325, 0.3346 0.2733 0.2281, 0.3346 0.2892 0.2362, 0.3346 0.2584 0.2411, 0.3346 0.2647 0.2473, 0.3346 0.2537 0.2336, 0.3346 0.2508 0.2253, 0.3346 0.2498 0.2165, 0.3346 0.2721 0.252, 0.3346 0.2805 0.2549, 0.3346 0.2892 0.2559, 0.3346 0.2498 0.204, 0.3346 0.227 0.1769, 0.3346 0.2185 0.1439, 0.3346 0.2177 0.1526, 0.3346 0.2211 0.1355, 0.3346 0.2256 0.1279, 0.3346 0.2317 0.1215, 0.3346 0.2189 0.1614, 0.3346 0.2221 0.1696, 0.3346 0.2526 0.1038, 0.3346 0.3031 0.2362, 0.3346 0.3031 0.2559, 0.3346 0.2723 0.0787, 0.3346 0.2526 0.0787, 0.3346 0.2642 0.0234, 0.3346 0.2526 0.0197, 0.3346 0.2587 0.0206, 0.3346 0.0781 0.0197, 0.3346 0.0781 0.0394, 0.3346 0.0622 0.0278, 0.3346 0.2685 0.0278, 0.3346 0.0665 0.0234, 0.3346 0.072 0.0206, 0.3346 0.2526 0.0394, 0.3346 0.0594 0.0333, 0.3346 0.0584 0.0394, 0.3346 0.0584 0.063, 0.3346 0.0781 0.063, 0.3346 0.2526 0.063, 0.3346 0.2723 0.0394, 0.3346 0.2713 0.0333, 0.3346 0.2723 0.063, 0.2953 0.2526 0.0394, 0.2953 0.0781 0.0394, 0.2953 0.0665 0.0234, 0.2953 0.072 0.0206, 0.2953 0.0781 0.0197, 0.2953 0.0622 0.0278, 0.2953 0.0594 0.0333, 0.2953 0.0584 0.0394, 0.2953 0.2526 0.0197, 0.2953 0.2685 0.0278, 0.2953 0.2713 0.0333, 0.2953 0.2723 0.0394, 0.2953 0.2642 0.0234, 0.2953 0.2587 0.0206, 0.2953 0.2526 0.063, 0.2953 0.2723 0.063, 0.2953 0.0584 0.063, 0.2953 0.0781 0.063, 0.2953 0.3937 0.0223, 0.2953 0.3908 0.0306, 0.2953 0.4132 0.0278, 0.2953 0.3898 0.063, 0.2953 0.4094 0.063, 0.2953 0.4094 0.0394, 0.2953 0.3984 0.0148, 0.2953 0.4231 0.0206, 0.2953 0.4046 0.0086, 0.2953 0.4121 0.0039, 0.2953 0.4291 0.0197, 0.2953 0.4176 0.0234, 0.2953 0.5098 0.0197, 0.2953 0.5098 0.0, 0.2953 0.4204 0.001, 0.2953 0.4291 0.0, 0.2953 0.3898 0.0394, 0.2953 0.4104 0.0333, 0.3346 0.4046 0.0086, 0.3346 0.3984 0.0148, 0.3346 0.4121 0.0039, 0.3346 0.4204 0.001, 0.3346 0.4291 0.0, 0.3346 0.3937 0.0223, 0.3346 0.3908 0.0306, 0.3346 0.3898 0.0394, 0.3346 0.5098 0.0, 0.3346 0.5098 0.0197, 0.3346 0.4291 0.0197, 0.3346 0.4231 0.0206, 0.3346 0.4104 0.0333, 0.3346 0.4132 0.0278, 0.3346 0.4176 0.0234, 0.3346 0.4094 0.0394, 0.3346 0.3898 0.063, 0.3346 0.4094 0.063, 0.3346 0.0616 0.1146, 0.3346 0.0592 0.1094, 0.3346 0.0584 0.1038, 0.3346 0.1037 0.1769, 0.3346 0.0933 0.153, 0.3346 0.1051 0.1279, 0.3346 0.0584 0.0787, 0.3346 0.0654 0.1188, 0.3346 0.0863 0.1365, 0.3346 0.0781 0.1038, 0.3346 0.0612 0.204, 0.3346 0.0624 0.1973, 0.3346 0.0658 0.1914, 0.3346 0.1118 0.1614, 0.3346 0.1086 0.1696, 0.3346 0.1096 0.1355, 0.3346 0.1123 0.1439, 0.3346 0.113 0.1526, 0.3346 0.0887 0.1642, 0.3346 0.0919 0.159, 0.3346 0.0612 0.2362, 0.3346 0.0809 0.204, 0.3346 0.0809 0.2362, 0.3346 0.0928 0.1468, 0.3346 0.099 0.1215, 0.3346 0.0904 0.1412, 0.3346 0.0781 0.0787, 0.2953 0.0584 0.1038, 0.2953 0.0616 0.1146, 0.2953 0.0654 0.1188, 0.2953 0.0781 0.0787, 0.2953 0.0584 0.0787, 0.2953 0.0904 0.1412, 0.2953 0.0928 0.1468, 0.2953 0.099 0.1215, 0.2953 0.0781 0.1038, 0.2953 0.0592 0.1094, 0.2953 0.0863 0.1365, 0.2953 0.0612 0.204, 0.2953 0.0658 0.1914, 0.2953 0.0624 0.1973, 0.2953 0.113 0.1526, 0.2953 0.1123 0.1439, 0.2953 0.1118 0.1614, 0.2953 0.1096 0.1355, 0.2953 0.1086 0.1696, 0.2953 0.0887 0.1642, 0.2953 0.1037 0.1769, 0.2953 0.0919 0.159, 0.2953 0.1051 0.1279, 0.2953 0.0612 0.2362, 0.2953 0.0809 0.204, 0.2953 0.0809 0.2362, 0.2953 0.0933 0.153, 0.4528 0.3898 0.0787, 0.4528 0.3898 0.2165, 0.4528 0.4094 0.0787, 0.4528 0.3888 0.2225, 0.4528 0.3909 0.2499, 0.4528 0.3986 0.2436, 0.4528 0.4045 0.2356, 0.4528 0.3861 0.2279, 0.4528 0.3819 0.2323, 0.4528 0.3819 0.2541, 0.4528 0.4082 0.2264, 0.4528 0.4094 0.2165, 0.4921 0.4094 0.2165, 0.4921 0.3898 0.2165, 0.4921 0.4094 0.0787, 0.4921 0.4045 0.2356, 0.4921 0.4082 0.2264, 0.4921 0.3898 0.0787, 0.4921 0.3986 0.2436, 0.4921 0.3819 0.2541, 0.4921 0.3861 0.2279, 0.4921 0.3909 0.2499, 0.4921 0.3888 0.2225, 0.4921 0.3819 0.2323, 0.4528 0.2723 0.0787, 0.4528 0.2526 0.0787, 0.4528 0.2526 0.1038, 0.4528 0.2185 0.1439, 0.4528 0.2177 0.1526, 0.4528 0.2189 0.1614, 0.4528 0.2892 0.2362, 0.4528 0.2892 0.2559, 0.4528 0.3031 0.2362, 0.4528 0.2723 0.1038, 0.4528 0.2221 0.1696, 0.4528 0.2374 0.153, 0.4528 0.227 0.1769, 0.4528 0.2317 0.1215, 0.4528 0.2403 0.1412, 0.4528 0.2444 0.1365, 0.4528 0.2388 0.159, 0.4528 0.242 0.1642, 0.4528 0.238 0.1468, 0.4528 0.2211 0.1355, 0.4528 0.2498 0.204, 0.4528 0.2683 0.1973, 0.4528 0.2649 0.1914, 0.4528 0.2695 0.204, 0.4528 0.2695 0.2165, 0.4528 0.2537 0.2336, 0.4528 0.2584 0.2411, 0.4528 0.2733 0.2281, 0.4528 0.2705 0.2226, 0.4528 0.2647 0.2473, 0.4528 0.2721 0.252, 0.4528 0.2776 0.2325, 0.4528 0.2831 0.2353, 0.4528 0.2805 0.2549, 0.4528 0.3031 0.2559, 0.4528 0.2508 0.2253, 0.4528 0.2498 0.2165, 0.4528 0.2691 0.1146, 0.4528 0.2715 0.1094, 0.4528 0.2256 0.1279, 0.4528 0.2653 0.1188, 0.4921 0.2691 0.1146, 0.4921 0.2715 0.1094, 0.4921 0.2653 0.1188, 0.4921 0.2723 0.1038, 0.4921 0.2444 0.1365, 0.4921 0.2403 0.1412, 0.4921 0.2388 0.159, 0.4921 0.2374 0.153, 0.4921 0.238 0.1468, 0.4921 0.242 0.1642, 0.4921 0.2649 0.1914, 0.4921 0.2683 0.1973, 0.4921 0.2695 0.204, 0.4921 0.2695 0.2165, 0.4921 0.2705 0.2226, 0.4921 0.2831 0.2353, 0.4921 0.2776 0.2325, 0.4921 0.2733 0.2281, 0.4921 0.2892 0.2362, 0.4921 0.2584 0.2411, 0.4921 0.2647 0.2473, 0.4921 0.2537 0.2336, 0.4921 0.2508 0.2253, 0.4921 0.2498 0.2165, 0.4921 0.2721 0.252, 0.4921 0.2805 0.2549, 0.4921 0.2892 0.2559, 0.4921 0.2498 0.204, 0.4921 0.227 0.1769, 0.4921 0.2185 0.1439, 0.4921 0.2177 0.1526, 0.4921 0.2211 0.1355, 0.4921 0.2256 0.1279, 0.4921 0.2317 0.1215, 0.4921 0.2189 0.1614, 0.4921 0.2221 0.1696, 0.4921 0.2526 0.1038, 0.4921 0.3031 0.2362, 0.4921 0.3031 0.2559, 0.4921 0.2723 0.0787, 0.4921 0.2526 0.0787, 0.4921 0.2642 0.0234, 0.4921 0.2526 0.0197, 0.4921 0.2587 0.0206, 0.4921 0.0781 0.0197, 0.4921 0.0781 0.0394, 0.4921 0.0622 0.0278, 0.4921 0.2685 0.0278, 0.4921 0.0665 0.0234, 0.4921 0.072 0.0206, 0.4921 0.2526 0.0394, 0.4921 0.0594 0.0333, 0.4921 0.0584 0.0394, 0.4921 0.0584 0.063, 0.4921 0.0781 0.063, 0.4921 0.2526 0.063, 0.4921 0.2723 0.0394, 0.4921 0.2713 0.0333, 0.4921 0.2723 0.063, 0.4528 0.2526 0.0394, 0.4528 0.0781 0.0394, 0.4528 0.0665 0.0234, 0.4528 0.072 0.0206, 0.4528 0.0781 0.0197, 0.4528 0.0622 0.0278, 0.4528 0.0594 0.0333, 0.4528 0.0584 0.0394, 0.4528 0.2526 0.0197, 0.4528 0.2685 0.0278, 0.4528 0.2713 0.0333, 0.4528 0.2723 0.0394, 0.4528 0.2642 0.0234, 0.4528 0.2587 0.0206, 0.4528 0.2526 0.063, 0.4528 0.2723 0.063, 0.4528 0.0584 0.063, 0.4528 0.0781 0.063, 0.4528 0.3937 0.0223, 0.4528 0.3908 0.0306, 0.4528 0.4132 0.0278, 0.4528 0.3898 0.063, 0.4528 0.4094 0.063, 0.4528 0.4094 0.0394, 0.4528 0.3984 0.0148, 0.4528 0.4231 0.0206, 0.4528 0.4046 0.0086, 0.4528 0.4121 0.0039, 0.4528 0.4291 0.0197, 0.4528 0.4176 0.0234, 0.4528 0.5098 0.0197, 0.4528 0.5098 0.0, 0.4528 0.4204 0.001, 0.4528 0.4291 0.0, 0.4528 0.3898 0.0394, 0.4528 0.4104 0.0333, 0.4921 0.4046 0.0086, 0.4921 0.3984 0.0148, 0.4921 0.4121 0.0039, 0.4921 0.4204 0.001, 0.4921 0.4291 0.0, 0.4921 0.3937 0.0223, 0.4921 0.3908 0.0306, 0.4921 0.3898 0.0394, 0.4921 0.5098 0.0, 0.4921 0.5098 0.0197, 0.4921 0.4291 0.0197, 0.4921 0.4231 0.0206, 0.4921 0.4104 0.0333, 0.4921 0.4132 0.0278, 0.4921 0.4176 0.0234, 0.4921 0.4094 0.0394, 0.4921 0.3898 0.063, 0.4921 0.4094 0.063, 0.4921 0.0616 0.1146, 0.4921 0.0592 0.1094, 0.4921 0.0584 0.1038, 0.4921 0.1037 0.1769, 0.4921 0.0933 0.153, 0.4921 0.1051 0.1279, 0.4921 0.0584 0.0787, 0.4921 0.0654 0.1188, 0.4921 0.0863 0.1365, 0.4921 0.0781 0.1038, 0.4921 0.0612 0.204, 0.4921 0.0624 0.1973, 0.4921 0.0658 0.1914, 0.4921 0.1118 0.1614, 0.4921 0.1086 0.1696, 0.4921 0.1096 0.1355, 0.4921 0.1123 0.1439, 0.4921 0.113 0.1526, 0.4921 0.0887 0.1642, 0.4921 0.0919 0.159, 0.4921 0.0612 0.2362, 0.4921 0.0809 0.204, 0.4921 0.0809 0.2362, 0.4921 0.0928 0.1468, 0.4921 0.099 0.1215, 0.4921 0.0904 0.1412, 0.4921 0.0781 0.0787, 0.4528 0.0584 0.1038, 0.4528 0.0616 0.1146, 0.4528 0.0654 0.1188, 0.4528 0.0781 0.0787, 0.4528 0.0584 0.0787, 0.4528 0.0904 0.1412, 0.4528 0.0928 0.1468, 0.4528 0.099 0.1215, 0.4528 0.0781 0.1038, 0.4528 0.0592 0.1094, 0.4528 0.0863 0.1365, 0.4528 0.0612 0.204, 0.4528 0.0658 0.1914, 0.4528 0.0624 0.1973, 0.4528 0.113 0.1526, 0.4528 0.1123 0.1439, 0.4528 0.1118 0.1614, 0.4528 0.1096 0.1355, 0.4528 0.1086 0.1696, 0.4528 0.0887 0.1642, 0.4528 0.1037 0.1769, 0.4528 0.0919 0.159, 0.4528 0.1051 0.1279, 0.4528 0.0612 0.2362, 0.4528 0.0809 0.204, 0.4528 0.0809 0.2362, 0.4528 0.0933 0.153, 0.6102 0.3898 0.0787, 0.6102 0.3898 0.2165, 0.6102 0.4094 0.0787, 0.6102 0.3888 0.2225, 0.6102 0.3909 0.2499, 0.6102 0.3986 0.2436, 0.6102 0.4045 0.2356, 0.6102 0.3861 0.2279, 0.6102 0.3819 0.2323, 0.6102 0.3819 0.2541, 0.6102 0.4082 0.2264, 0.6102 0.4094 0.2165, 0.6496 0.4094 0.2165, 0.6496 0.3898 0.2165, 0.6496 0.4094 0.0787, 0.6496 0.4045 0.2356, 0.6496 0.4082 0.2264, 0.6496 0.3898 0.0787, 0.6496 0.3986 0.2436, 0.6496 0.3819 0.2541, 0.6496 0.3861 0.2279, 0.6496 0.3909 0.2499, 0.6496 0.3888 0.2225, 0.6496 0.3819 0.2323, 0.6102 0.2723 0.0787, 0.6102 0.2526 0.0787, 0.6102 0.2526 0.1038, 0.6102 0.2185 0.1439, 0.6102 0.2177 0.1526, 0.6102 0.2189 0.1614, 0.6102 0.2892 0.2362, 0.6102 0.2892 0.2559, 0.6102 0.3031 0.2362, 0.6102 0.2723 0.1038, 0.6102 0.2221 0.1696, 0.6102 0.2374 0.153, 0.6102 0.227 0.1769, 0.6102 0.2317 0.1215, 0.6102 0.2403 0.1412, 0.6102 0.2444 0.1365, 0.6102 0.2388 0.159, 0.6102 0.242 0.1642, 0.6102 0.238 0.1468, 0.6102 0.2211 0.1355, 0.6102 0.2498 0.204, 0.6102 0.2683 0.1973, 0.6102 0.2649 0.1914, 0.6102 0.2695 0.204, 0.6102 0.2695 0.2165, 0.6102 0.2537 0.2336, 0.6102 0.2584 0.2411, 0.6102 0.2733 0.2281, 0.6102 0.2705 0.2226, 0.6102 0.2647 0.2473, 0.6102 0.2721 0.252, 0.6102 0.2776 0.2325, 0.6102 0.2831 0.2353, 0.6102 0.2805 0.2549, 0.6102 0.3031 0.2559, 0.6102 0.2508 0.2253, 0.6102 0.2498 0.2165, 0.6102 0.2691 0.1146, 0.6102 0.2715 0.1094, 0.6102 0.2256 0.1279, 0.6102 0.2653 0.1188, 0.6496 0.2691 0.1146, 0.6496 0.2715 0.1094, 0.6496 0.2653 0.1188, 0.6496 0.2723 0.1038, 0.6496 0.2444 0.1365, 0.6496 0.2403 0.1412, 0.6496 0.2388 0.159, 0.6496 0.2374 0.153, 0.6496 0.238 0.1468, 0.6496 0.242 0.1642, 0.6496 0.2649 0.1914, 0.6496 0.2683 0.1973, 0.6496 0.2695 0.204, 0.6496 0.2695 0.2165, 0.6496 0.2705 0.2226, 0.6496 0.2831 0.2353, 0.6496 0.2776 0.2325, 0.6496 0.2733 0.2281, 0.6496 0.2892 0.2362, 0.6496 0.2584 0.2411, 0.6496 0.2647 0.2473, 0.6496 0.2537 0.2336, 0.6496 0.2508 0.2253, 0.6496 0.2498 0.2165, 0.6496 0.2721 0.252, 0.6496 0.2805 0.2549, 0.6496 0.2892 0.2559, 0.6496 0.2498 0.204, 0.6496 0.227 0.1769, 0.6496 0.2185 0.1439, 0.6496 0.2177 0.1526, 0.6496 0.2211 0.1355, 0.6496 0.2256 0.1279, 0.6496 0.2317 0.1215, 0.6496 0.2189 0.1614, 0.6496 0.2221 0.1696, 0.6496 0.2526 0.1038, 0.6496 0.3031 0.2362, 0.6496 0.3031 0.2559, 0.6496 0.2723 0.0787, 0.6496 0.2526 0.0787, 0.6496 0.2642 0.0234, 0.6496 0.2526 0.0197, 0.6496 0.2587 0.0206, 0.6496 0.0781 0.0197, 0.6496 0.0781 0.0394, 0.6496 0.0622 0.0278, 0.6496 0.2685 0.0278, 0.6496 0.0665 0.0234, 0.6496 0.072 0.0206, 0.6496 0.2526 0.0394, 0.6496 0.0594 0.0333, 0.6496 0.0584 0.0394, 0.6496 0.0584 0.063, 0.6496 0.0781 0.063, 0.6496 0.2526 0.063, 0.6496 0.2723 0.0394, 0.6496 0.2713 0.0333, 0.6496 0.2723 0.063, 0.6102 0.2526 0.0394, 0.6102 0.0781 0.0394, 0.6102 0.0665 0.0234, 0.6102 0.072 0.0206, 0.6102 0.0781 0.0197, 0.6102 0.0622 0.0278, 0.6102 0.0594 0.0333, 0.6102 0.0584 0.0394, 0.6102 0.2526 0.0197, 0.6102 0.2685 0.0278, 0.6102 0.2713 0.0333, 0.6102 0.2723 0.0394, 0.6102 0.2642 0.0234, 0.6102 0.2587 0.0206, 0.6102 0.2526 0.063, 0.6102 0.2723 0.063, 0.6102 0.0584 0.063, 0.6102 0.0781 0.063, 0.6102 0.3937 0.0223, 0.6102 0.3908 0.0306, 0.6102 0.4132 0.0278, 0.6102 0.3898 0.063, 0.6102 0.4094 0.063, 0.6102 0.4094 0.0394, 0.6102 0.3984 0.0148, 0.6102 0.4231 0.0206, 0.6102 0.4046 0.0086, 0.6102 0.4121 0.0039, 0.6102 0.4291 0.0197, 0.6102 0.4176 0.0234, 0.6102 0.5098 0.0197, 0.6102 0.5098 0.0, 0.6102 0.4204 0.001, 0.6102 0.4291 0.0, 0.6102 0.3898 0.0394, 0.6102 0.4104 0.0333, 0.6496 0.4046 0.0086, 0.6496 0.3984 0.0148, 0.6496 0.4121 0.0039, 0.6496 0.4204 0.001, 0.6496 0.4291 0.0, 0.6496 0.3937 0.0223, 0.6496 0.3908 0.0306, 0.6496 0.3898 0.0394, 0.6496 0.5098 0.0, 0.6496 0.5098 0.0197, 0.6496 0.4291 0.0197, 0.6496 0.4231 0.0206, 0.6496 0.4104 0.0333, 0.6496 0.4132 0.0278, 0.6496 0.4176 0.0234, 0.6496 0.4094 0.0394, 0.6496 0.3898 0.063, 0.6496 0.4094 0.063, 0.6496 0.0616 0.1146, 0.6496 0.0592 0.1094, 0.6496 0.0584 0.1038, 0.6496 0.1037 0.1769, 0.6496 0.0933 0.153, 0.6496 0.1051 0.1279, 0.6496 0.0584 0.0787, 0.6496 0.0654 0.1188, 0.6496 0.0863 0.1365, 0.6496 0.0781 0.1038, 0.6496 0.0612 0.204, 0.6496 0.0624 0.1973, 0.6496 0.0658 0.1914, 0.6496 0.1118 0.1614, 0.6496 0.1086 0.1696, 0.6496 0.1096 0.1355, 0.6496 0.1123 0.1439, 0.6496 0.113 0.1526, 0.6496 0.0887 0.1642, 0.6496 0.0919 0.159, 0.6496 0.0612 0.2362, 0.6496 0.0809 0.204, 0.6496 0.0809 0.2362, 0.6496 0.0928 0.1468, 0.6496 0.099 0.1215, 0.6496 0.0904 0.1412, 0.6496 0.0781 0.0787, 0.6102 0.0584 0.1038, 0.6102 0.0616 0.1146, 0.6102 0.0654 0.1188, 0.6102 0.0781 0.0787, 0.6102 0.0584 0.0787, 0.6102 0.0904 0.1412, 0.6102 0.0928 0.1468, 0.6102 0.099 0.1215, 0.6102 0.0781 0.1038, 0.6102 0.0592 0.1094, 0.6102 0.0863 0.1365, 0.6102 0.0612 0.204, 0.6102 0.0658 0.1914, 0.6102 0.0624 0.1973, 0.6102 0.113 0.1526, 0.6102 0.1123 0.1439, 0.6102 0.1118 0.1614, 0.6102 0.1096 0.1355, 0.6102 0.1086 0.1696, 0.6102 0.0887 0.1642, 0.6102 0.1037 0.1769, 0.6102 0.0919 0.159, 0.6102 0.1051 0.1279, 0.6102 0.0612 0.2362, 0.6102 0.0809 0.204, 0.6102 0.0809 0.2362, 0.6102 0.0933 0.153, 0.7677 0.3898 0.0787, 0.7677 0.3898 0.2165, 0.7677 0.4094 0.0787, 0.7677 0.3888 0.2225, 0.7677 0.3909 0.2499, 0.7677 0.3986 0.2436, 0.7677 0.4045 0.2356, 0.7677 0.3861 0.2279, 0.7677 0.3819 0.2323, 0.7677 0.3819 0.2541, 0.7677 0.4082 0.2264, 0.7677 0.4094 0.2165, 0.8071 0.4094 0.2165, 0.8071 0.3898 0.2165, 0.8071 0.4094 0.0787, 0.8071 0.4045 0.2356, 0.8071 0.4082 0.2264, 0.8071 0.3898 0.0787, 0.8071 0.3986 0.2436, 0.8071 0.3819 0.2541, 0.8071 0.3861 0.2279, 0.8071 0.3909 0.2499, 0.8071 0.3888 0.2225, 0.8071 0.3819 0.2323, 0.7677 0.2723 0.0787, 0.7677 0.2526 0.0787, 0.7677 0.2526 0.1038, 0.7677 0.2185 0.1439, 0.7677 0.2177 0.1526, 0.7677 0.2189 0.1614, 0.7677 0.2892 0.2362, 0.7677 0.2892 0.2559, 0.7677 0.3031 0.2362, 0.7677 0.2723 0.1038, 0.7677 0.2221 0.1696, 0.7677 0.2374 0.153, 0.7677 0.227 0.1769, 0.7677 0.2317 0.1215, 0.7677 0.2403 0.1412, 0.7677 0.2444 0.1365, 0.7677 0.2388 0.159, 0.7677 0.242 0.1642, 0.7677 0.238 0.1468, 0.7677 0.2211 0.1355, 0.7677 0.2498 0.204, 0.7677 0.2683 0.1973, 0.7677 0.2649 0.1914, 0.7677 0.2695 0.204, 0.7677 0.2695 0.2165, 0.7677 0.2537 0.2336, 0.7677 0.2584 0.2411, 0.7677 0.2733 0.2281, 0.7677 0.2705 0.2226, 0.7677 0.2647 0.2473, 0.7677 0.2721 0.252, 0.7677 0.2776 0.2325, 0.7677 0.2831 0.2353, 0.7677 0.2805 0.2549, 0.7677 0.3031 0.2559, 0.7677 0.2508 0.2253, 0.7677 0.2498 0.2165, 0.7677 0.2691 0.1146, 0.7677 0.2715 0.1094, 0.7677 0.2256 0.1279, 0.7677 0.2653 0.1188, 0.8071 0.2691 0.1146, 0.8071 0.2715 0.1094, 0.8071 0.2653 0.1188, 0.8071 0.2723 0.1038, 0.8071 0.2444 0.1365, 0.8071 0.2403 0.1412, 0.8071 0.2388 0.159, 0.8071 0.2374 0.153, 0.8071 0.238 0.1468, 0.8071 0.242 0.1642, 0.8071 0.2649 0.1914, 0.8071 0.2683 0.1973, 0.8071 0.2695 0.204, 0.8071 0.2695 0.2165, 0.8071 0.2705 0.2226, 0.8071 0.2831 0.2353, 0.8071 0.2776 0.2325, 0.8071 0.2733 0.2281, 0.8071 0.2892 0.2362, 0.8071 0.2584 0.2411, 0.8071 0.2647 0.2473, 0.8071 0.2537 0.2336, 0.8071 0.2508 0.2253, 0.8071 0.2498 0.2165, 0.8071 0.2721 0.252, 0.8071 0.2805 0.2549, 0.8071 0.2892 0.2559, 0.8071 0.2498 0.204, 0.8071 0.227 0.1769, 0.8071 0.2185 0.1439, 0.8071 0.2177 0.1526, 0.8071 0.2211 0.1355, 0.8071 0.2256 0.1279, 0.8071 0.2317 0.1215, 0.8071 0.2189 0.1614, 0.8071 0.2221 0.1696, 0.8071 0.2526 0.1038, 0.8071 0.3031 0.2362, 0.8071 0.3031 0.2559, 0.8071 0.2723 0.0787, 0.8071 0.2526 0.0787, 0.8071 0.2642 0.0234, 0.8071 0.2526 0.0197, 0.8071 0.2587 0.0206, 0.8071 0.0781 0.0197, 0.8071 0.0781 0.0394, 0.8071 0.0622 0.0278, 0.8071 0.2685 0.0278, 0.8071 0.0665 0.0234, 0.8071 0.072 0.0206, 0.8071 0.2526 0.0394, 0.8071 0.0594 0.0333, 0.8071 0.0584 0.0394, 0.8071 0.0584 0.063, 0.8071 0.0781 0.063, 0.8071 0.2526 0.063, 0.8071 0.2723 0.0394, 0.8071 0.2713 0.0333, 0.8071 0.2723 0.063, 0.7677 0.2526 0.0394, 0.7677 0.0781 0.0394, 0.7677 0.0665 0.0234, 0.7677 0.072 0.0206, 0.7677 0.0781 0.0197, 0.7677 0.0622 0.0278, 0.7677 0.0594 0.0333, 0.7677 0.0584 0.0394, 0.7677 0.2526 0.0197, 0.7677 0.2685 0.0278, 0.7677 0.2713 0.0333, 0.7677 0.2723 0.0394, 0.7677 0.2642 0.0234, 0.7677 0.2587 0.0206, 0.7677 0.2526 0.063, 0.7677 0.2723 0.063, 0.7677 0.0584 0.063, 0.7677 0.0781 0.063, 0.7677 0.3937 0.0223, 0.7677 0.3908 0.0306, 0.7677 0.4132 0.0278, 0.7677 0.3898 0.063, 0.7677 0.4094 0.063, 0.7677 0.4094 0.0394, 0.7677 0.3984 0.0148, 0.7677 0.4231 0.0206, 0.7677 0.4046 0.0086, 0.7677 0.4121 0.0039, 0.7677 0.4291 0.0197, 0.7677 0.4176 0.0234, 0.7677 0.5098 0.0197, 0.7677 0.5098 0.0, 0.7677 0.4204 0.001, 0.7677 0.4291 0.0, 0.7677 0.3898 0.0394, 0.7677 0.4104 0.0333, 0.8071 0.4046 0.0086, 0.8071 0.3984 0.0148, 0.8071 0.4121 0.0039, 0.8071 0.4204 0.001, 0.8071 0.4291 0.0, 0.8071 0.3937 0.0223, 0.8071 0.3908 0.0306, 0.8071 0.3898 0.0394, 0.8071 0.5098 0.0, 0.8071 0.5098 0.0197, 0.8071 0.4291 0.0197, 0.8071 0.4231 0.0206, 0.8071 0.4104 0.0333, 0.8071 0.4132 0.0278, 0.8071 0.4176 0.0234, 0.8071 0.4094 0.0394, 0.8071 0.3898 0.063, 0.8071 0.4094 0.063, 0.8071 0.0616 0.1146, 0.8071 0.0592 0.1094, 0.8071 0.0584 0.1038, 0.8071 0.1037 0.1769, 0.8071 0.0933 0.153, 0.8071 0.1051 0.1279, 0.8071 0.0584 0.0787, 0.8071 0.0654 0.1188, 0.8071 0.0863 0.1365, 0.8071 0.0781 0.1038, 0.8071 0.0612 0.204, 0.8071 0.0624 0.1973, 0.8071 0.0658 0.1914, 0.8071 0.1118 0.1614, 0.8071 0.1086 0.1696, 0.8071 0.1096 0.1355, 0.8071 0.1123 0.1439, 0.8071 0.113 0.1526, 0.8071 0.0887 0.1642, 0.8071 0.0919 0.159, 0.8071 0.0612 0.2362, 0.8071 0.0809 0.204, 0.8071 0.0809 0.2362, 0.8071 0.0928 0.1468, 0.8071 0.099 0.1215, 0.8071 0.0904 0.1412, 0.8071 0.0781 0.0787, 0.7677 0.0584 0.1038, 0.7677 0.0616 0.1146, 0.7677 0.0654 0.1188, 0.7677 0.0781 0.0787, 0.7677 0.0584 0.0787, 0.7677 0.0904 0.1412, 0.7677 0.0928 0.1468, 0.7677 0.099 0.1215, 0.7677 0.0781 0.1038, 0.7677 0.0592 0.1094, 0.7677 0.0863 0.1365, 0.7677 0.0612 0.204, 0.7677 0.0658 0.1914, 0.7677 0.0624 0.1973, 0.7677 0.113 0.1526, 0.7677 0.1123 0.1439, 0.7677 0.1118 0.1614, 0.7677 0.1096 0.1355, 0.7677 0.1086 0.1696, 0.7677 0.0887 0.1642, 0.7677 0.1037 0.1769, 0.7677 0.0919 0.159, 0.7677 0.1051 0.1279, 0.7677 0.0612 0.2362, 0.7677 0.0809 0.204, 0.7677 0.0809 0.2362, 0.7677 0.0933 0.153, 0.9252 0.3898 0.0787, 0.9252 0.3898 0.2165, 0.9252 0.4094 0.0787, 0.9252 0.3888 0.2225, 0.9252 0.3909 0.2499, 0.9252 0.3986 0.2436, 0.9252 0.4045 0.2356, 0.9252 0.3861 0.2279, 0.9252 0.3819 0.2323, 0.9252 0.3819 0.2541, 0.9252 0.4082 0.2264, 0.9252 0.4094 0.2165, 0.9646 0.4094 0.2165, 0.9646 0.3898 0.2165, 0.9646 0.4094 0.0787, 0.9646 0.4045 0.2356, 0.9646 0.4082 0.2264, 0.9646 0.3898 0.0787, 0.9646 0.3986 0.2436, 0.9646 0.3819 0.2541, 0.9646 0.3861 0.2279, 0.9646 0.3909 0.2499, 0.9646 0.3888 0.2225, 0.9646 0.3819 0.2323, 0.9252 0.2723 0.0787, 0.9252 0.2526 0.0787, 0.9252 0.2526 0.1038, 0.9252 0.2185 0.1439, 0.9252 0.2177 0.1526, 0.9252 0.2189 0.1614, 0.9252 0.2892 0.2362, 0.9252 0.2892 0.2559, 0.9252 0.3031 0.2362, 0.9252 0.2723 0.1038, 0.9252 0.2221 0.1696, 0.9252 0.2374 0.153, 0.9252 0.227 0.1769, 0.9252 0.2317 0.1215, 0.9252 0.2403 0.1412, 0.9252 0.2444 0.1365, 0.9252 0.2388 0.159, 0.9252 0.242 0.1642, 0.9252 0.238 0.1468, 0.9252 0.2211 0.1355, 0.9252 0.2498 0.204, 0.9252 0.2683 0.1973, 0.9252 0.2649 0.1914, 0.9252 0.2695 0.204, 0.9252 0.2695 0.2165, 0.9252 0.2537 0.2336, 0.9252 0.2584 0.2411, 0.9252 0.2733 0.2281, 0.9252 0.2705 0.2226, 0.9252 0.2647 0.2473, 0.9252 0.2721 0.252, 0.9252 0.2776 0.2325, 0.9252 0.2831 0.2353, 0.9252 0.2805 0.2549, 0.9252 0.3031 0.2559, 0.9252 0.2508 0.2253, 0.9252 0.2498 0.2165, 0.9252 0.2691 0.1146, 0.9252 0.2715 0.1094, 0.9252 0.2256 0.1279, 0.9252 0.2653 0.1188, 0.9646 0.2691 0.1146, 0.9646 0.2715 0.1094, 0.9646 0.2653 0.1188, 0.9646 0.2723 0.1038, 0.9646 0.2444 0.1365, 0.9646 0.2403 0.1412, 0.9646 0.2388 0.159, 0.9646 0.2374 0.153, 0.9646 0.238 0.1468, 0.9646 0.242 0.1642, 0.9646 0.2649 0.1914, 0.9646 0.2683 0.1973, 0.9646 0.2695 0.204, 0.9646 0.2695 0.2165, 0.9646 0.2705 0.2226, 0.9646 0.2831 0.2353, 0.9646 0.2776 0.2325, 0.9646 0.2733 0.2281, 0.9646 0.2892 0.2362, 0.9646 0.2584 0.2411, 0.9646 0.2647 0.2473, 0.9646 0.2537 0.2336, 0.9646 0.2508 0.2253, 0.9646 0.2498 0.2165, 0.9646 0.2721 0.252, 0.9646 0.2805 0.2549, 0.9646 0.2892 0.2559, 0.9646 0.2498 0.204, 0.9646 0.227 0.1769, 0.9646 0.2185 0.1439, 0.9646 0.2177 0.1526, 0.9646 0.2211 0.1355, 0.9646 0.2256 0.1279, 0.9646 0.2317 0.1215, 0.9646 0.2189 0.1614, 0.9646 0.2221 0.1696, 0.9646 0.2526 0.1038, 0.9646 0.3031 0.2362, 0.9646 0.3031 0.2559, 0.9646 0.2723 0.0787, 0.9646 0.2526 0.0787, 0.9646 0.2642 0.0234, 0.9646 0.2526 0.0197, 0.9646 0.2587 0.0206, 0.9646 0.0781 0.0197, 0.9646 0.0781 0.0394, 0.9646 0.0622 0.0278, 0.9646 0.2685 0.0278, 0.9646 0.0665 0.0234, 0.9646 0.072 0.0206, 0.9646 0.2526 0.0394, 0.9646 0.0594 0.0333, 0.9646 0.0584 0.0394, 0.9646 0.0584 0.063, 0.9646 0.0781 0.063, 0.9646 0.2526 0.063, 0.9646 0.2723 0.0394, 0.9646 0.2713 0.0333, 0.9646 0.2723 0.063, 0.9252 0.2526 0.0394, 0.9252 0.0781 0.0394, 0.9252 0.0665 0.0234, 0.9252 0.072 0.0206, 0.9252 0.0781 0.0197, 0.9252 0.0622 0.0278, 0.9252 0.0594 0.0333, 0.9252 0.0584 0.0394, 0.9252 0.2526 0.0197, 0.9252 0.2685 0.0278, 0.9252 0.2713 0.0333, 0.9252 0.2723 0.0394, 0.9252 0.2642 0.0234, 0.9252 0.2587 0.0206, 0.9252 0.2526 0.063, 0.9252 0.2723 0.063, 0.9252 0.0584 0.063, 0.9252 0.0781 0.063, 0.9252 0.3937 0.0223, 0.9252 0.3908 0.0306, 0.9252 0.4132 0.0278, 0.9252 0.3898 0.063, 0.9252 0.4094 0.063, 0.9252 0.4094 0.0394, 0.9252 0.3984 0.0148, 0.9252 0.4231 0.0206, 0.9252 0.4046 0.0086, 0.9252 0.4121 0.0039, 0.9252 0.4291 0.0197, 0.9252 0.4176 0.0234, 0.9252 0.5098 0.0197, 0.9252 0.5098 0.0, 0.9252 0.4204 0.001, 0.9252 0.4291 0.0, 0.9252 0.3898 0.0394, 0.9252 0.4104 0.0333, 0.9646 0.4046 0.0086, 0.9646 0.3984 0.0148, 0.9646 0.4121 0.0039, 0.9646 0.4204 0.001, 0.9646 0.4291 0.0, 0.9646 0.3937 0.0223, 0.9646 0.3908 0.0306, 0.9646 0.3898 0.0394, 0.9646 0.5098 0.0, 0.9646 0.5098 0.0197, 0.9646 0.4291 0.0197, 0.9646 0.4231 0.0206, 0.9646 0.4104 0.0333, 0.9646 0.4132 0.0278, 0.9646 0.4176 0.0234, 0.9646 0.4094 0.0394, 0.9646 0.3898 0.063, 0.9646 0.4094 0.063, 0.9646 0.0616 0.1146, 0.9646 0.0592 0.1094, 0.9646 0.0584 0.1038, 0.9646 0.1037 0.1769, 0.9646 0.0933 0.153, 0.9646 0.1051 0.1279, 0.9646 0.0584 0.0787, 0.9646 0.0654 0.1188, 0.9646 0.0863 0.1365, 0.9646 0.0781 0.1038, 0.9646 0.0612 0.204, 0.9646 0.0624 0.1973, 0.9646 0.0658 0.1914, 0.9646 0.1118 0.1614, 0.9646 0.1086 0.1696, 0.9646 0.1096 0.1355, 0.9646 0.1123 0.1439, 0.9646 0.113 0.1526, 0.9646 0.0887 0.1642, 0.9646 0.0919 0.159, 0.9646 0.0612 0.2362, 0.9646 0.0809 0.204, 0.9646 0.0809 0.2362, 0.9646 0.0928 0.1468, 0.9646 0.099 0.1215, 0.9646 0.0904 0.1412, 0.9646 0.0781 0.0787, 0.9252 0.0584 0.1038, 0.9252 0.0616 0.1146, 0.9252 0.0654 0.1188, 0.9252 0.0781 0.0787, 0.9252 0.0584 0.0787, 0.9252 0.0904 0.1412, 0.9252 0.0928 0.1468, 0.9252 0.099 0.1215, 0.9252 0.0781 0.1038, 0.9252 0.0592 0.1094, 0.9252 0.0863 0.1365, 0.9252 0.0612 0.204, 0.9252 0.0658 0.1914, 0.9252 0.0624 0.1973, 0.9252 0.113 0.1526, 0.9252 0.1123 0.1439, 0.9252 0.1118 0.1614, 0.9252 0.1096 0.1355, 0.9252 0.1086 0.1696, 0.9252 0.0887 0.1642, 0.9252 0.1037 0.1769, 0.9252 0.0919 0.159, 0.9252 0.1051 0.1279, 0.9252 0.0612 0.2362, 0.9252 0.0809 0.204, 0.9252 0.0809 0.2362, 0.9252 0.0933 0.153, 1.0827 0.3898 0.0787, 1.0827 0.3898 0.2165, 1.0827 0.4094 0.0787, 1.0827 0.3888 0.2225, 1.0827 0.3909 0.2499, 1.0827 0.3986 0.2436, 1.0827 0.4045 0.2356, 1.0827 0.3861 0.2279, 1.0827 0.3819 0.2323, 1.0827 0.3819 0.2541, 1.0827 0.4082 0.2264, 1.0827 0.4094 0.2165, 1.122 0.4094 0.2165, 1.122 0.3898 0.2165, 1.122 0.4094 0.0787, 1.122 0.4045 0.2356, 1.122 0.4082 0.2264, 1.122 0.3898 0.0787, 1.122 0.3986 0.2436, 1.122 0.3819 0.2541, 1.122 0.3861 0.2279, 1.122 0.3909 0.2499, 1.122 0.3888 0.2225, 1.122 0.3819 0.2323, 1.0827 0.2723 0.0787, 1.0827 0.2526 0.0787, 1.0827 0.2526 0.1038, 1.0827 0.2185 0.1439, 1.0827 0.2177 0.1526, 1.0827 0.2189 0.1614, 1.0827 0.2892 0.2362, 1.0827 0.2892 0.2559, 1.0827 0.3031 0.2362, 1.0827 0.2723 0.1038, 1.0827 0.2221 0.1696, 1.0827 0.2374 0.153, 1.0827 0.227 0.1769, 1.0827 0.2317 0.1215, 1.0827 0.2403 0.1412, 1.0827 0.2444 0.1365, 1.0827 0.2388 0.159, 1.0827 0.242 0.1642, 1.0827 0.238 0.1468, 1.0827 0.2211 0.1355, 1.0827 0.2498 0.204, 1.0827 0.2683 0.1973, 1.0827 0.2649 0.1914, 1.0827 0.2695 0.204, 1.0827 0.2695 0.2165, 1.0827 0.2537 0.2336, 1.0827 0.2584 0.2411, 1.0827 0.2733 0.2281, 1.0827 0.2705 0.2226, 1.0827 0.2647 0.2473, 1.0827 0.2721 0.252, 1.0827 0.2776 0.2325, 1.0827 0.2831 0.2353, 1.0827 0.2805 0.2549, 1.0827 0.3031 0.2559, 1.0827 0.2508 0.2253, 1.0827 0.2498 0.2165, 1.0827 0.2691 0.1146, 1.0827 0.2715 0.1094, 1.0827 0.2256 0.1279, 1.0827 0.2653 0.1188, 1.122 0.2691 0.1146, 1.122 0.2715 0.1094, 1.122 0.2653 0.1188, 1.122 0.2723 0.1038, 1.122 0.2444 0.1365, 1.122 0.2403 0.1412, 1.122 0.2388 0.159, 1.122 0.2374 0.153, 1.122 0.238 0.1468, 1.122 0.242 0.1642, 1.122 0.2649 0.1914, 1.122 0.2683 0.1973, 1.122 0.2695 0.204, 1.122 0.2695 0.2165, 1.122 0.2705 0.2226, 1.122 0.2831 0.2353, 1.122 0.2776 0.2325, 1.122 0.2733 0.2281, 1.122 0.2892 0.2362, 1.122 0.2584 0.2411, 1.122 0.2647 0.2473, 1.122 0.2537 0.2336, 1.122 0.2508 0.2253, 1.122 0.2498 0.2165, 1.122 0.2721 0.252, 1.122 0.2805 0.2549, 1.122 0.2892 0.2559, 1.122 0.2498 0.204, 1.122 0.227 0.1769, 1.122 0.2185 0.1439, 1.122 0.2177 0.1526, 1.122 0.2211 0.1355, 1.122 0.2256 0.1279, 1.122 0.2317 0.1215, 1.122 0.2189 0.1614, 1.122 0.2221 0.1696, 1.122 0.2526 0.1038, 1.122 0.3031 0.2362, 1.122 0.3031 0.2559, 1.122 0.2723 0.0787, 1.122 0.2526 0.0787, 1.122 0.2642 0.0234, 1.122 0.2526 0.0197, 1.122 0.2587 0.0206, 1.122 0.0781 0.0197, 1.122 0.0781 0.0394, 1.122 0.0622 0.0278, 1.122 0.2685 0.0278, 1.122 0.0665 0.0234, 1.122 0.072 0.0206, 1.122 0.2526 0.0394, 1.122 0.0594 0.0333, 1.122 0.0584 0.0394, 1.122 0.0584 0.063, 1.122 0.0781 0.063, 1.122 0.2526 0.063, 1.122 0.2723 0.0394, 1.122 0.2713 0.0333, 1.122 0.2723 0.063, 1.0827 0.2526 0.0394, 1.0827 0.0781 0.0394, 1.0827 0.0665 0.0234, 1.0827 0.072 0.0206, 1.0827 0.0781 0.0197, 1.0827 0.0622 0.0278, 1.0827 0.0594 0.0333, 1.0827 0.0584 0.0394, 1.0827 0.2526 0.0197, 1.0827 0.2685 0.0278, 1.0827 0.2713 0.0333, 1.0827 0.2723 0.0394, 1.0827 0.2642 0.0234, 1.0827 0.2587 0.0206, 1.0827 0.2526 0.063, 1.0827 0.2723 0.063, 1.0827 0.0584 0.063, 1.0827 0.0781 0.063, 1.0827 0.3937 0.0223, 1.0827 0.3908 0.0306, 1.0827 0.4132 0.0278, 1.0827 0.3898 0.063, 1.0827 0.4094 0.063, 1.0827 0.4094 0.0394, 1.0827 0.3984 0.0148, 1.0827 0.4231 0.0206, 1.0827 0.4046 0.0086, 1.0827 0.4121 0.0039, 1.0827 0.4291 0.0197, 1.0827 0.4176 0.0234, 1.0827 0.5098 0.0197, 1.0827 0.5098 0.0, 1.0827 0.4204 0.001, 1.0827 0.4291 0.0, 1.0827 0.3898 0.0394, 1.0827 0.4104 0.0333, 1.122 0.4046 0.0086, 1.122 0.3984 0.0148, 1.122 0.4121 0.0039, 1.122 0.4204 0.001, 1.122 0.4291 0.0, 1.122 0.3937 0.0223, 1.122 0.3908 0.0306, 1.122 0.3898 0.0394, 1.122 0.5098 0.0, 1.122 0.5098 0.0197, 1.122 0.4291 0.0197, 1.122 0.4231 0.0206, 1.122 0.4104 0.0333, 1.122 0.4132 0.0278, 1.122 0.4176 0.0234, 1.122 0.4094 0.0394, 1.122 0.3898 0.063, 1.122 0.4094 0.063, 1.122 0.0616 0.1146, 1.122 0.0592 0.1094, 1.122 0.0584 0.1038, 1.122 0.1037 0.1769, 1.122 0.0933 0.153, 1.122 0.1051 0.1279, 1.122 0.0584 0.0787, 1.122 0.0654 0.1188, 1.122 0.0863 0.1365, 1.122 0.0781 0.1038, 1.122 0.0612 0.204, 1.122 0.0624 0.1973, 1.122 0.0658 0.1914, 1.122 0.1118 0.1614, 1.122 0.1086 0.1696, 1.122 0.1096 0.1355, 1.122 0.1123 0.1439, 1.122 0.113 0.1526, 1.122 0.0887 0.1642, 1.122 0.0919 0.159, 1.122 0.0612 0.2362, 1.122 0.0809 0.204, 1.122 0.0809 0.2362, 1.122 0.0928 0.1468, 1.122 0.099 0.1215, 1.122 0.0904 0.1412, 1.122 0.0781 0.0787, 1.0827 0.0584 0.1038, 1.0827 0.0616 0.1146, 1.0827 0.0654 0.1188, 1.0827 0.0781 0.0787, 1.0827 0.0584 0.0787, 1.0827 0.0904 0.1412, 1.0827 0.0928 0.1468, 1.0827 0.099 0.1215, 1.0827 0.0781 0.1038, 1.0827 0.0592 0.1094, 1.0827 0.0863 0.1365, 1.0827 0.0612 0.204, 1.0827 0.0658 0.1914, 1.0827 0.0624 0.1973, 1.0827 0.113 0.1526, 1.0827 0.1123 0.1439, 1.0827 0.1118 0.1614, 1.0827 0.1096 0.1355, 1.0827 0.1086 0.1696, 1.0827 0.0887 0.1642, 1.0827 0.1037 0.1769, 1.0827 0.0919 0.159, 1.0827 0.1051 0.1279, 1.0827 0.0612 0.2362, 1.0827 0.0809 0.204, 1.0827 0.0809 0.2362, 1.0827 0.0933 0.153, -0.1772 0.3898 0.0787, -0.1772 0.3898 0.2165, -0.1772 0.4094 0.0787, -0.1772 0.3888 0.2225, -0.1772 0.3909 0.2499, -0.1772 0.3986 0.2436, -0.1772 0.4045 0.2356, -0.1772 0.3861 0.2279, -0.1772 0.3819 0.2323, -0.1772 0.3819 0.2541, -0.1772 0.4082 0.2264, -0.1772 0.4094 0.2165, -0.1378 0.4094 0.2165, -0.1378 0.3898 0.2165, -0.1378 0.4094 0.0787, -0.1378 0.4045 0.2356, -0.1378 0.4082 0.2264, -0.1378 0.3898 0.0787, -0.1378 0.3986 0.2436, -0.1378 0.3819 0.2541, -0.1378 0.3861 0.2279, -0.1378 0.3909 0.2499, -0.1378 0.3888 0.2225, -0.1378 0.3819 0.2323, -0.1772 0.2723 0.0787, -0.1772 0.2526 0.0787, -0.1772 0.2526 0.1038, -0.1772 0.2185 0.1439, -0.1772 0.2177 0.1526, -0.1772 0.2189 0.1614, -0.1772 0.2892 0.2362, -0.1772 0.2892 0.2559, -0.1772 0.3031 0.2362, -0.1772 0.2723 0.1038, -0.1772 0.2221 0.1696, -0.1772 0.2374 0.153, -0.1772 0.227 0.1769, -0.1772 0.2317 0.1215, -0.1772 0.2403 0.1412, -0.1772 0.2444 0.1365, -0.1772 0.2388 0.159, -0.1772 0.242 0.1642, -0.1772 0.238 0.1468, -0.1772 0.2211 0.1355, -0.1772 0.2498 0.204, -0.1772 0.2683 0.1973, -0.1772 0.2649 0.1914, -0.1772 0.2695 0.204, -0.1772 0.2695 0.2165, -0.1772 0.2537 0.2336, -0.1772 0.2584 0.2411, -0.1772 0.2733 0.2281, -0.1772 0.2705 0.2226, -0.1772 0.2647 0.2473, -0.1772 0.2721 0.252, -0.1772 0.2776 0.2325, -0.1772 0.2831 0.2353, -0.1772 0.2805 0.2549, -0.1772 0.3031 0.2559, -0.1772 0.2508 0.2253, -0.1772 0.2498 0.2165, -0.1772 0.2691 0.1146, -0.1772 0.2715 0.1094, -0.1772 0.2256 0.1279, -0.1772 0.2653 0.1188, -0.1378 0.2691 0.1146, -0.1378 0.2715 0.1094, -0.1378 0.2653 0.1188, -0.1378 0.2723 0.1038, -0.1378 0.2444 0.1365, -0.1378 0.2403 0.1412, -0.1378 0.2388 0.159, -0.1378 0.2374 0.153, -0.1378 0.238 0.1468, -0.1378 0.242 0.1642, -0.1378 0.2649 0.1914, -0.1378 0.2683 0.1973, -0.1378 0.2695 0.204, -0.1378 0.2695 0.2165, -0.1378 0.2705 0.2226, -0.1378 0.2831 0.2353, -0.1378 0.2776 0.2325, -0.1378 0.2733 0.2281, -0.1378 0.2892 0.2362, -0.1378 0.2584 0.2411, -0.1378 0.2647 0.2473, -0.1378 0.2537 0.2336, -0.1378 0.2508 0.2253, -0.1378 0.2498 0.2165, -0.1378 0.2721 0.252, -0.1378 0.2805 0.2549, -0.1378 0.2892 0.2559, -0.1378 0.2498 0.204, -0.1378 0.227 0.1769, -0.1378 0.2185 0.1439, -0.1378 0.2177 0.1526, -0.1378 0.2211 0.1355, -0.1378 0.2256 0.1279, -0.1378 0.2317 0.1215, -0.1378 0.2189 0.1614, -0.1378 0.2221 0.1696, -0.1378 0.2526 0.1038, -0.1378 0.3031 0.2362, -0.1378 0.3031 0.2559, -0.1378 0.2723 0.0787, -0.1378 0.2526 0.0787, -0.1378 0.2642 0.0234, -0.1378 0.2526 0.0197, -0.1378 0.2587 0.0206, -0.1378 0.0781 0.0197, -0.1378 0.0781 0.0394, -0.1378 0.0622 0.0278, -0.1378 0.2685 0.0278, -0.1378 0.0665 0.0234, -0.1378 0.072 0.0206, -0.1378 0.2526 0.0394, -0.1378 0.0594 0.0333, -0.1378 0.0584 0.0394, -0.1378 0.0584 0.063, -0.1378 0.0781 0.063, -0.1378 0.2526 0.063, -0.1378 0.2723 0.0394, -0.1378 0.2713 0.0333, -0.1378 0.2723 0.063, -0.1772 0.2526 0.0394, -0.1772 0.0781 0.0394, -0.1772 0.0665 0.0234, -0.1772 0.072 0.0206, -0.1772 0.0781 0.0197, -0.1772 0.0622 0.0278, -0.1772 0.0594 0.0333, -0.1772 0.0584 0.0394, -0.1772 0.2526 0.0197, -0.1772 0.2685 0.0278, -0.1772 0.2713 0.0333, -0.1772 0.2723 0.0394, -0.1772 0.2642 0.0234, -0.1772 0.2587 0.0206, -0.1772 0.2526 0.063, -0.1772 0.2723 0.063, -0.1772 0.0584 0.063, -0.1772 0.0781 0.063, -0.1772 0.3937 0.0223, -0.1772 0.3908 0.0306, -0.1772 0.4132 0.0278, -0.1772 0.3898 0.063, -0.1772 0.4094 0.063, -0.1772 0.4094 0.0394, -0.1772 0.3984 0.0148, -0.1772 0.4231 0.0206, -0.1772 0.4046 0.0086, -0.1772 0.4121 0.0039, -0.1772 0.4291 0.0197, -0.1772 0.4176 0.0234, -0.1772 0.5098 0.0197, -0.1772 0.5098 0.0, -0.1772 0.4204 0.001, -0.1772 0.4291 0.0, -0.1772 0.3898 0.0394, -0.1772 0.4104 0.0333, -0.1378 0.4046 0.0086, -0.1378 0.3984 0.0148, -0.1378 0.4121 0.0039, -0.1378 0.4204 0.001, -0.1378 0.4291 0.0, -0.1378 0.3937 0.0223, -0.1378 0.3908 0.0306, -0.1378 0.3898 0.0394, -0.1378 0.5098 0.0, -0.1378 0.5098 0.0197, -0.1378 0.4291 0.0197, -0.1378 0.4231 0.0206, -0.1378 0.4104 0.0333, -0.1378 0.4132 0.0278, -0.1378 0.4176 0.0234, -0.1378 0.4094 0.0394, -0.1378 0.3898 0.063, -0.1378 0.4094 0.063, -0.1378 0.0616 0.1146, -0.1378 0.0592 0.1094, -0.1378 0.0584 0.1038, -0.1378 0.1037 0.1769, -0.1378 0.0933 0.153, -0.1378 0.1051 0.1279, -0.1378 0.0584 0.0787, -0.1378 0.0654 0.1188, -0.1378 0.0863 0.1365, -0.1378 0.0781 0.1038, -0.1378 0.0612 0.204, -0.1378 0.0624 0.1973, -0.1378 0.0658 0.1914, -0.1378 0.1118 0.1614, -0.1378 0.1086 0.1696, -0.1378 0.1096 0.1355, -0.1378 0.1123 0.1439, -0.1378 0.113 0.1526, -0.1378 0.0887 0.1642, -0.1378 0.0919 0.159, -0.1378 0.0612 0.2362, -0.1378 0.0809 0.204, -0.1378 0.0809 0.2362, -0.1378 0.0928 0.1468, -0.1378 0.099 0.1215, -0.1378 0.0904 0.1412, -0.1378 0.0781 0.0787, -0.1772 0.0584 0.1038, -0.1772 0.0616 0.1146, -0.1772 0.0654 0.1188, -0.1772 0.0781 0.0787, -0.1772 0.0584 0.0787, -0.1772 0.0904 0.1412, -0.1772 0.0928 0.1468, -0.1772 0.099 0.1215, -0.1772 0.0781 0.1038, -0.1772 0.0592 0.1094, -0.1772 0.0863 0.1365, -0.1772 0.0612 0.204, -0.1772 0.0658 0.1914, -0.1772 0.0624 0.1973, -0.1772 0.113 0.1526, -0.1772 0.1123 0.1439, -0.1772 0.1118 0.1614, -0.1772 0.1096 0.1355, -0.1772 0.1086 0.1696, -0.1772 0.0887 0.1642, -0.1772 0.1037 0.1769, -0.1772 0.0919 0.159, -0.1772 0.1051 0.1279, -0.1772 0.0612 0.2362, -0.1772 0.0809 0.204, -0.1772 0.0809 0.2362, -0.1772 0.0933 0.153, -0.3346 0.3898 0.0787, -0.3346 0.3898 0.2165, -0.3346 0.4094 0.0787, -0.3346 0.3888 0.2225, -0.3346 0.3909 0.2499, -0.3346 0.3986 0.2436, -0.3346 0.4045 0.2356, -0.3346 0.3861 0.2279, -0.3346 0.3819 0.2323, -0.3346 0.3819 0.2541, -0.3346 0.4082 0.2264, -0.3346 0.4094 0.2165, -0.2953 0.4094 0.2165, -0.2953 0.3898 0.2165, -0.2953 0.4094 0.0787, -0.2953 0.4045 0.2356, -0.2953 0.4082 0.2264, -0.2953 0.3898 0.0787, -0.2953 0.3986 0.2436, -0.2953 0.3819 0.2541, -0.2953 0.3861 0.2279, -0.2953 0.3909 0.2499, -0.2953 0.3888 0.2225, -0.2953 0.3819 0.2323, -0.3346 0.2723 0.0787, -0.3346 0.2526 0.0787, -0.3346 0.2526 0.1038, -0.3346 0.2185 0.1439, -0.3346 0.2177 0.1526, -0.3346 0.2189 0.1614, -0.3346 0.2892 0.2362, -0.3346 0.2892 0.2559, -0.3346 0.3031 0.2362, -0.3346 0.2723 0.1038, -0.3346 0.2221 0.1696, -0.3346 0.2374 0.153, -0.3346 0.227 0.1769, -0.3346 0.2317 0.1215, -0.3346 0.2403 0.1412, -0.3346 0.2444 0.1365, -0.3346 0.2388 0.159, -0.3346 0.242 0.1642, -0.3346 0.238 0.1468, -0.3346 0.2211 0.1355, -0.3346 0.2498 0.204, -0.3346 0.2683 0.1973, -0.3346 0.2649 0.1914, -0.3346 0.2695 0.204, -0.3346 0.2695 0.2165, -0.3346 0.2537 0.2336, -0.3346 0.2584 0.2411, -0.3346 0.2733 0.2281, -0.3346 0.2705 0.2226, -0.3346 0.2647 0.2473, -0.3346 0.2721 0.252, -0.3346 0.2776 0.2325, -0.3346 0.2831 0.2353, -0.3346 0.2805 0.2549, -0.3346 0.3031 0.2559, -0.3346 0.2508 0.2253, -0.3346 0.2498 0.2165, -0.3346 0.2691 0.1146, -0.3346 0.2715 0.1094, -0.3346 0.2256 0.1279, -0.3346 0.2653 0.1188, -0.2953 0.2691 0.1146, -0.2953 0.2715 0.1094, -0.2953 0.2653 0.1188, -0.2953 0.2723 0.1038, -0.2953 0.2444 0.1365, -0.2953 0.2403 0.1412, -0.2953 0.2388 0.159, -0.2953 0.2374 0.153, -0.2953 0.238 0.1468, -0.2953 0.242 0.1642, -0.2953 0.2649 0.1914, -0.2953 0.2683 0.1973, -0.2953 0.2695 0.204, -0.2953 0.2695 0.2165, -0.2953 0.2705 0.2226, -0.2953 0.2831 0.2353, -0.2953 0.2776 0.2325, -0.2953 0.2733 0.2281, -0.2953 0.2892 0.2362, -0.2953 0.2584 0.2411, -0.2953 0.2647 0.2473, -0.2953 0.2537 0.2336, -0.2953 0.2508 0.2253, -0.2953 0.2498 0.2165, -0.2953 0.2721 0.252, -0.2953 0.2805 0.2549, -0.2953 0.2892 0.2559, -0.2953 0.2498 0.204, -0.2953 0.227 0.1769, -0.2953 0.2185 0.1439, -0.2953 0.2177 0.1526, -0.2953 0.2211 0.1355, -0.2953 0.2256 0.1279, -0.2953 0.2317 0.1215, -0.2953 0.2189 0.1614, -0.2953 0.2221 0.1696, -0.2953 0.2526 0.1038, -0.2953 0.3031 0.2362, -0.2953 0.3031 0.2559, -0.2953 0.2723 0.0787, -0.2953 0.2526 0.0787, -0.2953 0.2642 0.0234, -0.2953 0.2526 0.0197, -0.2953 0.2587 0.0206, -0.2953 0.0781 0.0197, -0.2953 0.0781 0.0394, -0.2953 0.0622 0.0278, -0.2953 0.2685 0.0278, -0.2953 0.0665 0.0234, -0.2953 0.072 0.0206, -0.2953 0.2526 0.0394, -0.2953 0.0594 0.0333, -0.2953 0.0584 0.0394, -0.2953 0.0584 0.063, -0.2953 0.0781 0.063, -0.2953 0.2526 0.063, -0.2953 0.2723 0.0394, -0.2953 0.2713 0.0333, -0.2953 0.2723 0.063, -0.3346 0.2526 0.0394, -0.3346 0.0781 0.0394, -0.3346 0.0665 0.0234, -0.3346 0.072 0.0206, -0.3346 0.0781 0.0197, -0.3346 0.0622 0.0278, -0.3346 0.0594 0.0333, -0.3346 0.0584 0.0394, -0.3346 0.2526 0.0197, -0.3346 0.2685 0.0278, -0.3346 0.2713 0.0333, -0.3346 0.2723 0.0394, -0.3346 0.2642 0.0234, -0.3346 0.2587 0.0206, -0.3346 0.2526 0.063, -0.3346 0.2723 0.063, -0.3346 0.0584 0.063, -0.3346 0.0781 0.063, -0.3346 0.3937 0.0223, -0.3346 0.3908 0.0306, -0.3346 0.4132 0.0278, -0.3346 0.3898 0.063, -0.3346 0.4094 0.063, -0.3346 0.4094 0.0394, -0.3346 0.3984 0.0148, -0.3346 0.4231 0.0206, -0.3346 0.4046 0.0086, -0.3346 0.4121 0.0039, -0.3346 0.4291 0.0197, -0.3346 0.4176 0.0234, -0.3346 0.5098 0.0197, -0.3346 0.5098 0.0, -0.3346 0.4204 0.001, -0.3346 0.4291 0.0, -0.3346 0.3898 0.0394, -0.3346 0.4104 0.0333, -0.2953 0.4046 0.0086, -0.2953 0.3984 0.0148, -0.2953 0.4121 0.0039, -0.2953 0.4204 0.001, -0.2953 0.4291 0.0, -0.2953 0.3937 0.0223, -0.2953 0.3908 0.0306, -0.2953 0.3898 0.0394, -0.2953 0.5098 0.0, -0.2953 0.5098 0.0197, -0.2953 0.4291 0.0197, -0.2953 0.4231 0.0206, -0.2953 0.4104 0.0333, -0.2953 0.4132 0.0278, -0.2953 0.4176 0.0234, -0.2953 0.4094 0.0394, -0.2953 0.3898 0.063, -0.2953 0.4094 0.063, -0.2953 0.0616 0.1146, -0.2953 0.0592 0.1094, -0.2953 0.0584 0.1038, -0.2953 0.1037 0.1769, -0.2953 0.0933 0.153, -0.2953 0.1051 0.1279, -0.2953 0.0584 0.0787, -0.2953 0.0654 0.1188, -0.2953 0.0863 0.1365, -0.2953 0.0781 0.1038, -0.2953 0.0612 0.204, -0.2953 0.0624 0.1973, -0.2953 0.0658 0.1914, -0.2953 0.1118 0.1614, -0.2953 0.1086 0.1696, -0.2953 0.1096 0.1355, -0.2953 0.1123 0.1439, -0.2953 0.113 0.1526, -0.2953 0.0887 0.1642, -0.2953 0.0919 0.159, -0.2953 0.0612 0.2362, -0.2953 0.0809 0.204, -0.2953 0.0809 0.2362, -0.2953 0.0928 0.1468, -0.2953 0.099 0.1215, -0.2953 0.0904 0.1412, -0.2953 0.0781 0.0787, -0.3346 0.0584 0.1038, -0.3346 0.0616 0.1146, -0.3346 0.0654 0.1188, -0.3346 0.0781 0.0787, -0.3346 0.0584 0.0787, -0.3346 0.0904 0.1412, -0.3346 0.0928 0.1468, -0.3346 0.099 0.1215, -0.3346 0.0781 0.1038, -0.3346 0.0592 0.1094, -0.3346 0.0863 0.1365, -0.3346 0.0612 0.204, -0.3346 0.0658 0.1914, -0.3346 0.0624 0.1973, -0.3346 0.113 0.1526, -0.3346 0.1123 0.1439, -0.3346 0.1118 0.1614, -0.3346 0.1096 0.1355, -0.3346 0.1086 0.1696, -0.3346 0.0887 0.1642, -0.3346 0.1037 0.1769, -0.3346 0.0919 0.159, -0.3346 0.1051 0.1279, -0.3346 0.0612 0.2362, -0.3346 0.0809 0.204, -0.3346 0.0809 0.2362, -0.3346 0.0933 0.153, -0.4921 0.3898 0.0787, -0.4921 0.3898 0.2165, -0.4921 0.4094 0.0787, -0.4921 0.3888 0.2225, -0.4921 0.3909 0.2499, -0.4921 0.3986 0.2436, -0.4921 0.4045 0.2356, -0.4921 0.3861 0.2279, -0.4921 0.3819 0.2323, -0.4921 0.3819 0.2541, -0.4921 0.4082 0.2264, -0.4921 0.4094 0.2165, -0.4528 0.4094 0.2165, -0.4528 0.3898 0.2165, -0.4528 0.4094 0.0787, -0.4528 0.4045 0.2356, -0.4528 0.4082 0.2264, -0.4528 0.3898 0.0787, -0.4528 0.3986 0.2436, -0.4528 0.3819 0.2541, -0.4528 0.3861 0.2279, -0.4528 0.3909 0.2499, -0.4528 0.3888 0.2225, -0.4528 0.3819 0.2323, -0.4921 0.2723 0.0787, -0.4921 0.2526 0.0787, -0.4921 0.2526 0.1038, -0.4921 0.2185 0.1439, -0.4921 0.2177 0.1526, -0.4921 0.2189 0.1614, -0.4921 0.2892 0.2362, -0.4921 0.2892 0.2559, -0.4921 0.3031 0.2362, -0.4921 0.2723 0.1038, -0.4921 0.2221 0.1696, -0.4921 0.2374 0.153, -0.4921 0.227 0.1769, -0.4921 0.2317 0.1215, -0.4921 0.2403 0.1412, -0.4921 0.2444 0.1365, -0.4921 0.2388 0.159, -0.4921 0.242 0.1642, -0.4921 0.238 0.1468, -0.4921 0.2211 0.1355, -0.4921 0.2498 0.204, -0.4921 0.2683 0.1973, -0.4921 0.2649 0.1914, -0.4921 0.2695 0.204, -0.4921 0.2695 0.2165, -0.4921 0.2537 0.2336, -0.4921 0.2584 0.2411, -0.4921 0.2733 0.2281, -0.4921 0.2705 0.2226, -0.4921 0.2647 0.2473, -0.4921 0.2721 0.252, -0.4921 0.2776 0.2325, -0.4921 0.2831 0.2353, -0.4921 0.2805 0.2549, -0.4921 0.3031 0.2559, -0.4921 0.2508 0.2253, -0.4921 0.2498 0.2165, -0.4921 0.2691 0.1146, -0.4921 0.2715 0.1094, -0.4921 0.2256 0.1279, -0.4921 0.2653 0.1188, -0.4528 0.2691 0.1146, -0.4528 0.2715 0.1094, -0.4528 0.2653 0.1188, -0.4528 0.2723 0.1038, -0.4528 0.2444 0.1365, -0.4528 0.2403 0.1412, -0.4528 0.2388 0.159, -0.4528 0.2374 0.153, -0.4528 0.238 0.1468, -0.4528 0.242 0.1642, -0.4528 0.2649 0.1914, -0.4528 0.2683 0.1973, -0.4528 0.2695 0.204, -0.4528 0.2695 0.2165, -0.4528 0.2705 0.2226, -0.4528 0.2831 0.2353, -0.4528 0.2776 0.2325, -0.4528 0.2733 0.2281, -0.4528 0.2892 0.2362, -0.4528 0.2584 0.2411, -0.4528 0.2647 0.2473, -0.4528 0.2537 0.2336, -0.4528 0.2508 0.2253, -0.4528 0.2498 0.2165, -0.4528 0.2721 0.252, -0.4528 0.2805 0.2549, -0.4528 0.2892 0.2559, -0.4528 0.2498 0.204, -0.4528 0.227 0.1769, -0.4528 0.2185 0.1439, -0.4528 0.2177 0.1526, -0.4528 0.2211 0.1355, -0.4528 0.2256 0.1279, -0.4528 0.2317 0.1215, -0.4528 0.2189 0.1614, -0.4528 0.2221 0.1696, -0.4528 0.2526 0.1038, -0.4528 0.3031 0.2362, -0.4528 0.3031 0.2559, -0.4528 0.2723 0.0787, -0.4528 0.2526 0.0787, -0.4528 0.2642 0.0234, -0.4528 0.2526 0.0197, -0.4528 0.2587 0.0206, -0.4528 0.0781 0.0197, -0.4528 0.0781 0.0394, -0.4528 0.0622 0.0278, -0.4528 0.2685 0.0278, -0.4528 0.0665 0.0234, -0.4528 0.072 0.0206, -0.4528 0.2526 0.0394, -0.4528 0.0594 0.0333, -0.4528 0.0584 0.0394, -0.4528 0.0584 0.063, -0.4528 0.0781 0.063, -0.4528 0.2526 0.063, -0.4528 0.2723 0.0394, -0.4528 0.2713 0.0333, -0.4528 0.2723 0.063, -0.4921 0.2526 0.0394, -0.4921 0.0781 0.0394, -0.4921 0.0665 0.0234, -0.4921 0.072 0.0206, -0.4921 0.0781 0.0197, -0.4921 0.0622 0.0278, -0.4921 0.0594 0.0333, -0.4921 0.0584 0.0394, -0.4921 0.2526 0.0197, -0.4921 0.2685 0.0278, -0.4921 0.2713 0.0333, -0.4921 0.2723 0.0394, -0.4921 0.2642 0.0234, -0.4921 0.2587 0.0206, -0.4921 0.2526 0.063, -0.4921 0.2723 0.063, -0.4921 0.0584 0.063, -0.4921 0.0781 0.063, -0.4921 0.3937 0.0223, -0.4921 0.3908 0.0306, -0.4921 0.4132 0.0278, -0.4921 0.3898 0.063, -0.4921 0.4094 0.063, -0.4921 0.4094 0.0394, -0.4921 0.3984 0.0148, -0.4921 0.4231 0.0206, -0.4921 0.4046 0.0086, -0.4921 0.4121 0.0039, -0.4921 0.4291 0.0197, -0.4921 0.4176 0.0234, -0.4921 0.5098 0.0197, -0.4921 0.5098 0.0, -0.4921 0.4204 0.001, -0.4921 0.4291 0.0, -0.4921 0.3898 0.0394, -0.4921 0.4104 0.0333, -0.4528 0.4046 0.0086, -0.4528 0.3984 0.0148, -0.4528 0.4121 0.0039, -0.4528 0.4204 0.001, -0.4528 0.4291 0.0, -0.4528 0.3937 0.0223, -0.4528 0.3908 0.0306, -0.4528 0.3898 0.0394, -0.4528 0.5098 0.0, -0.4528 0.5098 0.0197, -0.4528 0.4291 0.0197, -0.4528 0.4231 0.0206, -0.4528 0.4104 0.0333, -0.4528 0.4132 0.0278, -0.4528 0.4176 0.0234, -0.4528 0.4094 0.0394, -0.4528 0.3898 0.063, -0.4528 0.4094 0.063, -0.4528 0.0616 0.1146, -0.4528 0.0592 0.1094, -0.4528 0.0584 0.1038, -0.4528 0.1037 0.1769, -0.4528 0.0933 0.153, -0.4528 0.1051 0.1279, -0.4528 0.0584 0.0787, -0.4528 0.0654 0.1188, -0.4528 0.0863 0.1365, -0.4528 0.0781 0.1038, -0.4528 0.0612 0.204, -0.4528 0.0624 0.1973, -0.4528 0.0658 0.1914, -0.4528 0.1118 0.1614, -0.4528 0.1086 0.1696, -0.4528 0.1096 0.1355, -0.4528 0.1123 0.1439, -0.4528 0.113 0.1526, -0.4528 0.0887 0.1642, -0.4528 0.0919 0.159, -0.4528 0.0612 0.2362, -0.4528 0.0809 0.204, -0.4528 0.0809 0.2362, -0.4528 0.0928 0.1468, -0.4528 0.099 0.1215, -0.4528 0.0904 0.1412, -0.4528 0.0781 0.0787, -0.4921 0.0584 0.1038, -0.4921 0.0616 0.1146, -0.4921 0.0654 0.1188, -0.4921 0.0781 0.0787, -0.4921 0.0584 0.0787, -0.4921 0.0904 0.1412, -0.4921 0.0928 0.1468, -0.4921 0.099 0.1215, -0.4921 0.0781 0.1038, -0.4921 0.0592 0.1094, -0.4921 0.0863 0.1365, -0.4921 0.0612 0.204, -0.4921 0.0658 0.1914, -0.4921 0.0624 0.1973, -0.4921 0.113 0.1526, -0.4921 0.1123 0.1439, -0.4921 0.1118 0.1614, -0.4921 0.1096 0.1355, -0.4921 0.1086 0.1696, -0.4921 0.0887 0.1642, -0.4921 0.1037 0.1769, -0.4921 0.0919 0.159, -0.4921 0.1051 0.1279, -0.4921 0.0612 0.2362, -0.4921 0.0809 0.204, -0.4921 0.0809 0.2362, -0.4921 0.0933 0.153, -0.6496 0.3898 0.0787, -0.6496 0.3898 0.2165, -0.6496 0.4094 0.0787, -0.6496 0.3888 0.2225, -0.6496 0.3909 0.2499, -0.6496 0.3986 0.2436, -0.6496 0.4045 0.2356, -0.6496 0.3861 0.2279, -0.6496 0.3819 0.2323, -0.6496 0.3819 0.2541, -0.6496 0.4082 0.2264, -0.6496 0.4094 0.2165, -0.6102 0.4094 0.2165, -0.6102 0.3898 0.2165, -0.6102 0.4094 0.0787, -0.6102 0.4045 0.2356, -0.6102 0.4082 0.2264, -0.6102 0.3898 0.0787, -0.6102 0.3986 0.2436, -0.6102 0.3819 0.2541, -0.6102 0.3861 0.2279, -0.6102 0.3909 0.2499, -0.6102 0.3888 0.2225, -0.6102 0.3819 0.2323, -0.6496 0.2723 0.0787, -0.6496 0.2526 0.0787, -0.6496 0.2526 0.1038, -0.6496 0.2185 0.1439, -0.6496 0.2177 0.1526, -0.6496 0.2189 0.1614, -0.6496 0.2892 0.2362, -0.6496 0.2892 0.2559, -0.6496 0.3031 0.2362, -0.6496 0.2723 0.1038, -0.6496 0.2221 0.1696, -0.6496 0.2374 0.153, -0.6496 0.227 0.1769, -0.6496 0.2317 0.1215, -0.6496 0.2403 0.1412, -0.6496 0.2444 0.1365, -0.6496 0.2388 0.159, -0.6496 0.242 0.1642, -0.6496 0.238 0.1468, -0.6496 0.2211 0.1355, -0.6496 0.2498 0.204, -0.6496 0.2683 0.1973, -0.6496 0.2649 0.1914, -0.6496 0.2695 0.204, -0.6496 0.2695 0.2165, -0.6496 0.2537 0.2336, -0.6496 0.2584 0.2411, -0.6496 0.2733 0.2281, -0.6496 0.2705 0.2226, -0.6496 0.2647 0.2473, -0.6496 0.2721 0.252, -0.6496 0.2776 0.2325, -0.6496 0.2831 0.2353, -0.6496 0.2805 0.2549, -0.6496 0.3031 0.2559, -0.6496 0.2508 0.2253, -0.6496 0.2498 0.2165, -0.6496 0.2691 0.1146, -0.6496 0.2715 0.1094, -0.6496 0.2256 0.1279, -0.6496 0.2653 0.1188, -0.6102 0.2691 0.1146, -0.6102 0.2715 0.1094, -0.6102 0.2653 0.1188, -0.6102 0.2723 0.1038, -0.6102 0.2444 0.1365, -0.6102 0.2403 0.1412, -0.6102 0.2388 0.159, -0.6102 0.2374 0.153, -0.6102 0.238 0.1468, -0.6102 0.242 0.1642, -0.6102 0.2649 0.1914, -0.6102 0.2683 0.1973, -0.6102 0.2695 0.204, -0.6102 0.2695 0.2165, -0.6102 0.2705 0.2226, -0.6102 0.2831 0.2353, -0.6102 0.2776 0.2325, -0.6102 0.2733 0.2281, -0.6102 0.2892 0.2362, -0.6102 0.2584 0.2411, -0.6102 0.2647 0.2473, -0.6102 0.2537 0.2336, -0.6102 0.2508 0.2253, -0.6102 0.2498 0.2165, -0.6102 0.2721 0.252, -0.6102 0.2805 0.2549, -0.6102 0.2892 0.2559, -0.6102 0.2498 0.204, -0.6102 0.227 0.1769, -0.6102 0.2185 0.1439, -0.6102 0.2177 0.1526, -0.6102 0.2211 0.1355, -0.6102 0.2256 0.1279, -0.6102 0.2317 0.1215, -0.6102 0.2189 0.1614, -0.6102 0.2221 0.1696, -0.6102 0.2526 0.1038, -0.6102 0.3031 0.2362, -0.6102 0.3031 0.2559, -0.6102 0.2723 0.0787, -0.6102 0.2526 0.0787, -0.6102 0.2642 0.0234, -0.6102 0.2526 0.0197, -0.6102 0.2587 0.0206, -0.6102 0.0781 0.0197, -0.6102 0.0781 0.0394, -0.6102 0.0622 0.0278, -0.6102 0.2685 0.0278, -0.6102 0.0665 0.0234, -0.6102 0.072 0.0206, -0.6102 0.2526 0.0394, -0.6102 0.0594 0.0333, -0.6102 0.0584 0.0394, -0.6102 0.0584 0.063, -0.6102 0.0781 0.063, -0.6102 0.2526 0.063, -0.6102 0.2723 0.0394, -0.6102 0.2713 0.0333, -0.6102 0.2723 0.063, -0.6496 0.2526 0.0394, -0.6496 0.0781 0.0394, -0.6496 0.0665 0.0234, -0.6496 0.072 0.0206, -0.6496 0.0781 0.0197, -0.6496 0.0622 0.0278, -0.6496 0.0594 0.0333, -0.6496 0.0584 0.0394, -0.6496 0.2526 0.0197, -0.6496 0.2685 0.0278, -0.6496 0.2713 0.0333, -0.6496 0.2723 0.0394, -0.6496 0.2642 0.0234, -0.6496 0.2587 0.0206, -0.6496 0.2526 0.063, -0.6496 0.2723 0.063, -0.6496 0.0584 0.063, -0.6496 0.0781 0.063, -0.6496 0.3937 0.0223, -0.6496 0.3908 0.0306, -0.6496 0.4132 0.0278, -0.6496 0.3898 0.063, -0.6496 0.4094 0.063, -0.6496 0.4094 0.0394, -0.6496 0.3984 0.0148, -0.6496 0.4231 0.0206, -0.6496 0.4046 0.0086, -0.6496 0.4121 0.0039, -0.6496 0.4291 0.0197, -0.6496 0.4176 0.0234, -0.6496 0.5098 0.0197, -0.6496 0.5098 0.0, -0.6496 0.4204 0.001, -0.6496 0.4291 0.0, -0.6496 0.3898 0.0394, -0.6496 0.4104 0.0333, -0.6102 0.4046 0.0086, -0.6102 0.3984 0.0148, -0.6102 0.4121 0.0039, -0.6102 0.4204 0.001, -0.6102 0.4291 0.0, -0.6102 0.3937 0.0223, -0.6102 0.3908 0.0306, -0.6102 0.3898 0.0394, -0.6102 0.5098 0.0, -0.6102 0.5098 0.0197, -0.6102 0.4291 0.0197, -0.6102 0.4231 0.0206, -0.6102 0.4104 0.0333, -0.6102 0.4132 0.0278, -0.6102 0.4176 0.0234, -0.6102 0.4094 0.0394, -0.6102 0.3898 0.063, -0.6102 0.4094 0.063, -0.6102 0.0616 0.1146, -0.6102 0.0592 0.1094, -0.6102 0.0584 0.1038, -0.6102 0.1037 0.1769, -0.6102 0.0933 0.153, -0.6102 0.1051 0.1279, -0.6102 0.0584 0.0787, -0.6102 0.0654 0.1188, -0.6102 0.0863 0.1365, -0.6102 0.0781 0.1038, -0.6102 0.0612 0.204, -0.6102 0.0624 0.1973, -0.6102 0.0658 0.1914, -0.6102 0.1118 0.1614, -0.6102 0.1086 0.1696, -0.6102 0.1096 0.1355, -0.6102 0.1123 0.1439, -0.6102 0.113 0.1526, -0.6102 0.0887 0.1642, -0.6102 0.0919 0.159, -0.6102 0.0612 0.2362, -0.6102 0.0809 0.204, -0.6102 0.0809 0.2362, -0.6102 0.0928 0.1468, -0.6102 0.099 0.1215, -0.6102 0.0904 0.1412, -0.6102 0.0781 0.0787, -0.6496 0.0584 0.1038, -0.6496 0.0616 0.1146, -0.6496 0.0654 0.1188, -0.6496 0.0781 0.0787, -0.6496 0.0584 0.0787, -0.6496 0.0904 0.1412, -0.6496 0.0928 0.1468, -0.6496 0.099 0.1215, -0.6496 0.0781 0.1038, -0.6496 0.0592 0.1094, -0.6496 0.0863 0.1365, -0.6496 0.0612 0.204, -0.6496 0.0658 0.1914, -0.6496 0.0624 0.1973, -0.6496 0.113 0.1526, -0.6496 0.1123 0.1439, -0.6496 0.1118 0.1614, -0.6496 0.1096 0.1355, -0.6496 0.1086 0.1696, -0.6496 0.0887 0.1642, -0.6496 0.1037 0.1769, -0.6496 0.0919 0.159, -0.6496 0.1051 0.1279, -0.6496 0.0612 0.2362, -0.6496 0.0809 0.204, -0.6496 0.0809 0.2362, -0.6496 0.0933 0.153, -0.8071 0.3898 0.0787, -0.8071 0.3898 0.2165, -0.8071 0.4094 0.0787, -0.8071 0.3888 0.2225, -0.8071 0.3909 0.2499, -0.8071 0.3986 0.2436, -0.8071 0.4045 0.2356, -0.8071 0.3861 0.2279, -0.8071 0.3819 0.2323, -0.8071 0.3819 0.2541, -0.8071 0.4082 0.2264, -0.8071 0.4094 0.2165, -0.7677 0.4094 0.2165, -0.7677 0.3898 0.2165, -0.7677 0.4094 0.0787, -0.7677 0.4045 0.2356, -0.7677 0.4082 0.2264, -0.7677 0.3898 0.0787, -0.7677 0.3986 0.2436, -0.7677 0.3819 0.2541, -0.7677 0.3861 0.2279, -0.7677 0.3909 0.2499, -0.7677 0.3888 0.2225, -0.7677 0.3819 0.2323, -0.8071 0.2723 0.0787, -0.8071 0.2526 0.0787, -0.8071 0.2526 0.1038, -0.8071 0.2185 0.1439, -0.8071 0.2177 0.1526, -0.8071 0.2189 0.1614, -0.8071 0.2892 0.2362, -0.8071 0.2892 0.2559, -0.8071 0.3031 0.2362, -0.8071 0.2723 0.1038, -0.8071 0.2221 0.1696, -0.8071 0.2374 0.153, -0.8071 0.227 0.1769, -0.8071 0.2317 0.1215, -0.8071 0.2403 0.1412, -0.8071 0.2444 0.1365, -0.8071 0.2388 0.159, -0.8071 0.242 0.1642, -0.8071 0.238 0.1468, -0.8071 0.2211 0.1355, -0.8071 0.2498 0.204, -0.8071 0.2683 0.1973, -0.8071 0.2649 0.1914, -0.8071 0.2695 0.204, -0.8071 0.2695 0.2165, -0.8071 0.2537 0.2336, -0.8071 0.2584 0.2411, -0.8071 0.2733 0.2281, -0.8071 0.2705 0.2226, -0.8071 0.2647 0.2473, -0.8071 0.2721 0.252, -0.8071 0.2776 0.2325, -0.8071 0.2831 0.2353, -0.8071 0.2805 0.2549, -0.8071 0.3031 0.2559, -0.8071 0.2508 0.2253, -0.8071 0.2498 0.2165, -0.8071 0.2691 0.1146, -0.8071 0.2715 0.1094, -0.8071 0.2256 0.1279, -0.8071 0.2653 0.1188, -0.7677 0.2691 0.1146, -0.7677 0.2715 0.1094, -0.7677 0.2653 0.1188, -0.7677 0.2723 0.1038, -0.7677 0.2444 0.1365, -0.7677 0.2403 0.1412, -0.7677 0.2388 0.159, -0.7677 0.2374 0.153, -0.7677 0.238 0.1468, -0.7677 0.242 0.1642, -0.7677 0.2649 0.1914, -0.7677 0.2683 0.1973, -0.7677 0.2695 0.204, -0.7677 0.2695 0.2165, -0.7677 0.2705 0.2226, -0.7677 0.2831 0.2353, -0.7677 0.2776 0.2325, -0.7677 0.2733 0.2281, -0.7677 0.2892 0.2362, -0.7677 0.2584 0.2411, -0.7677 0.2647 0.2473, -0.7677 0.2537 0.2336, -0.7677 0.2508 0.2253, -0.7677 0.2498 0.2165, -0.7677 0.2721 0.252, -0.7677 0.2805 0.2549, -0.7677 0.2892 0.2559, -0.7677 0.2498 0.204, -0.7677 0.227 0.1769, -0.7677 0.2185 0.1439, -0.7677 0.2177 0.1526, -0.7677 0.2211 0.1355, -0.7677 0.2256 0.1279, -0.7677 0.2317 0.1215, -0.7677 0.2189 0.1614, -0.7677 0.2221 0.1696, -0.7677 0.2526 0.1038, -0.7677 0.3031 0.2362, -0.7677 0.3031 0.2559, -0.7677 0.2723 0.0787, -0.7677 0.2526 0.0787, -0.7677 0.2642 0.0234, -0.7677 0.2526 0.0197, -0.7677 0.2587 0.0206, -0.7677 0.0781 0.0197, -0.7677 0.0781 0.0394, -0.7677 0.0622 0.0278, -0.7677 0.2685 0.0278, -0.7677 0.0665 0.0234, -0.7677 0.072 0.0206, -0.7677 0.2526 0.0394, -0.7677 0.0594 0.0333, -0.7677 0.0584 0.0394, -0.7677 0.0584 0.063, -0.7677 0.0781 0.063, -0.7677 0.2526 0.063, -0.7677 0.2723 0.0394, -0.7677 0.2713 0.0333, -0.7677 0.2723 0.063, -0.8071 0.2526 0.0394, -0.8071 0.0781 0.0394, -0.8071 0.0665 0.0234, -0.8071 0.072 0.0206, -0.8071 0.0781 0.0197, -0.8071 0.0622 0.0278, -0.8071 0.0594 0.0333, -0.8071 0.0584 0.0394, -0.8071 0.2526 0.0197, -0.8071 0.2685 0.0278, -0.8071 0.2713 0.0333, -0.8071 0.2723 0.0394, -0.8071 0.2642 0.0234, -0.8071 0.2587 0.0206, -0.8071 0.2526 0.063, -0.8071 0.2723 0.063, -0.8071 0.0584 0.063, -0.8071 0.0781 0.063, -0.8071 0.3937 0.0223, -0.8071 0.3908 0.0306, -0.8071 0.4132 0.0278, -0.8071 0.3898 0.063, -0.8071 0.4094 0.063, -0.8071 0.4094 0.0394, -0.8071 0.3984 0.0148, -0.8071 0.4231 0.0206, -0.8071 0.4046 0.0086, -0.8071 0.4121 0.0039, -0.8071 0.4291 0.0197, -0.8071 0.4176 0.0234, -0.8071 0.5098 0.0197, -0.8071 0.5098 0.0, -0.8071 0.4204 0.001, -0.8071 0.4291 0.0, -0.8071 0.3898 0.0394, -0.8071 0.4104 0.0333, -0.7677 0.4046 0.0086, -0.7677 0.3984 0.0148, -0.7677 0.4121 0.0039, -0.7677 0.4204 0.001, -0.7677 0.4291 0.0, -0.7677 0.3937 0.0223, -0.7677 0.3908 0.0306, -0.7677 0.3898 0.0394, -0.7677 0.5098 0.0, -0.7677 0.5098 0.0197, -0.7677 0.4291 0.0197, -0.7677 0.4231 0.0206, -0.7677 0.4104 0.0333, -0.7677 0.4132 0.0278, -0.7677 0.4176 0.0234, -0.7677 0.4094 0.0394, -0.7677 0.3898 0.063, -0.7677 0.4094 0.063, -0.7677 0.0616 0.1146, -0.7677 0.0592 0.1094, -0.7677 0.0584 0.1038, -0.7677 0.1037 0.1769, -0.7677 0.0933 0.153, -0.7677 0.1051 0.1279, -0.7677 0.0584 0.0787, -0.7677 0.0654 0.1188, -0.7677 0.0863 0.1365, -0.7677 0.0781 0.1038, -0.7677 0.0612 0.204, -0.7677 0.0624 0.1973, -0.7677 0.0658 0.1914, -0.7677 0.1118 0.1614, -0.7677 0.1086 0.1696, -0.7677 0.1096 0.1355, -0.7677 0.1123 0.1439, -0.7677 0.113 0.1526, -0.7677 0.0887 0.1642, -0.7677 0.0919 0.159, -0.7677 0.0612 0.2362, -0.7677 0.0809 0.204, -0.7677 0.0809 0.2362, -0.7677 0.0928 0.1468, -0.7677 0.099 0.1215, -0.7677 0.0904 0.1412, -0.7677 0.0781 0.0787, -0.8071 0.0584 0.1038, -0.8071 0.0616 0.1146, -0.8071 0.0654 0.1188, -0.8071 0.0781 0.0787, -0.8071 0.0584 0.0787, -0.8071 0.0904 0.1412, -0.8071 0.0928 0.1468, -0.8071 0.099 0.1215, -0.8071 0.0781 0.1038, -0.8071 0.0592 0.1094, -0.8071 0.0863 0.1365, -0.8071 0.0612 0.204, -0.8071 0.0658 0.1914, -0.8071 0.0624 0.1973, -0.8071 0.113 0.1526, -0.8071 0.1123 0.1439, -0.8071 0.1118 0.1614, -0.8071 0.1096 0.1355, -0.8071 0.1086 0.1696, -0.8071 0.0887 0.1642, -0.8071 0.1037 0.1769, -0.8071 0.0919 0.159, -0.8071 0.1051 0.1279, -0.8071 0.0612 0.2362, -0.8071 0.0809 0.204, -0.8071 0.0809 0.2362, -0.8071 0.0933 0.153, -0.9646 0.3898 0.0787, -0.9646 0.3898 0.2165, -0.9646 0.4094 0.0787, -0.9646 0.3888 0.2225, -0.9646 0.3909 0.2499, -0.9646 0.3986 0.2436, -0.9646 0.4045 0.2356, -0.9646 0.3861 0.2279, -0.9646 0.3819 0.2323, -0.9646 0.3819 0.2541, -0.9646 0.4082 0.2264, -0.9646 0.4094 0.2165, -0.9252 0.4094 0.2165, -0.9252 0.3898 0.2165, -0.9252 0.4094 0.0787, -0.9252 0.4045 0.2356, -0.9252 0.4082 0.2264, -0.9252 0.3898 0.0787, -0.9252 0.3986 0.2436, -0.9252 0.3819 0.2541, -0.9252 0.3861 0.2279, -0.9252 0.3909 0.2499, -0.9252 0.3888 0.2225, -0.9252 0.3819 0.2323, -0.9646 0.2723 0.0787, -0.9646 0.2526 0.0787, -0.9646 0.2526 0.1038, -0.9646 0.2185 0.1439, -0.9646 0.2177 0.1526, -0.9646 0.2189 0.1614, -0.9646 0.2892 0.2362, -0.9646 0.2892 0.2559, -0.9646 0.3031 0.2362, -0.9646 0.2723 0.1038, -0.9646 0.2221 0.1696, -0.9646 0.2374 0.153, -0.9646 0.227 0.1769, -0.9646 0.2317 0.1215, -0.9646 0.2403 0.1412, -0.9646 0.2444 0.1365, -0.9646 0.2388 0.159, -0.9646 0.242 0.1642, -0.9646 0.238 0.1468, -0.9646 0.2211 0.1355, -0.9646 0.2498 0.204, -0.9646 0.2683 0.1973, -0.9646 0.2649 0.1914, -0.9646 0.2695 0.204, -0.9646 0.2695 0.2165, -0.9646 0.2537 0.2336, -0.9646 0.2584 0.2411, -0.9646 0.2733 0.2281, -0.9646 0.2705 0.2226, -0.9646 0.2647 0.2473, -0.9646 0.2721 0.252, -0.9646 0.2776 0.2325, -0.9646 0.2831 0.2353, -0.9646 0.2805 0.2549, -0.9646 0.3031 0.2559, -0.9646 0.2508 0.2253, -0.9646 0.2498 0.2165, -0.9646 0.2691 0.1146, -0.9646 0.2715 0.1094, -0.9646 0.2256 0.1279, -0.9646 0.2653 0.1188, -0.9252 0.2691 0.1146, -0.9252 0.2715 0.1094, -0.9252 0.2653 0.1188, -0.9252 0.2723 0.1038, -0.9252 0.2444 0.1365, -0.9252 0.2403 0.1412, -0.9252 0.2388 0.159, -0.9252 0.2374 0.153, -0.9252 0.238 0.1468, -0.9252 0.242 0.1642, -0.9252 0.2649 0.1914, -0.9252 0.2683 0.1973, -0.9252 0.2695 0.204, -0.9252 0.2695 0.2165, -0.9252 0.2705 0.2226, -0.9252 0.2831 0.2353, -0.9252 0.2776 0.2325, -0.9252 0.2733 0.2281, -0.9252 0.2892 0.2362, -0.9252 0.2584 0.2411, -0.9252 0.2647 0.2473, -0.9252 0.2537 0.2336, -0.9252 0.2508 0.2253, -0.9252 0.2498 0.2165, -0.9252 0.2721 0.252, -0.9252 0.2805 0.2549, -0.9252 0.2892 0.2559, -0.9252 0.2498 0.204, -0.9252 0.227 0.1769, -0.9252 0.2185 0.1439, -0.9252 0.2177 0.1526, -0.9252 0.2211 0.1355, -0.9252 0.2256 0.1279, -0.9252 0.2317 0.1215, -0.9252 0.2189 0.1614, -0.9252 0.2221 0.1696, -0.9252 0.2526 0.1038, -0.9252 0.3031 0.2362, -0.9252 0.3031 0.2559, -0.9252 0.2723 0.0787, -0.9252 0.2526 0.0787, -0.9252 0.2642 0.0234, -0.9252 0.2526 0.0197, -0.9252 0.2587 0.0206, -0.9252 0.0781 0.0197, -0.9252 0.0781 0.0394, -0.9252 0.0622 0.0278, -0.9252 0.2685 0.0278, -0.9252 0.0665 0.0234, -0.9252 0.072 0.0206, -0.9252 0.2526 0.0394, -0.9252 0.0594 0.0333, -0.9252 0.0584 0.0394, -0.9252 0.0584 0.063, -0.9252 0.0781 0.063, -0.9252 0.2526 0.063, -0.9252 0.2723 0.0394, -0.9252 0.2713 0.0333, -0.9252 0.2723 0.063, -0.9646 0.2526 0.0394, -0.9646 0.0781 0.0394, -0.9646 0.0665 0.0234, -0.9646 0.072 0.0206, -0.9646 0.0781 0.0197, -0.9646 0.0622 0.0278, -0.9646 0.0594 0.0333, -0.9646 0.0584 0.0394, -0.9646 0.2526 0.0197, -0.9646 0.2685 0.0278, -0.9646 0.2713 0.0333, -0.9646 0.2723 0.0394, -0.9646 0.2642 0.0234, -0.9646 0.2587 0.0206, -0.9646 0.2526 0.063, -0.9646 0.2723 0.063, -0.9646 0.0584 0.063, -0.9646 0.0781 0.063, -0.9646 0.3937 0.0223, -0.9646 0.3908 0.0306, -0.9646 0.4132 0.0278, -0.9646 0.3898 0.063, -0.9646 0.4094 0.063, -0.9646 0.4094 0.0394, -0.9646 0.3984 0.0148, -0.9646 0.4231 0.0206, -0.9646 0.4046 0.0086, -0.9646 0.4121 0.0039, -0.9646 0.4291 0.0197, -0.9646 0.4176 0.0234, -0.9646 0.5098 0.0197, -0.9646 0.5098 0.0, -0.9646 0.4204 0.001, -0.9646 0.4291 0.0, -0.9646 0.3898 0.0394, -0.9646 0.4104 0.0333, -0.9252 0.4046 0.0086, -0.9252 0.3984 0.0148, -0.9252 0.4121 0.0039, -0.9252 0.4204 0.001, -0.9252 0.4291 0.0, -0.9252 0.3937 0.0223, -0.9252 0.3908 0.0306, -0.9252 0.3898 0.0394, -0.9252 0.5098 0.0, -0.9252 0.5098 0.0197, -0.9252 0.4291 0.0197, -0.9252 0.4231 0.0206, -0.9252 0.4104 0.0333, -0.9252 0.4132 0.0278, -0.9252 0.4176 0.0234, -0.9252 0.4094 0.0394, -0.9252 0.3898 0.063, -0.9252 0.4094 0.063, -0.9252 0.0616 0.1146, -0.9252 0.0592 0.1094, -0.9252 0.0584 0.1038, -0.9252 0.1037 0.1769, -0.9252 0.0933 0.153, -0.9252 0.1051 0.1279, -0.9252 0.0584 0.0787, -0.9252 0.0654 0.1188, -0.9252 0.0863 0.1365, -0.9252 0.0781 0.1038, -0.9252 0.0612 0.204, -0.9252 0.0624 0.1973, -0.9252 0.0658 0.1914, -0.9252 0.1118 0.1614, -0.9252 0.1086 0.1696, -0.9252 0.1096 0.1355, -0.9252 0.1123 0.1439, -0.9252 0.113 0.1526, -0.9252 0.0887 0.1642, -0.9252 0.0919 0.159, -0.9252 0.0612 0.2362, -0.9252 0.0809 0.204, -0.9252 0.0809 0.2362, -0.9252 0.0928 0.1468, -0.9252 0.099 0.1215, -0.9252 0.0904 0.1412, -0.9252 0.0781 0.0787, -0.9646 0.0584 0.1038, -0.9646 0.0616 0.1146, -0.9646 0.0654 0.1188, -0.9646 0.0781 0.0787, -0.9646 0.0584 0.0787, -0.9646 0.0904 0.1412, -0.9646 0.0928 0.1468, -0.9646 0.099 0.1215, -0.9646 0.0781 0.1038, -0.9646 0.0592 0.1094, -0.9646 0.0863 0.1365, -0.9646 0.0612 0.204, -0.9646 0.0658 0.1914, -0.9646 0.0624 0.1973, -0.9646 0.113 0.1526, -0.9646 0.1123 0.1439, -0.9646 0.1118 0.1614, -0.9646 0.1096 0.1355, -0.9646 0.1086 0.1696, -0.9646 0.0887 0.1642, -0.9646 0.1037 0.1769, -0.9646 0.0919 0.159, -0.9646 0.1051 0.1279, -0.9646 0.0612 0.2362, -0.9646 0.0809 0.204, -0.9646 0.0809 0.2362, -0.9646 0.0933 0.153, -1.122 0.3898 0.0787, -1.122 0.3898 0.2165, -1.122 0.4094 0.0787, -1.122 0.3888 0.2225, -1.122 0.3909 0.2499, -1.122 0.3986 0.2436, -1.122 0.4045 0.2356, -1.122 0.3861 0.2279, -1.122 0.3819 0.2323, -1.122 0.3819 0.2541, -1.122 0.4082 0.2264, -1.122 0.4094 0.2165, -1.0827 0.4094 0.2165, -1.0827 0.3898 0.2165, -1.0827 0.4094 0.0787, -1.0827 0.4045 0.2356, -1.0827 0.4082 0.2264, -1.0827 0.3898 0.0787, -1.0827 0.3986 0.2436, -1.0827 0.3819 0.2541, -1.0827 0.3861 0.2279, -1.0827 0.3909 0.2499, -1.0827 0.3888 0.2225, -1.0827 0.3819 0.2323, -1.122 0.2723 0.0787, -1.122 0.2526 0.0787, -1.122 0.2526 0.1038, -1.122 0.2185 0.1439, -1.122 0.2177 0.1526, -1.122 0.2189 0.1614, -1.122 0.2892 0.2362, -1.122 0.2892 0.2559, -1.122 0.3031 0.2362, -1.122 0.2723 0.1038, -1.122 0.2221 0.1696, -1.122 0.2374 0.153, -1.122 0.227 0.1769, -1.122 0.2317 0.1215, -1.122 0.2403 0.1412, -1.122 0.2444 0.1365, -1.122 0.2388 0.159, -1.122 0.242 0.1642, -1.122 0.238 0.1468, -1.122 0.2211 0.1355, -1.122 0.2498 0.204, -1.122 0.2683 0.1973, -1.122 0.2649 0.1914, -1.122 0.2695 0.204, -1.122 0.2695 0.2165, -1.122 0.2537 0.2336, -1.122 0.2584 0.2411, -1.122 0.2733 0.2281, -1.122 0.2705 0.2226, -1.122 0.2647 0.2473, -1.122 0.2721 0.252, -1.122 0.2776 0.2325, -1.122 0.2831 0.2353, -1.122 0.2805 0.2549, -1.122 0.3031 0.2559, -1.122 0.2508 0.2253, -1.122 0.2498 0.2165, -1.122 0.2691 0.1146, -1.122 0.2715 0.1094, -1.122 0.2256 0.1279, -1.122 0.2653 0.1188, -1.0827 0.2691 0.1146, -1.0827 0.2715 0.1094, -1.0827 0.2653 0.1188, -1.0827 0.2723 0.1038, -1.0827 0.2444 0.1365, -1.0827 0.2403 0.1412, -1.0827 0.2388 0.159, -1.0827 0.2374 0.153, -1.0827 0.238 0.1468, -1.0827 0.242 0.1642, -1.0827 0.2649 0.1914, -1.0827 0.2683 0.1973, -1.0827 0.2695 0.204, -1.0827 0.2695 0.2165, -1.0827 0.2705 0.2226, -1.0827 0.2831 0.2353, -1.0827 0.2776 0.2325, -1.0827 0.2733 0.2281, -1.0827 0.2892 0.2362, -1.0827 0.2584 0.2411, -1.0827 0.2647 0.2473, -1.0827 0.2537 0.2336, -1.0827 0.2508 0.2253, -1.0827 0.2498 0.2165, -1.0827 0.2721 0.252, -1.0827 0.2805 0.2549, -1.0827 0.2892 0.2559, -1.0827 0.2498 0.204, -1.0827 0.227 0.1769, -1.0827 0.2185 0.1439, -1.0827 0.2177 0.1526, -1.0827 0.2211 0.1355, -1.0827 0.2256 0.1279, -1.0827 0.2317 0.1215, -1.0827 0.2189 0.1614, -1.0827 0.2221 0.1696, -1.0827 0.2526 0.1038, -1.0827 0.3031 0.2362, -1.0827 0.3031 0.2559, -1.0827 0.2723 0.0787, -1.0827 0.2526 0.0787, -1.0827 0.2642 0.0234, -1.0827 0.2526 0.0197, -1.0827 0.2587 0.0206, -1.0827 0.0781 0.0197, -1.0827 0.0781 0.0394, -1.0827 0.0622 0.0278, -1.0827 0.2685 0.0278, -1.0827 0.0665 0.0234, -1.0827 0.072 0.0206, -1.0827 0.2526 0.0394, -1.0827 0.0594 0.0333, -1.0827 0.0584 0.0394, -1.0827 0.0584 0.063, -1.0827 0.0781 0.063, -1.0827 0.2526 0.063, -1.0827 0.2723 0.0394, -1.0827 0.2713 0.0333, -1.0827 0.2723 0.063, -1.122 0.2526 0.0394, -1.122 0.0781 0.0394, -1.122 0.0665 0.0234, -1.122 0.072 0.0206, -1.122 0.0781 0.0197, -1.122 0.0622 0.0278, -1.122 0.0594 0.0333, -1.122 0.0584 0.0394, -1.122 0.2526 0.0197, -1.122 0.2685 0.0278, -1.122 0.2713 0.0333, -1.122 0.2723 0.0394, -1.122 0.2642 0.0234, -1.122 0.2587 0.0206, -1.122 0.2526 0.063, -1.122 0.2723 0.063, -1.122 0.0584 0.063, -1.122 0.0781 0.063, -1.122 0.3937 0.0223, -1.122 0.3908 0.0306, -1.122 0.4132 0.0278, -1.122 0.3898 0.063, -1.122 0.4094 0.063, -1.122 0.4094 0.0394, -1.122 0.3984 0.0148, -1.122 0.4231 0.0206, -1.122 0.4046 0.0086, -1.122 0.4121 0.0039, -1.122 0.4291 0.0197, -1.122 0.4176 0.0234, -1.122 0.5098 0.0197, -1.122 0.5098 0.0, -1.122 0.4204 0.001, -1.122 0.4291 0.0, -1.122 0.3898 0.0394, -1.122 0.4104 0.0333, -1.0827 0.4046 0.0086, -1.0827 0.3984 0.0148, -1.0827 0.4121 0.0039, -1.0827 0.4204 0.001, -1.0827 0.4291 0.0, -1.0827 0.3937 0.0223, -1.0827 0.3908 0.0306, -1.0827 0.3898 0.0394, -1.0827 0.5098 0.0, -1.0827 0.5098 0.0197, -1.0827 0.4291 0.0197, -1.0827 0.4231 0.0206, -1.0827 0.4104 0.0333, -1.0827 0.4132 0.0278, -1.0827 0.4176 0.0234, -1.0827 0.4094 0.0394, -1.0827 0.3898 0.063, -1.0827 0.4094 0.063, -1.0827 0.0616 0.1146, -1.0827 0.0592 0.1094, -1.0827 0.0584 0.1038, -1.0827 0.1037 0.1769, -1.0827 0.0933 0.153, -1.0827 0.1051 0.1279, -1.0827 0.0584 0.0787, -1.0827 0.0654 0.1188, -1.0827 0.0863 0.1365, -1.0827 0.0781 0.1038, -1.0827 0.0612 0.204, -1.0827 0.0624 0.1973, -1.0827 0.0658 0.1914, -1.0827 0.1118 0.1614, -1.0827 0.1086 0.1696, -1.0827 0.1096 0.1355, -1.0827 0.1123 0.1439, -1.0827 0.113 0.1526, -1.0827 0.0887 0.1642, -1.0827 0.0919 0.159, -1.0827 0.0612 0.2362, -1.0827 0.0809 0.204, -1.0827 0.0809 0.2362, -1.0827 0.0928 0.1468, -1.0827 0.099 0.1215, -1.0827 0.0904 0.1412, -1.0827 0.0781 0.0787, -1.122 0.0584 0.1038, -1.122 0.0616 0.1146, -1.122 0.0654 0.1188, -1.122 0.0781 0.0787, -1.122 0.0584 0.0787, -1.122 0.0904 0.1412, -1.122 0.0928 0.1468, -1.122 0.099 0.1215, -1.122 0.0781 0.1038, -1.122 0.0592 0.1094, -1.122 0.0863 0.1365, -1.122 0.0612 0.204, -1.122 0.0658 0.1914, -1.122 0.0624 0.1973, -1.122 0.113 0.1526, -1.122 0.1123 0.1439, -1.122 0.1118 0.1614, -1.122 0.1096 0.1355, -1.122 0.1086 0.1696, -1.122 0.0887 0.1642, -1.122 0.1037 0.1769, -1.122 0.0919 0.159, -1.122 0.1051 0.1279, -1.122 0.0612 0.2362, -1.122 0.0809 0.204, -1.122 0.0809 0.2362, -1.122 0.0933 0.153
            ]
        }
        coordIndex [
            0,1,2,-1,3,4,5,-1,6,7,8,-1,7,9,10,-1,10,9,11,-1,7,10,8,-1,12,8,2,-1,13,14,11,-1,15,0,16,-1,8,12,6,-1,11,14,10,-1,12,2,1,-1,1,0,15,-1,15,16,5,-1,3,5,17,-1,5,16,17,-1,18,19,17,-1,20,21,2,-1,22,16,0,-1,23,8,10,-1,8,23,20,-1,2,21,0,-1,8,20,2,-1,22,18,16,-1,21,22,0,-1,17,16,18,-1,23,14,24,-1,23,10,14,-1,24,13,25,-1,13,24,14,-1,13,11,26,-1,13,26,25,-1,12,27,28,-1,27,1,29,-1,1,27,12,-1,30,29,15,-1,1,15,29,-1,5,31,30,-1,30,15,5,-1,12,28,6,-1,32,7,6,-1,6,28,32,-1,7,33,9,-1,33,7,32,-1,33,26,9,-1,9,26,11,-1,33,23,26,-1,34,19,31,-1,32,20,23,-1,23,33,32,-1,32,28,20,-1,25,26,24,-1,22,30,18,-1,21,20,27,-1,29,22,21,-1,20,28,27,-1,26,23,24,-1,27,29,21,-1,29,30,22,-1,30,31,18,-1,18,31,19,-1,31,35,34,-1,19,34,3,-1,3,17,19,-1,4,35,31,-1,4,31,5,-1,36,37,38,-1,39,40,41,-1,37,36,42,-1,43,39,41,-1,37,40,39,-1,44,39,43,-1,37,45,40,-1,41,40,46,-1,47,46,40,-1,48,47,40,-1,48,40,49,-1,50,45,51,-1,42,52,45,-1,42,45,37,-1,52,51,45,-1,50,51,53,-1,45,54,40,-1,45,55,54,-1,41,56,43,-1,44,43,57,-1,56,57,43,-1,58,39,44,-1,44,57,58,-1,56,41,59,-1,59,46,60,-1,46,59,41,-1,46,47,60,-1,60,47,61,-1,58,62,37,-1,58,37,39,-1,36,63,42,-1,52,42,64,-1,63,64,42,-1,65,51,52,-1,52,64,65,-1,63,36,66,-1,66,38,67,-1,38,66,36,-1,38,37,67,-1,67,37,62,-1,62,63,66,-1,68,69,65,-1,66,67,62,-1,56,59,58,-1,58,59,54,-1,54,62,58,-1,56,58,57,-1,54,59,60,-1,61,54,60,-1,55,62,54,-1,54,61,70,-1,70,71,54,-1,63,55,64,-1,63,62,55,-1,68,65,55,-1,64,55,65,-1,54,49,40,-1,54,71,49,-1,45,50,68,-1,68,55,45,-1,69,53,51,-1,69,51,65,-1,48,61,47,-1,61,48,70,-1,72,73,74,-1,75,76,77,-1,78,79,74,-1,80,81,77,-1,77,82,75,-1,80,77,76,-1,76,75,83,-1,76,79,78,-1,79,76,83,-1,79,72,74,-1,84,85,86,-1,85,87,88,-1,89,90,91,-1,84,87,85,-1,88,87,92,-1,85,88,93,-1,91,90,94,-1,92,87,89,-1,87,95,89,-1,89,95,90,-1,86,85,77,-1,77,81,86,-1,84,80,76,-1,84,76,87,-1,83,75,92,-1,89,79,83,-1,83,92,89,-1,91,79,89,-1,91,72,79,-1,92,75,88,-1,88,82,93,-1,82,88,75,-1,82,77,93,-1,93,77,85,-1,95,78,90,-1,76,95,87,-1,95,76,78,-1,78,74,90,-1,90,74,94,-1,74,73,94,-1,96,97,98,-1,99,100,101,-1,102,96,98,-1,102,103,96,-1,104,105,102,-1,106,107,108,-1,100,109,110,-1,109,111,110,-1,100,99,109,-1,112,113,114,-1,100,115,112,-1,116,117,118,-1,113,119,120,-1,120,117,116,-1,121,122,118,-1,123,122,121,-1,122,116,118,-1,124,125,126,-1,127,125,123,-1,125,127,126,-1,128,124,126,-1,124,128,129,-1,120,130,117,-1,127,123,121,-1,119,131,120,-1,120,131,130,-1,114,132,112,-1,106,113,120,-1,114,113,108,-1,106,108,113,-1,132,100,112,-1,133,99,101,-1,115,100,110,-1,134,104,101,-1,133,101,104,-1,104,134,105,-1,102,98,135,-1,105,103,102,-1,135,98,136,-1,137,104,102,-1,137,138,104,-1,139,111,109,-1,111,140,110,-1,140,111,139,-1,115,110,141,-1,140,141,110,-1,142,112,115,-1,115,141,142,-1,139,109,143,-1,99,144,143,-1,143,109,99,-1,144,133,145,-1,133,144,99,-1,133,104,145,-1,145,104,138,-1,142,113,112,-1,142,146,113,-1,146,119,113,-1,146,147,119,-1,148,118,117,-1,118,149,121,-1,149,118,148,-1,127,121,150,-1,149,150,121,-1,151,126,127,-1,127,150,151,-1,148,117,152,-1,130,153,152,-1,152,117,130,-1,153,131,154,-1,131,153,130,-1,131,119,154,-1,154,119,147,-1,125,124,155,-1,116,122,156,-1,123,157,158,-1,120,159,160,-1,159,120,116,-1,156,122,158,-1,159,116,156,-1,123,125,157,-1,122,123,158,-1,155,157,125,-1,120,161,106,-1,161,120,160,-1,162,107,163,-1,108,107,162,-1,106,163,107,-1,163,106,161,-1,108,164,114,-1,164,108,162,-1,132,114,164,-1,134,101,165,-1,100,166,167,-1,105,168,169,-1,168,105,134,-1,165,101,167,-1,168,134,165,-1,100,132,166,-1,101,100,167,-1,164,166,132,-1,105,170,103,-1,170,105,169,-1,97,96,171,-1,172,98,97,-1,97,171,172,-1,171,96,173,-1,96,103,173,-1,173,103,170,-1,174,175,172,-1,172,173,137,-1,165,145,138,-1,174,172,137,-1,173,170,137,-1,172,171,173,-1,170,169,137,-1,161,162,163,-1,144,145,165,-1,141,140,167,-1,143,140,139,-1,142,164,146,-1,167,142,141,-1,159,148,152,-1,146,160,147,-1,160,159,152,-1,149,148,156,-1,158,149,156,-1,156,148,159,-1,155,151,157,-1,150,158,157,-1,157,151,150,-1,176,151,155,-1,155,177,176,-1,160,152,153,-1,150,149,158,-1,147,160,154,-1,160,153,154,-1,164,142,166,-1,161,160,146,-1,164,162,146,-1,161,146,162,-1,166,142,167,-1,144,167,143,-1,143,167,140,-1,138,168,165,-1,165,167,144,-1,138,169,168,-1,137,169,138,-1,126,176,128,-1,126,151,176,-1,124,177,155,-1,177,124,129,-1,102,174,137,-1,102,135,174,-1,98,175,136,-1,175,98,172,-1,178,179,180,-1,181,182,183,-1,184,185,186,-1,187,185,184,-1,187,188,189,-1,189,185,187,-1,188,190,189,-1,191,190,192,-1,190,193,194,-1,195,196,197,-1,198,199,180,-1,199,178,180,-1,196,200,181,-1,199,191,178,-1,178,191,192,-1,201,188,195,-1,190,188,193,-1,190,194,192,-1,188,201,193,-1,195,197,201,-1,195,200,196,-1,181,200,202,-1,203,182,181,-1,204,183,182,-1,203,181,202,-1,205,206,207,-1,208,209,210,-1,207,211,205,-1,212,213,214,-1,208,210,214,-1,215,213,212,-1,212,214,210,-1,216,217,215,-1,218,219,220,-1,215,221,222,-1,223,224,225,-1,226,225,227,-1,225,224,227,-1,227,224,221,-1,224,222,221,-1,228,218,213,-1,215,217,213,-1,215,222,216,-1,213,217,228,-1,218,228,219,-1,218,220,206,-1,211,207,229,-1,220,207,206,-1,230,229,231,-1,229,207,231,-1,203,211,229,-1,203,229,182,-1,183,204,231,-1,207,181,183,-1,183,231,207,-1,231,204,230,-1,204,182,230,-1,230,182,229,-1,181,220,196,-1,220,181,207,-1,197,196,220,-1,194,193,217,-1,201,219,228,-1,192,216,222,-1,216,192,194,-1,217,193,228,-1,216,194,217,-1,201,197,219,-1,193,201,228,-1,220,219,197,-1,192,224,178,-1,224,192,222,-1,225,179,223,-1,180,179,225,-1,178,223,179,-1,223,178,224,-1,180,226,198,-1,226,180,225,-1,226,199,198,-1,199,226,227,-1,227,191,199,-1,227,221,191,-1,221,190,191,-1,221,215,190,-1,208,184,186,-1,184,214,187,-1,214,184,208,-1,188,187,213,-1,214,213,187,-1,218,195,188,-1,188,213,218,-1,208,186,209,-1,185,210,209,-1,209,186,185,-1,210,189,212,-1,189,210,185,-1,189,190,212,-1,212,190,215,-1,218,200,195,-1,218,206,200,-1,202,200,206,-1,206,205,202,-1,232,233,234,-1,235,236,237,-1,238,239,234,-1,240,241,237,-1,237,242,235,-1,240,237,236,-1,236,235,243,-1,236,239,238,-1,239,236,243,-1,239,232,234,-1,244,245,246,-1,245,247,248,-1,249,250,251,-1,244,247,245,-1,248,247,252,-1,245,248,253,-1,251,250,254,-1,252,247,249,-1,247,255,249,-1,249,255,250,-1,246,245,237,-1,237,241,246,-1,244,240,236,-1,244,236,247,-1,243,235,252,-1,249,239,243,-1,243,252,249,-1,251,239,249,-1,251,232,239,-1,252,235,248,-1,248,242,253,-1,242,248,235,-1,242,237,253,-1,253,237,245,-1,255,238,250,-1,236,255,247,-1,255,236,238,-1,238,234,250,-1,250,234,254,-1,234,233,254,-1,256,257,258,-1,259,260,261,-1,262,256,258,-1,262,263,256,-1,264,265,262,-1,266,267,268,-1,260,269,270,-1,269,271,270,-1,260,259,269,-1,272,273,274,-1,260,275,272,-1,276,277,278,-1,273,279,280,-1,280,277,276,-1,281,282,278,-1,283,282,281,-1,282,276,278,-1,284,285,286,-1,287,285,283,-1,285,287,286,-1,288,284,286,-1,284,288,289,-1,280,290,277,-1,287,283,281,-1,279,291,280,-1,280,291,290,-1,274,292,272,-1,266,273,280,-1,274,273,268,-1,266,268,273,-1,292,260,272,-1,293,259,261,-1,275,260,270,-1,294,264,261,-1,293,261,264,-1,264,294,265,-1,262,258,295,-1,265,263,262,-1,295,258,296,-1,297,264,262,-1,297,298,264,-1,299,271,269,-1,271,300,270,-1,300,271,299,-1,275,270,301,-1,300,301,270,-1,302,272,275,-1,275,301,302,-1,299,269,303,-1,259,304,303,-1,303,269,259,-1,304,293,305,-1,293,304,259,-1,293,264,305,-1,305,264,298,-1,302,273,272,-1,302,306,273,-1,306,279,273,-1,306,307,279,-1,308,278,277,-1,278,309,281,-1,309,278,308,-1,287,281,310,-1,309,310,281,-1,311,286,287,-1,287,310,311,-1,308,277,312,-1,290,313,312,-1,312,277,290,-1,313,291,314,-1,291,313,290,-1,291,279,314,-1,314,279,307,-1,285,284,315,-1,276,282,316,-1,283,317,318,-1,280,319,320,-1,319,280,276,-1,316,282,318,-1,319,276,316,-1,283,285,317,-1,282,283,318,-1,315,317,285,-1,280,321,266,-1,321,280,320,-1,322,267,323,-1,268,267,322,-1,266,323,267,-1,323,266,321,-1,268,324,274,-1,324,268,322,-1,292,274,324,-1,294,261,325,-1,260,326,327,-1,265,328,329,-1,328,265,294,-1,325,261,327,-1,328,294,325,-1,260,292,326,-1,261,260,327,-1,324,326,292,-1,265,330,263,-1,330,265,329,-1,257,256,331,-1,332,258,257,-1,257,331,332,-1,331,256,333,-1,256,263,333,-1,333,263,330,-1,334,335,332,-1,332,333,297,-1,325,305,298,-1,334,332,297,-1,333,330,297,-1,332,331,333,-1,330,329,297,-1,321,322,323,-1,304,305,325,-1,301,300,327,-1,303,300,299,-1,302,324,306,-1,327,302,301,-1,319,308,312,-1,306,320,307,-1,320,319,312,-1,309,308,316,-1,318,309,316,-1,316,308,319,-1,315,311,317,-1,310,318,317,-1,317,311,310,-1,336,311,315,-1,315,337,336,-1,320,312,313,-1,310,309,318,-1,307,320,314,-1,320,313,314,-1,324,302,326,-1,321,320,306,-1,324,322,306,-1,321,306,322,-1,326,302,327,-1,304,327,303,-1,303,327,300,-1,298,328,325,-1,325,327,304,-1,298,329,328,-1,297,329,298,-1,286,336,288,-1,286,311,336,-1,284,337,315,-1,337,284,289,-1,262,334,297,-1,262,295,334,-1,258,335,296,-1,335,258,332,-1,338,339,340,-1,341,342,343,-1,344,345,346,-1,345,347,348,-1,348,347,349,-1,345,348,346,-1,350,346,340,-1,351,352,349,-1,353,338,354,-1,346,350,344,-1,349,352,348,-1,350,340,339,-1,339,338,353,-1,353,354,343,-1,341,343,355,-1,343,354,355,-1,356,357,355,-1,358,359,340,-1,360,354,338,-1,361,346,348,-1,346,361,358,-1,340,359,338,-1,346,358,340,-1,360,356,354,-1,359,360,338,-1,355,354,356,-1,361,352,362,-1,361,348,352,-1,362,351,363,-1,351,362,352,-1,351,349,364,-1,351,364,363,-1,350,365,366,-1,365,339,367,-1,339,365,350,-1,368,367,353,-1,339,353,367,-1,343,369,368,-1,368,353,343,-1,350,366,344,-1,370,345,344,-1,344,366,370,-1,345,371,347,-1,371,345,370,-1,371,364,347,-1,347,364,349,-1,371,361,364,-1,372,357,369,-1,370,358,361,-1,361,371,370,-1,370,366,358,-1,363,364,362,-1,360,368,356,-1,359,358,365,-1,367,360,359,-1,358,366,365,-1,364,361,362,-1,365,367,359,-1,367,368,360,-1,368,369,356,-1,356,369,357,-1,369,373,372,-1,357,372,341,-1,341,355,357,-1,342,373,369,-1,342,369,343,-1,374,375,376,-1,377,378,379,-1,375,374,380,-1,381,377,379,-1,375,378,377,-1,382,377,381,-1,375,383,378,-1,379,378,384,-1,385,384,378,-1,386,385,378,-1,386,378,387,-1,388,383,389,-1,380,390,383,-1,380,383,375,-1,390,389,383,-1,388,389,391,-1,383,392,378,-1,383,393,392,-1,379,394,381,-1,382,381,395,-1,394,395,381,-1,396,377,382,-1,382,395,396,-1,394,379,397,-1,397,384,398,-1,384,397,379,-1,384,385,398,-1,398,385,399,-1,396,400,375,-1,396,375,377,-1,374,401,380,-1,390,380,402,-1,401,402,380,-1,403,389,390,-1,390,402,403,-1,401,374,404,-1,404,376,405,-1,376,404,374,-1,376,375,405,-1,405,375,400,-1,400,401,404,-1,406,407,403,-1,404,405,400,-1,394,397,396,-1,396,397,392,-1,392,400,396,-1,394,396,395,-1,392,397,398,-1,399,392,398,-1,393,400,392,-1,392,399,408,-1,408,409,392,-1,401,393,402,-1,401,400,393,-1,406,403,393,-1,402,393,403,-1,392,387,378,-1,392,409,387,-1,383,388,406,-1,406,393,383,-1,407,391,389,-1,407,389,403,-1,386,399,385,-1,399,386,408,-1,410,411,412,-1,413,414,415,-1,416,417,418,-1,419,417,416,-1,419,420,421,-1,421,417,419,-1,420,422,421,-1,423,422,424,-1,422,425,426,-1,427,428,429,-1,430,431,412,-1,431,410,412,-1,428,432,413,-1,431,423,410,-1,410,423,424,-1,433,420,427,-1,422,420,425,-1,422,426,424,-1,420,433,425,-1,427,429,433,-1,427,432,428,-1,413,432,434,-1,435,414,413,-1,436,415,414,-1,435,413,434,-1,437,438,439,-1,440,441,442,-1,439,443,437,-1,444,445,446,-1,440,442,446,-1,447,445,444,-1,444,446,442,-1,448,449,447,-1,450,451,452,-1,447,453,454,-1,455,456,457,-1,458,457,459,-1,457,456,459,-1,459,456,453,-1,456,454,453,-1,460,450,445,-1,447,449,445,-1,447,454,448,-1,445,449,460,-1,450,460,451,-1,450,452,438,-1,443,439,461,-1,452,439,438,-1,462,461,463,-1,461,439,463,-1,435,443,461,-1,435,461,414,-1,415,436,463,-1,439,413,415,-1,415,463,439,-1,463,436,462,-1,436,414,462,-1,462,414,461,-1,413,452,428,-1,452,413,439,-1,429,428,452,-1,426,425,449,-1,433,451,460,-1,424,448,454,-1,448,424,426,-1,449,425,460,-1,448,426,449,-1,433,429,451,-1,425,433,460,-1,452,451,429,-1,424,456,410,-1,456,424,454,-1,457,411,455,-1,412,411,457,-1,410,455,411,-1,455,410,456,-1,412,458,430,-1,458,412,457,-1,458,431,430,-1,431,458,459,-1,459,423,431,-1,459,453,423,-1,453,422,423,-1,453,447,422,-1,440,416,418,-1,416,446,419,-1,446,416,440,-1,420,419,445,-1,446,445,419,-1,450,427,420,-1,420,445,450,-1,440,418,441,-1,417,442,441,-1,441,418,417,-1,442,421,444,-1,421,442,417,-1,421,422,444,-1,444,422,447,-1,450,432,427,-1,450,438,432,-1,434,432,438,-1,438,437,434,-1,464,465,466,-1,467,468,469,-1,470,464,466,-1,470,471,464,-1,472,473,470,-1,474,475,476,-1,468,477,478,-1,477,479,478,-1,468,467,477,-1,480,481,482,-1,468,483,480,-1,484,485,486,-1,481,487,488,-1,488,485,484,-1,489,490,486,-1,491,490,489,-1,490,484,486,-1,492,493,494,-1,495,493,491,-1,493,495,494,-1,496,492,494,-1,492,496,497,-1,488,498,485,-1,495,491,489,-1,487,499,488,-1,488,499,498,-1,482,500,480,-1,474,481,488,-1,482,481,476,-1,474,476,481,-1,500,468,480,-1,501,467,469,-1,483,468,478,-1,502,472,469,-1,501,469,472,-1,472,502,473,-1,470,466,503,-1,473,471,470,-1,503,466,504,-1,505,472,470,-1,505,506,472,-1,507,479,477,-1,479,508,478,-1,508,479,507,-1,483,478,509,-1,508,509,478,-1,510,480,483,-1,483,509,510,-1,507,477,511,-1,467,512,511,-1,511,477,467,-1,512,501,513,-1,501,512,467,-1,501,472,513,-1,513,472,506,-1,510,481,480,-1,510,514,481,-1,514,487,481,-1,514,515,487,-1,516,486,485,-1,486,517,489,-1,517,486,516,-1,495,489,518,-1,517,518,489,-1,519,494,495,-1,495,518,519,-1,516,485,520,-1,498,521,520,-1,520,485,498,-1,521,499,522,-1,499,521,498,-1,499,487,522,-1,522,487,515,-1,493,492,523,-1,484,490,524,-1,491,525,526,-1,488,527,528,-1,527,488,484,-1,524,490,526,-1,527,484,524,-1,491,493,525,-1,490,491,526,-1,523,525,493,-1,488,529,474,-1,529,488,528,-1,530,475,531,-1,476,475,530,-1,474,531,475,-1,531,474,529,-1,476,532,482,-1,532,476,530,-1,500,482,532,-1,502,469,533,-1,468,534,535,-1,473,536,537,-1,536,473,502,-1,533,469,535,-1,536,502,533,-1,468,500,534,-1,469,468,535,-1,532,534,500,-1,473,538,471,-1,538,473,537,-1,465,464,539,-1,540,466,465,-1,465,539,540,-1,539,464,541,-1,464,471,541,-1,541,471,538,-1,542,543,540,-1,540,541,505,-1,533,513,506,-1,542,540,505,-1,541,538,505,-1,540,539,541,-1,538,537,505,-1,529,530,531,-1,512,513,533,-1,509,508,535,-1,511,508,507,-1,510,532,514,-1,535,510,509,-1,527,516,520,-1,514,528,515,-1,528,527,520,-1,517,516,524,-1,526,517,524,-1,524,516,527,-1,523,519,525,-1,518,526,525,-1,525,519,518,-1,544,519,523,-1,523,545,544,-1,528,520,521,-1,518,517,526,-1,515,528,522,-1,528,521,522,-1,532,510,534,-1,529,528,514,-1,532,530,514,-1,529,514,530,-1,534,510,535,-1,512,535,511,-1,511,535,508,-1,506,536,533,-1,533,535,512,-1,506,537,536,-1,505,537,506,-1,494,544,496,-1,494,519,544,-1,492,545,523,-1,545,492,497,-1,470,542,505,-1,470,503,542,-1,466,543,504,-1,543,466,540,-1,546,547,548,-1,549,550,551,-1,552,553,548,-1,554,555,551,-1,551,556,549,-1,554,551,550,-1,550,549,557,-1,550,553,552,-1,553,550,557,-1,553,546,548,-1,558,559,560,-1,559,561,562,-1,563,564,565,-1,558,561,559,-1,562,561,566,-1,559,562,567,-1,565,564,568,-1,566,561,563,-1,561,569,563,-1,563,569,564,-1,560,559,551,-1,551,555,560,-1,558,554,550,-1,558,550,561,-1,557,549,566,-1,563,553,557,-1,557,566,563,-1,565,553,563,-1,565,546,553,-1,566,549,562,-1,562,556,567,-1,556,562,549,-1,556,551,567,-1,567,551,559,-1,569,552,564,-1,550,569,561,-1,569,550,552,-1,552,548,564,-1,564,548,568,-1,548,547,568,-1,570,571,572,-1,573,574,575,-1,576,577,578,-1,577,579,580,-1,580,579,581,-1,577,580,578,-1,582,578,572,-1,583,584,581,-1,585,570,586,-1,578,582,576,-1,581,584,580,-1,582,572,571,-1,571,570,585,-1,585,586,575,-1,573,575,587,-1,575,586,587,-1,588,589,587,-1,590,591,572,-1,592,586,570,-1,593,578,580,-1,578,593,590,-1,572,591,570,-1,578,590,572,-1,592,588,586,-1,591,592,570,-1,587,586,588,-1,593,584,594,-1,593,580,584,-1,594,583,595,-1,583,594,584,-1,583,581,596,-1,583,596,595,-1,582,597,598,-1,597,571,599,-1,571,597,582,-1,600,599,585,-1,571,585,599,-1,575,601,600,-1,600,585,575,-1,582,598,576,-1,602,577,576,-1,576,598,602,-1,577,603,579,-1,603,577,602,-1,603,596,579,-1,579,596,581,-1,603,593,596,-1,604,589,601,-1,602,590,593,-1,593,603,602,-1,602,598,590,-1,595,596,594,-1,592,600,588,-1,591,590,597,-1,599,592,591,-1,590,598,597,-1,596,593,594,-1,597,599,591,-1,599,600,592,-1,600,601,588,-1,588,601,589,-1,601,605,604,-1,589,604,573,-1,573,587,589,-1,574,605,601,-1,574,601,575,-1,606,607,608,-1,609,610,611,-1,607,606,612,-1,613,609,611,-1,607,610,609,-1,614,609,613,-1,607,615,610,-1,611,610,616,-1,617,616,610,-1,618,617,610,-1,618,610,619,-1,620,615,621,-1,612,622,615,-1,612,615,607,-1,622,621,615,-1,620,621,623,-1,615,624,610,-1,615,625,624,-1,611,626,613,-1,614,613,627,-1,626,627,613,-1,628,609,614,-1,614,627,628,-1,626,611,629,-1,629,616,630,-1,616,629,611,-1,616,617,630,-1,630,617,631,-1,628,632,607,-1,628,607,609,-1,606,633,612,-1,622,612,634,-1,633,634,612,-1,635,621,622,-1,622,634,635,-1,633,606,636,-1,636,608,637,-1,608,636,606,-1,608,607,637,-1,637,607,632,-1,632,633,636,-1,638,639,635,-1,636,637,632,-1,626,629,628,-1,628,629,624,-1,624,632,628,-1,626,628,627,-1,624,629,630,-1,631,624,630,-1,625,632,624,-1,624,631,640,-1,640,641,624,-1,633,625,634,-1,633,632,625,-1,638,635,625,-1,634,625,635,-1,624,619,610,-1,624,641,619,-1,615,620,638,-1,638,625,615,-1,639,623,621,-1,639,621,635,-1,618,631,617,-1,631,618,640,-1,642,643,644,-1,645,646,647,-1,648,649,650,-1,651,649,648,-1,651,652,653,-1,653,649,651,-1,652,654,653,-1,655,654,656,-1,654,657,658,-1,659,660,661,-1,662,663,644,-1,663,642,644,-1,660,664,645,-1,663,655,642,-1,642,655,656,-1,665,652,659,-1,654,652,657,-1,654,658,656,-1,652,665,657,-1,659,661,665,-1,659,664,660,-1,645,664,666,-1,667,646,645,-1,668,647,646,-1,667,645,666,-1,669,670,671,-1,672,673,674,-1,671,675,669,-1,676,677,678,-1,672,674,678,-1,679,677,676,-1,676,678,674,-1,680,681,679,-1,682,683,684,-1,679,685,686,-1,687,688,689,-1,690,689,691,-1,689,688,691,-1,691,688,685,-1,688,686,685,-1,692,682,677,-1,679,681,677,-1,679,686,680,-1,677,681,692,-1,682,692,683,-1,682,684,670,-1,675,671,693,-1,684,671,670,-1,694,693,695,-1,693,671,695,-1,667,675,693,-1,667,693,646,-1,647,668,695,-1,671,645,647,-1,647,695,671,-1,695,668,694,-1,668,646,694,-1,694,646,693,-1,645,684,660,-1,684,645,671,-1,661,660,684,-1,658,657,681,-1,665,683,692,-1,656,680,686,-1,680,656,658,-1,681,657,692,-1,680,658,681,-1,665,661,683,-1,657,665,692,-1,684,683,661,-1,656,688,642,-1,688,656,686,-1,689,643,687,-1,644,643,689,-1,642,687,643,-1,687,642,688,-1,644,690,662,-1,690,644,689,-1,690,663,662,-1,663,690,691,-1,691,655,663,-1,691,685,655,-1,685,654,655,-1,685,679,654,-1,672,648,650,-1,648,678,651,-1,678,648,672,-1,652,651,677,-1,678,677,651,-1,682,659,652,-1,652,677,682,-1,672,650,673,-1,649,674,673,-1,673,650,649,-1,674,653,676,-1,653,674,649,-1,653,654,676,-1,676,654,679,-1,682,664,659,-1,682,670,664,-1,666,664,670,-1,670,669,666,-1,696,697,698,-1,699,700,701,-1,702,703,698,-1,704,705,701,-1,701,706,699,-1,704,701,700,-1,700,699,707,-1,700,703,702,-1,703,700,707,-1,703,696,698,-1,708,709,710,-1,709,711,712,-1,713,714,715,-1,708,711,709,-1,712,711,716,-1,709,712,717,-1,715,714,718,-1,716,711,713,-1,711,719,713,-1,713,719,714,-1,710,709,701,-1,701,705,710,-1,708,704,700,-1,708,700,711,-1,707,699,716,-1,713,703,707,-1,707,716,713,-1,715,703,713,-1,715,696,703,-1,716,699,712,-1,712,706,717,-1,706,712,699,-1,706,701,717,-1,717,701,709,-1,719,702,714,-1,700,719,711,-1,719,700,702,-1,702,698,714,-1,714,698,718,-1,698,697,718,-1,720,721,722,-1,723,724,725,-1,726,720,722,-1,726,727,720,-1,728,729,726,-1,730,731,732,-1,724,733,734,-1,733,735,734,-1,724,723,733,-1,736,737,738,-1,724,739,736,-1,740,741,742,-1,737,743,744,-1,744,741,740,-1,745,746,742,-1,747,746,745,-1,746,740,742,-1,748,749,750,-1,751,749,747,-1,749,751,750,-1,752,748,750,-1,748,752,753,-1,744,754,741,-1,751,747,745,-1,743,755,744,-1,744,755,754,-1,738,756,736,-1,730,737,744,-1,738,737,732,-1,730,732,737,-1,756,724,736,-1,757,723,725,-1,739,724,734,-1,758,728,725,-1,757,725,728,-1,728,758,729,-1,726,722,759,-1,729,727,726,-1,759,722,760,-1,761,728,726,-1,761,762,728,-1,763,735,733,-1,735,764,734,-1,764,735,763,-1,739,734,765,-1,764,765,734,-1,766,736,739,-1,739,765,766,-1,763,733,767,-1,723,768,767,-1,767,733,723,-1,768,757,769,-1,757,768,723,-1,757,728,769,-1,769,728,762,-1,766,737,736,-1,766,770,737,-1,770,743,737,-1,770,771,743,-1,772,742,741,-1,742,773,745,-1,773,742,772,-1,751,745,774,-1,773,774,745,-1,775,750,751,-1,751,774,775,-1,772,741,776,-1,754,777,776,-1,776,741,754,-1,777,755,778,-1,755,777,754,-1,755,743,778,-1,778,743,771,-1,749,748,779,-1,740,746,780,-1,747,781,782,-1,744,783,784,-1,783,744,740,-1,780,746,782,-1,783,740,780,-1,747,749,781,-1,746,747,782,-1,779,781,749,-1,744,785,730,-1,785,744,784,-1,786,731,787,-1,732,731,786,-1,730,787,731,-1,787,730,785,-1,732,788,738,-1,788,732,786,-1,756,738,788,-1,758,725,789,-1,724,790,791,-1,729,792,793,-1,792,729,758,-1,789,725,791,-1,792,758,789,-1,724,756,790,-1,725,724,791,-1,788,790,756,-1,729,794,727,-1,794,729,793,-1,721,720,795,-1,796,722,721,-1,721,795,796,-1,795,720,797,-1,720,727,797,-1,797,727,794,-1,798,799,796,-1,796,797,761,-1,789,769,762,-1,798,796,761,-1,797,794,761,-1,796,795,797,-1,794,793,761,-1,785,786,787,-1,768,769,789,-1,765,764,791,-1,767,764,763,-1,766,788,770,-1,791,766,765,-1,783,772,776,-1,770,784,771,-1,784,783,776,-1,773,772,780,-1,782,773,780,-1,780,772,783,-1,779,775,781,-1,774,782,781,-1,781,775,774,-1,800,775,779,-1,779,801,800,-1,784,776,777,-1,774,773,782,-1,771,784,778,-1,784,777,778,-1,788,766,790,-1,785,784,770,-1,788,786,770,-1,785,770,786,-1,790,766,791,-1,768,791,767,-1,767,791,764,-1,762,792,789,-1,789,791,768,-1,762,793,792,-1,761,793,762,-1,750,800,752,-1,750,775,800,-1,748,801,779,-1,801,748,753,-1,726,798,761,-1,726,759,798,-1,722,799,760,-1,799,722,796,-1,802,803,804,-1,805,806,807,-1,808,809,810,-1,809,811,812,-1,812,811,813,-1,809,812,810,-1,814,810,804,-1,815,816,813,-1,817,802,818,-1,810,814,808,-1,813,816,812,-1,814,804,803,-1,803,802,817,-1,817,818,807,-1,805,807,819,-1,807,818,819,-1,820,821,819,-1,822,823,804,-1,824,818,802,-1,825,810,812,-1,810,825,822,-1,804,823,802,-1,810,822,804,-1,824,820,818,-1,823,824,802,-1,819,818,820,-1,825,816,826,-1,825,812,816,-1,826,815,827,-1,815,826,816,-1,815,813,828,-1,815,828,827,-1,814,829,830,-1,829,803,831,-1,803,829,814,-1,832,831,817,-1,803,817,831,-1,807,833,832,-1,832,817,807,-1,814,830,808,-1,834,809,808,-1,808,830,834,-1,809,835,811,-1,835,809,834,-1,835,828,811,-1,811,828,813,-1,835,825,828,-1,836,821,833,-1,834,822,825,-1,825,835,834,-1,834,830,822,-1,827,828,826,-1,824,832,820,-1,823,822,829,-1,831,824,823,-1,822,830,829,-1,828,825,826,-1,829,831,823,-1,831,832,824,-1,832,833,820,-1,820,833,821,-1,833,837,836,-1,821,836,805,-1,805,819,821,-1,806,837,833,-1,806,833,807,-1,838,839,840,-1,841,842,843,-1,839,838,844,-1,845,841,843,-1,839,842,841,-1,846,841,845,-1,839,847,842,-1,843,842,848,-1,849,848,842,-1,850,849,842,-1,850,842,851,-1,852,847,853,-1,844,854,847,-1,844,847,839,-1,854,853,847,-1,852,853,855,-1,847,856,842,-1,847,857,856,-1,843,858,845,-1,846,845,859,-1,858,859,845,-1,860,841,846,-1,846,859,860,-1,858,843,861,-1,861,848,862,-1,848,861,843,-1,848,849,862,-1,862,849,863,-1,860,864,839,-1,860,839,841,-1,838,865,844,-1,854,844,866,-1,865,866,844,-1,867,853,854,-1,854,866,867,-1,865,838,868,-1,868,840,869,-1,840,868,838,-1,840,839,869,-1,869,839,864,-1,864,865,868,-1,870,871,867,-1,868,869,864,-1,858,861,860,-1,860,861,856,-1,856,864,860,-1,858,860,859,-1,856,861,862,-1,863,856,862,-1,857,864,856,-1,856,863,872,-1,872,873,856,-1,865,857,866,-1,865,864,857,-1,870,867,857,-1,866,857,867,-1,856,851,842,-1,856,873,851,-1,847,852,870,-1,870,857,847,-1,871,855,853,-1,871,853,867,-1,850,863,849,-1,863,850,872,-1,874,875,876,-1,877,878,879,-1,880,881,882,-1,883,881,880,-1,883,884,885,-1,885,881,883,-1,884,886,885,-1,887,886,888,-1,886,889,890,-1,891,892,893,-1,894,895,876,-1,895,874,876,-1,892,896,877,-1,895,887,874,-1,874,887,888,-1,897,884,891,-1,886,884,889,-1,886,890,888,-1,884,897,889,-1,891,893,897,-1,891,896,892,-1,877,896,898,-1,899,878,877,-1,900,879,878,-1,899,877,898,-1,901,902,903,-1,904,905,906,-1,903,907,901,-1,908,909,910,-1,904,906,910,-1,911,909,908,-1,908,910,906,-1,912,913,911,-1,914,915,916,-1,911,917,918,-1,919,920,921,-1,922,921,923,-1,921,920,923,-1,923,920,917,-1,920,918,917,-1,924,914,909,-1,911,913,909,-1,911,918,912,-1,909,913,924,-1,914,924,915,-1,914,916,902,-1,907,903,925,-1,916,903,902,-1,926,925,927,-1,925,903,927,-1,899,907,925,-1,899,925,878,-1,879,900,927,-1,903,877,879,-1,879,927,903,-1,927,900,926,-1,900,878,926,-1,926,878,925,-1,877,916,892,-1,916,877,903,-1,893,892,916,-1,890,889,913,-1,897,915,924,-1,888,912,918,-1,912,888,890,-1,913,889,924,-1,912,890,913,-1,897,893,915,-1,889,897,924,-1,916,915,893,-1,888,920,874,-1,920,888,918,-1,921,875,919,-1,876,875,921,-1,874,919,875,-1,919,874,920,-1,876,922,894,-1,922,876,921,-1,922,895,894,-1,895,922,923,-1,923,887,895,-1,923,917,887,-1,917,886,887,-1,917,911,886,-1,904,880,882,-1,880,910,883,-1,910,880,904,-1,884,883,909,-1,910,909,883,-1,914,891,884,-1,884,909,914,-1,904,882,905,-1,881,906,905,-1,905,882,881,-1,906,885,908,-1,885,906,881,-1,885,886,908,-1,908,886,911,-1,914,896,891,-1,914,902,896,-1,898,896,902,-1,902,901,898,-1,928,929,930,-1,931,932,933,-1,934,928,930,-1,934,935,928,-1,936,937,934,-1,938,939,940,-1,932,941,942,-1,941,943,942,-1,932,931,941,-1,944,945,946,-1,932,947,944,-1,948,949,950,-1,945,951,952,-1,952,949,948,-1,953,954,950,-1,955,954,953,-1,954,948,950,-1,956,957,958,-1,959,957,955,-1,957,959,958,-1,960,956,958,-1,956,960,961,-1,952,962,949,-1,959,955,953,-1,951,963,952,-1,952,963,962,-1,946,964,944,-1,938,945,952,-1,946,945,940,-1,938,940,945,-1,964,932,944,-1,965,931,933,-1,947,932,942,-1,966,936,933,-1,965,933,936,-1,936,966,937,-1,934,930,967,-1,937,935,934,-1,967,930,968,-1,969,936,934,-1,969,970,936,-1,971,943,941,-1,943,972,942,-1,972,943,971,-1,947,942,973,-1,972,973,942,-1,974,944,947,-1,947,973,974,-1,971,941,975,-1,931,976,975,-1,975,941,931,-1,976,965,977,-1,965,976,931,-1,965,936,977,-1,977,936,970,-1,974,945,944,-1,974,978,945,-1,978,951,945,-1,978,979,951,-1,980,950,949,-1,950,981,953,-1,981,950,980,-1,959,953,982,-1,981,982,953,-1,983,958,959,-1,959,982,983,-1,980,949,984,-1,962,985,984,-1,984,949,962,-1,985,963,986,-1,963,985,962,-1,963,951,986,-1,986,951,979,-1,957,956,987,-1,948,954,988,-1,955,989,990,-1,952,991,992,-1,991,952,948,-1,988,954,990,-1,991,948,988,-1,955,957,989,-1,954,955,990,-1,987,989,957,-1,952,993,938,-1,993,952,992,-1,994,939,995,-1,940,939,994,-1,938,995,939,-1,995,938,993,-1,940,996,946,-1,996,940,994,-1,964,946,996,-1,966,933,997,-1,932,998,999,-1,937,1000,1001,-1,1000,937,966,-1,997,933,999,-1,1000,966,997,-1,932,964,998,-1,933,932,999,-1,996,998,964,-1,937,1002,935,-1,1002,937,1001,-1,929,928,1003,-1,1004,930,929,-1,929,1003,1004,-1,1003,928,1005,-1,928,935,1005,-1,1005,935,1002,-1,1006,1007,1004,-1,1004,1005,969,-1,997,977,970,-1,1006,1004,969,-1,1005,1002,969,-1,1004,1003,1005,-1,1002,1001,969,-1,993,994,995,-1,976,977,997,-1,973,972,999,-1,975,972,971,-1,974,996,978,-1,999,974,973,-1,991,980,984,-1,978,992,979,-1,992,991,984,-1,981,980,988,-1,990,981,988,-1,988,980,991,-1,987,983,989,-1,982,990,989,-1,989,983,982,-1,1008,983,987,-1,987,1009,1008,-1,992,984,985,-1,982,981,990,-1,979,992,986,-1,992,985,986,-1,996,974,998,-1,993,992,978,-1,996,994,978,-1,993,978,994,-1,998,974,999,-1,976,999,975,-1,975,999,972,-1,970,1000,997,-1,997,999,976,-1,970,1001,1000,-1,969,1001,970,-1,958,1008,960,-1,958,983,1008,-1,956,1009,987,-1,1009,956,961,-1,934,1006,969,-1,934,967,1006,-1,930,1007,968,-1,1007,930,1004,-1,1010,1011,1012,-1,1013,1014,1015,-1,1016,1017,1012,-1,1018,1019,1015,-1,1015,1020,1013,-1,1018,1015,1014,-1,1014,1013,1021,-1,1014,1017,1016,-1,1017,1014,1021,-1,1017,1010,1012,-1,1022,1023,1024,-1,1023,1025,1026,-1,1027,1028,1029,-1,1022,1025,1023,-1,1026,1025,1030,-1,1023,1026,1031,-1,1029,1028,1032,-1,1030,1025,1027,-1,1025,1033,1027,-1,1027,1033,1028,-1,1024,1023,1015,-1,1015,1019,1024,-1,1022,1018,1014,-1,1022,1014,1025,-1,1021,1013,1030,-1,1027,1017,1021,-1,1021,1030,1027,-1,1029,1017,1027,-1,1029,1010,1017,-1,1030,1013,1026,-1,1026,1020,1031,-1,1020,1026,1013,-1,1020,1015,1031,-1,1031,1015,1023,-1,1033,1016,1028,-1,1014,1033,1025,-1,1033,1014,1016,-1,1016,1012,1028,-1,1028,1012,1032,-1,1012,1011,1032,-1,1034,1035,1036,-1,1037,1038,1039,-1,1040,1041,1042,-1,1041,1043,1044,-1,1044,1043,1045,-1,1041,1044,1042,-1,1046,1042,1036,-1,1047,1048,1045,-1,1049,1034,1050,-1,1042,1046,1040,-1,1045,1048,1044,-1,1046,1036,1035,-1,1035,1034,1049,-1,1049,1050,1039,-1,1037,1039,1051,-1,1039,1050,1051,-1,1052,1053,1051,-1,1054,1055,1036,-1,1056,1050,1034,-1,1057,1042,1044,-1,1042,1057,1054,-1,1036,1055,1034,-1,1042,1054,1036,-1,1056,1052,1050,-1,1055,1056,1034,-1,1051,1050,1052,-1,1057,1048,1058,-1,1057,1044,1048,-1,1058,1047,1059,-1,1047,1058,1048,-1,1047,1045,1060,-1,1047,1060,1059,-1,1046,1061,1062,-1,1061,1035,1063,-1,1035,1061,1046,-1,1064,1063,1049,-1,1035,1049,1063,-1,1039,1065,1064,-1,1064,1049,1039,-1,1046,1062,1040,-1,1066,1041,1040,-1,1040,1062,1066,-1,1041,1067,1043,-1,1067,1041,1066,-1,1067,1060,1043,-1,1043,1060,1045,-1,1067,1057,1060,-1,1068,1053,1065,-1,1066,1054,1057,-1,1057,1067,1066,-1,1066,1062,1054,-1,1059,1060,1058,-1,1056,1064,1052,-1,1055,1054,1061,-1,1063,1056,1055,-1,1054,1062,1061,-1,1060,1057,1058,-1,1061,1063,1055,-1,1063,1064,1056,-1,1064,1065,1052,-1,1052,1065,1053,-1,1065,1069,1068,-1,1053,1068,1037,-1,1037,1051,1053,-1,1038,1069,1065,-1,1038,1065,1039,-1,1070,1071,1072,-1,1073,1074,1075,-1,1071,1070,1076,-1,1077,1073,1075,-1,1071,1074,1073,-1,1078,1073,1077,-1,1071,1079,1074,-1,1075,1074,1080,-1,1081,1080,1074,-1,1082,1081,1074,-1,1082,1074,1083,-1,1084,1079,1085,-1,1076,1086,1079,-1,1076,1079,1071,-1,1086,1085,1079,-1,1084,1085,1087,-1,1079,1088,1074,-1,1079,1089,1088,-1,1075,1090,1077,-1,1078,1077,1091,-1,1090,1091,1077,-1,1092,1073,1078,-1,1078,1091,1092,-1,1090,1075,1093,-1,1093,1080,1094,-1,1080,1093,1075,-1,1080,1081,1094,-1,1094,1081,1095,-1,1092,1096,1071,-1,1092,1071,1073,-1,1070,1097,1076,-1,1086,1076,1098,-1,1097,1098,1076,-1,1099,1085,1086,-1,1086,1098,1099,-1,1097,1070,1100,-1,1100,1072,1101,-1,1072,1100,1070,-1,1072,1071,1101,-1,1101,1071,1096,-1,1096,1097,1100,-1,1102,1103,1099,-1,1100,1101,1096,-1,1090,1093,1092,-1,1092,1093,1088,-1,1088,1096,1092,-1,1090,1092,1091,-1,1088,1093,1094,-1,1095,1088,1094,-1,1089,1096,1088,-1,1088,1095,1104,-1,1104,1105,1088,-1,1097,1089,1098,-1,1097,1096,1089,-1,1102,1099,1089,-1,1098,1089,1099,-1,1088,1083,1074,-1,1088,1105,1083,-1,1079,1084,1102,-1,1102,1089,1079,-1,1103,1087,1085,-1,1103,1085,1099,-1,1082,1095,1081,-1,1095,1082,1104,-1,1106,1107,1108,-1,1109,1110,1111,-1,1112,1113,1114,-1,1115,1113,1112,-1,1115,1116,1117,-1,1117,1113,1115,-1,1116,1118,1117,-1,1119,1118,1120,-1,1118,1121,1122,-1,1123,1124,1125,-1,1126,1127,1108,-1,1127,1106,1108,-1,1124,1128,1109,-1,1127,1119,1106,-1,1106,1119,1120,-1,1129,1116,1123,-1,1118,1116,1121,-1,1118,1122,1120,-1,1116,1129,1121,-1,1123,1125,1129,-1,1123,1128,1124,-1,1109,1128,1130,-1,1131,1110,1109,-1,1132,1111,1110,-1,1131,1109,1130,-1,1133,1134,1135,-1,1136,1137,1138,-1,1135,1139,1133,-1,1140,1141,1142,-1,1136,1138,1142,-1,1143,1141,1140,-1,1140,1142,1138,-1,1144,1145,1143,-1,1146,1147,1148,-1,1143,1149,1150,-1,1151,1152,1153,-1,1154,1153,1155,-1,1153,1152,1155,-1,1155,1152,1149,-1,1152,1150,1149,-1,1156,1146,1141,-1,1143,1145,1141,-1,1143,1150,1144,-1,1141,1145,1156,-1,1146,1156,1147,-1,1146,1148,1134,-1,1139,1135,1157,-1,1148,1135,1134,-1,1158,1157,1159,-1,1157,1135,1159,-1,1131,1139,1157,-1,1131,1157,1110,-1,1111,1132,1159,-1,1135,1109,1111,-1,1111,1159,1135,-1,1159,1132,1158,-1,1132,1110,1158,-1,1158,1110,1157,-1,1109,1148,1124,-1,1148,1109,1135,-1,1125,1124,1148,-1,1122,1121,1145,-1,1129,1147,1156,-1,1120,1144,1150,-1,1144,1120,1122,-1,1145,1121,1156,-1,1144,1122,1145,-1,1129,1125,1147,-1,1121,1129,1156,-1,1148,1147,1125,-1,1120,1152,1106,-1,1152,1120,1150,-1,1153,1107,1151,-1,1108,1107,1153,-1,1106,1151,1107,-1,1151,1106,1152,-1,1108,1154,1126,-1,1154,1108,1153,-1,1154,1127,1126,-1,1127,1154,1155,-1,1155,1119,1127,-1,1155,1149,1119,-1,1149,1118,1119,-1,1149,1143,1118,-1,1136,1112,1114,-1,1112,1142,1115,-1,1142,1112,1136,-1,1116,1115,1141,-1,1142,1141,1115,-1,1146,1123,1116,-1,1116,1141,1146,-1,1136,1114,1137,-1,1113,1138,1137,-1,1137,1114,1113,-1,1138,1117,1140,-1,1117,1138,1113,-1,1117,1118,1140,-1,1140,1118,1143,-1,1146,1128,1123,-1,1146,1134,1128,-1,1130,1128,1134,-1,1134,1133,1130,-1,1160,1161,1162,-1,1163,1164,1165,-1,1166,1167,1162,-1,1168,1169,1165,-1,1165,1170,1163,-1,1168,1165,1164,-1,1164,1163,1171,-1,1164,1167,1166,-1,1167,1164,1171,-1,1167,1160,1162,-1,1172,1173,1174,-1,1173,1175,1176,-1,1177,1178,1179,-1,1172,1175,1173,-1,1176,1175,1180,-1,1173,1176,1181,-1,1179,1178,1182,-1,1180,1175,1177,-1,1175,1183,1177,-1,1177,1183,1178,-1,1174,1173,1165,-1,1165,1169,1174,-1,1172,1168,1164,-1,1172,1164,1175,-1,1171,1163,1180,-1,1177,1167,1171,-1,1171,1180,1177,-1,1179,1167,1177,-1,1179,1160,1167,-1,1180,1163,1176,-1,1176,1170,1181,-1,1170,1176,1163,-1,1170,1165,1181,-1,1181,1165,1173,-1,1183,1166,1178,-1,1164,1183,1175,-1,1183,1164,1166,-1,1166,1162,1178,-1,1178,1162,1182,-1,1162,1161,1182,-1,1184,1185,1186,-1,1187,1188,1189,-1,1190,1184,1186,-1,1190,1191,1184,-1,1192,1193,1190,-1,1194,1195,1196,-1,1188,1197,1198,-1,1197,1199,1198,-1,1188,1187,1197,-1,1200,1201,1202,-1,1188,1203,1200,-1,1204,1205,1206,-1,1201,1207,1208,-1,1208,1205,1204,-1,1209,1210,1206,-1,1211,1210,1209,-1,1210,1204,1206,-1,1212,1213,1214,-1,1215,1213,1211,-1,1213,1215,1214,-1,1216,1212,1214,-1,1212,1216,1217,-1,1208,1218,1205,-1,1215,1211,1209,-1,1207,1219,1208,-1,1208,1219,1218,-1,1202,1220,1200,-1,1194,1201,1208,-1,1202,1201,1196,-1,1194,1196,1201,-1,1220,1188,1200,-1,1221,1187,1189,-1,1203,1188,1198,-1,1222,1192,1189,-1,1221,1189,1192,-1,1192,1222,1193,-1,1190,1186,1223,-1,1193,1191,1190,-1,1223,1186,1224,-1,1225,1192,1190,-1,1225,1226,1192,-1,1227,1199,1197,-1,1199,1228,1198,-1,1228,1199,1227,-1,1203,1198,1229,-1,1228,1229,1198,-1,1230,1200,1203,-1,1203,1229,1230,-1,1227,1197,1231,-1,1187,1232,1231,-1,1231,1197,1187,-1,1232,1221,1233,-1,1221,1232,1187,-1,1221,1192,1233,-1,1233,1192,1226,-1,1230,1201,1200,-1,1230,1234,1201,-1,1234,1207,1201,-1,1234,1235,1207,-1,1236,1206,1205,-1,1206,1237,1209,-1,1237,1206,1236,-1,1215,1209,1238,-1,1237,1238,1209,-1,1239,1214,1215,-1,1215,1238,1239,-1,1236,1205,1240,-1,1218,1241,1240,-1,1240,1205,1218,-1,1241,1219,1242,-1,1219,1241,1218,-1,1219,1207,1242,-1,1242,1207,1235,-1,1213,1212,1243,-1,1204,1210,1244,-1,1211,1245,1246,-1,1208,1247,1248,-1,1247,1208,1204,-1,1244,1210,1246,-1,1247,1204,1244,-1,1211,1213,1245,-1,1210,1211,1246,-1,1243,1245,1213,-1,1208,1249,1194,-1,1249,1208,1248,-1,1250,1195,1251,-1,1196,1195,1250,-1,1194,1251,1195,-1,1251,1194,1249,-1,1196,1252,1202,-1,1252,1196,1250,-1,1220,1202,1252,-1,1222,1189,1253,-1,1188,1254,1255,-1,1193,1256,1257,-1,1256,1193,1222,-1,1253,1189,1255,-1,1256,1222,1253,-1,1188,1220,1254,-1,1189,1188,1255,-1,1252,1254,1220,-1,1193,1258,1191,-1,1258,1193,1257,-1,1185,1184,1259,-1,1260,1186,1185,-1,1185,1259,1260,-1,1259,1184,1261,-1,1184,1191,1261,-1,1261,1191,1258,-1,1262,1263,1260,-1,1260,1261,1225,-1,1253,1233,1226,-1,1262,1260,1225,-1,1261,1258,1225,-1,1260,1259,1261,-1,1258,1257,1225,-1,1249,1250,1251,-1,1232,1233,1253,-1,1229,1228,1255,-1,1231,1228,1227,-1,1230,1252,1234,-1,1255,1230,1229,-1,1247,1236,1240,-1,1234,1248,1235,-1,1248,1247,1240,-1,1237,1236,1244,-1,1246,1237,1244,-1,1244,1236,1247,-1,1243,1239,1245,-1,1238,1246,1245,-1,1245,1239,1238,-1,1264,1239,1243,-1,1243,1265,1264,-1,1248,1240,1241,-1,1238,1237,1246,-1,1235,1248,1242,-1,1248,1241,1242,-1,1252,1230,1254,-1,1249,1248,1234,-1,1252,1250,1234,-1,1249,1234,1250,-1,1254,1230,1255,-1,1232,1255,1231,-1,1231,1255,1228,-1,1226,1256,1253,-1,1253,1255,1232,-1,1226,1257,1256,-1,1225,1257,1226,-1,1214,1264,1216,-1,1214,1239,1264,-1,1212,1265,1243,-1,1265,1212,1217,-1,1190,1262,1225,-1,1190,1223,1262,-1,1186,1263,1224,-1,1263,1186,1260,-1,1266,1267,1268,-1,1269,1270,1271,-1,1272,1273,1274,-1,1273,1275,1276,-1,1276,1275,1277,-1,1273,1276,1274,-1,1278,1274,1268,-1,1279,1280,1277,-1,1281,1266,1282,-1,1274,1278,1272,-1,1277,1280,1276,-1,1278,1268,1267,-1,1267,1266,1281,-1,1281,1282,1271,-1,1269,1271,1283,-1,1271,1282,1283,-1,1284,1285,1283,-1,1286,1287,1268,-1,1288,1282,1266,-1,1289,1274,1276,-1,1274,1289,1286,-1,1268,1287,1266,-1,1274,1286,1268,-1,1288,1284,1282,-1,1287,1288,1266,-1,1283,1282,1284,-1,1289,1280,1290,-1,1289,1276,1280,-1,1290,1279,1291,-1,1279,1290,1280,-1,1279,1277,1292,-1,1279,1292,1291,-1,1278,1293,1294,-1,1293,1267,1295,-1,1267,1293,1278,-1,1296,1295,1281,-1,1267,1281,1295,-1,1271,1297,1296,-1,1296,1281,1271,-1,1278,1294,1272,-1,1298,1273,1272,-1,1272,1294,1298,-1,1273,1299,1275,-1,1299,1273,1298,-1,1299,1292,1275,-1,1275,1292,1277,-1,1299,1289,1292,-1,1300,1285,1297,-1,1298,1286,1289,-1,1289,1299,1298,-1,1298,1294,1286,-1,1291,1292,1290,-1,1288,1296,1284,-1,1287,1286,1293,-1,1295,1288,1287,-1,1286,1294,1293,-1,1292,1289,1290,-1,1293,1295,1287,-1,1295,1296,1288,-1,1296,1297,1284,-1,1284,1297,1285,-1,1297,1301,1300,-1,1285,1300,1269,-1,1269,1283,1285,-1,1270,1301,1297,-1,1270,1297,1271,-1,1302,1303,1304,-1,1305,1306,1307,-1,1303,1302,1308,-1,1309,1305,1307,-1,1303,1306,1305,-1,1310,1305,1309,-1,1303,1311,1306,-1,1307,1306,1312,-1,1313,1312,1306,-1,1314,1313,1306,-1,1314,1306,1315,-1,1316,1311,1317,-1,1308,1318,1311,-1,1308,1311,1303,-1,1318,1317,1311,-1,1316,1317,1319,-1,1311,1320,1306,-1,1311,1321,1320,-1,1307,1322,1309,-1,1310,1309,1323,-1,1322,1323,1309,-1,1324,1305,1310,-1,1310,1323,1324,-1,1322,1307,1325,-1,1325,1312,1326,-1,1312,1325,1307,-1,1312,1313,1326,-1,1326,1313,1327,-1,1324,1328,1303,-1,1324,1303,1305,-1,1302,1329,1308,-1,1318,1308,1330,-1,1329,1330,1308,-1,1331,1317,1318,-1,1318,1330,1331,-1,1329,1302,1332,-1,1332,1304,1333,-1,1304,1332,1302,-1,1304,1303,1333,-1,1333,1303,1328,-1,1328,1329,1332,-1,1334,1335,1331,-1,1332,1333,1328,-1,1322,1325,1324,-1,1324,1325,1320,-1,1320,1328,1324,-1,1322,1324,1323,-1,1320,1325,1326,-1,1327,1320,1326,-1,1321,1328,1320,-1,1320,1327,1336,-1,1336,1337,1320,-1,1329,1321,1330,-1,1329,1328,1321,-1,1334,1331,1321,-1,1330,1321,1331,-1,1320,1315,1306,-1,1320,1337,1315,-1,1311,1316,1334,-1,1334,1321,1311,-1,1335,1319,1317,-1,1335,1317,1331,-1,1314,1327,1313,-1,1327,1314,1336,-1,1338,1339,1340,-1,1341,1342,1343,-1,1344,1345,1346,-1,1347,1345,1344,-1,1347,1348,1349,-1,1349,1345,1347,-1,1348,1350,1349,-1,1351,1350,1352,-1,1350,1353,1354,-1,1355,1356,1357,-1,1358,1359,1340,-1,1359,1338,1340,-1,1356,1360,1341,-1,1359,1351,1338,-1,1338,1351,1352,-1,1361,1348,1355,-1,1350,1348,1353,-1,1350,1354,1352,-1,1348,1361,1353,-1,1355,1357,1361,-1,1355,1360,1356,-1,1341,1360,1362,-1,1363,1342,1341,-1,1364,1343,1342,-1,1363,1341,1362,-1,1365,1366,1367,-1,1368,1369,1370,-1,1367,1371,1365,-1,1372,1373,1374,-1,1368,1370,1374,-1,1375,1373,1372,-1,1372,1374,1370,-1,1376,1377,1375,-1,1378,1379,1380,-1,1375,1381,1382,-1,1383,1384,1385,-1,1386,1385,1387,-1,1385,1384,1387,-1,1387,1384,1381,-1,1384,1382,1381,-1,1388,1378,1373,-1,1375,1377,1373,-1,1375,1382,1376,-1,1373,1377,1388,-1,1378,1388,1379,-1,1378,1380,1366,-1,1371,1367,1389,-1,1380,1367,1366,-1,1390,1389,1391,-1,1389,1367,1391,-1,1363,1371,1389,-1,1363,1389,1342,-1,1343,1364,1391,-1,1367,1341,1343,-1,1343,1391,1367,-1,1391,1364,1390,-1,1364,1342,1390,-1,1390,1342,1389,-1,1341,1380,1356,-1,1380,1341,1367,-1,1357,1356,1380,-1,1354,1353,1377,-1,1361,1379,1388,-1,1352,1376,1382,-1,1376,1352,1354,-1,1377,1353,1388,-1,1376,1354,1377,-1,1361,1357,1379,-1,1353,1361,1388,-1,1380,1379,1357,-1,1352,1384,1338,-1,1384,1352,1382,-1,1385,1339,1383,-1,1340,1339,1385,-1,1338,1383,1339,-1,1383,1338,1384,-1,1340,1386,1358,-1,1386,1340,1385,-1,1386,1359,1358,-1,1359,1386,1387,-1,1387,1351,1359,-1,1387,1381,1351,-1,1381,1350,1351,-1,1381,1375,1350,-1,1368,1344,1346,-1,1344,1374,1347,-1,1374,1344,1368,-1,1348,1347,1373,-1,1374,1373,1347,-1,1378,1355,1348,-1,1348,1373,1378,-1,1368,1346,1369,-1,1345,1370,1369,-1,1369,1346,1345,-1,1370,1349,1372,-1,1349,1370,1345,-1,1349,1350,1372,-1,1372,1350,1375,-1,1378,1360,1355,-1,1378,1366,1360,-1,1362,1360,1366,-1,1366,1365,1362,-1,1392,1393,1394,-1,1395,1396,1397,-1,1398,1399,1394,-1,1400,1401,1397,-1,1397,1402,1395,-1,1400,1397,1396,-1,1396,1395,1403,-1,1396,1399,1398,-1,1399,1396,1403,-1,1399,1392,1394,-1,1404,1405,1406,-1,1405,1407,1408,-1,1409,1410,1411,-1,1404,1407,1405,-1,1408,1407,1412,-1,1405,1408,1413,-1,1411,1410,1414,-1,1412,1407,1409,-1,1407,1415,1409,-1,1409,1415,1410,-1,1406,1405,1397,-1,1397,1401,1406,-1,1404,1400,1396,-1,1404,1396,1407,-1,1403,1395,1412,-1,1409,1399,1403,-1,1403,1412,1409,-1,1411,1399,1409,-1,1411,1392,1399,-1,1412,1395,1408,-1,1408,1402,1413,-1,1402,1408,1395,-1,1402,1397,1413,-1,1413,1397,1405,-1,1415,1398,1410,-1,1396,1415,1407,-1,1415,1396,1398,-1,1398,1394,1410,-1,1410,1394,1414,-1,1394,1393,1414,-1,1416,1417,1418,-1,1419,1420,1421,-1,1422,1416,1418,-1,1422,1423,1416,-1,1424,1425,1422,-1,1426,1427,1428,-1,1420,1429,1430,-1,1429,1431,1430,-1,1420,1419,1429,-1,1432,1433,1434,-1,1420,1435,1432,-1,1436,1437,1438,-1,1433,1439,1440,-1,1440,1437,1436,-1,1441,1442,1438,-1,1443,1442,1441,-1,1442,1436,1438,-1,1444,1445,1446,-1,1447,1445,1443,-1,1445,1447,1446,-1,1448,1444,1446,-1,1444,1448,1449,-1,1440,1450,1437,-1,1447,1443,1441,-1,1439,1451,1440,-1,1440,1451,1450,-1,1434,1452,1432,-1,1426,1433,1440,-1,1434,1433,1428,-1,1426,1428,1433,-1,1452,1420,1432,-1,1453,1419,1421,-1,1435,1420,1430,-1,1454,1424,1421,-1,1453,1421,1424,-1,1424,1454,1425,-1,1422,1418,1455,-1,1425,1423,1422,-1,1455,1418,1456,-1,1457,1424,1422,-1,1457,1458,1424,-1,1459,1431,1429,-1,1431,1460,1430,-1,1460,1431,1459,-1,1435,1430,1461,-1,1460,1461,1430,-1,1462,1432,1435,-1,1435,1461,1462,-1,1459,1429,1463,-1,1419,1464,1463,-1,1463,1429,1419,-1,1464,1453,1465,-1,1453,1464,1419,-1,1453,1424,1465,-1,1465,1424,1458,-1,1462,1433,1432,-1,1462,1466,1433,-1,1466,1439,1433,-1,1466,1467,1439,-1,1468,1438,1437,-1,1438,1469,1441,-1,1469,1438,1468,-1,1447,1441,1470,-1,1469,1470,1441,-1,1471,1446,1447,-1,1447,1470,1471,-1,1468,1437,1472,-1,1450,1473,1472,-1,1472,1437,1450,-1,1473,1451,1474,-1,1451,1473,1450,-1,1451,1439,1474,-1,1474,1439,1467,-1,1445,1444,1475,-1,1436,1442,1476,-1,1443,1477,1478,-1,1440,1479,1480,-1,1479,1440,1436,-1,1476,1442,1478,-1,1479,1436,1476,-1,1443,1445,1477,-1,1442,1443,1478,-1,1475,1477,1445,-1,1440,1481,1426,-1,1481,1440,1480,-1,1482,1427,1483,-1,1428,1427,1482,-1,1426,1483,1427,-1,1483,1426,1481,-1,1428,1484,1434,-1,1484,1428,1482,-1,1452,1434,1484,-1,1454,1421,1485,-1,1420,1486,1487,-1,1425,1488,1489,-1,1488,1425,1454,-1,1485,1421,1487,-1,1488,1454,1485,-1,1420,1452,1486,-1,1421,1420,1487,-1,1484,1486,1452,-1,1425,1490,1423,-1,1490,1425,1489,-1,1417,1416,1491,-1,1492,1418,1417,-1,1417,1491,1492,-1,1491,1416,1493,-1,1416,1423,1493,-1,1493,1423,1490,-1,1494,1495,1492,-1,1492,1493,1457,-1,1485,1465,1458,-1,1494,1492,1457,-1,1493,1490,1457,-1,1492,1491,1493,-1,1490,1489,1457,-1,1481,1482,1483,-1,1464,1465,1485,-1,1461,1460,1487,-1,1463,1460,1459,-1,1462,1484,1466,-1,1487,1462,1461,-1,1479,1468,1472,-1,1466,1480,1467,-1,1480,1479,1472,-1,1469,1468,1476,-1,1478,1469,1476,-1,1476,1468,1479,-1,1475,1471,1477,-1,1470,1478,1477,-1,1477,1471,1470,-1,1496,1471,1475,-1,1475,1497,1496,-1,1480,1472,1473,-1,1470,1469,1478,-1,1467,1480,1474,-1,1480,1473,1474,-1,1484,1462,1486,-1,1481,1480,1466,-1,1484,1482,1466,-1,1481,1466,1482,-1,1486,1462,1487,-1,1464,1487,1463,-1,1463,1487,1460,-1,1458,1488,1485,-1,1485,1487,1464,-1,1458,1489,1488,-1,1457,1489,1458,-1,1446,1496,1448,-1,1446,1471,1496,-1,1444,1497,1475,-1,1497,1444,1449,-1,1422,1494,1457,-1,1422,1455,1494,-1,1418,1495,1456,-1,1495,1418,1492,-1,1498,1499,1500,-1,1501,1502,1503,-1,1504,1505,1506,-1,1505,1507,1508,-1,1508,1507,1509,-1,1505,1508,1506,-1,1510,1506,1500,-1,1511,1512,1509,-1,1513,1498,1514,-1,1506,1510,1504,-1,1509,1512,1508,-1,1510,1500,1499,-1,1499,1498,1513,-1,1513,1514,1503,-1,1501,1503,1515,-1,1503,1514,1515,-1,1516,1517,1515,-1,1518,1519,1500,-1,1520,1514,1498,-1,1521,1506,1508,-1,1506,1521,1518,-1,1500,1519,1498,-1,1506,1518,1500,-1,1520,1516,1514,-1,1519,1520,1498,-1,1515,1514,1516,-1,1521,1512,1522,-1,1521,1508,1512,-1,1522,1511,1523,-1,1511,1522,1512,-1,1511,1509,1524,-1,1511,1524,1523,-1,1510,1525,1526,-1,1525,1499,1527,-1,1499,1525,1510,-1,1528,1527,1513,-1,1499,1513,1527,-1,1503,1529,1528,-1,1528,1513,1503,-1,1510,1526,1504,-1,1530,1505,1504,-1,1504,1526,1530,-1,1505,1531,1507,-1,1531,1505,1530,-1,1531,1524,1507,-1,1507,1524,1509,-1,1531,1521,1524,-1,1532,1517,1529,-1,1530,1518,1521,-1,1521,1531,1530,-1,1530,1526,1518,-1,1523,1524,1522,-1,1520,1528,1516,-1,1519,1518,1525,-1,1527,1520,1519,-1,1518,1526,1525,-1,1524,1521,1522,-1,1525,1527,1519,-1,1527,1528,1520,-1,1528,1529,1516,-1,1516,1529,1517,-1,1529,1533,1532,-1,1517,1532,1501,-1,1501,1515,1517,-1,1502,1533,1529,-1,1502,1529,1503,-1,1534,1535,1536,-1,1537,1538,1539,-1,1535,1534,1540,-1,1541,1537,1539,-1,1535,1538,1537,-1,1542,1537,1541,-1,1535,1543,1538,-1,1539,1538,1544,-1,1545,1544,1538,-1,1546,1545,1538,-1,1546,1538,1547,-1,1548,1543,1549,-1,1540,1550,1543,-1,1540,1543,1535,-1,1550,1549,1543,-1,1548,1549,1551,-1,1543,1552,1538,-1,1543,1553,1552,-1,1539,1554,1541,-1,1542,1541,1555,-1,1554,1555,1541,-1,1556,1537,1542,-1,1542,1555,1556,-1,1554,1539,1557,-1,1557,1544,1558,-1,1544,1557,1539,-1,1544,1545,1558,-1,1558,1545,1559,-1,1556,1560,1535,-1,1556,1535,1537,-1,1534,1561,1540,-1,1550,1540,1562,-1,1561,1562,1540,-1,1563,1549,1550,-1,1550,1562,1563,-1,1561,1534,1564,-1,1564,1536,1565,-1,1536,1564,1534,-1,1536,1535,1565,-1,1565,1535,1560,-1,1560,1561,1564,-1,1566,1567,1563,-1,1564,1565,1560,-1,1554,1557,1556,-1,1556,1557,1552,-1,1552,1560,1556,-1,1554,1556,1555,-1,1552,1557,1558,-1,1559,1552,1558,-1,1553,1560,1552,-1,1552,1559,1568,-1,1568,1569,1552,-1,1561,1553,1562,-1,1561,1560,1553,-1,1566,1563,1553,-1,1562,1553,1563,-1,1552,1547,1538,-1,1552,1569,1547,-1,1543,1548,1566,-1,1566,1553,1543,-1,1567,1551,1549,-1,1567,1549,1563,-1,1546,1559,1545,-1,1559,1546,1568,-1,1570,1571,1572,-1,1573,1574,1575,-1,1576,1577,1578,-1,1579,1577,1576,-1,1579,1580,1581,-1,1581,1577,1579,-1,1580,1582,1581,-1,1583,1582,1584,-1,1582,1585,1586,-1,1587,1588,1589,-1,1590,1591,1572,-1,1591,1570,1572,-1,1588,1592,1573,-1,1591,1583,1570,-1,1570,1583,1584,-1,1593,1580,1587,-1,1582,1580,1585,-1,1582,1586,1584,-1,1580,1593,1585,-1,1587,1589,1593,-1,1587,1592,1588,-1,1573,1592,1594,-1,1595,1574,1573,-1,1596,1575,1574,-1,1595,1573,1594,-1,1597,1598,1599,-1,1600,1601,1602,-1,1599,1603,1597,-1,1604,1605,1606,-1,1600,1602,1606,-1,1607,1605,1604,-1,1604,1606,1602,-1,1608,1609,1607,-1,1610,1611,1612,-1,1607,1613,1614,-1,1615,1616,1617,-1,1618,1617,1619,-1,1617,1616,1619,-1,1619,1616,1613,-1,1616,1614,1613,-1,1620,1610,1605,-1,1607,1609,1605,-1,1607,1614,1608,-1,1605,1609,1620,-1,1610,1620,1611,-1,1610,1612,1598,-1,1603,1599,1621,-1,1612,1599,1598,-1,1622,1621,1623,-1,1621,1599,1623,-1,1595,1603,1621,-1,1595,1621,1574,-1,1575,1596,1623,-1,1599,1573,1575,-1,1575,1623,1599,-1,1623,1596,1622,-1,1596,1574,1622,-1,1622,1574,1621,-1,1573,1612,1588,-1,1612,1573,1599,-1,1589,1588,1612,-1,1586,1585,1609,-1,1593,1611,1620,-1,1584,1608,1614,-1,1608,1584,1586,-1,1609,1585,1620,-1,1608,1586,1609,-1,1593,1589,1611,-1,1585,1593,1620,-1,1612,1611,1589,-1,1584,1616,1570,-1,1616,1584,1614,-1,1617,1571,1615,-1,1572,1571,1617,-1,1570,1615,1571,-1,1615,1570,1616,-1,1572,1618,1590,-1,1618,1572,1617,-1,1618,1591,1590,-1,1591,1618,1619,-1,1619,1583,1591,-1,1619,1613,1583,-1,1613,1582,1583,-1,1613,1607,1582,-1,1600,1576,1578,-1,1576,1606,1579,-1,1606,1576,1600,-1,1580,1579,1605,-1,1606,1605,1579,-1,1610,1587,1580,-1,1580,1605,1610,-1,1600,1578,1601,-1,1577,1602,1601,-1,1601,1578,1577,-1,1602,1581,1604,-1,1581,1602,1577,-1,1581,1582,1604,-1,1604,1582,1607,-1,1610,1592,1587,-1,1610,1598,1592,-1,1594,1592,1598,-1,1598,1597,1594,-1,1624,1625,1626,-1,1627,1628,1629,-1,1630,1624,1626,-1,1630,1631,1624,-1,1632,1633,1630,-1,1634,1635,1636,-1,1628,1637,1638,-1,1637,1639,1638,-1,1628,1627,1637,-1,1640,1641,1642,-1,1628,1643,1640,-1,1644,1645,1646,-1,1641,1647,1648,-1,1648,1645,1644,-1,1649,1650,1646,-1,1651,1650,1649,-1,1650,1644,1646,-1,1652,1653,1654,-1,1655,1653,1651,-1,1653,1655,1654,-1,1656,1652,1654,-1,1652,1656,1657,-1,1648,1658,1645,-1,1655,1651,1649,-1,1647,1659,1648,-1,1648,1659,1658,-1,1642,1660,1640,-1,1634,1641,1648,-1,1642,1641,1636,-1,1634,1636,1641,-1,1660,1628,1640,-1,1661,1627,1629,-1,1643,1628,1638,-1,1662,1632,1629,-1,1661,1629,1632,-1,1632,1662,1633,-1,1630,1626,1663,-1,1633,1631,1630,-1,1663,1626,1664,-1,1665,1632,1630,-1,1665,1666,1632,-1,1667,1639,1637,-1,1639,1668,1638,-1,1668,1639,1667,-1,1643,1638,1669,-1,1668,1669,1638,-1,1670,1640,1643,-1,1643,1669,1670,-1,1667,1637,1671,-1,1627,1672,1671,-1,1671,1637,1627,-1,1672,1661,1673,-1,1661,1672,1627,-1,1661,1632,1673,-1,1673,1632,1666,-1,1670,1641,1640,-1,1670,1674,1641,-1,1674,1647,1641,-1,1674,1675,1647,-1,1676,1646,1645,-1,1646,1677,1649,-1,1677,1646,1676,-1,1655,1649,1678,-1,1677,1678,1649,-1,1679,1654,1655,-1,1655,1678,1679,-1,1676,1645,1680,-1,1658,1681,1680,-1,1680,1645,1658,-1,1681,1659,1682,-1,1659,1681,1658,-1,1659,1647,1682,-1,1682,1647,1675,-1,1653,1652,1683,-1,1644,1650,1684,-1,1651,1685,1686,-1,1648,1687,1688,-1,1687,1648,1644,-1,1684,1650,1686,-1,1687,1644,1684,-1,1651,1653,1685,-1,1650,1651,1686,-1,1683,1685,1653,-1,1648,1689,1634,-1,1689,1648,1688,-1,1690,1635,1691,-1,1636,1635,1690,-1,1634,1691,1635,-1,1691,1634,1689,-1,1636,1692,1642,-1,1692,1636,1690,-1,1660,1642,1692,-1,1662,1629,1693,-1,1628,1694,1695,-1,1633,1696,1697,-1,1696,1633,1662,-1,1693,1629,1695,-1,1696,1662,1693,-1,1628,1660,1694,-1,1629,1628,1695,-1,1692,1694,1660,-1,1633,1698,1631,-1,1698,1633,1697,-1,1625,1624,1699,-1,1700,1626,1625,-1,1625,1699,1700,-1,1699,1624,1701,-1,1624,1631,1701,-1,1701,1631,1698,-1,1702,1703,1700,-1,1700,1701,1665,-1,1693,1673,1666,-1,1702,1700,1665,-1,1701,1698,1665,-1,1700,1699,1701,-1,1698,1697,1665,-1,1689,1690,1691,-1,1672,1673,1693,-1,1669,1668,1695,-1,1671,1668,1667,-1,1670,1692,1674,-1,1695,1670,1669,-1,1687,1676,1680,-1,1674,1688,1675,-1,1688,1687,1680,-1,1677,1676,1684,-1,1686,1677,1684,-1,1684,1676,1687,-1,1683,1679,1685,-1,1678,1686,1685,-1,1685,1679,1678,-1,1704,1679,1683,-1,1683,1705,1704,-1,1688,1680,1681,-1,1678,1677,1686,-1,1675,1688,1682,-1,1688,1681,1682,-1,1692,1670,1694,-1,1689,1688,1674,-1,1692,1690,1674,-1,1689,1674,1690,-1,1694,1670,1695,-1,1672,1695,1671,-1,1671,1695,1668,-1,1666,1696,1693,-1,1693,1695,1672,-1,1666,1697,1696,-1,1665,1697,1666,-1,1654,1704,1656,-1,1654,1679,1704,-1,1652,1705,1683,-1,1705,1652,1657,-1,1630,1702,1665,-1,1630,1663,1702,-1,1626,1703,1664,-1,1703,1626,1700,-1,1706,1707,1708,-1,1709,1710,1711,-1,1712,1713,1708,-1,1714,1715,1711,-1,1711,1716,1709,-1,1714,1711,1710,-1,1710,1709,1717,-1,1710,1713,1712,-1,1713,1710,1717,-1,1713,1706,1708,-1,1718,1719,1720,-1,1719,1721,1722,-1,1723,1724,1725,-1,1718,1721,1719,-1,1722,1721,1726,-1,1719,1722,1727,-1,1725,1724,1728,-1,1726,1721,1723,-1,1721,1729,1723,-1,1723,1729,1724,-1,1720,1719,1711,-1,1711,1715,1720,-1,1718,1714,1710,-1,1718,1710,1721,-1,1717,1709,1726,-1,1723,1713,1717,-1,1717,1726,1723,-1,1725,1713,1723,-1,1725,1706,1713,-1,1726,1709,1722,-1,1722,1716,1727,-1,1716,1722,1709,-1,1716,1711,1727,-1,1727,1711,1719,-1,1729,1712,1724,-1,1710,1729,1721,-1,1729,1710,1712,-1,1712,1708,1724,-1,1724,1708,1728,-1,1708,1707,1728,-1,1730,1731,1732,-1,1733,1734,1735,-1,1736,1737,1738,-1,1737,1739,1740,-1,1740,1739,1741,-1,1737,1740,1738,-1,1742,1738,1732,-1,1743,1744,1741,-1,1745,1730,1746,-1,1738,1742,1736,-1,1741,1744,1740,-1,1742,1732,1731,-1,1731,1730,1745,-1,1745,1746,1735,-1,1733,1735,1747,-1,1735,1746,1747,-1,1748,1749,1747,-1,1750,1751,1732,-1,1752,1746,1730,-1,1753,1738,1740,-1,1738,1753,1750,-1,1732,1751,1730,-1,1738,1750,1732,-1,1752,1748,1746,-1,1751,1752,1730,-1,1747,1746,1748,-1,1753,1744,1754,-1,1753,1740,1744,-1,1754,1743,1755,-1,1743,1754,1744,-1,1743,1741,1756,-1,1743,1756,1755,-1,1742,1757,1758,-1,1757,1731,1759,-1,1731,1757,1742,-1,1760,1759,1745,-1,1731,1745,1759,-1,1735,1761,1760,-1,1760,1745,1735,-1,1742,1758,1736,-1,1762,1737,1736,-1,1736,1758,1762,-1,1737,1763,1739,-1,1763,1737,1762,-1,1763,1756,1739,-1,1739,1756,1741,-1,1763,1753,1756,-1,1764,1749,1761,-1,1762,1750,1753,-1,1753,1763,1762,-1,1762,1758,1750,-1,1755,1756,1754,-1,1752,1760,1748,-1,1751,1750,1757,-1,1759,1752,1751,-1,1750,1758,1757,-1,1756,1753,1754,-1,1757,1759,1751,-1,1759,1760,1752,-1,1760,1761,1748,-1,1748,1761,1749,-1,1761,1765,1764,-1,1749,1764,1733,-1,1733,1747,1749,-1,1734,1765,1761,-1,1734,1761,1735,-1,1766,1767,1768,-1,1769,1770,1771,-1,1767,1766,1772,-1,1773,1769,1771,-1,1767,1770,1769,-1,1774,1769,1773,-1,1767,1775,1770,-1,1771,1770,1776,-1,1777,1776,1770,-1,1778,1777,1770,-1,1778,1770,1779,-1,1780,1775,1781,-1,1772,1782,1775,-1,1772,1775,1767,-1,1782,1781,1775,-1,1780,1781,1783,-1,1775,1784,1770,-1,1775,1785,1784,-1,1771,1786,1773,-1,1774,1773,1787,-1,1786,1787,1773,-1,1788,1769,1774,-1,1774,1787,1788,-1,1786,1771,1789,-1,1789,1776,1790,-1,1776,1789,1771,-1,1776,1777,1790,-1,1790,1777,1791,-1,1788,1792,1767,-1,1788,1767,1769,-1,1766,1793,1772,-1,1782,1772,1794,-1,1793,1794,1772,-1,1795,1781,1782,-1,1782,1794,1795,-1,1793,1766,1796,-1,1796,1768,1797,-1,1768,1796,1766,-1,1768,1767,1797,-1,1797,1767,1792,-1,1792,1793,1796,-1,1798,1799,1795,-1,1796,1797,1792,-1,1786,1789,1788,-1,1788,1789,1784,-1,1784,1792,1788,-1,1786,1788,1787,-1,1784,1789,1790,-1,1791,1784,1790,-1,1785,1792,1784,-1,1784,1791,1800,-1,1800,1801,1784,-1,1793,1785,1794,-1,1793,1792,1785,-1,1798,1795,1785,-1,1794,1785,1795,-1,1784,1779,1770,-1,1784,1801,1779,-1,1775,1780,1798,-1,1798,1785,1775,-1,1799,1783,1781,-1,1799,1781,1795,-1,1778,1791,1777,-1,1791,1778,1800,-1,1802,1803,1804,-1,1805,1806,1807,-1,1808,1809,1810,-1,1811,1809,1808,-1,1811,1812,1813,-1,1813,1809,1811,-1,1812,1814,1813,-1,1815,1814,1816,-1,1814,1817,1818,-1,1819,1820,1821,-1,1822,1823,1804,-1,1823,1802,1804,-1,1820,1824,1805,-1,1823,1815,1802,-1,1802,1815,1816,-1,1825,1812,1819,-1,1814,1812,1817,-1,1814,1818,1816,-1,1812,1825,1817,-1,1819,1821,1825,-1,1819,1824,1820,-1,1805,1824,1826,-1,1827,1806,1805,-1,1828,1807,1806,-1,1827,1805,1826,-1,1829,1830,1831,-1,1832,1833,1834,-1,1831,1835,1829,-1,1836,1837,1838,-1,1832,1834,1838,-1,1839,1837,1836,-1,1836,1838,1834,-1,1840,1841,1839,-1,1842,1843,1844,-1,1839,1845,1846,-1,1847,1848,1849,-1,1850,1849,1851,-1,1849,1848,1851,-1,1851,1848,1845,-1,1848,1846,1845,-1,1852,1842,1837,-1,1839,1841,1837,-1,1839,1846,1840,-1,1837,1841,1852,-1,1842,1852,1843,-1,1842,1844,1830,-1,1835,1831,1853,-1,1844,1831,1830,-1,1854,1853,1855,-1,1853,1831,1855,-1,1827,1835,1853,-1,1827,1853,1806,-1,1807,1828,1855,-1,1831,1805,1807,-1,1807,1855,1831,-1,1855,1828,1854,-1,1828,1806,1854,-1,1854,1806,1853,-1,1805,1844,1820,-1,1844,1805,1831,-1,1821,1820,1844,-1,1818,1817,1841,-1,1825,1843,1852,-1,1816,1840,1846,-1,1840,1816,1818,-1,1841,1817,1852,-1,1840,1818,1841,-1,1825,1821,1843,-1,1817,1825,1852,-1,1844,1843,1821,-1,1816,1848,1802,-1,1848,1816,1846,-1,1849,1803,1847,-1,1804,1803,1849,-1,1802,1847,1803,-1,1847,1802,1848,-1,1804,1850,1822,-1,1850,1804,1849,-1,1850,1823,1822,-1,1823,1850,1851,-1,1851,1815,1823,-1,1851,1845,1815,-1,1845,1814,1815,-1,1845,1839,1814,-1,1832,1808,1810,-1,1808,1838,1811,-1,1838,1808,1832,-1,1812,1811,1837,-1,1838,1837,1811,-1,1842,1819,1812,-1,1812,1837,1842,-1,1832,1810,1833,-1,1809,1834,1833,-1,1833,1810,1809,-1,1834,1813,1836,-1,1813,1834,1809,-1,1813,1814,1836,-1,1836,1814,1839,-1,1842,1824,1819,-1,1842,1830,1824,-1,1826,1824,1830,-1,1830,1829,1826,-1,1856,1857,1858,-1,1859,1860,1861,-1,1862,1863,1858,-1,1864,1865,1861,-1,1861,1866,1859,-1,1864,1861,1860,-1,1860,1859,1867,-1,1860,1863,1862,-1,1863,1860,1867,-1,1863,1856,1858,-1,1868,1869,1870,-1,1869,1871,1872,-1,1873,1874,1875,-1,1868,1871,1869,-1,1872,1871,1876,-1,1869,1872,1877,-1,1875,1874,1878,-1,1876,1871,1873,-1,1871,1879,1873,-1,1873,1879,1874,-1,1870,1869,1861,-1,1861,1865,1870,-1,1868,1864,1860,-1,1868,1860,1871,-1,1867,1859,1876,-1,1873,1863,1867,-1,1867,1876,1873,-1,1875,1863,1873,-1,1875,1856,1863,-1,1876,1859,1872,-1,1872,1866,1877,-1,1866,1872,1859,-1,1866,1861,1877,-1,1877,1861,1869,-1,1879,1862,1874,-1,1860,1879,1871,-1,1879,1860,1862,-1,1862,1858,1874,-1,1874,1858,1878,-1,1858,1857,1878,-1,1880,1881,1882,-1,1883,1884,1885,-1,1886,1880,1882,-1,1886,1887,1880,-1,1888,1889,1886,-1,1890,1891,1892,-1,1884,1893,1894,-1,1893,1895,1894,-1,1884,1883,1893,-1,1896,1897,1898,-1,1884,1899,1896,-1,1900,1901,1902,-1,1897,1903,1904,-1,1904,1901,1900,-1,1905,1906,1902,-1,1907,1906,1905,-1,1906,1900,1902,-1,1908,1909,1910,-1,1911,1909,1907,-1,1909,1911,1910,-1,1912,1908,1910,-1,1908,1912,1913,-1,1904,1914,1901,-1,1911,1907,1905,-1,1903,1915,1904,-1,1904,1915,1914,-1,1898,1916,1896,-1,1890,1897,1904,-1,1898,1897,1892,-1,1890,1892,1897,-1,1916,1884,1896,-1,1917,1883,1885,-1,1899,1884,1894,-1,1918,1888,1885,-1,1917,1885,1888,-1,1888,1918,1889,-1,1886,1882,1919,-1,1889,1887,1886,-1,1919,1882,1920,-1,1921,1888,1886,-1,1921,1922,1888,-1,1923,1895,1893,-1,1895,1924,1894,-1,1924,1895,1923,-1,1899,1894,1925,-1,1924,1925,1894,-1,1926,1896,1899,-1,1899,1925,1926,-1,1923,1893,1927,-1,1883,1928,1927,-1,1927,1893,1883,-1,1928,1917,1929,-1,1917,1928,1883,-1,1917,1888,1929,-1,1929,1888,1922,-1,1926,1897,1896,-1,1926,1930,1897,-1,1930,1903,1897,-1,1930,1931,1903,-1,1932,1902,1901,-1,1902,1933,1905,-1,1933,1902,1932,-1,1911,1905,1934,-1,1933,1934,1905,-1,1935,1910,1911,-1,1911,1934,1935,-1,1932,1901,1936,-1,1914,1937,1936,-1,1936,1901,1914,-1,1937,1915,1938,-1,1915,1937,1914,-1,1915,1903,1938,-1,1938,1903,1931,-1,1909,1908,1939,-1,1900,1906,1940,-1,1907,1941,1942,-1,1904,1943,1944,-1,1943,1904,1900,-1,1940,1906,1942,-1,1943,1900,1940,-1,1907,1909,1941,-1,1906,1907,1942,-1,1939,1941,1909,-1,1904,1945,1890,-1,1945,1904,1944,-1,1946,1891,1947,-1,1892,1891,1946,-1,1890,1947,1891,-1,1947,1890,1945,-1,1892,1948,1898,-1,1948,1892,1946,-1,1916,1898,1948,-1,1918,1885,1949,-1,1884,1950,1951,-1,1889,1952,1953,-1,1952,1889,1918,-1,1949,1885,1951,-1,1952,1918,1949,-1,1884,1916,1950,-1,1885,1884,1951,-1,1948,1950,1916,-1,1889,1954,1887,-1,1954,1889,1953,-1,1881,1880,1955,-1,1956,1882,1881,-1,1881,1955,1956,-1,1955,1880,1957,-1,1880,1887,1957,-1,1957,1887,1954,-1,1958,1959,1956,-1,1956,1957,1921,-1,1949,1929,1922,-1,1958,1956,1921,-1,1957,1954,1921,-1,1956,1955,1957,-1,1954,1953,1921,-1,1945,1946,1947,-1,1928,1929,1949,-1,1925,1924,1951,-1,1927,1924,1923,-1,1926,1948,1930,-1,1951,1926,1925,-1,1943,1932,1936,-1,1930,1944,1931,-1,1944,1943,1936,-1,1933,1932,1940,-1,1942,1933,1940,-1,1940,1932,1943,-1,1939,1935,1941,-1,1934,1942,1941,-1,1941,1935,1934,-1,1960,1935,1939,-1,1939,1961,1960,-1,1944,1936,1937,-1,1934,1933,1942,-1,1931,1944,1938,-1,1944,1937,1938,-1,1948,1926,1950,-1,1945,1944,1930,-1,1948,1946,1930,-1,1945,1930,1946,-1,1950,1926,1951,-1,1928,1951,1927,-1,1927,1951,1924,-1,1922,1952,1949,-1,1949,1951,1928,-1,1922,1953,1952,-1,1921,1953,1922,-1,1910,1960,1912,-1,1910,1935,1960,-1,1908,1961,1939,-1,1961,1908,1913,-1,1886,1958,1921,-1,1886,1919,1958,-1,1882,1959,1920,-1,1959,1882,1956,-1,1962,1963,1964,-1,1965,1966,1967,-1,1968,1969,1970,-1,1969,1971,1972,-1,1972,1971,1973,-1,1969,1972,1970,-1,1974,1970,1964,-1,1975,1976,1973,-1,1977,1962,1978,-1,1970,1974,1968,-1,1973,1976,1972,-1,1974,1964,1963,-1,1963,1962,1977,-1,1977,1978,1967,-1,1965,1967,1979,-1,1967,1978,1979,-1,1980,1981,1979,-1,1982,1983,1964,-1,1984,1978,1962,-1,1985,1970,1972,-1,1970,1985,1982,-1,1964,1983,1962,-1,1970,1982,1964,-1,1984,1980,1978,-1,1983,1984,1962,-1,1979,1978,1980,-1,1985,1976,1986,-1,1985,1972,1976,-1,1986,1975,1987,-1,1975,1986,1976,-1,1975,1973,1988,-1,1975,1988,1987,-1,1974,1989,1990,-1,1989,1963,1991,-1,1963,1989,1974,-1,1992,1991,1977,-1,1963,1977,1991,-1,1967,1993,1992,-1,1992,1977,1967,-1,1974,1990,1968,-1,1994,1969,1968,-1,1968,1990,1994,-1,1969,1995,1971,-1,1995,1969,1994,-1,1995,1988,1971,-1,1971,1988,1973,-1,1995,1985,1988,-1,1996,1981,1993,-1,1994,1982,1985,-1,1985,1995,1994,-1,1994,1990,1982,-1,1987,1988,1986,-1,1984,1992,1980,-1,1983,1982,1989,-1,1991,1984,1983,-1,1982,1990,1989,-1,1988,1985,1986,-1,1989,1991,1983,-1,1991,1992,1984,-1,1992,1993,1980,-1,1980,1993,1981,-1,1993,1997,1996,-1,1981,1996,1965,-1,1965,1979,1981,-1,1966,1997,1993,-1,1966,1993,1967,-1,1998,1999,2000,-1,2001,2002,2003,-1,1999,1998,2004,-1,2005,2001,2003,-1,1999,2002,2001,-1,2006,2001,2005,-1,1999,2007,2002,-1,2003,2002,2008,-1,2009,2008,2002,-1,2010,2009,2002,-1,2010,2002,2011,-1,2012,2007,2013,-1,2004,2014,2007,-1,2004,2007,1999,-1,2014,2013,2007,-1,2012,2013,2015,-1,2007,2016,2002,-1,2007,2017,2016,-1,2003,2018,2005,-1,2006,2005,2019,-1,2018,2019,2005,-1,2020,2001,2006,-1,2006,2019,2020,-1,2018,2003,2021,-1,2021,2008,2022,-1,2008,2021,2003,-1,2008,2009,2022,-1,2022,2009,2023,-1,2020,2024,1999,-1,2020,1999,2001,-1,1998,2025,2004,-1,2014,2004,2026,-1,2025,2026,2004,-1,2027,2013,2014,-1,2014,2026,2027,-1,2025,1998,2028,-1,2028,2000,2029,-1,2000,2028,1998,-1,2000,1999,2029,-1,2029,1999,2024,-1,2024,2025,2028,-1,2030,2031,2027,-1,2028,2029,2024,-1,2018,2021,2020,-1,2020,2021,2016,-1,2016,2024,2020,-1,2018,2020,2019,-1,2016,2021,2022,-1,2023,2016,2022,-1,2017,2024,2016,-1,2016,2023,2032,-1,2032,2033,2016,-1,2025,2017,2026,-1,2025,2024,2017,-1,2030,2027,2017,-1,2026,2017,2027,-1,2016,2011,2002,-1,2016,2033,2011,-1,2007,2012,2030,-1,2030,2017,2007,-1,2031,2015,2013,-1,2031,2013,2027,-1,2010,2023,2009,-1,2023,2010,2032,-1,2034,2035,2036,-1,2037,2038,2039,-1,2040,2041,2042,-1,2043,2041,2040,-1,2043,2044,2045,-1,2045,2041,2043,-1,2044,2046,2045,-1,2047,2046,2048,-1,2046,2049,2050,-1,2051,2052,2053,-1,2054,2055,2036,-1,2055,2034,2036,-1,2052,2056,2037,-1,2055,2047,2034,-1,2034,2047,2048,-1,2057,2044,2051,-1,2046,2044,2049,-1,2046,2050,2048,-1,2044,2057,2049,-1,2051,2053,2057,-1,2051,2056,2052,-1,2037,2056,2058,-1,2059,2038,2037,-1,2060,2039,2038,-1,2059,2037,2058,-1,2061,2062,2063,-1,2064,2065,2066,-1,2063,2067,2061,-1,2068,2069,2070,-1,2064,2066,2070,-1,2071,2069,2068,-1,2068,2070,2066,-1,2072,2073,2071,-1,2074,2075,2076,-1,2071,2077,2078,-1,2079,2080,2081,-1,2082,2081,2083,-1,2081,2080,2083,-1,2083,2080,2077,-1,2080,2078,2077,-1,2084,2074,2069,-1,2071,2073,2069,-1,2071,2078,2072,-1,2069,2073,2084,-1,2074,2084,2075,-1,2074,2076,2062,-1,2067,2063,2085,-1,2076,2063,2062,-1,2086,2085,2087,-1,2085,2063,2087,-1,2059,2067,2085,-1,2059,2085,2038,-1,2039,2060,2087,-1,2063,2037,2039,-1,2039,2087,2063,-1,2087,2060,2086,-1,2060,2038,2086,-1,2086,2038,2085,-1,2037,2076,2052,-1,2076,2037,2063,-1,2053,2052,2076,-1,2050,2049,2073,-1,2057,2075,2084,-1,2048,2072,2078,-1,2072,2048,2050,-1,2073,2049,2084,-1,2072,2050,2073,-1,2057,2053,2075,-1,2049,2057,2084,-1,2076,2075,2053,-1,2048,2080,2034,-1,2080,2048,2078,-1,2081,2035,2079,-1,2036,2035,2081,-1,2034,2079,2035,-1,2079,2034,2080,-1,2036,2082,2054,-1,2082,2036,2081,-1,2082,2055,2054,-1,2055,2082,2083,-1,2083,2047,2055,-1,2083,2077,2047,-1,2077,2046,2047,-1,2077,2071,2046,-1,2064,2040,2042,-1,2040,2070,2043,-1,2070,2040,2064,-1,2044,2043,2069,-1,2070,2069,2043,-1,2074,2051,2044,-1,2044,2069,2074,-1,2064,2042,2065,-1,2041,2066,2065,-1,2065,2042,2041,-1,2066,2045,2068,-1,2045,2066,2041,-1,2045,2046,2068,-1,2068,2046,2071,-1,2074,2056,2051,-1,2074,2062,2056,-1,2058,2056,2062,-1,2062,2061,2058,-1,2088,2089,2090,-1,2091,2092,2093,-1,2094,2095,2090,-1,2096,2097,2093,-1,2093,2098,2091,-1,2096,2093,2092,-1,2092,2091,2099,-1,2092,2095,2094,-1,2095,2092,2099,-1,2095,2088,2090,-1,2100,2101,2102,-1,2101,2103,2104,-1,2105,2106,2107,-1,2100,2103,2101,-1,2104,2103,2108,-1,2101,2104,2109,-1,2107,2106,2110,-1,2108,2103,2105,-1,2103,2111,2105,-1,2105,2111,2106,-1,2102,2101,2093,-1,2093,2097,2102,-1,2100,2096,2092,-1,2100,2092,2103,-1,2099,2091,2108,-1,2105,2095,2099,-1,2099,2108,2105,-1,2107,2095,2105,-1,2107,2088,2095,-1,2108,2091,2104,-1,2104,2098,2109,-1,2098,2104,2091,-1,2098,2093,2109,-1,2109,2093,2101,-1,2111,2094,2106,-1,2092,2111,2103,-1,2111,2092,2094,-1,2094,2090,2106,-1,2106,2090,2110,-1,2090,2089,2110,-1,2112,2113,2114,-1,2115,2116,2117,-1,2118,2112,2114,-1,2118,2119,2112,-1,2120,2121,2118,-1,2122,2123,2124,-1,2116,2125,2126,-1,2125,2127,2126,-1,2116,2115,2125,-1,2128,2129,2130,-1,2116,2131,2128,-1,2132,2133,2134,-1,2129,2135,2136,-1,2136,2133,2132,-1,2137,2138,2134,-1,2139,2138,2137,-1,2138,2132,2134,-1,2140,2141,2142,-1,2143,2141,2139,-1,2141,2143,2142,-1,2144,2140,2142,-1,2140,2144,2145,-1,2136,2146,2133,-1,2143,2139,2137,-1,2135,2147,2136,-1,2136,2147,2146,-1,2130,2148,2128,-1,2122,2129,2136,-1,2130,2129,2124,-1,2122,2124,2129,-1,2148,2116,2128,-1,2149,2115,2117,-1,2131,2116,2126,-1,2150,2120,2117,-1,2149,2117,2120,-1,2120,2150,2121,-1,2118,2114,2151,-1,2121,2119,2118,-1,2151,2114,2152,-1,2153,2120,2118,-1,2153,2154,2120,-1,2155,2127,2125,-1,2127,2156,2126,-1,2156,2127,2155,-1,2131,2126,2157,-1,2156,2157,2126,-1,2158,2128,2131,-1,2131,2157,2158,-1,2155,2125,2159,-1,2115,2160,2159,-1,2159,2125,2115,-1,2160,2149,2161,-1,2149,2160,2115,-1,2149,2120,2161,-1,2161,2120,2154,-1,2158,2129,2128,-1,2158,2162,2129,-1,2162,2135,2129,-1,2162,2163,2135,-1,2164,2134,2133,-1,2134,2165,2137,-1,2165,2134,2164,-1,2143,2137,2166,-1,2165,2166,2137,-1,2167,2142,2143,-1,2143,2166,2167,-1,2164,2133,2168,-1,2146,2169,2168,-1,2168,2133,2146,-1,2169,2147,2170,-1,2147,2169,2146,-1,2147,2135,2170,-1,2170,2135,2163,-1,2141,2140,2171,-1,2132,2138,2172,-1,2139,2173,2174,-1,2136,2175,2176,-1,2175,2136,2132,-1,2172,2138,2174,-1,2175,2132,2172,-1,2139,2141,2173,-1,2138,2139,2174,-1,2171,2173,2141,-1,2136,2177,2122,-1,2177,2136,2176,-1,2178,2123,2179,-1,2124,2123,2178,-1,2122,2179,2123,-1,2179,2122,2177,-1,2124,2180,2130,-1,2180,2124,2178,-1,2148,2130,2180,-1,2150,2117,2181,-1,2116,2182,2183,-1,2121,2184,2185,-1,2184,2121,2150,-1,2181,2117,2183,-1,2184,2150,2181,-1,2116,2148,2182,-1,2117,2116,2183,-1,2180,2182,2148,-1,2121,2186,2119,-1,2186,2121,2185,-1,2113,2112,2187,-1,2188,2114,2113,-1,2113,2187,2188,-1,2187,2112,2189,-1,2112,2119,2189,-1,2189,2119,2186,-1,2190,2191,2188,-1,2188,2189,2153,-1,2181,2161,2154,-1,2190,2188,2153,-1,2189,2186,2153,-1,2188,2187,2189,-1,2186,2185,2153,-1,2177,2178,2179,-1,2160,2161,2181,-1,2157,2156,2183,-1,2159,2156,2155,-1,2158,2180,2162,-1,2183,2158,2157,-1,2175,2164,2168,-1,2162,2176,2163,-1,2176,2175,2168,-1,2165,2164,2172,-1,2174,2165,2172,-1,2172,2164,2175,-1,2171,2167,2173,-1,2166,2174,2173,-1,2173,2167,2166,-1,2192,2167,2171,-1,2171,2193,2192,-1,2176,2168,2169,-1,2166,2165,2174,-1,2163,2176,2170,-1,2176,2169,2170,-1,2180,2158,2182,-1,2177,2176,2162,-1,2180,2178,2162,-1,2177,2162,2178,-1,2182,2158,2183,-1,2160,2183,2159,-1,2159,2183,2156,-1,2154,2184,2181,-1,2181,2183,2160,-1,2154,2185,2184,-1,2153,2185,2154,-1,2142,2192,2144,-1,2142,2167,2192,-1,2140,2193,2171,-1,2193,2140,2145,-1,2118,2190,2153,-1,2118,2151,2190,-1,2114,2191,2152,-1,2191,2114,2188,-1,2194,2195,2196,-1,2197,2198,2199,-1,2200,2201,2202,-1,2201,2203,2204,-1,2204,2203,2205,-1,2201,2204,2202,-1,2206,2202,2196,-1,2207,2208,2205,-1,2209,2194,2210,-1,2202,2206,2200,-1,2205,2208,2204,-1,2206,2196,2195,-1,2195,2194,2209,-1,2209,2210,2199,-1,2197,2199,2211,-1,2199,2210,2211,-1,2212,2213,2211,-1,2214,2215,2196,-1,2216,2210,2194,-1,2217,2202,2204,-1,2202,2217,2214,-1,2196,2215,2194,-1,2202,2214,2196,-1,2216,2212,2210,-1,2215,2216,2194,-1,2211,2210,2212,-1,2217,2208,2218,-1,2217,2204,2208,-1,2218,2207,2219,-1,2207,2218,2208,-1,2207,2205,2220,-1,2207,2220,2219,-1,2206,2221,2222,-1,2221,2195,2223,-1,2195,2221,2206,-1,2224,2223,2209,-1,2195,2209,2223,-1,2199,2225,2224,-1,2224,2209,2199,-1,2206,2222,2200,-1,2226,2201,2200,-1,2200,2222,2226,-1,2201,2227,2203,-1,2227,2201,2226,-1,2227,2220,2203,-1,2203,2220,2205,-1,2227,2217,2220,-1,2228,2213,2225,-1,2226,2214,2217,-1,2217,2227,2226,-1,2226,2222,2214,-1,2219,2220,2218,-1,2216,2224,2212,-1,2215,2214,2221,-1,2223,2216,2215,-1,2214,2222,2221,-1,2220,2217,2218,-1,2221,2223,2215,-1,2223,2224,2216,-1,2224,2225,2212,-1,2212,2225,2213,-1,2225,2229,2228,-1,2213,2228,2197,-1,2197,2211,2213,-1,2198,2229,2225,-1,2198,2225,2199,-1,2230,2231,2232,-1,2233,2234,2235,-1,2231,2230,2236,-1,2237,2233,2235,-1,2231,2234,2233,-1,2238,2233,2237,-1,2231,2239,2234,-1,2235,2234,2240,-1,2241,2240,2234,-1,2242,2241,2234,-1,2242,2234,2243,-1,2244,2239,2245,-1,2236,2246,2239,-1,2236,2239,2231,-1,2246,2245,2239,-1,2244,2245,2247,-1,2239,2248,2234,-1,2239,2249,2248,-1,2235,2250,2237,-1,2238,2237,2251,-1,2250,2251,2237,-1,2252,2233,2238,-1,2238,2251,2252,-1,2250,2235,2253,-1,2253,2240,2254,-1,2240,2253,2235,-1,2240,2241,2254,-1,2254,2241,2255,-1,2252,2256,2231,-1,2252,2231,2233,-1,2230,2257,2236,-1,2246,2236,2258,-1,2257,2258,2236,-1,2259,2245,2246,-1,2246,2258,2259,-1,2257,2230,2260,-1,2260,2232,2261,-1,2232,2260,2230,-1,2232,2231,2261,-1,2261,2231,2256,-1,2256,2257,2260,-1,2262,2263,2259,-1,2260,2261,2256,-1,2250,2253,2252,-1,2252,2253,2248,-1,2248,2256,2252,-1,2250,2252,2251,-1,2248,2253,2254,-1,2255,2248,2254,-1,2249,2256,2248,-1,2248,2255,2264,-1,2264,2265,2248,-1,2257,2249,2258,-1,2257,2256,2249,-1,2262,2259,2249,-1,2258,2249,2259,-1,2248,2243,2234,-1,2248,2265,2243,-1,2239,2244,2262,-1,2262,2249,2239,-1,2263,2247,2245,-1,2263,2245,2259,-1,2242,2255,2241,-1,2255,2242,2264,-1,2266,2267,2268,-1,2269,2270,2271,-1,2272,2273,2274,-1,2275,2273,2272,-1,2275,2276,2277,-1,2277,2273,2275,-1,2276,2278,2277,-1,2279,2278,2280,-1,2278,2281,2282,-1,2283,2284,2285,-1,2286,2287,2268,-1,2287,2266,2268,-1,2284,2288,2269,-1,2287,2279,2266,-1,2266,2279,2280,-1,2289,2276,2283,-1,2278,2276,2281,-1,2278,2282,2280,-1,2276,2289,2281,-1,2283,2285,2289,-1,2283,2288,2284,-1,2269,2288,2290,-1,2291,2270,2269,-1,2292,2271,2270,-1,2291,2269,2290,-1,2293,2294,2295,-1,2296,2297,2298,-1,2295,2299,2293,-1,2300,2301,2302,-1,2296,2298,2302,-1,2303,2301,2300,-1,2300,2302,2298,-1,2304,2305,2303,-1,2306,2307,2308,-1,2303,2309,2310,-1,2311,2312,2313,-1,2314,2313,2315,-1,2313,2312,2315,-1,2315,2312,2309,-1,2312,2310,2309,-1,2316,2306,2301,-1,2303,2305,2301,-1,2303,2310,2304,-1,2301,2305,2316,-1,2306,2316,2307,-1,2306,2308,2294,-1,2299,2295,2317,-1,2308,2295,2294,-1,2318,2317,2319,-1,2317,2295,2319,-1,2291,2299,2317,-1,2291,2317,2270,-1,2271,2292,2319,-1,2295,2269,2271,-1,2271,2319,2295,-1,2319,2292,2318,-1,2292,2270,2318,-1,2318,2270,2317,-1,2269,2308,2284,-1,2308,2269,2295,-1,2285,2284,2308,-1,2282,2281,2305,-1,2289,2307,2316,-1,2280,2304,2310,-1,2304,2280,2282,-1,2305,2281,2316,-1,2304,2282,2305,-1,2289,2285,2307,-1,2281,2289,2316,-1,2308,2307,2285,-1,2280,2312,2266,-1,2312,2280,2310,-1,2313,2267,2311,-1,2268,2267,2313,-1,2266,2311,2267,-1,2311,2266,2312,-1,2268,2314,2286,-1,2314,2268,2313,-1,2314,2287,2286,-1,2287,2314,2315,-1,2315,2279,2287,-1,2315,2309,2279,-1,2309,2278,2279,-1,2309,2303,2278,-1,2296,2272,2274,-1,2272,2302,2275,-1,2302,2272,2296,-1,2276,2275,2301,-1,2302,2301,2275,-1,2306,2283,2276,-1,2276,2301,2306,-1,2296,2274,2297,-1,2273,2298,2297,-1,2297,2274,2273,-1,2298,2277,2300,-1,2277,2298,2273,-1,2277,2278,2300,-1,2300,2278,2303,-1,2306,2288,2283,-1,2306,2294,2288,-1,2290,2288,2294,-1,2294,2293,2290,-1,2320,2321,2322,-1,2323,2324,2325,-1,2326,2327,2322,-1,2328,2329,2325,-1,2325,2330,2323,-1,2328,2325,2324,-1,2324,2323,2331,-1,2324,2327,2326,-1,2327,2324,2331,-1,2327,2320,2322,-1,2332,2333,2334,-1,2333,2335,2336,-1,2337,2338,2339,-1,2332,2335,2333,-1,2336,2335,2340,-1,2333,2336,2341,-1,2339,2338,2342,-1,2340,2335,2337,-1,2335,2343,2337,-1,2337,2343,2338,-1,2334,2333,2325,-1,2325,2329,2334,-1,2332,2328,2324,-1,2332,2324,2335,-1,2331,2323,2340,-1,2337,2327,2331,-1,2331,2340,2337,-1,2339,2327,2337,-1,2339,2320,2327,-1,2340,2323,2336,-1,2336,2330,2341,-1,2330,2336,2323,-1,2330,2325,2341,-1,2341,2325,2333,-1,2343,2326,2338,-1,2324,2343,2335,-1,2343,2324,2326,-1,2326,2322,2338,-1,2338,2322,2342,-1,2322,2321,2342,-1,2344,2345,2346,-1,2347,2348,2349,-1,2350,2344,2346,-1,2350,2351,2344,-1,2352,2353,2350,-1,2354,2355,2356,-1,2348,2357,2358,-1,2357,2359,2358,-1,2348,2347,2357,-1,2360,2361,2362,-1,2348,2363,2360,-1,2364,2365,2366,-1,2361,2367,2368,-1,2368,2365,2364,-1,2369,2370,2366,-1,2371,2370,2369,-1,2370,2364,2366,-1,2372,2373,2374,-1,2375,2373,2371,-1,2373,2375,2374,-1,2376,2372,2374,-1,2372,2376,2377,-1,2368,2378,2365,-1,2375,2371,2369,-1,2367,2379,2368,-1,2368,2379,2378,-1,2362,2380,2360,-1,2354,2361,2368,-1,2362,2361,2356,-1,2354,2356,2361,-1,2380,2348,2360,-1,2381,2347,2349,-1,2363,2348,2358,-1,2382,2352,2349,-1,2381,2349,2352,-1,2352,2382,2353,-1,2350,2346,2383,-1,2353,2351,2350,-1,2383,2346,2384,-1,2385,2352,2350,-1,2385,2386,2352,-1,2387,2359,2357,-1,2359,2388,2358,-1,2388,2359,2387,-1,2363,2358,2389,-1,2388,2389,2358,-1,2390,2360,2363,-1,2363,2389,2390,-1,2387,2357,2391,-1,2347,2392,2391,-1,2391,2357,2347,-1,2392,2381,2393,-1,2381,2392,2347,-1,2381,2352,2393,-1,2393,2352,2386,-1,2390,2361,2360,-1,2390,2394,2361,-1,2394,2367,2361,-1,2394,2395,2367,-1,2396,2366,2365,-1,2366,2397,2369,-1,2397,2366,2396,-1,2375,2369,2398,-1,2397,2398,2369,-1,2399,2374,2375,-1,2375,2398,2399,-1,2396,2365,2400,-1,2378,2401,2400,-1,2400,2365,2378,-1,2401,2379,2402,-1,2379,2401,2378,-1,2379,2367,2402,-1,2402,2367,2395,-1,2373,2372,2403,-1,2364,2370,2404,-1,2371,2405,2406,-1,2368,2407,2408,-1,2407,2368,2364,-1,2404,2370,2406,-1,2407,2364,2404,-1,2371,2373,2405,-1,2370,2371,2406,-1,2403,2405,2373,-1,2368,2409,2354,-1,2409,2368,2408,-1,2410,2355,2411,-1,2356,2355,2410,-1,2354,2411,2355,-1,2411,2354,2409,-1,2356,2412,2362,-1,2412,2356,2410,-1,2380,2362,2412,-1,2382,2349,2413,-1,2348,2414,2415,-1,2353,2416,2417,-1,2416,2353,2382,-1,2413,2349,2415,-1,2416,2382,2413,-1,2348,2380,2414,-1,2349,2348,2415,-1,2412,2414,2380,-1,2353,2418,2351,-1,2418,2353,2417,-1,2345,2344,2419,-1,2420,2346,2345,-1,2345,2419,2420,-1,2419,2344,2421,-1,2344,2351,2421,-1,2421,2351,2418,-1,2422,2423,2420,-1,2420,2421,2385,-1,2413,2393,2386,-1,2422,2420,2385,-1,2421,2418,2385,-1,2420,2419,2421,-1,2418,2417,2385,-1,2409,2410,2411,-1,2392,2393,2413,-1,2389,2388,2415,-1,2391,2388,2387,-1,2390,2412,2394,-1,2415,2390,2389,-1,2407,2396,2400,-1,2394,2408,2395,-1,2408,2407,2400,-1,2397,2396,2404,-1,2406,2397,2404,-1,2404,2396,2407,-1,2403,2399,2405,-1,2398,2406,2405,-1,2405,2399,2398,-1,2424,2399,2403,-1,2403,2425,2424,-1,2408,2400,2401,-1,2398,2397,2406,-1,2395,2408,2402,-1,2408,2401,2402,-1,2412,2390,2414,-1,2409,2408,2394,-1,2412,2410,2394,-1,2409,2394,2410,-1,2414,2390,2415,-1,2392,2415,2391,-1,2391,2415,2388,-1,2386,2416,2413,-1,2413,2415,2392,-1,2386,2417,2416,-1,2385,2417,2386,-1,2374,2424,2376,-1,2374,2399,2424,-1,2372,2425,2403,-1,2425,2372,2377,-1,2350,2422,2385,-1,2350,2383,2422,-1,2346,2423,2384,-1,2423,2346,2420,-1,2426,2427,2428,-1,2429,2430,2431,-1,2432,2433,2434,-1,2433,2435,2436,-1,2436,2435,2437,-1,2433,2436,2434,-1,2438,2434,2428,-1,2439,2440,2437,-1,2441,2426,2442,-1,2434,2438,2432,-1,2437,2440,2436,-1,2438,2428,2427,-1,2427,2426,2441,-1,2441,2442,2431,-1,2429,2431,2443,-1,2431,2442,2443,-1,2444,2445,2443,-1,2446,2447,2428,-1,2448,2442,2426,-1,2449,2434,2436,-1,2434,2449,2446,-1,2428,2447,2426,-1,2434,2446,2428,-1,2448,2444,2442,-1,2447,2448,2426,-1,2443,2442,2444,-1,2449,2440,2450,-1,2449,2436,2440,-1,2450,2439,2451,-1,2439,2450,2440,-1,2439,2437,2452,-1,2439,2452,2451,-1,2438,2453,2454,-1,2453,2427,2455,-1,2427,2453,2438,-1,2456,2455,2441,-1,2427,2441,2455,-1,2431,2457,2456,-1,2456,2441,2431,-1,2438,2454,2432,-1,2458,2433,2432,-1,2432,2454,2458,-1,2433,2459,2435,-1,2459,2433,2458,-1,2459,2452,2435,-1,2435,2452,2437,-1,2459,2449,2452,-1,2460,2445,2457,-1,2458,2446,2449,-1,2449,2459,2458,-1,2458,2454,2446,-1,2451,2452,2450,-1,2448,2456,2444,-1,2447,2446,2453,-1,2455,2448,2447,-1,2446,2454,2453,-1,2452,2449,2450,-1,2453,2455,2447,-1,2455,2456,2448,-1,2456,2457,2444,-1,2444,2457,2445,-1,2457,2461,2460,-1,2445,2460,2429,-1,2429,2443,2445,-1,2430,2461,2457,-1,2430,2457,2431,-1,2462,2463,2464,-1,2465,2466,2467,-1,2463,2462,2468,-1,2469,2465,2467,-1,2463,2466,2465,-1,2470,2465,2469,-1,2463,2471,2466,-1,2467,2466,2472,-1,2473,2472,2466,-1,2474,2473,2466,-1,2474,2466,2475,-1,2476,2471,2477,-1,2468,2478,2471,-1,2468,2471,2463,-1,2478,2477,2471,-1,2476,2477,2479,-1,2471,2480,2466,-1,2471,2481,2480,-1,2467,2482,2469,-1,2470,2469,2483,-1,2482,2483,2469,-1,2484,2465,2470,-1,2470,2483,2484,-1,2482,2467,2485,-1,2485,2472,2486,-1,2472,2485,2467,-1,2472,2473,2486,-1,2486,2473,2487,-1,2484,2488,2463,-1,2484,2463,2465,-1,2462,2489,2468,-1,2478,2468,2490,-1,2489,2490,2468,-1,2491,2477,2478,-1,2478,2490,2491,-1,2489,2462,2492,-1,2492,2464,2493,-1,2464,2492,2462,-1,2464,2463,2493,-1,2493,2463,2488,-1,2488,2489,2492,-1,2494,2495,2491,-1,2492,2493,2488,-1,2482,2485,2484,-1,2484,2485,2480,-1,2480,2488,2484,-1,2482,2484,2483,-1,2480,2485,2486,-1,2487,2480,2486,-1,2481,2488,2480,-1,2480,2487,2496,-1,2496,2497,2480,-1,2489,2481,2490,-1,2489,2488,2481,-1,2494,2491,2481,-1,2490,2481,2491,-1,2480,2475,2466,-1,2480,2497,2475,-1,2471,2476,2494,-1,2494,2481,2471,-1,2495,2479,2477,-1,2495,2477,2491,-1,2474,2487,2473,-1,2487,2474,2496,-1,2498,2499,2500,-1,2501,2502,2503,-1,2504,2505,2506,-1,2507,2505,2504,-1,2507,2508,2509,-1,2509,2505,2507,-1,2508,2510,2509,-1,2511,2510,2512,-1,2510,2513,2514,-1,2515,2516,2517,-1,2518,2519,2500,-1,2519,2498,2500,-1,2516,2520,2501,-1,2519,2511,2498,-1,2498,2511,2512,-1,2521,2508,2515,-1,2510,2508,2513,-1,2510,2514,2512,-1,2508,2521,2513,-1,2515,2517,2521,-1,2515,2520,2516,-1,2501,2520,2522,-1,2523,2502,2501,-1,2524,2503,2502,-1,2523,2501,2522,-1,2525,2526,2527,-1,2528,2529,2530,-1,2527,2531,2525,-1,2532,2533,2534,-1,2528,2530,2534,-1,2535,2533,2532,-1,2532,2534,2530,-1,2536,2537,2535,-1,2538,2539,2540,-1,2535,2541,2542,-1,2543,2544,2545,-1,2546,2545,2547,-1,2545,2544,2547,-1,2547,2544,2541,-1,2544,2542,2541,-1,2548,2538,2533,-1,2535,2537,2533,-1,2535,2542,2536,-1,2533,2537,2548,-1,2538,2548,2539,-1,2538,2540,2526,-1,2531,2527,2549,-1,2540,2527,2526,-1,2550,2549,2551,-1,2549,2527,2551,-1,2523,2531,2549,-1,2523,2549,2502,-1,2503,2524,2551,-1,2527,2501,2503,-1,2503,2551,2527,-1,2551,2524,2550,-1,2524,2502,2550,-1,2550,2502,2549,-1,2501,2540,2516,-1,2540,2501,2527,-1,2517,2516,2540,-1,2514,2513,2537,-1,2521,2539,2548,-1,2512,2536,2542,-1,2536,2512,2514,-1,2537,2513,2548,-1,2536,2514,2537,-1,2521,2517,2539,-1,2513,2521,2548,-1,2540,2539,2517,-1,2512,2544,2498,-1,2544,2512,2542,-1,2545,2499,2543,-1,2500,2499,2545,-1,2498,2543,2499,-1,2543,2498,2544,-1,2500,2546,2518,-1,2546,2500,2545,-1,2546,2519,2518,-1,2519,2546,2547,-1,2547,2511,2519,-1,2547,2541,2511,-1,2541,2510,2511,-1,2541,2535,2510,-1,2528,2504,2506,-1,2504,2534,2507,-1,2534,2504,2528,-1,2508,2507,2533,-1,2534,2533,2507,-1,2538,2515,2508,-1,2508,2533,2538,-1,2528,2506,2529,-1,2505,2530,2529,-1,2529,2506,2505,-1,2530,2509,2532,-1,2509,2530,2505,-1,2509,2510,2532,-1,2532,2510,2535,-1,2538,2520,2515,-1,2538,2526,2520,-1,2522,2520,2526,-1,2526,2525,2522,-1,2552,2553,2554,-1,2555,2556,2557,-1,2558,2559,2554,-1,2560,2561,2557,-1,2557,2562,2555,-1,2560,2557,2556,-1,2556,2555,2563,-1,2556,2559,2558,-1,2559,2556,2563,-1,2559,2552,2554,-1,2564,2565,2566,-1,2565,2567,2568,-1,2569,2570,2571,-1,2564,2567,2565,-1,2568,2567,2572,-1,2565,2568,2573,-1,2571,2570,2574,-1,2572,2567,2569,-1,2567,2575,2569,-1,2569,2575,2570,-1,2566,2565,2557,-1,2557,2561,2566,-1,2564,2560,2556,-1,2564,2556,2567,-1,2563,2555,2572,-1,2569,2559,2563,-1,2563,2572,2569,-1,2571,2559,2569,-1,2571,2552,2559,-1,2572,2555,2568,-1,2568,2562,2573,-1,2562,2568,2555,-1,2562,2557,2573,-1,2573,2557,2565,-1,2575,2558,2570,-1,2556,2575,2567,-1,2575,2556,2558,-1,2558,2554,2570,-1,2570,2554,2574,-1,2554,2553,2574,-1,2576,2577,2578,-1,2579,2580,2581,-1,2582,2576,2578,-1,2582,2583,2576,-1,2584,2585,2582,-1,2586,2587,2588,-1,2580,2589,2590,-1,2589,2591,2590,-1,2580,2579,2589,-1,2592,2593,2594,-1,2580,2595,2592,-1,2596,2597,2598,-1,2593,2599,2600,-1,2600,2597,2596,-1,2601,2602,2598,-1,2603,2602,2601,-1,2602,2596,2598,-1,2604,2605,2606,-1,2607,2605,2603,-1,2605,2607,2606,-1,2608,2604,2606,-1,2604,2608,2609,-1,2600,2610,2597,-1,2607,2603,2601,-1,2599,2611,2600,-1,2600,2611,2610,-1,2594,2612,2592,-1,2586,2593,2600,-1,2594,2593,2588,-1,2586,2588,2593,-1,2612,2580,2592,-1,2613,2579,2581,-1,2595,2580,2590,-1,2614,2584,2581,-1,2613,2581,2584,-1,2584,2614,2585,-1,2582,2578,2615,-1,2585,2583,2582,-1,2615,2578,2616,-1,2617,2584,2582,-1,2617,2618,2584,-1,2619,2591,2589,-1,2591,2620,2590,-1,2620,2591,2619,-1,2595,2590,2621,-1,2620,2621,2590,-1,2622,2592,2595,-1,2595,2621,2622,-1,2619,2589,2623,-1,2579,2624,2623,-1,2623,2589,2579,-1,2624,2613,2625,-1,2613,2624,2579,-1,2613,2584,2625,-1,2625,2584,2618,-1,2622,2593,2592,-1,2622,2626,2593,-1,2626,2599,2593,-1,2626,2627,2599,-1,2628,2598,2597,-1,2598,2629,2601,-1,2629,2598,2628,-1,2607,2601,2630,-1,2629,2630,2601,-1,2631,2606,2607,-1,2607,2630,2631,-1,2628,2597,2632,-1,2610,2633,2632,-1,2632,2597,2610,-1,2633,2611,2634,-1,2611,2633,2610,-1,2611,2599,2634,-1,2634,2599,2627,-1,2605,2604,2635,-1,2596,2602,2636,-1,2603,2637,2638,-1,2600,2639,2640,-1,2639,2600,2596,-1,2636,2602,2638,-1,2639,2596,2636,-1,2603,2605,2637,-1,2602,2603,2638,-1,2635,2637,2605,-1,2600,2641,2586,-1,2641,2600,2640,-1,2642,2587,2643,-1,2588,2587,2642,-1,2586,2643,2587,-1,2643,2586,2641,-1,2588,2644,2594,-1,2644,2588,2642,-1,2612,2594,2644,-1,2614,2581,2645,-1,2580,2646,2647,-1,2585,2648,2649,-1,2648,2585,2614,-1,2645,2581,2647,-1,2648,2614,2645,-1,2580,2612,2646,-1,2581,2580,2647,-1,2644,2646,2612,-1,2585,2650,2583,-1,2650,2585,2649,-1,2577,2576,2651,-1,2652,2578,2577,-1,2577,2651,2652,-1,2651,2576,2653,-1,2576,2583,2653,-1,2653,2583,2650,-1,2654,2655,2652,-1,2652,2653,2617,-1,2645,2625,2618,-1,2654,2652,2617,-1,2653,2650,2617,-1,2652,2651,2653,-1,2650,2649,2617,-1,2641,2642,2643,-1,2624,2625,2645,-1,2621,2620,2647,-1,2623,2620,2619,-1,2622,2644,2626,-1,2647,2622,2621,-1,2639,2628,2632,-1,2626,2640,2627,-1,2640,2639,2632,-1,2629,2628,2636,-1,2638,2629,2636,-1,2636,2628,2639,-1,2635,2631,2637,-1,2630,2638,2637,-1,2637,2631,2630,-1,2656,2631,2635,-1,2635,2657,2656,-1,2640,2632,2633,-1,2630,2629,2638,-1,2627,2640,2634,-1,2640,2633,2634,-1,2644,2622,2646,-1,2641,2640,2626,-1,2644,2642,2626,-1,2641,2626,2642,-1,2646,2622,2647,-1,2624,2647,2623,-1,2623,2647,2620,-1,2618,2648,2645,-1,2645,2647,2624,-1,2618,2649,2648,-1,2617,2649,2618,-1,2606,2656,2608,-1,2606,2631,2656,-1,2604,2657,2635,-1,2657,2604,2609,-1,2582,2654,2617,-1,2582,2615,2654,-1,2578,2655,2616,-1,2655,2578,2652,-1,2658,2659,2660,-1,2661,2662,2663,-1,2664,2665,2666,-1,2665,2667,2668,-1,2668,2667,2669,-1,2665,2668,2666,-1,2670,2666,2660,-1,2671,2672,2669,-1,2673,2658,2674,-1,2666,2670,2664,-1,2669,2672,2668,-1,2670,2660,2659,-1,2659,2658,2673,-1,2673,2674,2663,-1,2661,2663,2675,-1,2663,2674,2675,-1,2676,2677,2675,-1,2678,2679,2660,-1,2680,2674,2658,-1,2681,2666,2668,-1,2666,2681,2678,-1,2660,2679,2658,-1,2666,2678,2660,-1,2680,2676,2674,-1,2679,2680,2658,-1,2675,2674,2676,-1,2681,2672,2682,-1,2681,2668,2672,-1,2682,2671,2683,-1,2671,2682,2672,-1,2671,2669,2684,-1,2671,2684,2683,-1,2670,2685,2686,-1,2685,2659,2687,-1,2659,2685,2670,-1,2688,2687,2673,-1,2659,2673,2687,-1,2663,2689,2688,-1,2688,2673,2663,-1,2670,2686,2664,-1,2690,2665,2664,-1,2664,2686,2690,-1,2665,2691,2667,-1,2691,2665,2690,-1,2691,2684,2667,-1,2667,2684,2669,-1,2691,2681,2684,-1,2692,2677,2689,-1,2690,2678,2681,-1,2681,2691,2690,-1,2690,2686,2678,-1,2683,2684,2682,-1,2680,2688,2676,-1,2679,2678,2685,-1,2687,2680,2679,-1,2678,2686,2685,-1,2684,2681,2682,-1,2685,2687,2679,-1,2687,2688,2680,-1,2688,2689,2676,-1,2676,2689,2677,-1,2689,2693,2692,-1,2677,2692,2661,-1,2661,2675,2677,-1,2662,2693,2689,-1,2662,2689,2663,-1,2694,2695,2696,-1,2697,2698,2699,-1,2695,2694,2700,-1,2701,2697,2699,-1,2695,2698,2697,-1,2702,2697,2701,-1,2695,2703,2698,-1,2699,2698,2704,-1,2705,2704,2698,-1,2706,2705,2698,-1,2706,2698,2707,-1,2708,2703,2709,-1,2700,2710,2703,-1,2700,2703,2695,-1,2710,2709,2703,-1,2708,2709,2711,-1,2703,2712,2698,-1,2703,2713,2712,-1,2699,2714,2701,-1,2702,2701,2715,-1,2714,2715,2701,-1,2716,2697,2702,-1,2702,2715,2716,-1,2714,2699,2717,-1,2717,2704,2718,-1,2704,2717,2699,-1,2704,2705,2718,-1,2718,2705,2719,-1,2716,2720,2695,-1,2716,2695,2697,-1,2694,2721,2700,-1,2710,2700,2722,-1,2721,2722,2700,-1,2723,2709,2710,-1,2710,2722,2723,-1,2721,2694,2724,-1,2724,2696,2725,-1,2696,2724,2694,-1,2696,2695,2725,-1,2725,2695,2720,-1,2720,2721,2724,-1,2726,2727,2723,-1,2724,2725,2720,-1,2714,2717,2716,-1,2716,2717,2712,-1,2712,2720,2716,-1,2714,2716,2715,-1,2712,2717,2718,-1,2719,2712,2718,-1,2713,2720,2712,-1,2712,2719,2728,-1,2728,2729,2712,-1,2721,2713,2722,-1,2721,2720,2713,-1,2726,2723,2713,-1,2722,2713,2723,-1,2712,2707,2698,-1,2712,2729,2707,-1,2703,2708,2726,-1,2726,2713,2703,-1,2727,2711,2709,-1,2727,2709,2723,-1,2706,2719,2705,-1,2719,2706,2728,-1,2730,2731,2732,-1,2733,2734,2735,-1,2736,2737,2738,-1,2739,2737,2736,-1,2739,2740,2741,-1,2741,2737,2739,-1,2740,2742,2741,-1,2743,2742,2744,-1,2742,2745,2746,-1,2747,2748,2749,-1,2750,2751,2732,-1,2751,2730,2732,-1,2748,2752,2733,-1,2751,2743,2730,-1,2730,2743,2744,-1,2753,2740,2747,-1,2742,2740,2745,-1,2742,2746,2744,-1,2740,2753,2745,-1,2747,2749,2753,-1,2747,2752,2748,-1,2733,2752,2754,-1,2755,2734,2733,-1,2756,2735,2734,-1,2755,2733,2754,-1,2757,2758,2759,-1,2760,2761,2762,-1,2759,2763,2757,-1,2764,2765,2766,-1,2760,2762,2766,-1,2767,2765,2764,-1,2764,2766,2762,-1,2768,2769,2767,-1,2770,2771,2772,-1,2767,2773,2774,-1,2775,2776,2777,-1,2778,2777,2779,-1,2777,2776,2779,-1,2779,2776,2773,-1,2776,2774,2773,-1,2780,2770,2765,-1,2767,2769,2765,-1,2767,2774,2768,-1,2765,2769,2780,-1,2770,2780,2771,-1,2770,2772,2758,-1,2763,2759,2781,-1,2772,2759,2758,-1,2782,2781,2783,-1,2781,2759,2783,-1,2755,2763,2781,-1,2755,2781,2734,-1,2735,2756,2783,-1,2759,2733,2735,-1,2735,2783,2759,-1,2783,2756,2782,-1,2756,2734,2782,-1,2782,2734,2781,-1,2733,2772,2748,-1,2772,2733,2759,-1,2749,2748,2772,-1,2746,2745,2769,-1,2753,2771,2780,-1,2744,2768,2774,-1,2768,2744,2746,-1,2769,2745,2780,-1,2768,2746,2769,-1,2753,2749,2771,-1,2745,2753,2780,-1,2772,2771,2749,-1,2744,2776,2730,-1,2776,2744,2774,-1,2777,2731,2775,-1,2732,2731,2777,-1,2730,2775,2731,-1,2775,2730,2776,-1,2732,2778,2750,-1,2778,2732,2777,-1,2778,2751,2750,-1,2751,2778,2779,-1,2779,2743,2751,-1,2779,2773,2743,-1,2773,2742,2743,-1,2773,2767,2742,-1,2760,2736,2738,-1,2736,2766,2739,-1,2766,2736,2760,-1,2740,2739,2765,-1,2766,2765,2739,-1,2770,2747,2740,-1,2740,2765,2770,-1,2760,2738,2761,-1,2737,2762,2761,-1,2761,2738,2737,-1,2762,2741,2764,-1,2741,2762,2737,-1,2741,2742,2764,-1,2764,2742,2767,-1,2770,2752,2747,-1,2770,2758,2752,-1,2754,2752,2758,-1,2758,2757,2754,-1,2784,2785,2786,-1,2787,2788,2789,-1,2790,2791,2786,-1,2792,2793,2789,-1,2789,2794,2787,-1,2792,2789,2788,-1,2788,2787,2795,-1,2788,2791,2790,-1,2791,2788,2795,-1,2791,2784,2786,-1,2796,2797,2798,-1,2797,2799,2800,-1,2801,2802,2803,-1,2796,2799,2797,-1,2800,2799,2804,-1,2797,2800,2805,-1,2803,2802,2806,-1,2804,2799,2801,-1,2799,2807,2801,-1,2801,2807,2802,-1,2798,2797,2789,-1,2789,2793,2798,-1,2796,2792,2788,-1,2796,2788,2799,-1,2795,2787,2804,-1,2801,2791,2795,-1,2795,2804,2801,-1,2803,2791,2801,-1,2803,2784,2791,-1,2804,2787,2800,-1,2800,2794,2805,-1,2794,2800,2787,-1,2794,2789,2805,-1,2805,2789,2797,-1,2807,2790,2802,-1,2788,2807,2799,-1,2807,2788,2790,-1,2790,2786,2802,-1,2802,2786,2806,-1,2786,2785,2806,-1,2808,2809,2810,-1,2811,2812,2813,-1,2814,2808,2810,-1,2814,2815,2808,-1,2816,2817,2814,-1,2818,2819,2820,-1,2812,2821,2822,-1,2821,2823,2822,-1,2812,2811,2821,-1,2824,2825,2826,-1,2812,2827,2824,-1,2828,2829,2830,-1,2825,2831,2832,-1,2832,2829,2828,-1,2833,2834,2830,-1,2835,2834,2833,-1,2834,2828,2830,-1,2836,2837,2838,-1,2839,2837,2835,-1,2837,2839,2838,-1,2840,2836,2838,-1,2836,2840,2841,-1,2832,2842,2829,-1,2839,2835,2833,-1,2831,2843,2832,-1,2832,2843,2842,-1,2826,2844,2824,-1,2818,2825,2832,-1,2826,2825,2820,-1,2818,2820,2825,-1,2844,2812,2824,-1,2845,2811,2813,-1,2827,2812,2822,-1,2846,2816,2813,-1,2845,2813,2816,-1,2816,2846,2817,-1,2814,2810,2847,-1,2817,2815,2814,-1,2847,2810,2848,-1,2849,2816,2814,-1,2849,2850,2816,-1,2851,2823,2821,-1,2823,2852,2822,-1,2852,2823,2851,-1,2827,2822,2853,-1,2852,2853,2822,-1,2854,2824,2827,-1,2827,2853,2854,-1,2851,2821,2855,-1,2811,2856,2855,-1,2855,2821,2811,-1,2856,2845,2857,-1,2845,2856,2811,-1,2845,2816,2857,-1,2857,2816,2850,-1,2854,2825,2824,-1,2854,2858,2825,-1,2858,2831,2825,-1,2858,2859,2831,-1,2860,2830,2829,-1,2830,2861,2833,-1,2861,2830,2860,-1,2839,2833,2862,-1,2861,2862,2833,-1,2863,2838,2839,-1,2839,2862,2863,-1,2860,2829,2864,-1,2842,2865,2864,-1,2864,2829,2842,-1,2865,2843,2866,-1,2843,2865,2842,-1,2843,2831,2866,-1,2866,2831,2859,-1,2837,2836,2867,-1,2828,2834,2868,-1,2835,2869,2870,-1,2832,2871,2872,-1,2871,2832,2828,-1,2868,2834,2870,-1,2871,2828,2868,-1,2835,2837,2869,-1,2834,2835,2870,-1,2867,2869,2837,-1,2832,2873,2818,-1,2873,2832,2872,-1,2874,2819,2875,-1,2820,2819,2874,-1,2818,2875,2819,-1,2875,2818,2873,-1,2820,2876,2826,-1,2876,2820,2874,-1,2844,2826,2876,-1,2846,2813,2877,-1,2812,2878,2879,-1,2817,2880,2881,-1,2880,2817,2846,-1,2877,2813,2879,-1,2880,2846,2877,-1,2812,2844,2878,-1,2813,2812,2879,-1,2876,2878,2844,-1,2817,2882,2815,-1,2882,2817,2881,-1,2809,2808,2883,-1,2884,2810,2809,-1,2809,2883,2884,-1,2883,2808,2885,-1,2808,2815,2885,-1,2885,2815,2882,-1,2886,2887,2884,-1,2884,2885,2849,-1,2877,2857,2850,-1,2886,2884,2849,-1,2885,2882,2849,-1,2884,2883,2885,-1,2882,2881,2849,-1,2873,2874,2875,-1,2856,2857,2877,-1,2853,2852,2879,-1,2855,2852,2851,-1,2854,2876,2858,-1,2879,2854,2853,-1,2871,2860,2864,-1,2858,2872,2859,-1,2872,2871,2864,-1,2861,2860,2868,-1,2870,2861,2868,-1,2868,2860,2871,-1,2867,2863,2869,-1,2862,2870,2869,-1,2869,2863,2862,-1,2888,2863,2867,-1,2867,2889,2888,-1,2872,2864,2865,-1,2862,2861,2870,-1,2859,2872,2866,-1,2872,2865,2866,-1,2876,2854,2878,-1,2873,2872,2858,-1,2876,2874,2858,-1,2873,2858,2874,-1,2878,2854,2879,-1,2856,2879,2855,-1,2855,2879,2852,-1,2850,2880,2877,-1,2877,2879,2856,-1,2850,2881,2880,-1,2849,2881,2850,-1,2838,2888,2840,-1,2838,2863,2888,-1,2836,2889,2867,-1,2889,2836,2841,-1,2814,2886,2849,-1,2814,2847,2886,-1,2810,2887,2848,-1,2887,2810,2884,-1,2890,2891,2892,-1,2893,2894,2895,-1,2896,2897,2898,-1,2897,2899,2900,-1,2900,2899,2901,-1,2897,2900,2898,-1,2902,2898,2892,-1,2903,2904,2901,-1,2905,2890,2906,-1,2898,2902,2896,-1,2901,2904,2900,-1,2902,2892,2891,-1,2891,2890,2905,-1,2905,2906,2895,-1,2893,2895,2907,-1,2895,2906,2907,-1,2908,2909,2907,-1,2910,2911,2892,-1,2912,2906,2890,-1,2913,2898,2900,-1,2898,2913,2910,-1,2892,2911,2890,-1,2898,2910,2892,-1,2912,2908,2906,-1,2911,2912,2890,-1,2907,2906,2908,-1,2913,2904,2914,-1,2913,2900,2904,-1,2914,2903,2915,-1,2903,2914,2904,-1,2903,2901,2916,-1,2903,2916,2915,-1,2902,2917,2918,-1,2917,2891,2919,-1,2891,2917,2902,-1,2920,2919,2905,-1,2891,2905,2919,-1,2895,2921,2920,-1,2920,2905,2895,-1,2902,2918,2896,-1,2922,2897,2896,-1,2896,2918,2922,-1,2897,2923,2899,-1,2923,2897,2922,-1,2923,2916,2899,-1,2899,2916,2901,-1,2923,2913,2916,-1,2924,2909,2921,-1,2922,2910,2913,-1,2913,2923,2922,-1,2922,2918,2910,-1,2915,2916,2914,-1,2912,2920,2908,-1,2911,2910,2917,-1,2919,2912,2911,-1,2910,2918,2917,-1,2916,2913,2914,-1,2917,2919,2911,-1,2919,2920,2912,-1,2920,2921,2908,-1,2908,2921,2909,-1,2921,2925,2924,-1,2909,2924,2893,-1,2893,2907,2909,-1,2894,2925,2921,-1,2894,2921,2895,-1,2926,2927,2928,-1,2929,2930,2931,-1,2927,2926,2932,-1,2933,2929,2931,-1,2927,2930,2929,-1,2934,2929,2933,-1,2927,2935,2930,-1,2931,2930,2936,-1,2937,2936,2930,-1,2938,2937,2930,-1,2938,2930,2939,-1,2940,2935,2941,-1,2932,2942,2935,-1,2932,2935,2927,-1,2942,2941,2935,-1,2940,2941,2943,-1,2935,2944,2930,-1,2935,2945,2944,-1,2931,2946,2933,-1,2934,2933,2947,-1,2946,2947,2933,-1,2948,2929,2934,-1,2934,2947,2948,-1,2946,2931,2949,-1,2949,2936,2950,-1,2936,2949,2931,-1,2936,2937,2950,-1,2950,2937,2951,-1,2948,2952,2927,-1,2948,2927,2929,-1,2926,2953,2932,-1,2942,2932,2954,-1,2953,2954,2932,-1,2955,2941,2942,-1,2942,2954,2955,-1,2953,2926,2956,-1,2956,2928,2957,-1,2928,2956,2926,-1,2928,2927,2957,-1,2957,2927,2952,-1,2952,2953,2956,-1,2958,2959,2955,-1,2956,2957,2952,-1,2946,2949,2948,-1,2948,2949,2944,-1,2944,2952,2948,-1,2946,2948,2947,-1,2944,2949,2950,-1,2951,2944,2950,-1,2945,2952,2944,-1,2944,2951,2960,-1,2960,2961,2944,-1,2953,2945,2954,-1,2953,2952,2945,-1,2958,2955,2945,-1,2954,2945,2955,-1,2944,2939,2930,-1,2944,2961,2939,-1,2935,2940,2958,-1,2958,2945,2935,-1,2959,2943,2941,-1,2959,2941,2955,-1,2938,2951,2937,-1,2951,2938,2960,-1,2962,2963,2964,-1,2965,2966,2967,-1,2968,2969,2970,-1,2971,2969,2968,-1,2971,2972,2973,-1,2973,2969,2971,-1,2972,2974,2973,-1,2975,2974,2976,-1,2974,2977,2978,-1,2979,2980,2981,-1,2982,2983,2964,-1,2983,2962,2964,-1,2980,2984,2965,-1,2983,2975,2962,-1,2962,2975,2976,-1,2985,2972,2979,-1,2974,2972,2977,-1,2974,2978,2976,-1,2972,2985,2977,-1,2979,2981,2985,-1,2979,2984,2980,-1,2965,2984,2986,-1,2987,2966,2965,-1,2988,2967,2966,-1,2987,2965,2986,-1,2989,2990,2991,-1,2992,2993,2994,-1,2991,2995,2989,-1,2996,2997,2998,-1,2992,2994,2998,-1,2999,2997,2996,-1,2996,2998,2994,-1,3000,3001,2999,-1,3002,3003,3004,-1,2999,3005,3006,-1,3007,3008,3009,-1,3010,3009,3011,-1,3009,3008,3011,-1,3011,3008,3005,-1,3008,3006,3005,-1,3012,3002,2997,-1,2999,3001,2997,-1,2999,3006,3000,-1,2997,3001,3012,-1,3002,3012,3003,-1,3002,3004,2990,-1,2995,2991,3013,-1,3004,2991,2990,-1,3014,3013,3015,-1,3013,2991,3015,-1,2987,2995,3013,-1,2987,3013,2966,-1,2967,2988,3015,-1,2991,2965,2967,-1,2967,3015,2991,-1,3015,2988,3014,-1,2988,2966,3014,-1,3014,2966,3013,-1,2965,3004,2980,-1,3004,2965,2991,-1,2981,2980,3004,-1,2978,2977,3001,-1,2985,3003,3012,-1,2976,3000,3006,-1,3000,2976,2978,-1,3001,2977,3012,-1,3000,2978,3001,-1,2985,2981,3003,-1,2977,2985,3012,-1,3004,3003,2981,-1,2976,3008,2962,-1,3008,2976,3006,-1,3009,2963,3007,-1,2964,2963,3009,-1,2962,3007,2963,-1,3007,2962,3008,-1,2964,3010,2982,-1,3010,2964,3009,-1,3010,2983,2982,-1,2983,3010,3011,-1,3011,2975,2983,-1,3011,3005,2975,-1,3005,2974,2975,-1,3005,2999,2974,-1,2992,2968,2970,-1,2968,2998,2971,-1,2998,2968,2992,-1,2972,2971,2997,-1,2998,2997,2971,-1,3002,2979,2972,-1,2972,2997,3002,-1,2992,2970,2993,-1,2969,2994,2993,-1,2993,2970,2969,-1,2994,2973,2996,-1,2973,2994,2969,-1,2973,2974,2996,-1,2996,2974,2999,-1,3002,2984,2979,-1,3002,2990,2984,-1,2986,2984,2990,-1,2990,2989,2986,-1,3016,3017,3018,-1,3019,3020,3021,-1,3022,3023,3018,-1,3024,3025,3021,-1,3021,3026,3019,-1,3024,3021,3020,-1,3020,3019,3027,-1,3020,3023,3022,-1,3023,3020,3027,-1,3023,3016,3018,-1,3028,3029,3030,-1,3029,3031,3032,-1,3033,3034,3035,-1,3028,3031,3029,-1,3032,3031,3036,-1,3029,3032,3037,-1,3035,3034,3038,-1,3036,3031,3033,-1,3031,3039,3033,-1,3033,3039,3034,-1,3030,3029,3021,-1,3021,3025,3030,-1,3028,3024,3020,-1,3028,3020,3031,-1,3027,3019,3036,-1,3033,3023,3027,-1,3027,3036,3033,-1,3035,3023,3033,-1,3035,3016,3023,-1,3036,3019,3032,-1,3032,3026,3037,-1,3026,3032,3019,-1,3026,3021,3037,-1,3037,3021,3029,-1,3039,3022,3034,-1,3020,3039,3031,-1,3039,3020,3022,-1,3022,3018,3034,-1,3034,3018,3038,-1,3018,3017,3038,-1,3040,3041,3042,-1,3043,3044,3045,-1,3046,3040,3042,-1,3046,3047,3040,-1,3048,3049,3046,-1,3050,3051,3052,-1,3044,3053,3054,-1,3053,3055,3054,-1,3044,3043,3053,-1,3056,3057,3058,-1,3044,3059,3056,-1,3060,3061,3062,-1,3057,3063,3064,-1,3064,3061,3060,-1,3065,3066,3062,-1,3067,3066,3065,-1,3066,3060,3062,-1,3068,3069,3070,-1,3071,3069,3067,-1,3069,3071,3070,-1,3072,3068,3070,-1,3068,3072,3073,-1,3064,3074,3061,-1,3071,3067,3065,-1,3063,3075,3064,-1,3064,3075,3074,-1,3058,3076,3056,-1,3050,3057,3064,-1,3058,3057,3052,-1,3050,3052,3057,-1,3076,3044,3056,-1,3077,3043,3045,-1,3059,3044,3054,-1,3078,3048,3045,-1,3077,3045,3048,-1,3048,3078,3049,-1,3046,3042,3079,-1,3049,3047,3046,-1,3079,3042,3080,-1,3081,3048,3046,-1,3081,3082,3048,-1,3083,3055,3053,-1,3055,3084,3054,-1,3084,3055,3083,-1,3059,3054,3085,-1,3084,3085,3054,-1,3086,3056,3059,-1,3059,3085,3086,-1,3083,3053,3087,-1,3043,3088,3087,-1,3087,3053,3043,-1,3088,3077,3089,-1,3077,3088,3043,-1,3077,3048,3089,-1,3089,3048,3082,-1,3086,3057,3056,-1,3086,3090,3057,-1,3090,3063,3057,-1,3090,3091,3063,-1,3092,3062,3061,-1,3062,3093,3065,-1,3093,3062,3092,-1,3071,3065,3094,-1,3093,3094,3065,-1,3095,3070,3071,-1,3071,3094,3095,-1,3092,3061,3096,-1,3074,3097,3096,-1,3096,3061,3074,-1,3097,3075,3098,-1,3075,3097,3074,-1,3075,3063,3098,-1,3098,3063,3091,-1,3069,3068,3099,-1,3060,3066,3100,-1,3067,3101,3102,-1,3064,3103,3104,-1,3103,3064,3060,-1,3100,3066,3102,-1,3103,3060,3100,-1,3067,3069,3101,-1,3066,3067,3102,-1,3099,3101,3069,-1,3064,3105,3050,-1,3105,3064,3104,-1,3106,3051,3107,-1,3052,3051,3106,-1,3050,3107,3051,-1,3107,3050,3105,-1,3052,3108,3058,-1,3108,3052,3106,-1,3076,3058,3108,-1,3078,3045,3109,-1,3044,3110,3111,-1,3049,3112,3113,-1,3112,3049,3078,-1,3109,3045,3111,-1,3112,3078,3109,-1,3044,3076,3110,-1,3045,3044,3111,-1,3108,3110,3076,-1,3049,3114,3047,-1,3114,3049,3113,-1,3041,3040,3115,-1,3116,3042,3041,-1,3041,3115,3116,-1,3115,3040,3117,-1,3040,3047,3117,-1,3117,3047,3114,-1,3118,3119,3116,-1,3116,3117,3081,-1,3109,3089,3082,-1,3118,3116,3081,-1,3117,3114,3081,-1,3116,3115,3117,-1,3114,3113,3081,-1,3105,3106,3107,-1,3088,3089,3109,-1,3085,3084,3111,-1,3087,3084,3083,-1,3086,3108,3090,-1,3111,3086,3085,-1,3103,3092,3096,-1,3090,3104,3091,-1,3104,3103,3096,-1,3093,3092,3100,-1,3102,3093,3100,-1,3100,3092,3103,-1,3099,3095,3101,-1,3094,3102,3101,-1,3101,3095,3094,-1,3120,3095,3099,-1,3099,3121,3120,-1,3104,3096,3097,-1,3094,3093,3102,-1,3091,3104,3098,-1,3104,3097,3098,-1,3108,3086,3110,-1,3105,3104,3090,-1,3108,3106,3090,-1,3105,3090,3106,-1,3110,3086,3111,-1,3088,3111,3087,-1,3087,3111,3084,-1,3082,3112,3109,-1,3109,3111,3088,-1,3082,3113,3112,-1,3081,3113,3082,-1,3070,3120,3072,-1,3070,3095,3120,-1,3068,3121,3099,-1,3121,3068,3073,-1,3046,3118,3081,-1,3046,3079,3118,-1,3042,3119,3080,-1,3119,3042,3116,-1,3122,3123,3124,-1,3125,3126,3127,-1,3128,3129,3130,-1,3129,3131,3132,-1,3132,3131,3133,-1,3129,3132,3130,-1,3134,3130,3124,-1,3135,3136,3133,-1,3137,3122,3138,-1,3130,3134,3128,-1,3133,3136,3132,-1,3134,3124,3123,-1,3123,3122,3137,-1,3137,3138,3127,-1,3125,3127,3139,-1,3127,3138,3139,-1,3140,3141,3139,-1,3142,3143,3124,-1,3144,3138,3122,-1,3145,3130,3132,-1,3130,3145,3142,-1,3124,3143,3122,-1,3130,3142,3124,-1,3144,3140,3138,-1,3143,3144,3122,-1,3139,3138,3140,-1,3145,3136,3146,-1,3145,3132,3136,-1,3146,3135,3147,-1,3135,3146,3136,-1,3135,3133,3148,-1,3135,3148,3147,-1,3134,3149,3150,-1,3149,3123,3151,-1,3123,3149,3134,-1,3152,3151,3137,-1,3123,3137,3151,-1,3127,3153,3152,-1,3152,3137,3127,-1,3134,3150,3128,-1,3154,3129,3128,-1,3128,3150,3154,-1,3129,3155,3131,-1,3155,3129,3154,-1,3155,3148,3131,-1,3131,3148,3133,-1,3155,3145,3148,-1,3156,3141,3153,-1,3154,3142,3145,-1,3145,3155,3154,-1,3154,3150,3142,-1,3147,3148,3146,-1,3144,3152,3140,-1,3143,3142,3149,-1,3151,3144,3143,-1,3142,3150,3149,-1,3148,3145,3146,-1,3149,3151,3143,-1,3151,3152,3144,-1,3152,3153,3140,-1,3140,3153,3141,-1,3153,3157,3156,-1,3141,3156,3125,-1,3125,3139,3141,-1,3126,3157,3153,-1,3126,3153,3127,-1,3158,3159,3160,-1,3161,3162,3163,-1,3159,3158,3164,-1,3165,3161,3163,-1,3159,3162,3161,-1,3166,3161,3165,-1,3159,3167,3162,-1,3163,3162,3168,-1,3169,3168,3162,-1,3170,3169,3162,-1,3170,3162,3171,-1,3172,3167,3173,-1,3164,3174,3167,-1,3164,3167,3159,-1,3174,3173,3167,-1,3172,3173,3175,-1,3167,3176,3162,-1,3167,3177,3176,-1,3163,3178,3165,-1,3166,3165,3179,-1,3178,3179,3165,-1,3180,3161,3166,-1,3166,3179,3180,-1,3178,3163,3181,-1,3181,3168,3182,-1,3168,3181,3163,-1,3168,3169,3182,-1,3182,3169,3183,-1,3180,3184,3159,-1,3180,3159,3161,-1,3158,3185,3164,-1,3174,3164,3186,-1,3185,3186,3164,-1,3187,3173,3174,-1,3174,3186,3187,-1,3185,3158,3188,-1,3188,3160,3189,-1,3160,3188,3158,-1,3160,3159,3189,-1,3189,3159,3184,-1,3184,3185,3188,-1,3190,3191,3187,-1,3188,3189,3184,-1,3178,3181,3180,-1,3180,3181,3176,-1,3176,3184,3180,-1,3178,3180,3179,-1,3176,3181,3182,-1,3183,3176,3182,-1,3177,3184,3176,-1,3176,3183,3192,-1,3192,3193,3176,-1,3185,3177,3186,-1,3185,3184,3177,-1,3190,3187,3177,-1,3186,3177,3187,-1,3176,3171,3162,-1,3176,3193,3171,-1,3167,3172,3190,-1,3190,3177,3167,-1,3191,3175,3173,-1,3191,3173,3187,-1,3170,3183,3169,-1,3183,3170,3192,-1,3194,3195,3196,-1,3197,3198,3199,-1,3200,3201,3202,-1,3203,3201,3200,-1,3203,3204,3205,-1,3205,3201,3203,-1,3204,3206,3205,-1,3207,3206,3208,-1,3206,3209,3210,-1,3211,3212,3213,-1,3214,3215,3196,-1,3215,3194,3196,-1,3212,3216,3197,-1,3215,3207,3194,-1,3194,3207,3208,-1,3217,3204,3211,-1,3206,3204,3209,-1,3206,3210,3208,-1,3204,3217,3209,-1,3211,3213,3217,-1,3211,3216,3212,-1,3197,3216,3218,-1,3219,3198,3197,-1,3220,3199,3198,-1,3219,3197,3218,-1,3221,3222,3223,-1,3224,3225,3226,-1,3223,3227,3221,-1,3228,3229,3230,-1,3224,3226,3230,-1,3231,3229,3228,-1,3228,3230,3226,-1,3232,3233,3231,-1,3234,3235,3236,-1,3231,3237,3238,-1,3239,3240,3241,-1,3242,3241,3243,-1,3241,3240,3243,-1,3243,3240,3237,-1,3240,3238,3237,-1,3244,3234,3229,-1,3231,3233,3229,-1,3231,3238,3232,-1,3229,3233,3244,-1,3234,3244,3235,-1,3234,3236,3222,-1,3227,3223,3245,-1,3236,3223,3222,-1,3246,3245,3247,-1,3245,3223,3247,-1,3219,3227,3245,-1,3219,3245,3198,-1,3199,3220,3247,-1,3223,3197,3199,-1,3199,3247,3223,-1,3247,3220,3246,-1,3220,3198,3246,-1,3246,3198,3245,-1,3197,3236,3212,-1,3236,3197,3223,-1,3213,3212,3236,-1,3210,3209,3233,-1,3217,3235,3244,-1,3208,3232,3238,-1,3232,3208,3210,-1,3233,3209,3244,-1,3232,3210,3233,-1,3217,3213,3235,-1,3209,3217,3244,-1,3236,3235,3213,-1,3208,3240,3194,-1,3240,3208,3238,-1,3241,3195,3239,-1,3196,3195,3241,-1,3194,3239,3195,-1,3239,3194,3240,-1,3196,3242,3214,-1,3242,3196,3241,-1,3242,3215,3214,-1,3215,3242,3243,-1,3243,3207,3215,-1,3243,3237,3207,-1,3237,3206,3207,-1,3237,3231,3206,-1,3224,3200,3202,-1,3200,3230,3203,-1,3230,3200,3224,-1,3204,3203,3229,-1,3230,3229,3203,-1,3234,3211,3204,-1,3204,3229,3234,-1,3224,3202,3225,-1,3201,3226,3225,-1,3225,3202,3201,-1,3226,3205,3228,-1,3205,3226,3201,-1,3205,3206,3228,-1,3228,3206,3231,-1,3234,3216,3211,-1,3234,3222,3216,-1,3218,3216,3222,-1,3222,3221,3218,-1,3248,3249,3250,-1,3251,3252,3253,-1,3254,3255,3250,-1,3256,3257,3253,-1,3253,3258,3251,-1,3256,3253,3252,-1,3252,3251,3259,-1,3252,3255,3254,-1,3255,3252,3259,-1,3255,3248,3250,-1,3260,3261,3262,-1,3261,3263,3264,-1,3265,3266,3267,-1,3260,3263,3261,-1,3264,3263,3268,-1,3261,3264,3269,-1,3267,3266,3270,-1,3268,3263,3265,-1,3263,3271,3265,-1,3265,3271,3266,-1,3262,3261,3253,-1,3253,3257,3262,-1,3260,3256,3252,-1,3260,3252,3263,-1,3259,3251,3268,-1,3265,3255,3259,-1,3259,3268,3265,-1,3267,3255,3265,-1,3267,3248,3255,-1,3268,3251,3264,-1,3264,3258,3269,-1,3258,3264,3251,-1,3258,3253,3269,-1,3269,3253,3261,-1,3271,3254,3266,-1,3252,3271,3263,-1,3271,3252,3254,-1,3254,3250,3266,-1,3266,3250,3270,-1,3250,3249,3270,-1,3272,3273,3274,-1,3275,3276,3277,-1,3278,3272,3274,-1,3278,3279,3272,-1,3280,3281,3278,-1,3282,3283,3284,-1,3276,3285,3286,-1,3285,3287,3286,-1,3276,3275,3285,-1,3288,3289,3290,-1,3276,3291,3288,-1,3292,3293,3294,-1,3289,3295,3296,-1,3296,3293,3292,-1,3297,3298,3294,-1,3299,3298,3297,-1,3298,3292,3294,-1,3300,3301,3302,-1,3303,3301,3299,-1,3301,3303,3302,-1,3304,3300,3302,-1,3300,3304,3305,-1,3296,3306,3293,-1,3303,3299,3297,-1,3295,3307,3296,-1,3296,3307,3306,-1,3290,3308,3288,-1,3282,3289,3296,-1,3290,3289,3284,-1,3282,3284,3289,-1,3308,3276,3288,-1,3309,3275,3277,-1,3291,3276,3286,-1,3310,3280,3277,-1,3309,3277,3280,-1,3280,3310,3281,-1,3278,3274,3311,-1,3281,3279,3278,-1,3311,3274,3312,-1,3313,3280,3278,-1,3313,3314,3280,-1,3315,3287,3285,-1,3287,3316,3286,-1,3316,3287,3315,-1,3291,3286,3317,-1,3316,3317,3286,-1,3318,3288,3291,-1,3291,3317,3318,-1,3315,3285,3319,-1,3275,3320,3319,-1,3319,3285,3275,-1,3320,3309,3321,-1,3309,3320,3275,-1,3309,3280,3321,-1,3321,3280,3314,-1,3318,3289,3288,-1,3318,3322,3289,-1,3322,3295,3289,-1,3322,3323,3295,-1,3324,3294,3293,-1,3294,3325,3297,-1,3325,3294,3324,-1,3303,3297,3326,-1,3325,3326,3297,-1,3327,3302,3303,-1,3303,3326,3327,-1,3324,3293,3328,-1,3306,3329,3328,-1,3328,3293,3306,-1,3329,3307,3330,-1,3307,3329,3306,-1,3307,3295,3330,-1,3330,3295,3323,-1,3301,3300,3331,-1,3292,3298,3332,-1,3299,3333,3334,-1,3296,3335,3336,-1,3335,3296,3292,-1,3332,3298,3334,-1,3335,3292,3332,-1,3299,3301,3333,-1,3298,3299,3334,-1,3331,3333,3301,-1,3296,3337,3282,-1,3337,3296,3336,-1,3338,3283,3339,-1,3284,3283,3338,-1,3282,3339,3283,-1,3339,3282,3337,-1,3284,3340,3290,-1,3340,3284,3338,-1,3308,3290,3340,-1,3310,3277,3341,-1,3276,3342,3343,-1,3281,3344,3345,-1,3344,3281,3310,-1,3341,3277,3343,-1,3344,3310,3341,-1,3276,3308,3342,-1,3277,3276,3343,-1,3340,3342,3308,-1,3281,3346,3279,-1,3346,3281,3345,-1,3273,3272,3347,-1,3348,3274,3273,-1,3273,3347,3348,-1,3347,3272,3349,-1,3272,3279,3349,-1,3349,3279,3346,-1,3350,3351,3348,-1,3348,3349,3313,-1,3341,3321,3314,-1,3350,3348,3313,-1,3349,3346,3313,-1,3348,3347,3349,-1,3346,3345,3313,-1,3337,3338,3339,-1,3320,3321,3341,-1,3317,3316,3343,-1,3319,3316,3315,-1,3318,3340,3322,-1,3343,3318,3317,-1,3335,3324,3328,-1,3322,3336,3323,-1,3336,3335,3328,-1,3325,3324,3332,-1,3334,3325,3332,-1,3332,3324,3335,-1,3331,3327,3333,-1,3326,3334,3333,-1,3333,3327,3326,-1,3352,3327,3331,-1,3331,3353,3352,-1,3336,3328,3329,-1,3326,3325,3334,-1,3323,3336,3330,-1,3336,3329,3330,-1,3340,3318,3342,-1,3337,3336,3322,-1,3340,3338,3322,-1,3337,3322,3338,-1,3342,3318,3343,-1,3320,3343,3319,-1,3319,3343,3316,-1,3314,3344,3341,-1,3341,3343,3320,-1,3314,3345,3344,-1,3313,3345,3314,-1,3302,3352,3304,-1,3302,3327,3352,-1,3300,3353,3331,-1,3353,3300,3305,-1,3278,3350,3313,-1,3278,3311,3350,-1,3274,3351,3312,-1,3351,3274,3348,-1,3354,3355,3356,-1,3357,3358,3359,-1,3360,3361,3362,-1,3361,3363,3364,-1,3364,3363,3365,-1,3361,3364,3362,-1,3366,3362,3356,-1,3367,3368,3365,-1,3369,3354,3370,-1,3362,3366,3360,-1,3365,3368,3364,-1,3366,3356,3355,-1,3355,3354,3369,-1,3369,3370,3359,-1,3357,3359,3371,-1,3359,3370,3371,-1,3372,3373,3371,-1,3374,3375,3356,-1,3376,3370,3354,-1,3377,3362,3364,-1,3362,3377,3374,-1,3356,3375,3354,-1,3362,3374,3356,-1,3376,3372,3370,-1,3375,3376,3354,-1,3371,3370,3372,-1,3377,3368,3378,-1,3377,3364,3368,-1,3378,3367,3379,-1,3367,3378,3368,-1,3367,3365,3380,-1,3367,3380,3379,-1,3366,3381,3382,-1,3381,3355,3383,-1,3355,3381,3366,-1,3384,3383,3369,-1,3355,3369,3383,-1,3359,3385,3384,-1,3384,3369,3359,-1,3366,3382,3360,-1,3386,3361,3360,-1,3360,3382,3386,-1,3361,3387,3363,-1,3387,3361,3386,-1,3387,3380,3363,-1,3363,3380,3365,-1,3387,3377,3380,-1,3388,3373,3385,-1,3386,3374,3377,-1,3377,3387,3386,-1,3386,3382,3374,-1,3379,3380,3378,-1,3376,3384,3372,-1,3375,3374,3381,-1,3383,3376,3375,-1,3374,3382,3381,-1,3380,3377,3378,-1,3381,3383,3375,-1,3383,3384,3376,-1,3384,3385,3372,-1,3372,3385,3373,-1,3385,3389,3388,-1,3373,3388,3357,-1,3357,3371,3373,-1,3358,3389,3385,-1,3358,3385,3359,-1,3390,3391,3392,-1,3393,3394,3395,-1,3391,3390,3396,-1,3397,3393,3395,-1,3391,3394,3393,-1,3398,3393,3397,-1,3391,3399,3394,-1,3395,3394,3400,-1,3401,3400,3394,-1,3402,3401,3394,-1,3402,3394,3403,-1,3404,3399,3405,-1,3396,3406,3399,-1,3396,3399,3391,-1,3406,3405,3399,-1,3404,3405,3407,-1,3399,3408,3394,-1,3399,3409,3408,-1,3395,3410,3397,-1,3398,3397,3411,-1,3410,3411,3397,-1,3412,3393,3398,-1,3398,3411,3412,-1,3410,3395,3413,-1,3413,3400,3414,-1,3400,3413,3395,-1,3400,3401,3414,-1,3414,3401,3415,-1,3412,3416,3391,-1,3412,3391,3393,-1,3390,3417,3396,-1,3406,3396,3418,-1,3417,3418,3396,-1,3419,3405,3406,-1,3406,3418,3419,-1,3417,3390,3420,-1,3420,3392,3421,-1,3392,3420,3390,-1,3392,3391,3421,-1,3421,3391,3416,-1,3416,3417,3420,-1,3422,3423,3419,-1,3420,3421,3416,-1,3410,3413,3412,-1,3412,3413,3408,-1,3408,3416,3412,-1,3410,3412,3411,-1,3408,3413,3414,-1,3415,3408,3414,-1,3409,3416,3408,-1,3408,3415,3424,-1,3424,3425,3408,-1,3417,3409,3418,-1,3417,3416,3409,-1,3422,3419,3409,-1,3418,3409,3419,-1,3408,3403,3394,-1,3408,3425,3403,-1,3399,3404,3422,-1,3422,3409,3399,-1,3423,3407,3405,-1,3423,3405,3419,-1,3402,3415,3401,-1,3415,3402,3424,-1,3426,3427,3428,-1,3429,3430,3431,-1,3432,3433,3434,-1,3435,3433,3432,-1,3435,3436,3437,-1,3437,3433,3435,-1,3436,3438,3437,-1,3439,3438,3440,-1,3438,3441,3442,-1,3443,3444,3445,-1,3446,3447,3428,-1,3447,3426,3428,-1,3444,3448,3429,-1,3447,3439,3426,-1,3426,3439,3440,-1,3449,3436,3443,-1,3438,3436,3441,-1,3438,3442,3440,-1,3436,3449,3441,-1,3443,3445,3449,-1,3443,3448,3444,-1,3429,3448,3450,-1,3451,3430,3429,-1,3452,3431,3430,-1,3451,3429,3450,-1,3453,3454,3455,-1,3456,3457,3458,-1,3455,3459,3453,-1,3460,3461,3462,-1,3456,3458,3462,-1,3463,3461,3460,-1,3460,3462,3458,-1,3464,3465,3463,-1,3466,3467,3468,-1,3463,3469,3470,-1,3471,3472,3473,-1,3474,3473,3475,-1,3473,3472,3475,-1,3475,3472,3469,-1,3472,3470,3469,-1,3476,3466,3461,-1,3463,3465,3461,-1,3463,3470,3464,-1,3461,3465,3476,-1,3466,3476,3467,-1,3466,3468,3454,-1,3459,3455,3477,-1,3468,3455,3454,-1,3478,3477,3479,-1,3477,3455,3479,-1,3451,3459,3477,-1,3451,3477,3430,-1,3431,3452,3479,-1,3455,3429,3431,-1,3431,3479,3455,-1,3479,3452,3478,-1,3452,3430,3478,-1,3478,3430,3477,-1,3429,3468,3444,-1,3468,3429,3455,-1,3445,3444,3468,-1,3442,3441,3465,-1,3449,3467,3476,-1,3440,3464,3470,-1,3464,3440,3442,-1,3465,3441,3476,-1,3464,3442,3465,-1,3449,3445,3467,-1,3441,3449,3476,-1,3468,3467,3445,-1,3440,3472,3426,-1,3472,3440,3470,-1,3473,3427,3471,-1,3428,3427,3473,-1,3426,3471,3427,-1,3471,3426,3472,-1,3428,3474,3446,-1,3474,3428,3473,-1,3474,3447,3446,-1,3447,3474,3475,-1,3475,3439,3447,-1,3475,3469,3439,-1,3469,3438,3439,-1,3469,3463,3438,-1,3456,3432,3434,-1,3432,3462,3435,-1,3462,3432,3456,-1,3436,3435,3461,-1,3462,3461,3435,-1,3466,3443,3436,-1,3436,3461,3466,-1,3456,3434,3457,-1,3433,3458,3457,-1,3457,3434,3433,-1,3458,3437,3460,-1,3437,3458,3433,-1,3437,3438,3460,-1,3460,3438,3463,-1,3466,3448,3443,-1,3466,3454,3448,-1,3450,3448,3454,-1,3454,3453,3450,-1,3480,3481,3482,-1,3481,3483,3484,-1,3481,3485,3486,-1,3487,3488,3489,-1,3489,3484,3487,-1,3484,3483,3487,-1,3481,3484,3485,-1,3490,3491,3486,-1,3491,3481,3486,-1,3491,3482,3481,-1,3492,3493,3494,-1,3495,3492,3496,-1,3493,3492,3495,-1,3497,3494,3493,-1,3495,3498,3493,-1,3499,3500,3501,-1,3498,3501,3493,-1,3501,3500,3502,-1,3501,3502,3493,-1,3500,3499,3503,-1,3497,3493,3481,-1,3481,3480,3497,-1,3494,3482,3491,-1,3494,3491,3492,-1,3502,3487,3483,-1,3493,3502,3483,-1,3493,3483,3481,-1,3502,3500,3487,-1,3487,3500,3488,-1,3500,3503,3488,-1,3495,3485,3498,-1,3501,3498,3484,-1,3485,3484,3498,-1,3489,3499,3501,-1,3501,3484,3489,-1,3485,3495,3486,-1,3486,3496,3490,-1,3496,3486,3495,-1,3496,3492,3490,-1,3490,3492,3491,-1,3504,3505,3506,-1,3507,3508,3509,-1,3510,3511,3512,-1,3504,3506,3513,-1,3514,3515,3509,-1,3509,3515,3507,-1,3514,3516,3515,-1,3517,3518,3519,-1,3520,3516,3521,-1,3522,3523,3515,-1,3516,3524,3521,-1,3525,3526,3527,-1,3528,3529,3530,-1,3531,3532,3533,-1,3531,3534,3535,-1,3530,3533,3532,-1,3536,3511,3510,-1,3537,3536,3535,-1,3512,3511,3538,-1,3511,3536,3537,-1,3539,3528,3540,-1,3513,3541,3542,-1,3535,3534,3537,-1,3531,3533,3534,-1,3528,3530,3532,-1,3539,3529,3528,-1,3528,3527,3540,-1,3506,3517,3519,-1,3540,3527,3524,-1,3524,3527,3526,-1,3543,3522,3517,-1,3524,3526,3521,-1,3523,3507,3515,-1,3520,3515,3516,-1,3523,3522,3543,-1,3517,3522,3518,-1,3519,3544,3506,-1,3506,3544,3513,-1,3513,3544,3541,-1,3545,3546,3541,-1,3544,3547,3545,-1,3545,3541,3544,-1,3541,3546,3542,-1,3546,3548,3542,-1,3542,3548,3513,-1,3544,3549,3547,-1,3544,3519,3549,-1,3550,3549,3519,-1,3551,3552,3515,-1,3553,3518,3522,-1,3554,3520,3521,-1,3520,3554,3551,-1,3515,3552,3522,-1,3520,3551,3515,-1,3553,3550,3518,-1,3552,3553,3522,-1,3519,3518,3550,-1,3521,3555,3554,-1,3521,3526,3555,-1,3527,3556,3525,-1,3557,3556,3527,-1,3555,3525,3556,-1,3525,3555,3526,-1,3527,3558,3557,-1,3527,3528,3558,-1,3559,3558,3528,-1,3560,3561,3535,-1,3562,3532,3531,-1,3563,3536,3510,-1,3536,3563,3560,-1,3535,3561,3531,-1,3536,3560,3535,-1,3562,3559,3532,-1,3561,3562,3531,-1,3528,3532,3559,-1,3530,3564,3565,-1,3564,3529,3566,-1,3529,3564,3530,-1,3567,3566,3539,-1,3529,3539,3566,-1,3540,3568,3567,-1,3567,3539,3540,-1,3530,3565,3533,-1,3569,3534,3533,-1,3533,3565,3569,-1,3534,3570,3537,-1,3570,3534,3569,-1,3570,3571,3537,-1,3537,3571,3511,-1,3568,3524,3572,-1,3524,3568,3540,-1,3572,3516,3573,-1,3516,3572,3524,-1,3507,3574,3575,-1,3574,3523,3576,-1,3523,3574,3507,-1,3577,3576,3543,-1,3523,3543,3576,-1,3517,3578,3577,-1,3577,3543,3517,-1,3507,3575,3508,-1,3579,3509,3508,-1,3508,3575,3579,-1,3509,3580,3514,-1,3580,3509,3579,-1,3580,3573,3514,-1,3514,3573,3516,-1,3578,3506,3581,-1,3506,3578,3517,-1,3561,3569,3562,-1,3581,3548,3547,-1,3574,3579,3575,-1,3574,3552,3579,-1,3580,3552,3573,-1,3551,3554,3573,-1,3579,3552,3580,-1,3572,3573,3554,-1,3578,3549,3550,-1,3553,3552,3576,-1,3558,3564,3566,-1,3562,3565,3559,-1,3560,3570,3561,-1,3564,3559,3565,-1,3563,3582,3571,-1,3563,3571,3560,-1,3583,3571,3582,-1,3570,3560,3571,-1,3568,3558,3567,-1,3546,3545,3548,-1,3581,3547,3549,-1,3561,3570,3569,-1,3562,3569,3565,-1,3558,3559,3564,-1,3567,3558,3566,-1,3568,3572,3557,-1,3558,3568,3557,-1,3557,3555,3556,-1,3572,3555,3557,-1,3577,3578,3553,-1,3572,3554,3555,-1,3576,3552,3574,-1,3551,3573,3552,-1,3576,3577,3553,-1,3578,3550,3553,-1,3578,3581,3549,-1,3547,3548,3545,-1,3584,3548,3581,-1,3584,3581,3585,-1,3512,3582,3563,-1,3563,3510,3512,-1,3571,3583,3538,-1,3571,3538,3511,-1,3548,3504,3513,-1,3548,3584,3504,-1,3581,3505,3585,-1,3505,3581,3506,-1,3586,3587,3588,-1,3589,3590,3591,-1,3587,3586,3592,-1,3593,3589,3591,-1,3587,3590,3589,-1,3594,3589,3593,-1,3587,3595,3590,-1,3591,3590,3596,-1,3597,3596,3590,-1,3598,3597,3590,-1,3598,3590,3599,-1,3600,3595,3601,-1,3592,3602,3595,-1,3592,3595,3587,-1,3602,3601,3595,-1,3600,3601,3603,-1,3604,3590,3595,-1,3590,3604,3605,-1,3591,3606,3593,-1,3594,3593,3607,-1,3606,3607,3593,-1,3608,3589,3594,-1,3594,3607,3608,-1,3606,3591,3609,-1,3609,3596,3610,-1,3596,3609,3591,-1,3596,3597,3610,-1,3610,3597,3611,-1,3612,3587,3589,-1,3589,3608,3612,-1,3586,3613,3592,-1,3602,3592,3614,-1,3613,3614,3592,-1,3615,3601,3602,-1,3602,3614,3615,-1,3613,3586,3616,-1,3616,3588,3617,-1,3588,3616,3586,-1,3588,3587,3617,-1,3617,3587,3612,-1,3612,3613,3616,-1,3618,3619,3615,-1,3616,3617,3612,-1,3606,3609,3608,-1,3608,3609,3605,-1,3605,3612,3608,-1,3606,3608,3607,-1,3605,3609,3610,-1,3611,3605,3610,-1,3604,3612,3605,-1,3605,3611,3620,-1,3620,3621,3605,-1,3613,3604,3614,-1,3613,3612,3604,-1,3618,3615,3604,-1,3614,3604,3615,-1,3615,3603,3601,-1,3615,3619,3603,-1,3597,3598,3620,-1,3620,3611,3597,-1,3621,3599,3590,-1,3621,3590,3605,-1,3600,3604,3595,-1,3604,3600,3618,-1,3622,3623,3624,-1,3625,3626,3627,-1,3628,3629,3630,-1,3631,3629,3632,-1,3631,3630,3629,-1,3628,3633,3629,-1,3632,3634,3635,-1,3636,3631,3632,-1,3632,3635,3637,-1,3622,3633,3628,-1,3637,3636,3632,-1,3633,3622,3624,-1,3623,3638,3639,-1,3624,3623,3639,-1,3638,3627,3639,-1,3627,3638,3625,-1,3630,3640,3641,-1,3640,3631,3642,-1,3631,3640,3630,-1,3643,3642,3636,-1,3631,3636,3642,-1,3637,3644,3643,-1,3643,3636,3637,-1,3630,3641,3628,-1,3645,3622,3628,-1,3628,3641,3645,-1,3622,3646,3623,-1,3646,3622,3645,-1,3646,3647,3623,-1,3623,3647,3638,-1,3635,3648,3644,-1,3644,3637,3635,-1,3635,3649,3648,-1,3635,3634,3649,-1,3634,3650,3649,-1,3650,3634,3632,-1,3651,3650,3632,-1,3652,3653,3624,-1,3654,3629,3633,-1,3655,3639,3627,-1,3639,3655,3652,-1,3624,3653,3633,-1,3639,3652,3624,-1,3654,3651,3629,-1,3653,3654,3633,-1,3632,3629,3651,-1,3645,3641,3654,-1,3642,3650,3651,-1,3651,3641,3640,-1,3642,3651,3640,-1,3650,3648,3649,-1,3643,3650,3642,-1,3650,3644,3648,-1,3656,3647,3655,-1,3654,3641,3651,-1,3644,3650,3643,-1,3645,3654,3653,-1,3653,3652,3646,-1,3646,3645,3653,-1,3646,3652,3647,-1,3652,3655,3647,-1,3655,3657,3656,-1,3647,3656,3625,-1,3625,3638,3647,-1,3626,3657,3655,-1,3626,3655,3627,-1,3658,3659,3660,-1,3661,3662,3663,-1,3660,3664,3665,-1,3665,3658,3660,-1,3666,3665,3667,-1,3668,3669,3670,-1,3671,3672,3673,-1,3674,3671,3673,-1,3674,3675,3671,-1,3676,3677,3661,-1,3661,3663,3672,-1,3678,3668,3670,-1,3679,3680,3678,-1,3679,3676,3661,-1,3676,3679,3670,-1,3678,3670,3679,-1,3677,3662,3661,-1,3663,3662,3681,-1,3673,3672,3663,-1,3663,3681,3682,-1,3683,3666,3682,-1,3683,3682,3681,-1,3667,3665,3684,-1,3666,3667,3682,-1,3684,3665,3664,-1,3685,3686,3687,-1,3688,3689,3687,-1,3690,3691,3692,-1,3689,3685,3687,-1,3687,3693,3688,-1,3685,3694,3686,-1,3687,3695,3693,-1,3696,3697,3698,-1,3692,3695,3690,-1,3699,3700,3701,-1,3701,3702,3703,-1,3704,3705,3706,-1,3705,3703,3707,-1,3708,3697,3696,-1,3709,3708,3710,-1,3709,3705,3704,-1,3704,3697,3709,-1,3708,3709,3697,-1,3706,3705,3711,-1,3702,3707,3703,-1,3700,3702,3701,-1,3707,3691,3711,-1,3707,3711,3705,-1,3707,3692,3691,-1,3695,3692,3693,-1,3684,3688,3693,-1,3684,3693,3667,-1,3667,3692,3682,-1,3692,3667,3693,-1,3699,3675,3674,-1,3675,3701,3671,-1,3701,3675,3699,-1,3672,3671,3703,-1,3701,3703,3671,-1,3705,3661,3672,-1,3672,3703,3705,-1,3699,3674,3700,-1,3673,3702,3700,-1,3700,3674,3673,-1,3702,3663,3707,-1,3663,3702,3673,-1,3663,3682,3707,-1,3707,3682,3692,-1,3661,3709,3679,-1,3709,3661,3705,-1,3679,3710,3680,-1,3710,3679,3709,-1,3680,3708,3678,-1,3680,3710,3708,-1,3708,3668,3678,-1,3708,3696,3668,-1,3697,3669,3698,-1,3670,3669,3697,-1,3668,3698,3669,-1,3698,3668,3696,-1,3697,3676,3670,-1,3697,3704,3676,-1,3677,3676,3704,-1,3683,3681,3691,-1,3662,3706,3711,-1,3666,3690,3695,-1,3690,3666,3683,-1,3691,3681,3711,-1,3690,3683,3691,-1,3662,3677,3706,-1,3681,3662,3711,-1,3704,3706,3677,-1,3695,3665,3666,-1,3695,3687,3665,-1,3659,3658,3694,-1,3685,3660,3659,-1,3659,3694,3685,-1,3694,3658,3686,-1,3658,3665,3686,-1,3686,3665,3687,-1,3664,3660,3685,-1,3685,3689,3664,-1,3712,3713,3714,-1,3713,3715,3716,-1,3713,3717,3718,-1,3719,3720,3721,-1,3721,3716,3719,-1,3716,3715,3719,-1,3713,3716,3717,-1,3722,3723,3718,-1,3723,3713,3718,-1,3723,3714,3713,-1,3724,3725,3726,-1,3727,3724,3728,-1,3725,3724,3727,-1,3729,3726,3725,-1,3727,3730,3725,-1,3731,3732,3733,-1,3730,3733,3725,-1,3733,3732,3734,-1,3733,3734,3725,-1,3732,3731,3735,-1,3729,3725,3713,-1,3713,3712,3729,-1,3726,3714,3723,-1,3726,3723,3724,-1,3734,3719,3715,-1,3725,3734,3715,-1,3725,3715,3713,-1,3734,3732,3719,-1,3719,3732,3720,-1,3732,3735,3720,-1,3727,3717,3730,-1,3733,3730,3716,-1,3717,3716,3730,-1,3721,3731,3733,-1,3733,3716,3721,-1,3717,3727,3718,-1,3718,3728,3722,-1,3728,3718,3727,-1,3728,3724,3722,-1,3722,3724,3723,-1,3736,3737,3738,-1,3739,3740,3741,-1,3742,3743,3744,-1,3736,3738,3745,-1,3746,3747,3741,-1,3741,3747,3739,-1,3746,3748,3747,-1,3749,3750,3751,-1,3752,3748,3753,-1,3754,3755,3747,-1,3748,3756,3753,-1,3757,3758,3759,-1,3760,3761,3762,-1,3763,3764,3765,-1,3763,3766,3767,-1,3762,3765,3764,-1,3768,3743,3742,-1,3769,3768,3767,-1,3744,3743,3770,-1,3743,3768,3769,-1,3771,3760,3772,-1,3745,3773,3774,-1,3767,3766,3769,-1,3763,3765,3766,-1,3760,3762,3764,-1,3771,3761,3760,-1,3760,3759,3772,-1,3738,3749,3751,-1,3772,3759,3756,-1,3756,3759,3758,-1,3775,3754,3749,-1,3756,3758,3753,-1,3755,3739,3747,-1,3752,3747,3748,-1,3755,3754,3775,-1,3749,3754,3750,-1,3751,3776,3738,-1,3738,3776,3745,-1,3745,3776,3773,-1,3777,3778,3773,-1,3776,3779,3777,-1,3777,3773,3776,-1,3773,3778,3774,-1,3778,3780,3774,-1,3774,3780,3745,-1,3776,3781,3779,-1,3776,3751,3781,-1,3782,3781,3751,-1,3783,3784,3747,-1,3785,3750,3754,-1,3786,3752,3753,-1,3752,3786,3783,-1,3747,3784,3754,-1,3752,3783,3747,-1,3785,3782,3750,-1,3784,3785,3754,-1,3751,3750,3782,-1,3753,3787,3786,-1,3753,3758,3787,-1,3759,3788,3757,-1,3789,3788,3759,-1,3787,3757,3788,-1,3757,3787,3758,-1,3759,3790,3789,-1,3759,3760,3790,-1,3791,3790,3760,-1,3792,3793,3767,-1,3794,3764,3763,-1,3795,3768,3742,-1,3768,3795,3792,-1,3767,3793,3763,-1,3768,3792,3767,-1,3794,3791,3764,-1,3793,3794,3763,-1,3760,3764,3791,-1,3762,3796,3797,-1,3796,3761,3798,-1,3761,3796,3762,-1,3799,3798,3771,-1,3761,3771,3798,-1,3772,3800,3799,-1,3799,3771,3772,-1,3762,3797,3765,-1,3801,3766,3765,-1,3765,3797,3801,-1,3766,3802,3769,-1,3802,3766,3801,-1,3802,3803,3769,-1,3769,3803,3743,-1,3800,3756,3804,-1,3756,3800,3772,-1,3804,3748,3805,-1,3748,3804,3756,-1,3739,3806,3807,-1,3806,3755,3808,-1,3755,3806,3739,-1,3809,3808,3775,-1,3755,3775,3808,-1,3749,3810,3809,-1,3809,3775,3749,-1,3739,3807,3740,-1,3811,3741,3740,-1,3740,3807,3811,-1,3741,3812,3746,-1,3812,3741,3811,-1,3812,3805,3746,-1,3746,3805,3748,-1,3810,3738,3813,-1,3738,3810,3749,-1,3793,3801,3794,-1,3813,3780,3779,-1,3806,3811,3807,-1,3806,3784,3811,-1,3812,3784,3805,-1,3783,3786,3805,-1,3811,3784,3812,-1,3804,3805,3786,-1,3810,3781,3782,-1,3785,3784,3808,-1,3790,3796,3798,-1,3794,3797,3791,-1,3792,3802,3793,-1,3796,3791,3797,-1,3795,3814,3803,-1,3795,3803,3792,-1,3815,3803,3814,-1,3802,3792,3803,-1,3800,3790,3799,-1,3778,3777,3780,-1,3813,3779,3781,-1,3793,3802,3801,-1,3794,3801,3797,-1,3790,3791,3796,-1,3799,3790,3798,-1,3800,3804,3789,-1,3790,3800,3789,-1,3789,3787,3788,-1,3804,3787,3789,-1,3809,3810,3785,-1,3804,3786,3787,-1,3808,3784,3806,-1,3783,3805,3784,-1,3808,3809,3785,-1,3810,3782,3785,-1,3810,3813,3781,-1,3779,3780,3777,-1,3816,3780,3813,-1,3816,3813,3817,-1,3744,3814,3795,-1,3795,3742,3744,-1,3803,3815,3770,-1,3803,3770,3743,-1,3780,3736,3745,-1,3780,3816,3736,-1,3813,3737,3817,-1,3737,3813,3738,-1,3818,3819,3820,-1,3821,3822,3823,-1,3819,3818,3824,-1,3825,3821,3823,-1,3819,3822,3821,-1,3826,3821,3825,-1,3819,3827,3822,-1,3823,3822,3828,-1,3829,3828,3822,-1,3830,3829,3822,-1,3830,3822,3831,-1,3832,3827,3833,-1,3824,3834,3827,-1,3824,3827,3819,-1,3834,3833,3827,-1,3832,3833,3835,-1,3836,3822,3827,-1,3822,3836,3837,-1,3823,3838,3825,-1,3826,3825,3839,-1,3838,3839,3825,-1,3840,3821,3826,-1,3826,3839,3840,-1,3838,3823,3841,-1,3841,3828,3842,-1,3828,3841,3823,-1,3828,3829,3842,-1,3842,3829,3843,-1,3844,3819,3821,-1,3821,3840,3844,-1,3818,3845,3824,-1,3834,3824,3846,-1,3845,3846,3824,-1,3847,3833,3834,-1,3834,3846,3847,-1,3845,3818,3848,-1,3848,3820,3849,-1,3820,3848,3818,-1,3820,3819,3849,-1,3849,3819,3844,-1,3844,3845,3848,-1,3850,3851,3847,-1,3848,3849,3844,-1,3838,3841,3840,-1,3840,3841,3837,-1,3837,3844,3840,-1,3838,3840,3839,-1,3837,3841,3842,-1,3843,3837,3842,-1,3836,3844,3837,-1,3837,3843,3852,-1,3852,3853,3837,-1,3845,3836,3846,-1,3845,3844,3836,-1,3850,3847,3836,-1,3846,3836,3847,-1,3847,3835,3833,-1,3847,3851,3835,-1,3829,3830,3852,-1,3852,3843,3829,-1,3853,3831,3822,-1,3853,3822,3837,-1,3832,3836,3827,-1,3836,3832,3850,-1,3854,3855,3856,-1,3857,3858,3859,-1,3860,3861,3862,-1,3863,3861,3864,-1,3863,3862,3861,-1,3860,3865,3861,-1,3864,3866,3867,-1,3868,3863,3864,-1,3864,3867,3869,-1,3854,3865,3860,-1,3869,3868,3864,-1,3865,3854,3856,-1,3855,3870,3871,-1,3856,3855,3871,-1,3870,3859,3871,-1,3859,3870,3857,-1,3862,3872,3873,-1,3872,3863,3874,-1,3863,3872,3862,-1,3875,3874,3868,-1,3863,3868,3874,-1,3869,3876,3875,-1,3875,3868,3869,-1,3862,3873,3860,-1,3877,3854,3860,-1,3860,3873,3877,-1,3854,3878,3855,-1,3878,3854,3877,-1,3878,3879,3855,-1,3855,3879,3870,-1,3867,3880,3876,-1,3876,3869,3867,-1,3867,3881,3880,-1,3867,3866,3881,-1,3866,3882,3881,-1,3882,3866,3864,-1,3883,3882,3864,-1,3884,3885,3856,-1,3886,3861,3865,-1,3887,3871,3859,-1,3871,3887,3884,-1,3856,3885,3865,-1,3871,3884,3856,-1,3886,3883,3861,-1,3885,3886,3865,-1,3864,3861,3883,-1,3877,3873,3886,-1,3874,3882,3883,-1,3883,3873,3872,-1,3874,3883,3872,-1,3882,3880,3881,-1,3875,3882,3874,-1,3882,3876,3880,-1,3888,3879,3887,-1,3886,3873,3883,-1,3876,3882,3875,-1,3877,3886,3885,-1,3885,3884,3878,-1,3878,3877,3885,-1,3878,3884,3879,-1,3884,3887,3879,-1,3887,3889,3888,-1,3879,3888,3857,-1,3857,3870,3879,-1,3858,3889,3887,-1,3858,3887,3859,-1,3890,3891,3892,-1,3893,3894,3895,-1,3892,3896,3897,-1,3897,3890,3892,-1,3898,3897,3899,-1,3900,3901,3902,-1,3903,3904,3905,-1,3906,3903,3905,-1,3906,3907,3903,-1,3908,3909,3893,-1,3893,3895,3904,-1,3910,3900,3902,-1,3911,3912,3910,-1,3911,3908,3893,-1,3908,3911,3902,-1,3910,3902,3911,-1,3909,3894,3893,-1,3895,3894,3913,-1,3905,3904,3895,-1,3895,3913,3914,-1,3915,3898,3914,-1,3915,3914,3913,-1,3899,3897,3916,-1,3898,3899,3914,-1,3916,3897,3896,-1,3917,3918,3919,-1,3920,3921,3919,-1,3922,3923,3924,-1,3921,3917,3919,-1,3919,3925,3920,-1,3917,3926,3918,-1,3919,3927,3925,-1,3928,3929,3930,-1,3924,3927,3922,-1,3931,3932,3933,-1,3933,3934,3935,-1,3936,3937,3938,-1,3937,3935,3939,-1,3940,3929,3928,-1,3941,3940,3942,-1,3941,3937,3936,-1,3936,3929,3941,-1,3940,3941,3929,-1,3938,3937,3943,-1,3934,3939,3935,-1,3932,3934,3933,-1,3939,3923,3943,-1,3939,3943,3937,-1,3939,3924,3923,-1,3927,3924,3925,-1,3916,3920,3925,-1,3916,3925,3899,-1,3899,3924,3914,-1,3924,3899,3925,-1,3931,3907,3906,-1,3907,3933,3903,-1,3933,3907,3931,-1,3904,3903,3935,-1,3933,3935,3903,-1,3937,3893,3904,-1,3904,3935,3937,-1,3931,3906,3932,-1,3905,3934,3932,-1,3932,3906,3905,-1,3934,3895,3939,-1,3895,3934,3905,-1,3895,3914,3939,-1,3939,3914,3924,-1,3893,3941,3911,-1,3941,3893,3937,-1,3911,3942,3912,-1,3942,3911,3941,-1,3912,3940,3910,-1,3912,3942,3940,-1,3940,3900,3910,-1,3940,3928,3900,-1,3929,3901,3930,-1,3902,3901,3929,-1,3900,3930,3901,-1,3930,3900,3928,-1,3929,3908,3902,-1,3929,3936,3908,-1,3909,3908,3936,-1,3915,3913,3923,-1,3894,3938,3943,-1,3898,3922,3927,-1,3922,3898,3915,-1,3923,3913,3943,-1,3922,3915,3923,-1,3894,3909,3938,-1,3913,3894,3943,-1,3936,3938,3909,-1,3927,3897,3898,-1,3927,3919,3897,-1,3891,3890,3926,-1,3917,3892,3891,-1,3891,3926,3917,-1,3926,3890,3918,-1,3890,3897,3918,-1,3918,3897,3919,-1,3896,3892,3917,-1,3917,3921,3896,-1,3944,3945,3946,-1,3945,3947,3948,-1,3945,3949,3950,-1,3951,3952,3953,-1,3953,3948,3951,-1,3948,3947,3951,-1,3945,3948,3949,-1,3954,3955,3950,-1,3955,3945,3950,-1,3955,3946,3945,-1,3956,3957,3958,-1,3959,3956,3960,-1,3957,3956,3959,-1,3961,3958,3957,-1,3959,3962,3957,-1,3963,3964,3965,-1,3962,3965,3957,-1,3965,3964,3966,-1,3965,3966,3957,-1,3964,3963,3967,-1,3961,3957,3945,-1,3945,3944,3961,-1,3958,3946,3955,-1,3958,3955,3956,-1,3966,3951,3947,-1,3957,3966,3947,-1,3957,3947,3945,-1,3966,3964,3951,-1,3951,3964,3952,-1,3964,3967,3952,-1,3959,3949,3962,-1,3965,3962,3948,-1,3949,3948,3962,-1,3953,3963,3965,-1,3965,3948,3953,-1,3949,3959,3950,-1,3950,3960,3954,-1,3960,3950,3959,-1,3960,3956,3954,-1,3954,3956,3955,-1,3968,3969,3970,-1,3971,3972,3973,-1,3974,3975,3976,-1,3968,3970,3977,-1,3978,3979,3973,-1,3973,3979,3971,-1,3978,3980,3979,-1,3981,3982,3983,-1,3984,3980,3985,-1,3986,3987,3979,-1,3980,3988,3985,-1,3989,3990,3991,-1,3992,3993,3994,-1,3995,3996,3997,-1,3995,3998,3999,-1,3994,3997,3996,-1,4000,3975,3974,-1,4001,4000,3999,-1,3976,3975,4002,-1,3975,4000,4001,-1,4003,3992,4004,-1,3977,4005,4006,-1,3999,3998,4001,-1,3995,3997,3998,-1,3992,3994,3996,-1,4003,3993,3992,-1,3992,3991,4004,-1,3970,3981,3983,-1,4004,3991,3988,-1,3988,3991,3990,-1,4007,3986,3981,-1,3988,3990,3985,-1,3987,3971,3979,-1,3984,3979,3980,-1,3987,3986,4007,-1,3981,3986,3982,-1,3983,4008,3970,-1,3970,4008,3977,-1,3977,4008,4005,-1,4009,4010,4005,-1,4008,4011,4009,-1,4009,4005,4008,-1,4005,4010,4006,-1,4010,4012,4006,-1,4006,4012,3977,-1,4008,4013,4011,-1,4008,3983,4013,-1,4014,4013,3983,-1,4015,4016,3979,-1,4017,3982,3986,-1,4018,3984,3985,-1,3984,4018,4015,-1,3979,4016,3986,-1,3984,4015,3979,-1,4017,4014,3982,-1,4016,4017,3986,-1,3983,3982,4014,-1,3985,4019,4018,-1,3985,3990,4019,-1,3991,4020,3989,-1,4021,4020,3991,-1,4019,3989,4020,-1,3989,4019,3990,-1,3991,4022,4021,-1,3991,3992,4022,-1,4023,4022,3992,-1,4024,4025,3999,-1,4026,3996,3995,-1,4027,4000,3974,-1,4000,4027,4024,-1,3999,4025,3995,-1,4000,4024,3999,-1,4026,4023,3996,-1,4025,4026,3995,-1,3992,3996,4023,-1,3994,4028,4029,-1,4028,3993,4030,-1,3993,4028,3994,-1,4031,4030,4003,-1,3993,4003,4030,-1,4004,4032,4031,-1,4031,4003,4004,-1,3994,4029,3997,-1,4033,3998,3997,-1,3997,4029,4033,-1,3998,4034,4001,-1,4034,3998,4033,-1,4034,4035,4001,-1,4001,4035,3975,-1,4032,3988,4036,-1,3988,4032,4004,-1,4036,3980,4037,-1,3980,4036,3988,-1,3971,4038,4039,-1,4038,3987,4040,-1,3987,4038,3971,-1,4041,4040,4007,-1,3987,4007,4040,-1,3981,4042,4041,-1,4041,4007,3981,-1,3971,4039,3972,-1,4043,3973,3972,-1,3972,4039,4043,-1,3973,4044,3978,-1,4044,3973,4043,-1,4044,4037,3978,-1,3978,4037,3980,-1,4042,3970,4045,-1,3970,4042,3981,-1,4025,4033,4026,-1,4045,4012,4011,-1,4038,4043,4039,-1,4038,4016,4043,-1,4044,4016,4037,-1,4015,4018,4037,-1,4043,4016,4044,-1,4036,4037,4018,-1,4042,4013,4014,-1,4017,4016,4040,-1,4022,4028,4030,-1,4026,4029,4023,-1,4024,4034,4025,-1,4028,4023,4029,-1,4027,4046,4035,-1,4027,4035,4024,-1,4047,4035,4046,-1,4034,4024,4035,-1,4032,4022,4031,-1,4010,4009,4012,-1,4045,4011,4013,-1,4025,4034,4033,-1,4026,4033,4029,-1,4022,4023,4028,-1,4031,4022,4030,-1,4032,4036,4021,-1,4022,4032,4021,-1,4021,4019,4020,-1,4036,4019,4021,-1,4041,4042,4017,-1,4036,4018,4019,-1,4040,4016,4038,-1,4015,4037,4016,-1,4040,4041,4017,-1,4042,4014,4017,-1,4042,4045,4013,-1,4011,4012,4009,-1,4048,4012,4045,-1,4048,4045,4049,-1,3976,4046,4027,-1,4027,3974,3976,-1,4035,4047,4002,-1,4035,4002,3975,-1,4012,3968,3977,-1,4012,4048,3968,-1,4045,3969,4049,-1,3969,4045,3970,-1,4050,4051,4052,-1,4053,4054,4055,-1,4051,4050,4056,-1,4057,4053,4055,-1,4051,4054,4053,-1,4058,4053,4057,-1,4051,4059,4054,-1,4055,4054,4060,-1,4061,4060,4054,-1,4062,4061,4054,-1,4062,4054,4063,-1,4064,4059,4065,-1,4056,4066,4059,-1,4056,4059,4051,-1,4066,4065,4059,-1,4064,4065,4067,-1,4068,4054,4059,-1,4054,4068,4069,-1,4055,4070,4057,-1,4058,4057,4071,-1,4070,4071,4057,-1,4072,4053,4058,-1,4058,4071,4072,-1,4070,4055,4073,-1,4073,4060,4074,-1,4060,4073,4055,-1,4060,4061,4074,-1,4074,4061,4075,-1,4076,4051,4053,-1,4053,4072,4076,-1,4050,4077,4056,-1,4066,4056,4078,-1,4077,4078,4056,-1,4079,4065,4066,-1,4066,4078,4079,-1,4077,4050,4080,-1,4080,4052,4081,-1,4052,4080,4050,-1,4052,4051,4081,-1,4081,4051,4076,-1,4076,4077,4080,-1,4082,4083,4079,-1,4080,4081,4076,-1,4070,4073,4072,-1,4072,4073,4069,-1,4069,4076,4072,-1,4070,4072,4071,-1,4069,4073,4074,-1,4075,4069,4074,-1,4068,4076,4069,-1,4069,4075,4084,-1,4084,4085,4069,-1,4077,4068,4078,-1,4077,4076,4068,-1,4082,4079,4068,-1,4078,4068,4079,-1,4079,4067,4065,-1,4079,4083,4067,-1,4061,4062,4084,-1,4084,4075,4061,-1,4085,4063,4054,-1,4085,4054,4069,-1,4064,4068,4059,-1,4068,4064,4082,-1,4086,4087,4088,-1,4089,4090,4091,-1,4092,4093,4094,-1,4095,4093,4096,-1,4095,4094,4093,-1,4092,4097,4093,-1,4096,4098,4099,-1,4100,4095,4096,-1,4096,4099,4101,-1,4086,4097,4092,-1,4101,4100,4096,-1,4097,4086,4088,-1,4087,4102,4103,-1,4088,4087,4103,-1,4102,4091,4103,-1,4091,4102,4089,-1,4094,4104,4105,-1,4104,4095,4106,-1,4095,4104,4094,-1,4107,4106,4100,-1,4095,4100,4106,-1,4101,4108,4107,-1,4107,4100,4101,-1,4094,4105,4092,-1,4109,4086,4092,-1,4092,4105,4109,-1,4086,4110,4087,-1,4110,4086,4109,-1,4110,4111,4087,-1,4087,4111,4102,-1,4099,4112,4108,-1,4108,4101,4099,-1,4099,4113,4112,-1,4099,4098,4113,-1,4098,4114,4113,-1,4114,4098,4096,-1,4115,4114,4096,-1,4116,4117,4088,-1,4118,4093,4097,-1,4119,4103,4091,-1,4103,4119,4116,-1,4088,4117,4097,-1,4103,4116,4088,-1,4118,4115,4093,-1,4117,4118,4097,-1,4096,4093,4115,-1,4109,4105,4118,-1,4106,4114,4115,-1,4115,4105,4104,-1,4106,4115,4104,-1,4114,4112,4113,-1,4107,4114,4106,-1,4114,4108,4112,-1,4120,4111,4119,-1,4118,4105,4115,-1,4108,4114,4107,-1,4109,4118,4117,-1,4117,4116,4110,-1,4110,4109,4117,-1,4110,4116,4111,-1,4116,4119,4111,-1,4119,4121,4120,-1,4111,4120,4089,-1,4089,4102,4111,-1,4090,4121,4119,-1,4090,4119,4091,-1,4122,4123,4124,-1,4125,4126,4127,-1,4124,4128,4129,-1,4129,4122,4124,-1,4130,4129,4131,-1,4132,4133,4134,-1,4135,4136,4137,-1,4138,4135,4137,-1,4138,4139,4135,-1,4140,4141,4125,-1,4125,4127,4136,-1,4142,4132,4134,-1,4143,4144,4142,-1,4143,4140,4125,-1,4140,4143,4134,-1,4142,4134,4143,-1,4141,4126,4125,-1,4127,4126,4145,-1,4137,4136,4127,-1,4127,4145,4146,-1,4147,4130,4146,-1,4147,4146,4145,-1,4131,4129,4148,-1,4130,4131,4146,-1,4148,4129,4128,-1,4149,4150,4151,-1,4152,4153,4151,-1,4154,4155,4156,-1,4153,4149,4151,-1,4151,4157,4152,-1,4149,4158,4150,-1,4151,4159,4157,-1,4160,4161,4162,-1,4156,4159,4154,-1,4163,4164,4165,-1,4165,4166,4167,-1,4168,4169,4170,-1,4169,4167,4171,-1,4172,4161,4160,-1,4173,4172,4174,-1,4173,4169,4168,-1,4168,4161,4173,-1,4172,4173,4161,-1,4170,4169,4175,-1,4166,4171,4167,-1,4164,4166,4165,-1,4171,4155,4175,-1,4171,4175,4169,-1,4171,4156,4155,-1,4159,4156,4157,-1,4148,4152,4157,-1,4148,4157,4131,-1,4131,4156,4146,-1,4156,4131,4157,-1,4163,4139,4138,-1,4139,4165,4135,-1,4165,4139,4163,-1,4136,4135,4167,-1,4165,4167,4135,-1,4169,4125,4136,-1,4136,4167,4169,-1,4163,4138,4164,-1,4137,4166,4164,-1,4164,4138,4137,-1,4166,4127,4171,-1,4127,4166,4137,-1,4127,4146,4171,-1,4171,4146,4156,-1,4125,4173,4143,-1,4173,4125,4169,-1,4143,4174,4144,-1,4174,4143,4173,-1,4144,4172,4142,-1,4144,4174,4172,-1,4172,4132,4142,-1,4172,4160,4132,-1,4161,4133,4162,-1,4134,4133,4161,-1,4132,4162,4133,-1,4162,4132,4160,-1,4161,4140,4134,-1,4161,4168,4140,-1,4141,4140,4168,-1,4147,4145,4155,-1,4126,4170,4175,-1,4130,4154,4159,-1,4154,4130,4147,-1,4155,4145,4175,-1,4154,4147,4155,-1,4126,4141,4170,-1,4145,4126,4175,-1,4168,4170,4141,-1,4159,4129,4130,-1,4159,4151,4129,-1,4123,4122,4158,-1,4149,4124,4123,-1,4123,4158,4149,-1,4158,4122,4150,-1,4122,4129,4150,-1,4150,4129,4151,-1,4128,4124,4149,-1,4149,4153,4128,-1,4176,4177,4178,-1,4177,4179,4180,-1,4177,4181,4182,-1,4183,4184,4185,-1,4185,4180,4183,-1,4180,4179,4183,-1,4177,4180,4181,-1,4186,4187,4182,-1,4187,4177,4182,-1,4187,4178,4177,-1,4188,4189,4190,-1,4191,4188,4192,-1,4189,4188,4191,-1,4193,4190,4189,-1,4191,4194,4189,-1,4195,4196,4197,-1,4194,4197,4189,-1,4197,4196,4198,-1,4197,4198,4189,-1,4196,4195,4199,-1,4193,4189,4177,-1,4177,4176,4193,-1,4190,4178,4187,-1,4190,4187,4188,-1,4198,4183,4179,-1,4189,4198,4179,-1,4189,4179,4177,-1,4198,4196,4183,-1,4183,4196,4184,-1,4196,4199,4184,-1,4191,4181,4194,-1,4197,4194,4180,-1,4181,4180,4194,-1,4185,4195,4197,-1,4197,4180,4185,-1,4181,4191,4182,-1,4182,4192,4186,-1,4192,4182,4191,-1,4192,4188,4186,-1,4186,4188,4187,-1,4200,4201,4202,-1,4203,4204,4205,-1,4206,4207,4208,-1,4200,4202,4209,-1,4210,4211,4205,-1,4205,4211,4203,-1,4210,4212,4211,-1,4213,4214,4215,-1,4216,4212,4217,-1,4218,4219,4211,-1,4212,4220,4217,-1,4221,4222,4223,-1,4224,4225,4226,-1,4227,4228,4229,-1,4227,4230,4231,-1,4226,4229,4228,-1,4232,4207,4206,-1,4233,4232,4231,-1,4208,4207,4234,-1,4207,4232,4233,-1,4235,4224,4236,-1,4209,4237,4238,-1,4231,4230,4233,-1,4227,4229,4230,-1,4224,4226,4228,-1,4235,4225,4224,-1,4224,4223,4236,-1,4202,4213,4215,-1,4236,4223,4220,-1,4220,4223,4222,-1,4239,4218,4213,-1,4220,4222,4217,-1,4219,4203,4211,-1,4216,4211,4212,-1,4219,4218,4239,-1,4213,4218,4214,-1,4215,4240,4202,-1,4202,4240,4209,-1,4209,4240,4237,-1,4241,4242,4237,-1,4240,4243,4241,-1,4241,4237,4240,-1,4237,4242,4238,-1,4242,4244,4238,-1,4238,4244,4209,-1,4240,4245,4243,-1,4240,4215,4245,-1,4246,4245,4215,-1,4247,4248,4211,-1,4249,4214,4218,-1,4250,4216,4217,-1,4216,4250,4247,-1,4211,4248,4218,-1,4216,4247,4211,-1,4249,4246,4214,-1,4248,4249,4218,-1,4215,4214,4246,-1,4217,4251,4250,-1,4217,4222,4251,-1,4223,4252,4221,-1,4253,4252,4223,-1,4251,4221,4252,-1,4221,4251,4222,-1,4223,4254,4253,-1,4223,4224,4254,-1,4255,4254,4224,-1,4256,4257,4231,-1,4258,4228,4227,-1,4259,4232,4206,-1,4232,4259,4256,-1,4231,4257,4227,-1,4232,4256,4231,-1,4258,4255,4228,-1,4257,4258,4227,-1,4224,4228,4255,-1,4226,4260,4261,-1,4260,4225,4262,-1,4225,4260,4226,-1,4263,4262,4235,-1,4225,4235,4262,-1,4236,4264,4263,-1,4263,4235,4236,-1,4226,4261,4229,-1,4265,4230,4229,-1,4229,4261,4265,-1,4230,4266,4233,-1,4266,4230,4265,-1,4266,4267,4233,-1,4233,4267,4207,-1,4264,4220,4268,-1,4220,4264,4236,-1,4268,4212,4269,-1,4212,4268,4220,-1,4203,4270,4271,-1,4270,4219,4272,-1,4219,4270,4203,-1,4273,4272,4239,-1,4219,4239,4272,-1,4213,4274,4273,-1,4273,4239,4213,-1,4203,4271,4204,-1,4275,4205,4204,-1,4204,4271,4275,-1,4205,4276,4210,-1,4276,4205,4275,-1,4276,4269,4210,-1,4210,4269,4212,-1,4274,4202,4277,-1,4202,4274,4213,-1,4257,4265,4258,-1,4277,4244,4243,-1,4270,4275,4271,-1,4270,4248,4275,-1,4276,4248,4269,-1,4247,4250,4269,-1,4275,4248,4276,-1,4268,4269,4250,-1,4274,4245,4246,-1,4249,4248,4272,-1,4254,4260,4262,-1,4258,4261,4255,-1,4256,4266,4257,-1,4260,4255,4261,-1,4259,4278,4267,-1,4259,4267,4256,-1,4279,4267,4278,-1,4266,4256,4267,-1,4264,4254,4263,-1,4242,4241,4244,-1,4277,4243,4245,-1,4257,4266,4265,-1,4258,4265,4261,-1,4254,4255,4260,-1,4263,4254,4262,-1,4264,4268,4253,-1,4254,4264,4253,-1,4253,4251,4252,-1,4268,4251,4253,-1,4273,4274,4249,-1,4268,4250,4251,-1,4272,4248,4270,-1,4247,4269,4248,-1,4272,4273,4249,-1,4274,4246,4249,-1,4274,4277,4245,-1,4243,4244,4241,-1,4280,4244,4277,-1,4280,4277,4281,-1,4208,4278,4259,-1,4259,4206,4208,-1,4267,4279,4234,-1,4267,4234,4207,-1,4244,4200,4209,-1,4244,4280,4200,-1,4277,4201,4281,-1,4201,4277,4202,-1,4282,4283,4284,-1,4285,4286,4287,-1,4283,4282,4288,-1,4289,4285,4287,-1,4283,4286,4285,-1,4290,4285,4289,-1,4283,4291,4286,-1,4287,4286,4292,-1,4293,4292,4286,-1,4294,4293,4286,-1,4294,4286,4295,-1,4296,4291,4297,-1,4288,4298,4291,-1,4288,4291,4283,-1,4298,4297,4291,-1,4296,4297,4299,-1,4300,4286,4291,-1,4286,4300,4301,-1,4287,4302,4289,-1,4290,4289,4303,-1,4302,4303,4289,-1,4304,4285,4290,-1,4290,4303,4304,-1,4302,4287,4305,-1,4305,4292,4306,-1,4292,4305,4287,-1,4292,4293,4306,-1,4306,4293,4307,-1,4308,4283,4285,-1,4285,4304,4308,-1,4282,4309,4288,-1,4298,4288,4310,-1,4309,4310,4288,-1,4311,4297,4298,-1,4298,4310,4311,-1,4309,4282,4312,-1,4312,4284,4313,-1,4284,4312,4282,-1,4284,4283,4313,-1,4313,4283,4308,-1,4308,4309,4312,-1,4314,4315,4311,-1,4312,4313,4308,-1,4302,4305,4304,-1,4304,4305,4301,-1,4301,4308,4304,-1,4302,4304,4303,-1,4301,4305,4306,-1,4307,4301,4306,-1,4300,4308,4301,-1,4301,4307,4316,-1,4316,4317,4301,-1,4309,4300,4310,-1,4309,4308,4300,-1,4314,4311,4300,-1,4310,4300,4311,-1,4311,4299,4297,-1,4311,4315,4299,-1,4293,4294,4316,-1,4316,4307,4293,-1,4317,4295,4286,-1,4317,4286,4301,-1,4296,4300,4291,-1,4300,4296,4314,-1,4318,4319,4320,-1,4321,4322,4323,-1,4324,4325,4326,-1,4327,4325,4328,-1,4327,4326,4325,-1,4324,4329,4325,-1,4328,4330,4331,-1,4332,4327,4328,-1,4328,4331,4333,-1,4318,4329,4324,-1,4333,4332,4328,-1,4329,4318,4320,-1,4319,4334,4335,-1,4320,4319,4335,-1,4334,4323,4335,-1,4323,4334,4321,-1,4326,4336,4337,-1,4336,4327,4338,-1,4327,4336,4326,-1,4339,4338,4332,-1,4327,4332,4338,-1,4333,4340,4339,-1,4339,4332,4333,-1,4326,4337,4324,-1,4341,4318,4324,-1,4324,4337,4341,-1,4318,4342,4319,-1,4342,4318,4341,-1,4342,4343,4319,-1,4319,4343,4334,-1,4331,4344,4340,-1,4340,4333,4331,-1,4331,4345,4344,-1,4331,4330,4345,-1,4330,4346,4345,-1,4346,4330,4328,-1,4347,4346,4328,-1,4348,4349,4320,-1,4350,4325,4329,-1,4351,4335,4323,-1,4335,4351,4348,-1,4320,4349,4329,-1,4335,4348,4320,-1,4350,4347,4325,-1,4349,4350,4329,-1,4328,4325,4347,-1,4341,4337,4350,-1,4338,4346,4347,-1,4347,4337,4336,-1,4338,4347,4336,-1,4346,4344,4345,-1,4339,4346,4338,-1,4346,4340,4344,-1,4352,4343,4351,-1,4350,4337,4347,-1,4340,4346,4339,-1,4341,4350,4349,-1,4349,4348,4342,-1,4342,4341,4349,-1,4342,4348,4343,-1,4348,4351,4343,-1,4351,4353,4352,-1,4343,4352,4321,-1,4321,4334,4343,-1,4322,4353,4351,-1,4322,4351,4323,-1,4354,4355,4356,-1,4357,4358,4359,-1,4356,4360,4361,-1,4361,4354,4356,-1,4362,4361,4363,-1,4364,4365,4366,-1,4367,4368,4369,-1,4370,4367,4369,-1,4370,4371,4367,-1,4372,4373,4357,-1,4357,4359,4368,-1,4374,4364,4366,-1,4375,4376,4374,-1,4375,4372,4357,-1,4372,4375,4366,-1,4374,4366,4375,-1,4373,4358,4357,-1,4359,4358,4377,-1,4369,4368,4359,-1,4359,4377,4378,-1,4379,4362,4378,-1,4379,4378,4377,-1,4363,4361,4380,-1,4362,4363,4378,-1,4380,4361,4360,-1,4381,4382,4383,-1,4384,4385,4383,-1,4386,4387,4388,-1,4385,4381,4383,-1,4383,4389,4384,-1,4381,4390,4382,-1,4383,4391,4389,-1,4392,4393,4394,-1,4388,4391,4386,-1,4395,4396,4397,-1,4397,4398,4399,-1,4400,4401,4402,-1,4401,4399,4403,-1,4404,4393,4392,-1,4405,4404,4406,-1,4405,4401,4400,-1,4400,4393,4405,-1,4404,4405,4393,-1,4402,4401,4407,-1,4398,4403,4399,-1,4396,4398,4397,-1,4403,4387,4407,-1,4403,4407,4401,-1,4403,4388,4387,-1,4391,4388,4389,-1,4380,4384,4389,-1,4380,4389,4363,-1,4363,4388,4378,-1,4388,4363,4389,-1,4395,4371,4370,-1,4371,4397,4367,-1,4397,4371,4395,-1,4368,4367,4399,-1,4397,4399,4367,-1,4401,4357,4368,-1,4368,4399,4401,-1,4395,4370,4396,-1,4369,4398,4396,-1,4396,4370,4369,-1,4398,4359,4403,-1,4359,4398,4369,-1,4359,4378,4403,-1,4403,4378,4388,-1,4357,4405,4375,-1,4405,4357,4401,-1,4375,4406,4376,-1,4406,4375,4405,-1,4376,4404,4374,-1,4376,4406,4404,-1,4404,4364,4374,-1,4404,4392,4364,-1,4393,4365,4394,-1,4366,4365,4393,-1,4364,4394,4365,-1,4394,4364,4392,-1,4393,4372,4366,-1,4393,4400,4372,-1,4373,4372,4400,-1,4379,4377,4387,-1,4358,4402,4407,-1,4362,4386,4391,-1,4386,4362,4379,-1,4387,4377,4407,-1,4386,4379,4387,-1,4358,4373,4402,-1,4377,4358,4407,-1,4400,4402,4373,-1,4391,4361,4362,-1,4391,4383,4361,-1,4355,4354,4390,-1,4381,4356,4355,-1,4355,4390,4381,-1,4390,4354,4382,-1,4354,4361,4382,-1,4382,4361,4383,-1,4360,4356,4381,-1,4381,4385,4360,-1,4408,4409,4410,-1,4409,4411,4412,-1,4409,4413,4414,-1,4415,4416,4417,-1,4417,4412,4415,-1,4412,4411,4415,-1,4409,4412,4413,-1,4418,4419,4414,-1,4419,4409,4414,-1,4419,4410,4409,-1,4420,4421,4422,-1,4423,4420,4424,-1,4421,4420,4423,-1,4425,4422,4421,-1,4423,4426,4421,-1,4427,4428,4429,-1,4426,4429,4421,-1,4429,4428,4430,-1,4429,4430,4421,-1,4428,4427,4431,-1,4425,4421,4409,-1,4409,4408,4425,-1,4422,4410,4419,-1,4422,4419,4420,-1,4430,4415,4411,-1,4421,4430,4411,-1,4421,4411,4409,-1,4430,4428,4415,-1,4415,4428,4416,-1,4428,4431,4416,-1,4423,4413,4426,-1,4429,4426,4412,-1,4413,4412,4426,-1,4417,4427,4429,-1,4429,4412,4417,-1,4413,4423,4414,-1,4414,4424,4418,-1,4424,4414,4423,-1,4424,4420,4418,-1,4418,4420,4419,-1,4432,4433,4434,-1,4435,4436,4437,-1,4438,4439,4440,-1,4432,4434,4441,-1,4442,4443,4437,-1,4437,4443,4435,-1,4442,4444,4443,-1,4445,4446,4447,-1,4448,4444,4449,-1,4450,4451,4443,-1,4444,4452,4449,-1,4453,4454,4455,-1,4456,4457,4458,-1,4459,4460,4461,-1,4459,4462,4463,-1,4458,4461,4460,-1,4464,4439,4438,-1,4465,4464,4463,-1,4440,4439,4466,-1,4439,4464,4465,-1,4467,4456,4468,-1,4441,4469,4470,-1,4463,4462,4465,-1,4459,4461,4462,-1,4456,4458,4460,-1,4467,4457,4456,-1,4456,4455,4468,-1,4434,4445,4447,-1,4468,4455,4452,-1,4452,4455,4454,-1,4471,4450,4445,-1,4452,4454,4449,-1,4451,4435,4443,-1,4448,4443,4444,-1,4451,4450,4471,-1,4445,4450,4446,-1,4447,4472,4434,-1,4434,4472,4441,-1,4441,4472,4469,-1,4473,4474,4469,-1,4472,4475,4473,-1,4473,4469,4472,-1,4469,4474,4470,-1,4474,4476,4470,-1,4470,4476,4441,-1,4472,4477,4475,-1,4472,4447,4477,-1,4478,4477,4447,-1,4479,4480,4443,-1,4481,4446,4450,-1,4482,4448,4449,-1,4448,4482,4479,-1,4443,4480,4450,-1,4448,4479,4443,-1,4481,4478,4446,-1,4480,4481,4450,-1,4447,4446,4478,-1,4449,4483,4482,-1,4449,4454,4483,-1,4455,4484,4453,-1,4485,4484,4455,-1,4483,4453,4484,-1,4453,4483,4454,-1,4455,4486,4485,-1,4455,4456,4486,-1,4487,4486,4456,-1,4488,4489,4463,-1,4490,4460,4459,-1,4491,4464,4438,-1,4464,4491,4488,-1,4463,4489,4459,-1,4464,4488,4463,-1,4490,4487,4460,-1,4489,4490,4459,-1,4456,4460,4487,-1,4458,4492,4493,-1,4492,4457,4494,-1,4457,4492,4458,-1,4495,4494,4467,-1,4457,4467,4494,-1,4468,4496,4495,-1,4495,4467,4468,-1,4458,4493,4461,-1,4497,4462,4461,-1,4461,4493,4497,-1,4462,4498,4465,-1,4498,4462,4497,-1,4498,4499,4465,-1,4465,4499,4439,-1,4496,4452,4500,-1,4452,4496,4468,-1,4500,4444,4501,-1,4444,4500,4452,-1,4435,4502,4503,-1,4502,4451,4504,-1,4451,4502,4435,-1,4505,4504,4471,-1,4451,4471,4504,-1,4445,4506,4505,-1,4505,4471,4445,-1,4435,4503,4436,-1,4507,4437,4436,-1,4436,4503,4507,-1,4437,4508,4442,-1,4508,4437,4507,-1,4508,4501,4442,-1,4442,4501,4444,-1,4506,4434,4509,-1,4434,4506,4445,-1,4489,4497,4490,-1,4509,4476,4475,-1,4502,4507,4503,-1,4502,4480,4507,-1,4508,4480,4501,-1,4479,4482,4501,-1,4507,4480,4508,-1,4500,4501,4482,-1,4506,4477,4478,-1,4481,4480,4504,-1,4486,4492,4494,-1,4490,4493,4487,-1,4488,4498,4489,-1,4492,4487,4493,-1,4491,4510,4499,-1,4491,4499,4488,-1,4511,4499,4510,-1,4498,4488,4499,-1,4496,4486,4495,-1,4474,4473,4476,-1,4509,4475,4477,-1,4489,4498,4497,-1,4490,4497,4493,-1,4486,4487,4492,-1,4495,4486,4494,-1,4496,4500,4485,-1,4486,4496,4485,-1,4485,4483,4484,-1,4500,4483,4485,-1,4505,4506,4481,-1,4500,4482,4483,-1,4504,4480,4502,-1,4479,4501,4480,-1,4504,4505,4481,-1,4506,4478,4481,-1,4506,4509,4477,-1,4475,4476,4473,-1,4512,4476,4509,-1,4512,4509,4513,-1,4440,4510,4491,-1,4491,4438,4440,-1,4499,4511,4466,-1,4499,4466,4439,-1,4476,4432,4441,-1,4476,4512,4432,-1,4509,4433,4513,-1,4433,4509,4434,-1,4514,4515,4516,-1,4517,4518,4519,-1,4515,4514,4520,-1,4521,4517,4519,-1,4515,4518,4517,-1,4522,4517,4521,-1,4515,4523,4518,-1,4519,4518,4524,-1,4525,4524,4518,-1,4526,4525,4518,-1,4526,4518,4527,-1,4528,4523,4529,-1,4520,4530,4523,-1,4520,4523,4515,-1,4530,4529,4523,-1,4528,4529,4531,-1,4532,4518,4523,-1,4518,4532,4533,-1,4519,4534,4521,-1,4522,4521,4535,-1,4534,4535,4521,-1,4536,4517,4522,-1,4522,4535,4536,-1,4534,4519,4537,-1,4537,4524,4538,-1,4524,4537,4519,-1,4524,4525,4538,-1,4538,4525,4539,-1,4540,4515,4517,-1,4517,4536,4540,-1,4514,4541,4520,-1,4530,4520,4542,-1,4541,4542,4520,-1,4543,4529,4530,-1,4530,4542,4543,-1,4541,4514,4544,-1,4544,4516,4545,-1,4516,4544,4514,-1,4516,4515,4545,-1,4545,4515,4540,-1,4540,4541,4544,-1,4546,4547,4543,-1,4544,4545,4540,-1,4534,4537,4536,-1,4536,4537,4533,-1,4533,4540,4536,-1,4534,4536,4535,-1,4533,4537,4538,-1,4539,4533,4538,-1,4532,4540,4533,-1,4533,4539,4548,-1,4548,4549,4533,-1,4541,4532,4542,-1,4541,4540,4532,-1,4546,4543,4532,-1,4542,4532,4543,-1,4543,4531,4529,-1,4543,4547,4531,-1,4525,4526,4548,-1,4548,4539,4525,-1,4549,4527,4518,-1,4549,4518,4533,-1,4528,4532,4523,-1,4532,4528,4546,-1,4550,4551,4552,-1,4553,4554,4555,-1,4556,4557,4558,-1,4559,4557,4560,-1,4559,4558,4557,-1,4556,4561,4557,-1,4560,4562,4563,-1,4564,4559,4560,-1,4560,4563,4565,-1,4550,4561,4556,-1,4565,4564,4560,-1,4561,4550,4552,-1,4551,4566,4567,-1,4552,4551,4567,-1,4566,4555,4567,-1,4555,4566,4553,-1,4558,4568,4569,-1,4568,4559,4570,-1,4559,4568,4558,-1,4571,4570,4564,-1,4559,4564,4570,-1,4565,4572,4571,-1,4571,4564,4565,-1,4558,4569,4556,-1,4573,4550,4556,-1,4556,4569,4573,-1,4550,4574,4551,-1,4574,4550,4573,-1,4574,4575,4551,-1,4551,4575,4566,-1,4563,4576,4572,-1,4572,4565,4563,-1,4563,4577,4576,-1,4563,4562,4577,-1,4562,4578,4577,-1,4578,4562,4560,-1,4579,4578,4560,-1,4580,4581,4552,-1,4582,4557,4561,-1,4583,4567,4555,-1,4567,4583,4580,-1,4552,4581,4561,-1,4567,4580,4552,-1,4582,4579,4557,-1,4581,4582,4561,-1,4560,4557,4579,-1,4573,4569,4582,-1,4570,4578,4579,-1,4579,4569,4568,-1,4570,4579,4568,-1,4578,4576,4577,-1,4571,4578,4570,-1,4578,4572,4576,-1,4584,4575,4583,-1,4582,4569,4579,-1,4572,4578,4571,-1,4573,4582,4581,-1,4581,4580,4574,-1,4574,4573,4581,-1,4574,4580,4575,-1,4580,4583,4575,-1,4583,4585,4584,-1,4575,4584,4553,-1,4553,4566,4575,-1,4554,4585,4583,-1,4554,4583,4555,-1,4586,4587,4588,-1,4589,4590,4591,-1,4588,4592,4593,-1,4593,4586,4588,-1,4594,4593,4595,-1,4596,4597,4598,-1,4599,4600,4601,-1,4602,4599,4601,-1,4602,4603,4599,-1,4604,4605,4589,-1,4589,4591,4600,-1,4606,4596,4598,-1,4607,4608,4606,-1,4607,4604,4589,-1,4604,4607,4598,-1,4606,4598,4607,-1,4605,4590,4589,-1,4591,4590,4609,-1,4601,4600,4591,-1,4591,4609,4610,-1,4611,4594,4610,-1,4611,4610,4609,-1,4595,4593,4612,-1,4594,4595,4610,-1,4612,4593,4592,-1,4613,4614,4615,-1,4616,4617,4615,-1,4618,4619,4620,-1,4617,4613,4615,-1,4615,4621,4616,-1,4613,4622,4614,-1,4615,4623,4621,-1,4624,4625,4626,-1,4620,4623,4618,-1,4627,4628,4629,-1,4629,4630,4631,-1,4632,4633,4634,-1,4633,4631,4635,-1,4636,4625,4624,-1,4637,4636,4638,-1,4637,4633,4632,-1,4632,4625,4637,-1,4636,4637,4625,-1,4634,4633,4639,-1,4630,4635,4631,-1,4628,4630,4629,-1,4635,4619,4639,-1,4635,4639,4633,-1,4635,4620,4619,-1,4623,4620,4621,-1,4612,4616,4621,-1,4612,4621,4595,-1,4595,4620,4610,-1,4620,4595,4621,-1,4627,4603,4602,-1,4603,4629,4599,-1,4629,4603,4627,-1,4600,4599,4631,-1,4629,4631,4599,-1,4633,4589,4600,-1,4600,4631,4633,-1,4627,4602,4628,-1,4601,4630,4628,-1,4628,4602,4601,-1,4630,4591,4635,-1,4591,4630,4601,-1,4591,4610,4635,-1,4635,4610,4620,-1,4589,4637,4607,-1,4637,4589,4633,-1,4607,4638,4608,-1,4638,4607,4637,-1,4608,4636,4606,-1,4608,4638,4636,-1,4636,4596,4606,-1,4636,4624,4596,-1,4625,4597,4626,-1,4598,4597,4625,-1,4596,4626,4597,-1,4626,4596,4624,-1,4625,4604,4598,-1,4625,4632,4604,-1,4605,4604,4632,-1,4611,4609,4619,-1,4590,4634,4639,-1,4594,4618,4623,-1,4618,4594,4611,-1,4619,4609,4639,-1,4618,4611,4619,-1,4590,4605,4634,-1,4609,4590,4639,-1,4632,4634,4605,-1,4623,4593,4594,-1,4623,4615,4593,-1,4587,4586,4622,-1,4613,4588,4587,-1,4587,4622,4613,-1,4622,4586,4614,-1,4586,4593,4614,-1,4614,4593,4615,-1,4592,4588,4613,-1,4613,4617,4592,-1,4640,4641,4642,-1,4641,4643,4644,-1,4641,4645,4646,-1,4647,4648,4649,-1,4649,4644,4647,-1,4644,4643,4647,-1,4641,4644,4645,-1,4650,4651,4646,-1,4651,4641,4646,-1,4651,4642,4641,-1,4652,4653,4654,-1,4655,4652,4656,-1,4653,4652,4655,-1,4657,4654,4653,-1,4655,4658,4653,-1,4659,4660,4661,-1,4658,4661,4653,-1,4661,4660,4662,-1,4661,4662,4653,-1,4660,4659,4663,-1,4657,4653,4641,-1,4641,4640,4657,-1,4654,4642,4651,-1,4654,4651,4652,-1,4662,4647,4643,-1,4653,4662,4643,-1,4653,4643,4641,-1,4662,4660,4647,-1,4647,4660,4648,-1,4660,4663,4648,-1,4655,4645,4658,-1,4661,4658,4644,-1,4645,4644,4658,-1,4649,4659,4661,-1,4661,4644,4649,-1,4645,4655,4646,-1,4646,4656,4650,-1,4656,4646,4655,-1,4656,4652,4650,-1,4650,4652,4651,-1,4664,4665,4666,-1,4667,4668,4669,-1,4670,4671,4672,-1,4664,4666,4673,-1,4674,4675,4669,-1,4669,4675,4667,-1,4674,4676,4675,-1,4677,4678,4679,-1,4680,4676,4681,-1,4682,4683,4675,-1,4676,4684,4681,-1,4685,4686,4687,-1,4688,4689,4690,-1,4691,4692,4693,-1,4691,4694,4695,-1,4690,4693,4692,-1,4696,4671,4670,-1,4697,4696,4695,-1,4672,4671,4698,-1,4671,4696,4697,-1,4699,4688,4700,-1,4673,4701,4702,-1,4695,4694,4697,-1,4691,4693,4694,-1,4688,4690,4692,-1,4699,4689,4688,-1,4688,4687,4700,-1,4666,4677,4679,-1,4700,4687,4684,-1,4684,4687,4686,-1,4703,4682,4677,-1,4684,4686,4681,-1,4683,4667,4675,-1,4680,4675,4676,-1,4683,4682,4703,-1,4677,4682,4678,-1,4679,4704,4666,-1,4666,4704,4673,-1,4673,4704,4701,-1,4705,4706,4701,-1,4704,4707,4705,-1,4705,4701,4704,-1,4701,4706,4702,-1,4706,4708,4702,-1,4702,4708,4673,-1,4704,4709,4707,-1,4704,4679,4709,-1,4710,4709,4679,-1,4711,4712,4675,-1,4713,4678,4682,-1,4714,4680,4681,-1,4680,4714,4711,-1,4675,4712,4682,-1,4680,4711,4675,-1,4713,4710,4678,-1,4712,4713,4682,-1,4679,4678,4710,-1,4681,4715,4714,-1,4681,4686,4715,-1,4687,4716,4685,-1,4717,4716,4687,-1,4715,4685,4716,-1,4685,4715,4686,-1,4687,4718,4717,-1,4687,4688,4718,-1,4719,4718,4688,-1,4720,4721,4695,-1,4722,4692,4691,-1,4723,4696,4670,-1,4696,4723,4720,-1,4695,4721,4691,-1,4696,4720,4695,-1,4722,4719,4692,-1,4721,4722,4691,-1,4688,4692,4719,-1,4690,4724,4725,-1,4724,4689,4726,-1,4689,4724,4690,-1,4727,4726,4699,-1,4689,4699,4726,-1,4700,4728,4727,-1,4727,4699,4700,-1,4690,4725,4693,-1,4729,4694,4693,-1,4693,4725,4729,-1,4694,4730,4697,-1,4730,4694,4729,-1,4730,4731,4697,-1,4697,4731,4671,-1,4728,4684,4732,-1,4684,4728,4700,-1,4732,4676,4733,-1,4676,4732,4684,-1,4667,4734,4735,-1,4734,4683,4736,-1,4683,4734,4667,-1,4737,4736,4703,-1,4683,4703,4736,-1,4677,4738,4737,-1,4737,4703,4677,-1,4667,4735,4668,-1,4739,4669,4668,-1,4668,4735,4739,-1,4669,4740,4674,-1,4740,4669,4739,-1,4740,4733,4674,-1,4674,4733,4676,-1,4738,4666,4741,-1,4666,4738,4677,-1,4721,4729,4722,-1,4741,4708,4707,-1,4734,4739,4735,-1,4734,4712,4739,-1,4740,4712,4733,-1,4711,4714,4733,-1,4739,4712,4740,-1,4732,4733,4714,-1,4738,4709,4710,-1,4713,4712,4736,-1,4718,4724,4726,-1,4722,4725,4719,-1,4720,4730,4721,-1,4724,4719,4725,-1,4723,4742,4731,-1,4723,4731,4720,-1,4743,4731,4742,-1,4730,4720,4731,-1,4728,4718,4727,-1,4706,4705,4708,-1,4741,4707,4709,-1,4721,4730,4729,-1,4722,4729,4725,-1,4718,4719,4724,-1,4727,4718,4726,-1,4728,4732,4717,-1,4718,4728,4717,-1,4717,4715,4716,-1,4732,4715,4717,-1,4737,4738,4713,-1,4732,4714,4715,-1,4736,4712,4734,-1,4711,4733,4712,-1,4736,4737,4713,-1,4738,4710,4713,-1,4738,4741,4709,-1,4707,4708,4705,-1,4744,4708,4741,-1,4744,4741,4745,-1,4672,4742,4723,-1,4723,4670,4672,-1,4731,4743,4698,-1,4731,4698,4671,-1,4708,4664,4673,-1,4708,4744,4664,-1,4741,4665,4745,-1,4665,4741,4666,-1,4746,4747,4748,-1,4749,4750,4751,-1,4747,4746,4752,-1,4753,4749,4751,-1,4747,4750,4749,-1,4754,4749,4753,-1,4747,4755,4750,-1,4751,4750,4756,-1,4757,4756,4750,-1,4758,4757,4750,-1,4758,4750,4759,-1,4760,4755,4761,-1,4752,4762,4755,-1,4752,4755,4747,-1,4762,4761,4755,-1,4760,4761,4763,-1,4764,4750,4755,-1,4750,4764,4765,-1,4751,4766,4753,-1,4754,4753,4767,-1,4766,4767,4753,-1,4768,4749,4754,-1,4754,4767,4768,-1,4766,4751,4769,-1,4769,4756,4770,-1,4756,4769,4751,-1,4756,4757,4770,-1,4770,4757,4771,-1,4772,4747,4749,-1,4749,4768,4772,-1,4746,4773,4752,-1,4762,4752,4774,-1,4773,4774,4752,-1,4775,4761,4762,-1,4762,4774,4775,-1,4773,4746,4776,-1,4776,4748,4777,-1,4748,4776,4746,-1,4748,4747,4777,-1,4777,4747,4772,-1,4772,4773,4776,-1,4778,4779,4775,-1,4776,4777,4772,-1,4766,4769,4768,-1,4768,4769,4765,-1,4765,4772,4768,-1,4766,4768,4767,-1,4765,4769,4770,-1,4771,4765,4770,-1,4764,4772,4765,-1,4765,4771,4780,-1,4780,4781,4765,-1,4773,4764,4774,-1,4773,4772,4764,-1,4778,4775,4764,-1,4774,4764,4775,-1,4775,4763,4761,-1,4775,4779,4763,-1,4757,4758,4780,-1,4780,4771,4757,-1,4781,4759,4750,-1,4781,4750,4765,-1,4760,4764,4755,-1,4764,4760,4778,-1,4782,4783,4784,-1,4785,4786,4787,-1,4788,4789,4790,-1,4791,4789,4792,-1,4791,4790,4789,-1,4788,4793,4789,-1,4792,4794,4795,-1,4796,4791,4792,-1,4792,4795,4797,-1,4782,4793,4788,-1,4797,4796,4792,-1,4793,4782,4784,-1,4783,4798,4799,-1,4784,4783,4799,-1,4798,4787,4799,-1,4787,4798,4785,-1,4790,4800,4801,-1,4800,4791,4802,-1,4791,4800,4790,-1,4803,4802,4796,-1,4791,4796,4802,-1,4797,4804,4803,-1,4803,4796,4797,-1,4790,4801,4788,-1,4805,4782,4788,-1,4788,4801,4805,-1,4782,4806,4783,-1,4806,4782,4805,-1,4806,4807,4783,-1,4783,4807,4798,-1,4795,4808,4804,-1,4804,4797,4795,-1,4795,4809,4808,-1,4795,4794,4809,-1,4794,4810,4809,-1,4810,4794,4792,-1,4811,4810,4792,-1,4812,4813,4784,-1,4814,4789,4793,-1,4815,4799,4787,-1,4799,4815,4812,-1,4784,4813,4793,-1,4799,4812,4784,-1,4814,4811,4789,-1,4813,4814,4793,-1,4792,4789,4811,-1,4805,4801,4814,-1,4802,4810,4811,-1,4811,4801,4800,-1,4802,4811,4800,-1,4810,4808,4809,-1,4803,4810,4802,-1,4810,4804,4808,-1,4816,4807,4815,-1,4814,4801,4811,-1,4804,4810,4803,-1,4805,4814,4813,-1,4813,4812,4806,-1,4806,4805,4813,-1,4806,4812,4807,-1,4812,4815,4807,-1,4815,4817,4816,-1,4807,4816,4785,-1,4785,4798,4807,-1,4786,4817,4815,-1,4786,4815,4787,-1,4818,4819,4820,-1,4821,4822,4823,-1,4820,4824,4825,-1,4825,4818,4820,-1,4826,4825,4827,-1,4828,4829,4830,-1,4831,4832,4833,-1,4834,4831,4833,-1,4834,4835,4831,-1,4836,4837,4821,-1,4821,4823,4832,-1,4838,4828,4830,-1,4839,4840,4838,-1,4839,4836,4821,-1,4836,4839,4830,-1,4838,4830,4839,-1,4837,4822,4821,-1,4823,4822,4841,-1,4833,4832,4823,-1,4823,4841,4842,-1,4843,4826,4842,-1,4843,4842,4841,-1,4827,4825,4844,-1,4826,4827,4842,-1,4844,4825,4824,-1,4845,4846,4847,-1,4848,4849,4847,-1,4850,4851,4852,-1,4849,4845,4847,-1,4847,4853,4848,-1,4845,4854,4846,-1,4847,4855,4853,-1,4856,4857,4858,-1,4852,4855,4850,-1,4859,4860,4861,-1,4861,4862,4863,-1,4864,4865,4866,-1,4865,4863,4867,-1,4868,4857,4856,-1,4869,4868,4870,-1,4869,4865,4864,-1,4864,4857,4869,-1,4868,4869,4857,-1,4866,4865,4871,-1,4862,4867,4863,-1,4860,4862,4861,-1,4867,4851,4871,-1,4867,4871,4865,-1,4867,4852,4851,-1,4855,4852,4853,-1,4844,4848,4853,-1,4844,4853,4827,-1,4827,4852,4842,-1,4852,4827,4853,-1,4859,4835,4834,-1,4835,4861,4831,-1,4861,4835,4859,-1,4832,4831,4863,-1,4861,4863,4831,-1,4865,4821,4832,-1,4832,4863,4865,-1,4859,4834,4860,-1,4833,4862,4860,-1,4860,4834,4833,-1,4862,4823,4867,-1,4823,4862,4833,-1,4823,4842,4867,-1,4867,4842,4852,-1,4821,4869,4839,-1,4869,4821,4865,-1,4839,4870,4840,-1,4870,4839,4869,-1,4840,4868,4838,-1,4840,4870,4868,-1,4868,4828,4838,-1,4868,4856,4828,-1,4857,4829,4858,-1,4830,4829,4857,-1,4828,4858,4829,-1,4858,4828,4856,-1,4857,4836,4830,-1,4857,4864,4836,-1,4837,4836,4864,-1,4843,4841,4851,-1,4822,4866,4871,-1,4826,4850,4855,-1,4850,4826,4843,-1,4851,4841,4871,-1,4850,4843,4851,-1,4822,4837,4866,-1,4841,4822,4871,-1,4864,4866,4837,-1,4855,4825,4826,-1,4855,4847,4825,-1,4819,4818,4854,-1,4845,4820,4819,-1,4819,4854,4845,-1,4854,4818,4846,-1,4818,4825,4846,-1,4846,4825,4847,-1,4824,4820,4845,-1,4845,4849,4824,-1,4872,4873,4874,-1,4873,4875,4876,-1,4873,4877,4878,-1,4879,4880,4881,-1,4881,4876,4879,-1,4876,4875,4879,-1,4873,4876,4877,-1,4882,4883,4878,-1,4883,4873,4878,-1,4883,4874,4873,-1,4884,4885,4886,-1,4887,4884,4888,-1,4885,4884,4887,-1,4889,4886,4885,-1,4887,4890,4885,-1,4891,4892,4893,-1,4890,4893,4885,-1,4893,4892,4894,-1,4893,4894,4885,-1,4892,4891,4895,-1,4889,4885,4873,-1,4873,4872,4889,-1,4886,4874,4883,-1,4886,4883,4884,-1,4894,4879,4875,-1,4885,4894,4875,-1,4885,4875,4873,-1,4894,4892,4879,-1,4879,4892,4880,-1,4892,4895,4880,-1,4887,4877,4890,-1,4893,4890,4876,-1,4877,4876,4890,-1,4881,4891,4893,-1,4893,4876,4881,-1,4877,4887,4878,-1,4878,4888,4882,-1,4888,4878,4887,-1,4888,4884,4882,-1,4882,4884,4883,-1,4896,4897,4898,-1,4899,4900,4901,-1,4902,4903,4904,-1,4896,4898,4905,-1,4906,4907,4901,-1,4901,4907,4899,-1,4906,4908,4907,-1,4909,4910,4911,-1,4912,4908,4913,-1,4914,4915,4907,-1,4908,4916,4913,-1,4917,4918,4919,-1,4920,4921,4922,-1,4923,4924,4925,-1,4923,4926,4927,-1,4922,4925,4924,-1,4928,4903,4902,-1,4929,4928,4927,-1,4904,4903,4930,-1,4903,4928,4929,-1,4931,4920,4932,-1,4905,4933,4934,-1,4927,4926,4929,-1,4923,4925,4926,-1,4920,4922,4924,-1,4931,4921,4920,-1,4920,4919,4932,-1,4898,4909,4911,-1,4932,4919,4916,-1,4916,4919,4918,-1,4935,4914,4909,-1,4916,4918,4913,-1,4915,4899,4907,-1,4912,4907,4908,-1,4915,4914,4935,-1,4909,4914,4910,-1,4911,4936,4898,-1,4898,4936,4905,-1,4905,4936,4933,-1,4937,4938,4933,-1,4936,4939,4937,-1,4937,4933,4936,-1,4933,4938,4934,-1,4938,4940,4934,-1,4934,4940,4905,-1,4936,4941,4939,-1,4936,4911,4941,-1,4942,4941,4911,-1,4943,4944,4907,-1,4945,4910,4914,-1,4946,4912,4913,-1,4912,4946,4943,-1,4907,4944,4914,-1,4912,4943,4907,-1,4945,4942,4910,-1,4944,4945,4914,-1,4911,4910,4942,-1,4913,4947,4946,-1,4913,4918,4947,-1,4919,4948,4917,-1,4949,4948,4919,-1,4947,4917,4948,-1,4917,4947,4918,-1,4919,4950,4949,-1,4919,4920,4950,-1,4951,4950,4920,-1,4952,4953,4927,-1,4954,4924,4923,-1,4955,4928,4902,-1,4928,4955,4952,-1,4927,4953,4923,-1,4928,4952,4927,-1,4954,4951,4924,-1,4953,4954,4923,-1,4920,4924,4951,-1,4922,4956,4957,-1,4956,4921,4958,-1,4921,4956,4922,-1,4959,4958,4931,-1,4921,4931,4958,-1,4932,4960,4959,-1,4959,4931,4932,-1,4922,4957,4925,-1,4961,4926,4925,-1,4925,4957,4961,-1,4926,4962,4929,-1,4962,4926,4961,-1,4962,4963,4929,-1,4929,4963,4903,-1,4960,4916,4964,-1,4916,4960,4932,-1,4964,4908,4965,-1,4908,4964,4916,-1,4899,4966,4967,-1,4966,4915,4968,-1,4915,4966,4899,-1,4969,4968,4935,-1,4915,4935,4968,-1,4909,4970,4969,-1,4969,4935,4909,-1,4899,4967,4900,-1,4971,4901,4900,-1,4900,4967,4971,-1,4901,4972,4906,-1,4972,4901,4971,-1,4972,4965,4906,-1,4906,4965,4908,-1,4970,4898,4973,-1,4898,4970,4909,-1,4953,4961,4954,-1,4973,4940,4939,-1,4966,4971,4967,-1,4966,4944,4971,-1,4972,4944,4965,-1,4943,4946,4965,-1,4971,4944,4972,-1,4964,4965,4946,-1,4970,4941,4942,-1,4945,4944,4968,-1,4950,4956,4958,-1,4954,4957,4951,-1,4952,4962,4953,-1,4956,4951,4957,-1,4955,4974,4963,-1,4955,4963,4952,-1,4975,4963,4974,-1,4962,4952,4963,-1,4960,4950,4959,-1,4938,4937,4940,-1,4973,4939,4941,-1,4953,4962,4961,-1,4954,4961,4957,-1,4950,4951,4956,-1,4959,4950,4958,-1,4960,4964,4949,-1,4950,4960,4949,-1,4949,4947,4948,-1,4964,4947,4949,-1,4969,4970,4945,-1,4964,4946,4947,-1,4968,4944,4966,-1,4943,4965,4944,-1,4968,4969,4945,-1,4970,4942,4945,-1,4970,4973,4941,-1,4939,4940,4937,-1,4976,4940,4973,-1,4976,4973,4977,-1,4904,4974,4955,-1,4955,4902,4904,-1,4963,4975,4930,-1,4963,4930,4903,-1,4940,4896,4905,-1,4940,4976,4896,-1,4973,4897,4977,-1,4897,4973,4898,-1,4978,4979,4980,-1,4981,4982,4983,-1,4979,4978,4984,-1,4985,4981,4983,-1,4979,4982,4981,-1,4986,4981,4985,-1,4979,4987,4982,-1,4983,4982,4988,-1,4989,4988,4982,-1,4990,4989,4982,-1,4990,4982,4991,-1,4992,4987,4993,-1,4984,4994,4987,-1,4984,4987,4979,-1,4994,4993,4987,-1,4992,4993,4995,-1,4996,4982,4987,-1,4982,4996,4997,-1,4983,4998,4985,-1,4986,4985,4999,-1,4998,4999,4985,-1,5000,4981,4986,-1,4986,4999,5000,-1,4998,4983,5001,-1,5001,4988,5002,-1,4988,5001,4983,-1,4988,4989,5002,-1,5002,4989,5003,-1,5004,4979,4981,-1,4981,5000,5004,-1,4978,5005,4984,-1,4994,4984,5006,-1,5005,5006,4984,-1,5007,4993,4994,-1,4994,5006,5007,-1,5005,4978,5008,-1,5008,4980,5009,-1,4980,5008,4978,-1,4980,4979,5009,-1,5009,4979,5004,-1,5004,5005,5008,-1,5010,5011,5007,-1,5008,5009,5004,-1,4998,5001,5000,-1,5000,5001,4997,-1,4997,5004,5000,-1,4998,5000,4999,-1,4997,5001,5002,-1,5003,4997,5002,-1,4996,5004,4997,-1,4997,5003,5012,-1,5012,5013,4997,-1,5005,4996,5006,-1,5005,5004,4996,-1,5010,5007,4996,-1,5006,4996,5007,-1,5007,4995,4993,-1,5007,5011,4995,-1,4989,4990,5012,-1,5012,5003,4989,-1,5013,4991,4982,-1,5013,4982,4997,-1,4992,4996,4987,-1,4996,4992,5010,-1,5014,5015,5016,-1,5017,5018,5019,-1,5020,5021,5022,-1,5023,5021,5024,-1,5023,5022,5021,-1,5020,5025,5021,-1,5024,5026,5027,-1,5028,5023,5024,-1,5024,5027,5029,-1,5014,5025,5020,-1,5029,5028,5024,-1,5025,5014,5016,-1,5015,5030,5031,-1,5016,5015,5031,-1,5030,5019,5031,-1,5019,5030,5017,-1,5022,5032,5033,-1,5032,5023,5034,-1,5023,5032,5022,-1,5035,5034,5028,-1,5023,5028,5034,-1,5029,5036,5035,-1,5035,5028,5029,-1,5022,5033,5020,-1,5037,5014,5020,-1,5020,5033,5037,-1,5014,5038,5015,-1,5038,5014,5037,-1,5038,5039,5015,-1,5015,5039,5030,-1,5027,5040,5036,-1,5036,5029,5027,-1,5027,5041,5040,-1,5027,5026,5041,-1,5026,5042,5041,-1,5042,5026,5024,-1,5043,5042,5024,-1,5044,5045,5016,-1,5046,5021,5025,-1,5047,5031,5019,-1,5031,5047,5044,-1,5016,5045,5025,-1,5031,5044,5016,-1,5046,5043,5021,-1,5045,5046,5025,-1,5024,5021,5043,-1,5037,5033,5046,-1,5034,5042,5043,-1,5043,5033,5032,-1,5034,5043,5032,-1,5042,5040,5041,-1,5035,5042,5034,-1,5042,5036,5040,-1,5048,5039,5047,-1,5046,5033,5043,-1,5036,5042,5035,-1,5037,5046,5045,-1,5045,5044,5038,-1,5038,5037,5045,-1,5038,5044,5039,-1,5044,5047,5039,-1,5047,5049,5048,-1,5039,5048,5017,-1,5017,5030,5039,-1,5018,5049,5047,-1,5018,5047,5019,-1,5050,5051,5052,-1,5053,5054,5055,-1,5052,5056,5057,-1,5057,5050,5052,-1,5058,5057,5059,-1,5060,5061,5062,-1,5063,5064,5065,-1,5066,5063,5065,-1,5066,5067,5063,-1,5068,5069,5053,-1,5053,5055,5064,-1,5070,5060,5062,-1,5071,5072,5070,-1,5071,5068,5053,-1,5068,5071,5062,-1,5070,5062,5071,-1,5069,5054,5053,-1,5055,5054,5073,-1,5065,5064,5055,-1,5055,5073,5074,-1,5075,5058,5074,-1,5075,5074,5073,-1,5059,5057,5076,-1,5058,5059,5074,-1,5076,5057,5056,-1,5077,5078,5079,-1,5080,5081,5079,-1,5082,5083,5084,-1,5081,5077,5079,-1,5079,5085,5080,-1,5077,5086,5078,-1,5079,5087,5085,-1,5088,5089,5090,-1,5084,5087,5082,-1,5091,5092,5093,-1,5093,5094,5095,-1,5096,5097,5098,-1,5097,5095,5099,-1,5100,5089,5088,-1,5101,5100,5102,-1,5101,5097,5096,-1,5096,5089,5101,-1,5100,5101,5089,-1,5098,5097,5103,-1,5094,5099,5095,-1,5092,5094,5093,-1,5099,5083,5103,-1,5099,5103,5097,-1,5099,5084,5083,-1,5087,5084,5085,-1,5076,5080,5085,-1,5076,5085,5059,-1,5059,5084,5074,-1,5084,5059,5085,-1,5091,5067,5066,-1,5067,5093,5063,-1,5093,5067,5091,-1,5064,5063,5095,-1,5093,5095,5063,-1,5097,5053,5064,-1,5064,5095,5097,-1,5091,5066,5092,-1,5065,5094,5092,-1,5092,5066,5065,-1,5094,5055,5099,-1,5055,5094,5065,-1,5055,5074,5099,-1,5099,5074,5084,-1,5053,5101,5071,-1,5101,5053,5097,-1,5071,5102,5072,-1,5102,5071,5101,-1,5072,5100,5070,-1,5072,5102,5100,-1,5100,5060,5070,-1,5100,5088,5060,-1,5089,5061,5090,-1,5062,5061,5089,-1,5060,5090,5061,-1,5090,5060,5088,-1,5089,5068,5062,-1,5089,5096,5068,-1,5069,5068,5096,-1,5075,5073,5083,-1,5054,5098,5103,-1,5058,5082,5087,-1,5082,5058,5075,-1,5083,5073,5103,-1,5082,5075,5083,-1,5054,5069,5098,-1,5073,5054,5103,-1,5096,5098,5069,-1,5087,5057,5058,-1,5087,5079,5057,-1,5051,5050,5086,-1,5077,5052,5051,-1,5051,5086,5077,-1,5086,5050,5078,-1,5050,5057,5078,-1,5078,5057,5079,-1,5056,5052,5077,-1,5077,5081,5056,-1,5104,5105,5106,-1,5105,5107,5108,-1,5105,5109,5110,-1,5111,5112,5113,-1,5113,5108,5111,-1,5108,5107,5111,-1,5105,5108,5109,-1,5114,5115,5110,-1,5115,5105,5110,-1,5115,5106,5105,-1,5116,5117,5118,-1,5119,5116,5120,-1,5117,5116,5119,-1,5121,5118,5117,-1,5119,5122,5117,-1,5123,5124,5125,-1,5122,5125,5117,-1,5125,5124,5126,-1,5125,5126,5117,-1,5124,5123,5127,-1,5121,5117,5105,-1,5105,5104,5121,-1,5118,5106,5115,-1,5118,5115,5116,-1,5126,5111,5107,-1,5117,5126,5107,-1,5117,5107,5105,-1,5126,5124,5111,-1,5111,5124,5112,-1,5124,5127,5112,-1,5119,5109,5122,-1,5125,5122,5108,-1,5109,5108,5122,-1,5113,5123,5125,-1,5125,5108,5113,-1,5109,5119,5110,-1,5110,5120,5114,-1,5120,5110,5119,-1,5120,5116,5114,-1,5114,5116,5115,-1,5128,5129,5130,-1,5131,5132,5133,-1,5134,5135,5136,-1,5128,5130,5137,-1,5138,5139,5133,-1,5133,5139,5131,-1,5138,5140,5139,-1,5141,5142,5143,-1,5144,5140,5145,-1,5146,5147,5139,-1,5140,5148,5145,-1,5149,5150,5151,-1,5152,5153,5154,-1,5155,5156,5157,-1,5155,5158,5159,-1,5154,5157,5156,-1,5160,5135,5134,-1,5161,5160,5159,-1,5136,5135,5162,-1,5135,5160,5161,-1,5163,5152,5164,-1,5137,5165,5166,-1,5159,5158,5161,-1,5155,5157,5158,-1,5152,5154,5156,-1,5163,5153,5152,-1,5152,5151,5164,-1,5130,5141,5143,-1,5164,5151,5148,-1,5148,5151,5150,-1,5167,5146,5141,-1,5148,5150,5145,-1,5147,5131,5139,-1,5144,5139,5140,-1,5147,5146,5167,-1,5141,5146,5142,-1,5143,5168,5130,-1,5130,5168,5137,-1,5137,5168,5165,-1,5169,5170,5165,-1,5168,5171,5169,-1,5169,5165,5168,-1,5165,5170,5166,-1,5170,5172,5166,-1,5166,5172,5137,-1,5168,5173,5171,-1,5168,5143,5173,-1,5174,5173,5143,-1,5175,5176,5139,-1,5177,5142,5146,-1,5178,5144,5145,-1,5144,5178,5175,-1,5139,5176,5146,-1,5144,5175,5139,-1,5177,5174,5142,-1,5176,5177,5146,-1,5143,5142,5174,-1,5145,5179,5178,-1,5145,5150,5179,-1,5151,5180,5149,-1,5181,5180,5151,-1,5179,5149,5180,-1,5149,5179,5150,-1,5151,5182,5181,-1,5151,5152,5182,-1,5183,5182,5152,-1,5184,5185,5159,-1,5186,5156,5155,-1,5187,5160,5134,-1,5160,5187,5184,-1,5159,5185,5155,-1,5160,5184,5159,-1,5186,5183,5156,-1,5185,5186,5155,-1,5152,5156,5183,-1,5154,5188,5189,-1,5188,5153,5190,-1,5153,5188,5154,-1,5191,5190,5163,-1,5153,5163,5190,-1,5164,5192,5191,-1,5191,5163,5164,-1,5154,5189,5157,-1,5193,5158,5157,-1,5157,5189,5193,-1,5158,5194,5161,-1,5194,5158,5193,-1,5194,5195,5161,-1,5161,5195,5135,-1,5192,5148,5196,-1,5148,5192,5164,-1,5196,5140,5197,-1,5140,5196,5148,-1,5131,5198,5199,-1,5198,5147,5200,-1,5147,5198,5131,-1,5201,5200,5167,-1,5147,5167,5200,-1,5141,5202,5201,-1,5201,5167,5141,-1,5131,5199,5132,-1,5203,5133,5132,-1,5132,5199,5203,-1,5133,5204,5138,-1,5204,5133,5203,-1,5204,5197,5138,-1,5138,5197,5140,-1,5202,5130,5205,-1,5130,5202,5141,-1,5185,5193,5186,-1,5205,5172,5171,-1,5198,5203,5199,-1,5198,5176,5203,-1,5204,5176,5197,-1,5175,5178,5197,-1,5203,5176,5204,-1,5196,5197,5178,-1,5202,5173,5174,-1,5177,5176,5200,-1,5182,5188,5190,-1,5186,5189,5183,-1,5184,5194,5185,-1,5188,5183,5189,-1,5187,5206,5195,-1,5187,5195,5184,-1,5207,5195,5206,-1,5194,5184,5195,-1,5192,5182,5191,-1,5170,5169,5172,-1,5205,5171,5173,-1,5185,5194,5193,-1,5186,5193,5189,-1,5182,5183,5188,-1,5191,5182,5190,-1,5192,5196,5181,-1,5182,5192,5181,-1,5181,5179,5180,-1,5196,5179,5181,-1,5201,5202,5177,-1,5196,5178,5179,-1,5200,5176,5198,-1,5175,5197,5176,-1,5200,5201,5177,-1,5202,5174,5177,-1,5202,5205,5173,-1,5171,5172,5169,-1,5208,5172,5205,-1,5208,5205,5209,-1,5136,5206,5187,-1,5187,5134,5136,-1,5195,5207,5162,-1,5195,5162,5135,-1,5172,5128,5137,-1,5172,5208,5128,-1,5205,5129,5209,-1,5129,5205,5130,-1,5210,5211,5212,-1,5213,5214,5215,-1,5211,5210,5216,-1,5217,5213,5215,-1,5211,5214,5213,-1,5218,5213,5217,-1,5211,5219,5214,-1,5215,5214,5220,-1,5221,5220,5214,-1,5222,5221,5214,-1,5222,5214,5223,-1,5224,5219,5225,-1,5216,5226,5219,-1,5216,5219,5211,-1,5226,5225,5219,-1,5224,5225,5227,-1,5228,5214,5219,-1,5214,5228,5229,-1,5215,5230,5217,-1,5218,5217,5231,-1,5230,5231,5217,-1,5232,5213,5218,-1,5218,5231,5232,-1,5230,5215,5233,-1,5233,5220,5234,-1,5220,5233,5215,-1,5220,5221,5234,-1,5234,5221,5235,-1,5236,5211,5213,-1,5213,5232,5236,-1,5210,5237,5216,-1,5226,5216,5238,-1,5237,5238,5216,-1,5239,5225,5226,-1,5226,5238,5239,-1,5237,5210,5240,-1,5240,5212,5241,-1,5212,5240,5210,-1,5212,5211,5241,-1,5241,5211,5236,-1,5236,5237,5240,-1,5242,5243,5239,-1,5240,5241,5236,-1,5230,5233,5232,-1,5232,5233,5229,-1,5229,5236,5232,-1,5230,5232,5231,-1,5229,5233,5234,-1,5235,5229,5234,-1,5228,5236,5229,-1,5229,5235,5244,-1,5244,5245,5229,-1,5237,5228,5238,-1,5237,5236,5228,-1,5242,5239,5228,-1,5238,5228,5239,-1,5239,5227,5225,-1,5239,5243,5227,-1,5221,5222,5244,-1,5244,5235,5221,-1,5245,5223,5214,-1,5245,5214,5229,-1,5224,5228,5219,-1,5228,5224,5242,-1,5246,5247,5248,-1,5249,5250,5251,-1,5252,5253,5254,-1,5255,5253,5256,-1,5255,5254,5253,-1,5252,5257,5253,-1,5256,5258,5259,-1,5260,5255,5256,-1,5256,5259,5261,-1,5246,5257,5252,-1,5261,5260,5256,-1,5257,5246,5248,-1,5247,5262,5263,-1,5248,5247,5263,-1,5262,5251,5263,-1,5251,5262,5249,-1,5254,5264,5265,-1,5264,5255,5266,-1,5255,5264,5254,-1,5267,5266,5260,-1,5255,5260,5266,-1,5261,5268,5267,-1,5267,5260,5261,-1,5254,5265,5252,-1,5269,5246,5252,-1,5252,5265,5269,-1,5246,5270,5247,-1,5270,5246,5269,-1,5270,5271,5247,-1,5247,5271,5262,-1,5259,5272,5268,-1,5268,5261,5259,-1,5259,5273,5272,-1,5259,5258,5273,-1,5258,5274,5273,-1,5274,5258,5256,-1,5275,5274,5256,-1,5276,5277,5248,-1,5278,5253,5257,-1,5279,5263,5251,-1,5263,5279,5276,-1,5248,5277,5257,-1,5263,5276,5248,-1,5278,5275,5253,-1,5277,5278,5257,-1,5256,5253,5275,-1,5269,5265,5278,-1,5266,5274,5275,-1,5275,5265,5264,-1,5266,5275,5264,-1,5274,5272,5273,-1,5267,5274,5266,-1,5274,5268,5272,-1,5280,5271,5279,-1,5278,5265,5275,-1,5268,5274,5267,-1,5269,5278,5277,-1,5277,5276,5270,-1,5270,5269,5277,-1,5270,5276,5271,-1,5276,5279,5271,-1,5279,5281,5280,-1,5271,5280,5249,-1,5249,5262,5271,-1,5250,5281,5279,-1,5250,5279,5251,-1,5282,5283,5284,-1,5285,5286,5287,-1,5284,5288,5289,-1,5289,5282,5284,-1,5290,5289,5291,-1,5292,5293,5294,-1,5295,5296,5297,-1,5298,5295,5297,-1,5298,5299,5295,-1,5300,5301,5285,-1,5285,5287,5296,-1,5302,5292,5294,-1,5303,5304,5302,-1,5303,5300,5285,-1,5300,5303,5294,-1,5302,5294,5303,-1,5301,5286,5285,-1,5287,5286,5305,-1,5297,5296,5287,-1,5287,5305,5306,-1,5307,5290,5306,-1,5307,5306,5305,-1,5291,5289,5308,-1,5290,5291,5306,-1,5308,5289,5288,-1,5309,5310,5311,-1,5312,5313,5311,-1,5314,5315,5316,-1,5313,5309,5311,-1,5311,5317,5312,-1,5309,5318,5310,-1,5311,5319,5317,-1,5320,5321,5322,-1,5316,5319,5314,-1,5323,5324,5325,-1,5325,5326,5327,-1,5328,5329,5330,-1,5329,5327,5331,-1,5332,5321,5320,-1,5333,5332,5334,-1,5333,5329,5328,-1,5328,5321,5333,-1,5332,5333,5321,-1,5330,5329,5335,-1,5326,5331,5327,-1,5324,5326,5325,-1,5331,5315,5335,-1,5331,5335,5329,-1,5331,5316,5315,-1,5319,5316,5317,-1,5308,5312,5317,-1,5308,5317,5291,-1,5291,5316,5306,-1,5316,5291,5317,-1,5323,5299,5298,-1,5299,5325,5295,-1,5325,5299,5323,-1,5296,5295,5327,-1,5325,5327,5295,-1,5329,5285,5296,-1,5296,5327,5329,-1,5323,5298,5324,-1,5297,5326,5324,-1,5324,5298,5297,-1,5326,5287,5331,-1,5287,5326,5297,-1,5287,5306,5331,-1,5331,5306,5316,-1,5285,5333,5303,-1,5333,5285,5329,-1,5303,5334,5304,-1,5334,5303,5333,-1,5304,5332,5302,-1,5304,5334,5332,-1,5332,5292,5302,-1,5332,5320,5292,-1,5321,5293,5322,-1,5294,5293,5321,-1,5292,5322,5293,-1,5322,5292,5320,-1,5321,5300,5294,-1,5321,5328,5300,-1,5301,5300,5328,-1,5307,5305,5315,-1,5286,5330,5335,-1,5290,5314,5319,-1,5314,5290,5307,-1,5315,5305,5335,-1,5314,5307,5315,-1,5286,5301,5330,-1,5305,5286,5335,-1,5328,5330,5301,-1,5319,5289,5290,-1,5319,5311,5289,-1,5283,5282,5318,-1,5309,5284,5283,-1,5283,5318,5309,-1,5318,5282,5310,-1,5282,5289,5310,-1,5310,5289,5311,-1,5288,5284,5309,-1,5309,5313,5288,-1,5336,5337,5338,-1,5337,5339,5340,-1,5337,5341,5342,-1,5343,5344,5345,-1,5345,5340,5343,-1,5340,5339,5343,-1,5337,5340,5341,-1,5346,5347,5342,-1,5347,5337,5342,-1,5347,5338,5337,-1,5348,5349,5350,-1,5351,5348,5352,-1,5349,5348,5351,-1,5353,5350,5349,-1,5351,5354,5349,-1,5355,5356,5357,-1,5354,5357,5349,-1,5357,5356,5358,-1,5357,5358,5349,-1,5356,5355,5359,-1,5353,5349,5337,-1,5337,5336,5353,-1,5350,5338,5347,-1,5350,5347,5348,-1,5358,5343,5339,-1,5349,5358,5339,-1,5349,5339,5337,-1,5358,5356,5343,-1,5343,5356,5344,-1,5356,5359,5344,-1,5351,5341,5354,-1,5357,5354,5340,-1,5341,5340,5354,-1,5345,5355,5357,-1,5357,5340,5345,-1,5341,5351,5342,-1,5342,5352,5346,-1,5352,5342,5351,-1,5352,5348,5346,-1,5346,5348,5347,-1,5360,5361,5362,-1,5363,5364,5365,-1,5366,5367,5368,-1,5360,5362,5369,-1,5370,5371,5365,-1,5365,5371,5363,-1,5370,5372,5371,-1,5373,5374,5375,-1,5376,5372,5377,-1,5378,5379,5371,-1,5372,5380,5377,-1,5381,5382,5383,-1,5384,5385,5386,-1,5387,5388,5389,-1,5387,5390,5391,-1,5386,5389,5388,-1,5392,5367,5366,-1,5393,5392,5391,-1,5368,5367,5394,-1,5367,5392,5393,-1,5395,5384,5396,-1,5369,5397,5398,-1,5391,5390,5393,-1,5387,5389,5390,-1,5384,5386,5388,-1,5395,5385,5384,-1,5384,5383,5396,-1,5362,5373,5375,-1,5396,5383,5380,-1,5380,5383,5382,-1,5399,5378,5373,-1,5380,5382,5377,-1,5379,5363,5371,-1,5376,5371,5372,-1,5379,5378,5399,-1,5373,5378,5374,-1,5375,5400,5362,-1,5362,5400,5369,-1,5369,5400,5397,-1,5401,5402,5397,-1,5400,5403,5401,-1,5401,5397,5400,-1,5397,5402,5398,-1,5402,5404,5398,-1,5398,5404,5369,-1,5400,5405,5403,-1,5400,5375,5405,-1,5406,5405,5375,-1,5407,5408,5371,-1,5409,5374,5378,-1,5410,5376,5377,-1,5376,5410,5407,-1,5371,5408,5378,-1,5376,5407,5371,-1,5409,5406,5374,-1,5408,5409,5378,-1,5375,5374,5406,-1,5377,5411,5410,-1,5377,5382,5411,-1,5383,5412,5381,-1,5413,5412,5383,-1,5411,5381,5412,-1,5381,5411,5382,-1,5383,5414,5413,-1,5383,5384,5414,-1,5415,5414,5384,-1,5416,5417,5391,-1,5418,5388,5387,-1,5419,5392,5366,-1,5392,5419,5416,-1,5391,5417,5387,-1,5392,5416,5391,-1,5418,5415,5388,-1,5417,5418,5387,-1,5384,5388,5415,-1,5386,5420,5421,-1,5420,5385,5422,-1,5385,5420,5386,-1,5423,5422,5395,-1,5385,5395,5422,-1,5396,5424,5423,-1,5423,5395,5396,-1,5386,5421,5389,-1,5425,5390,5389,-1,5389,5421,5425,-1,5390,5426,5393,-1,5426,5390,5425,-1,5426,5427,5393,-1,5393,5427,5367,-1,5424,5380,5428,-1,5380,5424,5396,-1,5428,5372,5429,-1,5372,5428,5380,-1,5363,5430,5431,-1,5430,5379,5432,-1,5379,5430,5363,-1,5433,5432,5399,-1,5379,5399,5432,-1,5373,5434,5433,-1,5433,5399,5373,-1,5363,5431,5364,-1,5435,5365,5364,-1,5364,5431,5435,-1,5365,5436,5370,-1,5436,5365,5435,-1,5436,5429,5370,-1,5370,5429,5372,-1,5434,5362,5437,-1,5362,5434,5373,-1,5417,5425,5418,-1,5437,5404,5403,-1,5430,5435,5431,-1,5430,5408,5435,-1,5436,5408,5429,-1,5407,5410,5429,-1,5435,5408,5436,-1,5428,5429,5410,-1,5434,5405,5406,-1,5409,5408,5432,-1,5414,5420,5422,-1,5418,5421,5415,-1,5416,5426,5417,-1,5420,5415,5421,-1,5419,5438,5427,-1,5419,5427,5416,-1,5439,5427,5438,-1,5426,5416,5427,-1,5424,5414,5423,-1,5402,5401,5404,-1,5437,5403,5405,-1,5417,5426,5425,-1,5418,5425,5421,-1,5414,5415,5420,-1,5423,5414,5422,-1,5424,5428,5413,-1,5414,5424,5413,-1,5413,5411,5412,-1,5428,5411,5413,-1,5433,5434,5409,-1,5428,5410,5411,-1,5432,5408,5430,-1,5407,5429,5408,-1,5432,5433,5409,-1,5434,5406,5409,-1,5434,5437,5405,-1,5403,5404,5401,-1,5440,5404,5437,-1,5440,5437,5441,-1,5368,5438,5419,-1,5419,5366,5368,-1,5427,5439,5394,-1,5427,5394,5367,-1,5404,5360,5369,-1,5404,5440,5360,-1,5437,5361,5441,-1,5361,5437,5362,-1,5442,5443,5444,-1,5445,5446,5447,-1,5443,5442,5448,-1,5449,5445,5447,-1,5443,5446,5445,-1,5450,5445,5449,-1,5443,5451,5446,-1,5447,5446,5452,-1,5453,5452,5446,-1,5454,5453,5446,-1,5454,5446,5455,-1,5456,5451,5457,-1,5448,5458,5451,-1,5448,5451,5443,-1,5458,5457,5451,-1,5456,5457,5459,-1,5460,5446,5451,-1,5446,5460,5461,-1,5447,5462,5449,-1,5450,5449,5463,-1,5462,5463,5449,-1,5464,5445,5450,-1,5450,5463,5464,-1,5462,5447,5465,-1,5465,5452,5466,-1,5452,5465,5447,-1,5452,5453,5466,-1,5466,5453,5467,-1,5468,5443,5445,-1,5445,5464,5468,-1,5442,5469,5448,-1,5458,5448,5470,-1,5469,5470,5448,-1,5471,5457,5458,-1,5458,5470,5471,-1,5469,5442,5472,-1,5472,5444,5473,-1,5444,5472,5442,-1,5444,5443,5473,-1,5473,5443,5468,-1,5468,5469,5472,-1,5474,5475,5471,-1,5472,5473,5468,-1,5462,5465,5464,-1,5464,5465,5461,-1,5461,5468,5464,-1,5462,5464,5463,-1,5461,5465,5466,-1,5467,5461,5466,-1,5460,5468,5461,-1,5461,5467,5476,-1,5476,5477,5461,-1,5469,5460,5470,-1,5469,5468,5460,-1,5474,5471,5460,-1,5470,5460,5471,-1,5471,5459,5457,-1,5471,5475,5459,-1,5453,5454,5476,-1,5476,5467,5453,-1,5477,5455,5446,-1,5477,5446,5461,-1,5456,5460,5451,-1,5460,5456,5474,-1,5478,5479,5480,-1,5481,5482,5483,-1,5484,5485,5486,-1,5487,5485,5488,-1,5487,5486,5485,-1,5484,5489,5485,-1,5488,5490,5491,-1,5492,5487,5488,-1,5488,5491,5493,-1,5478,5489,5484,-1,5493,5492,5488,-1,5489,5478,5480,-1,5479,5494,5495,-1,5480,5479,5495,-1,5494,5483,5495,-1,5483,5494,5481,-1,5486,5496,5497,-1,5496,5487,5498,-1,5487,5496,5486,-1,5499,5498,5492,-1,5487,5492,5498,-1,5493,5500,5499,-1,5499,5492,5493,-1,5486,5497,5484,-1,5501,5478,5484,-1,5484,5497,5501,-1,5478,5502,5479,-1,5502,5478,5501,-1,5502,5503,5479,-1,5479,5503,5494,-1,5491,5504,5500,-1,5500,5493,5491,-1,5491,5505,5504,-1,5491,5490,5505,-1,5490,5506,5505,-1,5506,5490,5488,-1,5507,5506,5488,-1,5508,5509,5480,-1,5510,5485,5489,-1,5511,5495,5483,-1,5495,5511,5508,-1,5480,5509,5489,-1,5495,5508,5480,-1,5510,5507,5485,-1,5509,5510,5489,-1,5488,5485,5507,-1,5501,5497,5510,-1,5498,5506,5507,-1,5507,5497,5496,-1,5498,5507,5496,-1,5506,5504,5505,-1,5499,5506,5498,-1,5506,5500,5504,-1,5512,5503,5511,-1,5510,5497,5507,-1,5500,5506,5499,-1,5501,5510,5509,-1,5509,5508,5502,-1,5502,5501,5509,-1,5502,5508,5503,-1,5508,5511,5503,-1,5511,5513,5512,-1,5503,5512,5481,-1,5481,5494,5503,-1,5482,5513,5511,-1,5482,5511,5483,-1,5514,5515,5516,-1,5517,5518,5519,-1,5516,5520,5521,-1,5521,5514,5516,-1,5522,5521,5523,-1,5524,5525,5526,-1,5527,5528,5529,-1,5530,5527,5529,-1,5530,5531,5527,-1,5532,5533,5517,-1,5517,5519,5528,-1,5534,5524,5526,-1,5535,5536,5534,-1,5535,5532,5517,-1,5532,5535,5526,-1,5534,5526,5535,-1,5533,5518,5517,-1,5519,5518,5537,-1,5529,5528,5519,-1,5519,5537,5538,-1,5539,5522,5538,-1,5539,5538,5537,-1,5523,5521,5540,-1,5522,5523,5538,-1,5540,5521,5520,-1,5541,5542,5543,-1,5544,5545,5543,-1,5546,5547,5548,-1,5545,5541,5543,-1,5543,5549,5544,-1,5541,5550,5542,-1,5543,5551,5549,-1,5552,5553,5554,-1,5548,5551,5546,-1,5555,5556,5557,-1,5557,5558,5559,-1,5560,5561,5562,-1,5561,5559,5563,-1,5564,5553,5552,-1,5565,5564,5566,-1,5565,5561,5560,-1,5560,5553,5565,-1,5564,5565,5553,-1,5562,5561,5567,-1,5558,5563,5559,-1,5556,5558,5557,-1,5563,5547,5567,-1,5563,5567,5561,-1,5563,5548,5547,-1,5551,5548,5549,-1,5540,5544,5549,-1,5540,5549,5523,-1,5523,5548,5538,-1,5548,5523,5549,-1,5555,5531,5530,-1,5531,5557,5527,-1,5557,5531,5555,-1,5528,5527,5559,-1,5557,5559,5527,-1,5561,5517,5528,-1,5528,5559,5561,-1,5555,5530,5556,-1,5529,5558,5556,-1,5556,5530,5529,-1,5558,5519,5563,-1,5519,5558,5529,-1,5519,5538,5563,-1,5563,5538,5548,-1,5517,5565,5535,-1,5565,5517,5561,-1,5535,5566,5536,-1,5566,5535,5565,-1,5536,5564,5534,-1,5536,5566,5564,-1,5564,5524,5534,-1,5564,5552,5524,-1,5553,5525,5554,-1,5526,5525,5553,-1,5524,5554,5525,-1,5554,5524,5552,-1,5553,5532,5526,-1,5553,5560,5532,-1,5533,5532,5560,-1,5539,5537,5547,-1,5518,5562,5567,-1,5522,5546,5551,-1,5546,5522,5539,-1,5547,5537,5567,-1,5546,5539,5547,-1,5518,5533,5562,-1,5537,5518,5567,-1,5560,5562,5533,-1,5551,5521,5522,-1,5551,5543,5521,-1,5515,5514,5550,-1,5541,5516,5515,-1,5515,5550,5541,-1,5550,5514,5542,-1,5514,5521,5542,-1,5542,5521,5543,-1,5520,5516,5541,-1,5541,5545,5520,-1,5568,5569,5570,-1,5569,5571,5572,-1,5569,5573,5574,-1,5575,5576,5577,-1,5577,5572,5575,-1,5572,5571,5575,-1,5569,5572,5573,-1,5578,5579,5574,-1,5579,5569,5574,-1,5579,5570,5569,-1,5580,5581,5582,-1,5583,5580,5584,-1,5581,5580,5583,-1,5585,5582,5581,-1,5583,5586,5581,-1,5587,5588,5589,-1,5586,5589,5581,-1,5589,5588,5590,-1,5589,5590,5581,-1,5588,5587,5591,-1,5585,5581,5569,-1,5569,5568,5585,-1,5582,5570,5579,-1,5582,5579,5580,-1,5590,5575,5571,-1,5581,5590,5571,-1,5581,5571,5569,-1,5590,5588,5575,-1,5575,5588,5576,-1,5588,5591,5576,-1,5583,5573,5586,-1,5589,5586,5572,-1,5573,5572,5586,-1,5577,5587,5589,-1,5589,5572,5577,-1,5573,5583,5574,-1,5574,5584,5578,-1,5584,5574,5583,-1,5584,5580,5578,-1,5578,5580,5579,-1,5592,5593,5594,-1,5595,5596,5597,-1,5598,5599,5600,-1,5592,5594,5601,-1,5602,5603,5597,-1,5597,5603,5595,-1,5602,5604,5603,-1,5605,5606,5607,-1,5608,5604,5609,-1,5610,5611,5603,-1,5604,5612,5609,-1,5613,5614,5615,-1,5616,5617,5618,-1,5619,5620,5621,-1,5619,5622,5623,-1,5618,5621,5620,-1,5624,5599,5598,-1,5625,5624,5623,-1,5600,5599,5626,-1,5599,5624,5625,-1,5627,5616,5628,-1,5601,5629,5630,-1,5623,5622,5625,-1,5619,5621,5622,-1,5616,5618,5620,-1,5627,5617,5616,-1,5616,5615,5628,-1,5594,5605,5607,-1,5628,5615,5612,-1,5612,5615,5614,-1,5631,5610,5605,-1,5612,5614,5609,-1,5611,5595,5603,-1,5608,5603,5604,-1,5611,5610,5631,-1,5605,5610,5606,-1,5607,5632,5594,-1,5594,5632,5601,-1,5601,5632,5629,-1,5633,5634,5629,-1,5632,5635,5633,-1,5633,5629,5632,-1,5629,5634,5630,-1,5634,5636,5630,-1,5630,5636,5601,-1,5632,5637,5635,-1,5632,5607,5637,-1,5638,5637,5607,-1,5639,5640,5603,-1,5641,5606,5610,-1,5642,5608,5609,-1,5608,5642,5639,-1,5603,5640,5610,-1,5608,5639,5603,-1,5641,5638,5606,-1,5640,5641,5610,-1,5607,5606,5638,-1,5609,5643,5642,-1,5609,5614,5643,-1,5615,5644,5613,-1,5645,5644,5615,-1,5643,5613,5644,-1,5613,5643,5614,-1,5615,5646,5645,-1,5615,5616,5646,-1,5647,5646,5616,-1,5648,5649,5623,-1,5650,5620,5619,-1,5651,5624,5598,-1,5624,5651,5648,-1,5623,5649,5619,-1,5624,5648,5623,-1,5650,5647,5620,-1,5649,5650,5619,-1,5616,5620,5647,-1,5618,5652,5653,-1,5652,5617,5654,-1,5617,5652,5618,-1,5655,5654,5627,-1,5617,5627,5654,-1,5628,5656,5655,-1,5655,5627,5628,-1,5618,5653,5621,-1,5657,5622,5621,-1,5621,5653,5657,-1,5622,5658,5625,-1,5658,5622,5657,-1,5658,5659,5625,-1,5625,5659,5599,-1,5656,5612,5660,-1,5612,5656,5628,-1,5660,5604,5661,-1,5604,5660,5612,-1,5595,5662,5663,-1,5662,5611,5664,-1,5611,5662,5595,-1,5665,5664,5631,-1,5611,5631,5664,-1,5605,5666,5665,-1,5665,5631,5605,-1,5595,5663,5596,-1,5667,5597,5596,-1,5596,5663,5667,-1,5597,5668,5602,-1,5668,5597,5667,-1,5668,5661,5602,-1,5602,5661,5604,-1,5666,5594,5669,-1,5594,5666,5605,-1,5649,5657,5650,-1,5669,5636,5635,-1,5662,5667,5663,-1,5662,5640,5667,-1,5668,5640,5661,-1,5639,5642,5661,-1,5667,5640,5668,-1,5660,5661,5642,-1,5666,5637,5638,-1,5641,5640,5664,-1,5646,5652,5654,-1,5650,5653,5647,-1,5648,5658,5649,-1,5652,5647,5653,-1,5651,5670,5659,-1,5651,5659,5648,-1,5671,5659,5670,-1,5658,5648,5659,-1,5656,5646,5655,-1,5634,5633,5636,-1,5669,5635,5637,-1,5649,5658,5657,-1,5650,5657,5653,-1,5646,5647,5652,-1,5655,5646,5654,-1,5656,5660,5645,-1,5646,5656,5645,-1,5645,5643,5644,-1,5660,5643,5645,-1,5665,5666,5641,-1,5660,5642,5643,-1,5664,5640,5662,-1,5639,5661,5640,-1,5664,5665,5641,-1,5666,5638,5641,-1,5666,5669,5637,-1,5635,5636,5633,-1,5672,5636,5669,-1,5672,5669,5673,-1,5600,5670,5651,-1,5651,5598,5600,-1,5659,5671,5626,-1,5659,5626,5599,-1,5636,5592,5601,-1,5636,5672,5592,-1,5669,5593,5673,-1,5593,5669,5594,-1,5674,5675,5676,-1,5677,5678,5679,-1,5675,5674,5680,-1,5681,5677,5679,-1,5675,5678,5677,-1,5682,5677,5681,-1,5675,5683,5678,-1,5679,5678,5684,-1,5685,5684,5678,-1,5686,5685,5678,-1,5686,5678,5687,-1,5688,5683,5689,-1,5680,5690,5683,-1,5680,5683,5675,-1,5690,5689,5683,-1,5688,5689,5691,-1,5692,5678,5683,-1,5678,5692,5693,-1,5679,5694,5681,-1,5682,5681,5695,-1,5694,5695,5681,-1,5696,5677,5682,-1,5682,5695,5696,-1,5694,5679,5697,-1,5697,5684,5698,-1,5684,5697,5679,-1,5684,5685,5698,-1,5698,5685,5699,-1,5700,5675,5677,-1,5677,5696,5700,-1,5674,5701,5680,-1,5690,5680,5702,-1,5701,5702,5680,-1,5703,5689,5690,-1,5690,5702,5703,-1,5701,5674,5704,-1,5704,5676,5705,-1,5676,5704,5674,-1,5676,5675,5705,-1,5705,5675,5700,-1,5700,5701,5704,-1,5706,5707,5703,-1,5704,5705,5700,-1,5694,5697,5696,-1,5696,5697,5693,-1,5693,5700,5696,-1,5694,5696,5695,-1,5693,5697,5698,-1,5699,5693,5698,-1,5692,5700,5693,-1,5693,5699,5708,-1,5708,5709,5693,-1,5701,5692,5702,-1,5701,5700,5692,-1,5706,5703,5692,-1,5702,5692,5703,-1,5703,5691,5689,-1,5703,5707,5691,-1,5685,5686,5708,-1,5708,5699,5685,-1,5709,5687,5678,-1,5709,5678,5693,-1,5688,5692,5683,-1,5692,5688,5706,-1,5710,5711,5712,-1,5713,5714,5715,-1,5716,5717,5718,-1,5719,5717,5720,-1,5719,5718,5717,-1,5716,5721,5717,-1,5720,5722,5723,-1,5724,5719,5720,-1,5720,5723,5725,-1,5710,5721,5716,-1,5725,5724,5720,-1,5721,5710,5712,-1,5711,5726,5727,-1,5712,5711,5727,-1,5726,5715,5727,-1,5715,5726,5713,-1,5718,5728,5729,-1,5728,5719,5730,-1,5719,5728,5718,-1,5731,5730,5724,-1,5719,5724,5730,-1,5725,5732,5731,-1,5731,5724,5725,-1,5718,5729,5716,-1,5733,5710,5716,-1,5716,5729,5733,-1,5710,5734,5711,-1,5734,5710,5733,-1,5734,5735,5711,-1,5711,5735,5726,-1,5723,5736,5732,-1,5732,5725,5723,-1,5723,5737,5736,-1,5723,5722,5737,-1,5722,5738,5737,-1,5738,5722,5720,-1,5739,5738,5720,-1,5740,5741,5712,-1,5742,5717,5721,-1,5743,5727,5715,-1,5727,5743,5740,-1,5712,5741,5721,-1,5727,5740,5712,-1,5742,5739,5717,-1,5741,5742,5721,-1,5720,5717,5739,-1,5733,5729,5742,-1,5730,5738,5739,-1,5739,5729,5728,-1,5730,5739,5728,-1,5738,5736,5737,-1,5731,5738,5730,-1,5738,5732,5736,-1,5744,5735,5743,-1,5742,5729,5739,-1,5732,5738,5731,-1,5733,5742,5741,-1,5741,5740,5734,-1,5734,5733,5741,-1,5734,5740,5735,-1,5740,5743,5735,-1,5743,5745,5744,-1,5735,5744,5713,-1,5713,5726,5735,-1,5714,5745,5743,-1,5714,5743,5715,-1,5746,5747,5748,-1,5749,5750,5751,-1,5748,5752,5753,-1,5753,5746,5748,-1,5754,5753,5755,-1,5756,5757,5758,-1,5759,5760,5761,-1,5762,5759,5761,-1,5762,5763,5759,-1,5764,5765,5749,-1,5749,5751,5760,-1,5766,5756,5758,-1,5767,5768,5766,-1,5767,5764,5749,-1,5764,5767,5758,-1,5766,5758,5767,-1,5765,5750,5749,-1,5751,5750,5769,-1,5761,5760,5751,-1,5751,5769,5770,-1,5771,5754,5770,-1,5771,5770,5769,-1,5755,5753,5772,-1,5754,5755,5770,-1,5772,5753,5752,-1,5773,5774,5775,-1,5776,5777,5775,-1,5778,5779,5780,-1,5777,5773,5775,-1,5775,5781,5776,-1,5773,5782,5774,-1,5775,5783,5781,-1,5784,5785,5786,-1,5780,5783,5778,-1,5787,5788,5789,-1,5789,5790,5791,-1,5792,5793,5794,-1,5793,5791,5795,-1,5796,5785,5784,-1,5797,5796,5798,-1,5797,5793,5792,-1,5792,5785,5797,-1,5796,5797,5785,-1,5794,5793,5799,-1,5790,5795,5791,-1,5788,5790,5789,-1,5795,5779,5799,-1,5795,5799,5793,-1,5795,5780,5779,-1,5783,5780,5781,-1,5772,5776,5781,-1,5772,5781,5755,-1,5755,5780,5770,-1,5780,5755,5781,-1,5787,5763,5762,-1,5763,5789,5759,-1,5789,5763,5787,-1,5760,5759,5791,-1,5789,5791,5759,-1,5793,5749,5760,-1,5760,5791,5793,-1,5787,5762,5788,-1,5761,5790,5788,-1,5788,5762,5761,-1,5790,5751,5795,-1,5751,5790,5761,-1,5751,5770,5795,-1,5795,5770,5780,-1,5749,5797,5767,-1,5797,5749,5793,-1,5767,5798,5768,-1,5798,5767,5797,-1,5768,5796,5766,-1,5768,5798,5796,-1,5796,5756,5766,-1,5796,5784,5756,-1,5785,5757,5786,-1,5758,5757,5785,-1,5756,5786,5757,-1,5786,5756,5784,-1,5785,5764,5758,-1,5785,5792,5764,-1,5765,5764,5792,-1,5771,5769,5779,-1,5750,5794,5799,-1,5754,5778,5783,-1,5778,5754,5771,-1,5779,5769,5799,-1,5778,5771,5779,-1,5750,5765,5794,-1,5769,5750,5799,-1,5792,5794,5765,-1,5783,5753,5754,-1,5783,5775,5753,-1,5747,5746,5782,-1,5773,5748,5747,-1,5747,5782,5773,-1,5782,5746,5774,-1,5746,5753,5774,-1,5774,5753,5775,-1,5752,5748,5773,-1,5773,5777,5752,-1,5800,5801,5802,-1,5801,5803,5804,-1,5801,5805,5806,-1,5807,5808,5809,-1,5809,5804,5807,-1,5804,5803,5807,-1,5801,5804,5805,-1,5810,5811,5806,-1,5811,5801,5806,-1,5811,5802,5801,-1,5812,5813,5814,-1,5815,5812,5816,-1,5813,5812,5815,-1,5817,5814,5813,-1,5815,5818,5813,-1,5819,5820,5821,-1,5818,5821,5813,-1,5821,5820,5822,-1,5821,5822,5813,-1,5820,5819,5823,-1,5817,5813,5801,-1,5801,5800,5817,-1,5814,5802,5811,-1,5814,5811,5812,-1,5822,5807,5803,-1,5813,5822,5803,-1,5813,5803,5801,-1,5822,5820,5807,-1,5807,5820,5808,-1,5820,5823,5808,-1,5815,5805,5818,-1,5821,5818,5804,-1,5805,5804,5818,-1,5809,5819,5821,-1,5821,5804,5809,-1,5805,5815,5806,-1,5806,5816,5810,-1,5816,5806,5815,-1,5816,5812,5810,-1,5810,5812,5811,-1,5824,5825,5826,-1,5827,5828,5829,-1,5830,5831,5832,-1,5824,5826,5833,-1,5834,5835,5829,-1,5829,5835,5827,-1,5834,5836,5835,-1,5837,5838,5839,-1,5840,5836,5841,-1,5842,5843,5835,-1,5836,5844,5841,-1,5845,5846,5847,-1,5848,5849,5850,-1,5851,5852,5853,-1,5851,5854,5855,-1,5850,5853,5852,-1,5856,5831,5830,-1,5857,5856,5855,-1,5832,5831,5858,-1,5831,5856,5857,-1,5859,5848,5860,-1,5833,5861,5862,-1,5855,5854,5857,-1,5851,5853,5854,-1,5848,5850,5852,-1,5859,5849,5848,-1,5848,5847,5860,-1,5826,5837,5839,-1,5860,5847,5844,-1,5844,5847,5846,-1,5863,5842,5837,-1,5844,5846,5841,-1,5843,5827,5835,-1,5840,5835,5836,-1,5843,5842,5863,-1,5837,5842,5838,-1,5839,5864,5826,-1,5826,5864,5833,-1,5833,5864,5861,-1,5865,5866,5861,-1,5864,5867,5865,-1,5865,5861,5864,-1,5861,5866,5862,-1,5866,5868,5862,-1,5862,5868,5833,-1,5864,5869,5867,-1,5864,5839,5869,-1,5870,5869,5839,-1,5871,5872,5835,-1,5873,5838,5842,-1,5874,5840,5841,-1,5840,5874,5871,-1,5835,5872,5842,-1,5840,5871,5835,-1,5873,5870,5838,-1,5872,5873,5842,-1,5839,5838,5870,-1,5841,5875,5874,-1,5841,5846,5875,-1,5847,5876,5845,-1,5877,5876,5847,-1,5875,5845,5876,-1,5845,5875,5846,-1,5847,5878,5877,-1,5847,5848,5878,-1,5879,5878,5848,-1,5880,5881,5855,-1,5882,5852,5851,-1,5883,5856,5830,-1,5856,5883,5880,-1,5855,5881,5851,-1,5856,5880,5855,-1,5882,5879,5852,-1,5881,5882,5851,-1,5848,5852,5879,-1,5850,5884,5885,-1,5884,5849,5886,-1,5849,5884,5850,-1,5887,5886,5859,-1,5849,5859,5886,-1,5860,5888,5887,-1,5887,5859,5860,-1,5850,5885,5853,-1,5889,5854,5853,-1,5853,5885,5889,-1,5854,5890,5857,-1,5890,5854,5889,-1,5890,5891,5857,-1,5857,5891,5831,-1,5888,5844,5892,-1,5844,5888,5860,-1,5892,5836,5893,-1,5836,5892,5844,-1,5827,5894,5895,-1,5894,5843,5896,-1,5843,5894,5827,-1,5897,5896,5863,-1,5843,5863,5896,-1,5837,5898,5897,-1,5897,5863,5837,-1,5827,5895,5828,-1,5899,5829,5828,-1,5828,5895,5899,-1,5829,5900,5834,-1,5900,5829,5899,-1,5900,5893,5834,-1,5834,5893,5836,-1,5898,5826,5901,-1,5826,5898,5837,-1,5881,5889,5882,-1,5901,5868,5867,-1,5894,5899,5895,-1,5894,5872,5899,-1,5900,5872,5893,-1,5871,5874,5893,-1,5899,5872,5900,-1,5892,5893,5874,-1,5898,5869,5870,-1,5873,5872,5896,-1,5878,5884,5886,-1,5882,5885,5879,-1,5880,5890,5881,-1,5884,5879,5885,-1,5883,5902,5891,-1,5883,5891,5880,-1,5903,5891,5902,-1,5890,5880,5891,-1,5888,5878,5887,-1,5866,5865,5868,-1,5901,5867,5869,-1,5881,5890,5889,-1,5882,5889,5885,-1,5878,5879,5884,-1,5887,5878,5886,-1,5888,5892,5877,-1,5878,5888,5877,-1,5877,5875,5876,-1,5892,5875,5877,-1,5897,5898,5873,-1,5892,5874,5875,-1,5896,5872,5894,-1,5871,5893,5872,-1,5896,5897,5873,-1,5898,5870,5873,-1,5898,5901,5869,-1,5867,5868,5865,-1,5904,5868,5901,-1,5904,5901,5905,-1,5832,5902,5883,-1,5883,5830,5832,-1,5891,5903,5858,-1,5891,5858,5831,-1,5868,5824,5833,-1,5868,5904,5824,-1,5901,5825,5905,-1,5825,5901,5826,-1,5906,5907,5908,-1,5909,5910,5911,-1,5907,5906,5912,-1,5913,5909,5911,-1,5907,5910,5909,-1,5914,5909,5913,-1,5907,5915,5910,-1,5911,5910,5916,-1,5917,5916,5910,-1,5918,5917,5910,-1,5918,5910,5919,-1,5920,5915,5921,-1,5912,5922,5915,-1,5912,5915,5907,-1,5922,5921,5915,-1,5920,5921,5923,-1,5924,5910,5915,-1,5910,5924,5925,-1,5911,5926,5913,-1,5914,5913,5927,-1,5926,5927,5913,-1,5928,5909,5914,-1,5914,5927,5928,-1,5926,5911,5929,-1,5929,5916,5930,-1,5916,5929,5911,-1,5916,5917,5930,-1,5930,5917,5931,-1,5932,5907,5909,-1,5909,5928,5932,-1,5906,5933,5912,-1,5922,5912,5934,-1,5933,5934,5912,-1,5935,5921,5922,-1,5922,5934,5935,-1,5933,5906,5936,-1,5936,5908,5937,-1,5908,5936,5906,-1,5908,5907,5937,-1,5937,5907,5932,-1,5932,5933,5936,-1,5938,5939,5935,-1,5936,5937,5932,-1,5926,5929,5928,-1,5928,5929,5925,-1,5925,5932,5928,-1,5926,5928,5927,-1,5925,5929,5930,-1,5931,5925,5930,-1,5924,5932,5925,-1,5925,5931,5940,-1,5940,5941,5925,-1,5933,5924,5934,-1,5933,5932,5924,-1,5938,5935,5924,-1,5934,5924,5935,-1,5935,5923,5921,-1,5935,5939,5923,-1,5917,5918,5940,-1,5940,5931,5917,-1,5941,5919,5910,-1,5941,5910,5925,-1,5920,5924,5915,-1,5924,5920,5938,-1,5942,5943,5944,-1,5945,5946,5947,-1,5948,5949,5950,-1,5951,5949,5952,-1,5951,5950,5949,-1,5948,5953,5949,-1,5952,5954,5955,-1,5956,5951,5952,-1,5952,5955,5957,-1,5942,5953,5948,-1,5957,5956,5952,-1,5953,5942,5944,-1,5943,5958,5959,-1,5944,5943,5959,-1,5958,5947,5959,-1,5947,5958,5945,-1,5950,5960,5961,-1,5960,5951,5962,-1,5951,5960,5950,-1,5963,5962,5956,-1,5951,5956,5962,-1,5957,5964,5963,-1,5963,5956,5957,-1,5950,5961,5948,-1,5965,5942,5948,-1,5948,5961,5965,-1,5942,5966,5943,-1,5966,5942,5965,-1,5966,5967,5943,-1,5943,5967,5958,-1,5955,5968,5964,-1,5964,5957,5955,-1,5955,5969,5968,-1,5955,5954,5969,-1,5954,5970,5969,-1,5970,5954,5952,-1,5971,5970,5952,-1,5972,5973,5944,-1,5974,5949,5953,-1,5975,5959,5947,-1,5959,5975,5972,-1,5944,5973,5953,-1,5959,5972,5944,-1,5974,5971,5949,-1,5973,5974,5953,-1,5952,5949,5971,-1,5965,5961,5974,-1,5962,5970,5971,-1,5971,5961,5960,-1,5962,5971,5960,-1,5970,5968,5969,-1,5963,5970,5962,-1,5970,5964,5968,-1,5976,5967,5975,-1,5974,5961,5971,-1,5964,5970,5963,-1,5965,5974,5973,-1,5973,5972,5966,-1,5966,5965,5973,-1,5966,5972,5967,-1,5972,5975,5967,-1,5975,5977,5976,-1,5967,5976,5945,-1,5945,5958,5967,-1,5946,5977,5975,-1,5946,5975,5947,-1,5978,5979,5980,-1,5981,5982,5983,-1,5980,5984,5985,-1,5985,5978,5980,-1,5986,5985,5987,-1,5988,5989,5990,-1,5991,5992,5993,-1,5994,5991,5993,-1,5994,5995,5991,-1,5996,5997,5981,-1,5981,5983,5992,-1,5998,5988,5990,-1,5999,6000,5998,-1,5999,5996,5981,-1,5996,5999,5990,-1,5998,5990,5999,-1,5997,5982,5981,-1,5983,5982,6001,-1,5993,5992,5983,-1,5983,6001,6002,-1,6003,5986,6002,-1,6003,6002,6001,-1,5987,5985,6004,-1,5986,5987,6002,-1,6004,5985,5984,-1,6005,6006,6007,-1,6008,6009,6007,-1,6010,6011,6012,-1,6009,6005,6007,-1,6007,6013,6008,-1,6005,6014,6006,-1,6007,6015,6013,-1,6016,6017,6018,-1,6012,6015,6010,-1,6019,6020,6021,-1,6021,6022,6023,-1,6024,6025,6026,-1,6025,6023,6027,-1,6028,6017,6016,-1,6029,6028,6030,-1,6029,6025,6024,-1,6024,6017,6029,-1,6028,6029,6017,-1,6026,6025,6031,-1,6022,6027,6023,-1,6020,6022,6021,-1,6027,6011,6031,-1,6027,6031,6025,-1,6027,6012,6011,-1,6015,6012,6013,-1,6004,6008,6013,-1,6004,6013,5987,-1,5987,6012,6002,-1,6012,5987,6013,-1,6019,5995,5994,-1,5995,6021,5991,-1,6021,5995,6019,-1,5992,5991,6023,-1,6021,6023,5991,-1,6025,5981,5992,-1,5992,6023,6025,-1,6019,5994,6020,-1,5993,6022,6020,-1,6020,5994,5993,-1,6022,5983,6027,-1,5983,6022,5993,-1,5983,6002,6027,-1,6027,6002,6012,-1,5981,6029,5999,-1,6029,5981,6025,-1,5999,6030,6000,-1,6030,5999,6029,-1,6000,6028,5998,-1,6000,6030,6028,-1,6028,5988,5998,-1,6028,6016,5988,-1,6017,5989,6018,-1,5990,5989,6017,-1,5988,6018,5989,-1,6018,5988,6016,-1,6017,5996,5990,-1,6017,6024,5996,-1,5997,5996,6024,-1,6003,6001,6011,-1,5982,6026,6031,-1,5986,6010,6015,-1,6010,5986,6003,-1,6011,6001,6031,-1,6010,6003,6011,-1,5982,5997,6026,-1,6001,5982,6031,-1,6024,6026,5997,-1,6015,5985,5986,-1,6015,6007,5985,-1,5979,5978,6014,-1,6005,5980,5979,-1,5979,6014,6005,-1,6014,5978,6006,-1,5978,5985,6006,-1,6006,5985,6007,-1,5984,5980,6005,-1,6005,6009,5984,-1,6032,6033,6034,-1,6033,6035,6036,-1,6033,6037,6038,-1,6039,6040,6041,-1,6041,6036,6039,-1,6036,6035,6039,-1,6033,6036,6037,-1,6042,6043,6038,-1,6043,6033,6038,-1,6043,6034,6033,-1,6044,6045,6046,-1,6047,6044,6048,-1,6045,6044,6047,-1,6049,6046,6045,-1,6047,6050,6045,-1,6051,6052,6053,-1,6050,6053,6045,-1,6053,6052,6054,-1,6053,6054,6045,-1,6052,6051,6055,-1,6049,6045,6033,-1,6033,6032,6049,-1,6046,6034,6043,-1,6046,6043,6044,-1,6054,6039,6035,-1,6045,6054,6035,-1,6045,6035,6033,-1,6054,6052,6039,-1,6039,6052,6040,-1,6052,6055,6040,-1,6047,6037,6050,-1,6053,6050,6036,-1,6037,6036,6050,-1,6041,6051,6053,-1,6053,6036,6041,-1,6037,6047,6038,-1,6038,6048,6042,-1,6048,6038,6047,-1,6048,6044,6042,-1,6042,6044,6043,-1,6056,6057,6058,-1,6059,6060,6061,-1,6062,6063,6064,-1,6056,6058,6065,-1,6066,6067,6061,-1,6061,6067,6059,-1,6066,6068,6067,-1,6069,6070,6071,-1,6072,6068,6073,-1,6074,6075,6067,-1,6068,6076,6073,-1,6077,6078,6079,-1,6080,6081,6082,-1,6083,6084,6085,-1,6083,6086,6087,-1,6082,6085,6084,-1,6088,6063,6062,-1,6089,6088,6087,-1,6064,6063,6090,-1,6063,6088,6089,-1,6091,6080,6092,-1,6065,6093,6094,-1,6087,6086,6089,-1,6083,6085,6086,-1,6080,6082,6084,-1,6091,6081,6080,-1,6080,6079,6092,-1,6058,6069,6071,-1,6092,6079,6076,-1,6076,6079,6078,-1,6095,6074,6069,-1,6076,6078,6073,-1,6075,6059,6067,-1,6072,6067,6068,-1,6075,6074,6095,-1,6069,6074,6070,-1,6071,6096,6058,-1,6058,6096,6065,-1,6065,6096,6093,-1,6097,6098,6093,-1,6096,6099,6097,-1,6097,6093,6096,-1,6093,6098,6094,-1,6098,6100,6094,-1,6094,6100,6065,-1,6096,6101,6099,-1,6096,6071,6101,-1,6102,6101,6071,-1,6103,6104,6067,-1,6105,6070,6074,-1,6106,6072,6073,-1,6072,6106,6103,-1,6067,6104,6074,-1,6072,6103,6067,-1,6105,6102,6070,-1,6104,6105,6074,-1,6071,6070,6102,-1,6073,6107,6106,-1,6073,6078,6107,-1,6079,6108,6077,-1,6109,6108,6079,-1,6107,6077,6108,-1,6077,6107,6078,-1,6079,6110,6109,-1,6079,6080,6110,-1,6111,6110,6080,-1,6112,6113,6087,-1,6114,6084,6083,-1,6115,6088,6062,-1,6088,6115,6112,-1,6087,6113,6083,-1,6088,6112,6087,-1,6114,6111,6084,-1,6113,6114,6083,-1,6080,6084,6111,-1,6082,6116,6117,-1,6116,6081,6118,-1,6081,6116,6082,-1,6119,6118,6091,-1,6081,6091,6118,-1,6092,6120,6119,-1,6119,6091,6092,-1,6082,6117,6085,-1,6121,6086,6085,-1,6085,6117,6121,-1,6086,6122,6089,-1,6122,6086,6121,-1,6122,6123,6089,-1,6089,6123,6063,-1,6120,6076,6124,-1,6076,6120,6092,-1,6124,6068,6125,-1,6068,6124,6076,-1,6059,6126,6127,-1,6126,6075,6128,-1,6075,6126,6059,-1,6129,6128,6095,-1,6075,6095,6128,-1,6069,6130,6129,-1,6129,6095,6069,-1,6059,6127,6060,-1,6131,6061,6060,-1,6060,6127,6131,-1,6061,6132,6066,-1,6132,6061,6131,-1,6132,6125,6066,-1,6066,6125,6068,-1,6130,6058,6133,-1,6058,6130,6069,-1,6113,6121,6114,-1,6133,6100,6099,-1,6126,6131,6127,-1,6126,6104,6131,-1,6132,6104,6125,-1,6103,6106,6125,-1,6131,6104,6132,-1,6124,6125,6106,-1,6130,6101,6102,-1,6105,6104,6128,-1,6110,6116,6118,-1,6114,6117,6111,-1,6112,6122,6113,-1,6116,6111,6117,-1,6115,6134,6123,-1,6115,6123,6112,-1,6135,6123,6134,-1,6122,6112,6123,-1,6120,6110,6119,-1,6098,6097,6100,-1,6133,6099,6101,-1,6113,6122,6121,-1,6114,6121,6117,-1,6110,6111,6116,-1,6119,6110,6118,-1,6120,6124,6109,-1,6110,6120,6109,-1,6109,6107,6108,-1,6124,6107,6109,-1,6129,6130,6105,-1,6124,6106,6107,-1,6128,6104,6126,-1,6103,6125,6104,-1,6128,6129,6105,-1,6130,6102,6105,-1,6130,6133,6101,-1,6099,6100,6097,-1,6136,6100,6133,-1,6136,6133,6137,-1,6064,6134,6115,-1,6115,6062,6064,-1,6123,6135,6090,-1,6123,6090,6063,-1,6100,6056,6065,-1,6100,6136,6056,-1,6133,6057,6137,-1,6057,6133,6058,-1,6138,6139,6140,-1,6141,6142,6143,-1,6139,6138,6144,-1,6145,6141,6143,-1,6139,6142,6141,-1,6146,6141,6145,-1,6139,6147,6142,-1,6143,6142,6148,-1,6149,6148,6142,-1,6150,6149,6142,-1,6150,6142,6151,-1,6152,6147,6153,-1,6144,6154,6147,-1,6144,6147,6139,-1,6154,6153,6147,-1,6152,6153,6155,-1,6156,6142,6147,-1,6142,6156,6157,-1,6143,6158,6145,-1,6146,6145,6159,-1,6158,6159,6145,-1,6160,6141,6146,-1,6146,6159,6160,-1,6158,6143,6161,-1,6161,6148,6162,-1,6148,6161,6143,-1,6148,6149,6162,-1,6162,6149,6163,-1,6164,6139,6141,-1,6141,6160,6164,-1,6138,6165,6144,-1,6154,6144,6166,-1,6165,6166,6144,-1,6167,6153,6154,-1,6154,6166,6167,-1,6165,6138,6168,-1,6168,6140,6169,-1,6140,6168,6138,-1,6140,6139,6169,-1,6169,6139,6164,-1,6164,6165,6168,-1,6170,6171,6167,-1,6168,6169,6164,-1,6158,6161,6160,-1,6160,6161,6157,-1,6157,6164,6160,-1,6158,6160,6159,-1,6157,6161,6162,-1,6163,6157,6162,-1,6156,6164,6157,-1,6157,6163,6172,-1,6172,6173,6157,-1,6165,6156,6166,-1,6165,6164,6156,-1,6170,6167,6156,-1,6166,6156,6167,-1,6167,6155,6153,-1,6167,6171,6155,-1,6149,6150,6172,-1,6172,6163,6149,-1,6173,6151,6142,-1,6173,6142,6157,-1,6152,6156,6147,-1,6156,6152,6170,-1,6174,6175,6176,-1,6177,6178,6179,-1,6180,6181,6182,-1,6183,6181,6184,-1,6183,6182,6181,-1,6180,6185,6181,-1,6184,6186,6187,-1,6188,6183,6184,-1,6184,6187,6189,-1,6174,6185,6180,-1,6189,6188,6184,-1,6185,6174,6176,-1,6175,6190,6191,-1,6176,6175,6191,-1,6190,6179,6191,-1,6179,6190,6177,-1,6182,6192,6193,-1,6192,6183,6194,-1,6183,6192,6182,-1,6195,6194,6188,-1,6183,6188,6194,-1,6189,6196,6195,-1,6195,6188,6189,-1,6182,6193,6180,-1,6197,6174,6180,-1,6180,6193,6197,-1,6174,6198,6175,-1,6198,6174,6197,-1,6198,6199,6175,-1,6175,6199,6190,-1,6187,6200,6196,-1,6196,6189,6187,-1,6187,6201,6200,-1,6187,6186,6201,-1,6186,6202,6201,-1,6202,6186,6184,-1,6203,6202,6184,-1,6204,6205,6176,-1,6206,6181,6185,-1,6207,6191,6179,-1,6191,6207,6204,-1,6176,6205,6185,-1,6191,6204,6176,-1,6206,6203,6181,-1,6205,6206,6185,-1,6184,6181,6203,-1,6197,6193,6206,-1,6194,6202,6203,-1,6203,6193,6192,-1,6194,6203,6192,-1,6202,6200,6201,-1,6195,6202,6194,-1,6202,6196,6200,-1,6208,6199,6207,-1,6206,6193,6203,-1,6196,6202,6195,-1,6197,6206,6205,-1,6205,6204,6198,-1,6198,6197,6205,-1,6198,6204,6199,-1,6204,6207,6199,-1,6207,6209,6208,-1,6199,6208,6177,-1,6177,6190,6199,-1,6178,6209,6207,-1,6178,6207,6179,-1,6210,6211,6212,-1,6213,6214,6215,-1,6212,6216,6217,-1,6217,6210,6212,-1,6218,6217,6219,-1,6220,6221,6222,-1,6223,6224,6225,-1,6226,6223,6225,-1,6226,6227,6223,-1,6228,6229,6213,-1,6213,6215,6224,-1,6230,6220,6222,-1,6231,6232,6230,-1,6231,6228,6213,-1,6228,6231,6222,-1,6230,6222,6231,-1,6229,6214,6213,-1,6215,6214,6233,-1,6225,6224,6215,-1,6215,6233,6234,-1,6235,6218,6234,-1,6235,6234,6233,-1,6219,6217,6236,-1,6218,6219,6234,-1,6236,6217,6216,-1,6237,6238,6239,-1,6240,6241,6239,-1,6242,6243,6244,-1,6241,6237,6239,-1,6239,6245,6240,-1,6237,6246,6238,-1,6239,6247,6245,-1,6248,6249,6250,-1,6244,6247,6242,-1,6251,6252,6253,-1,6253,6254,6255,-1,6256,6257,6258,-1,6257,6255,6259,-1,6260,6249,6248,-1,6261,6260,6262,-1,6261,6257,6256,-1,6256,6249,6261,-1,6260,6261,6249,-1,6258,6257,6263,-1,6254,6259,6255,-1,6252,6254,6253,-1,6259,6243,6263,-1,6259,6263,6257,-1,6259,6244,6243,-1,6247,6244,6245,-1,6236,6240,6245,-1,6236,6245,6219,-1,6219,6244,6234,-1,6244,6219,6245,-1,6251,6227,6226,-1,6227,6253,6223,-1,6253,6227,6251,-1,6224,6223,6255,-1,6253,6255,6223,-1,6257,6213,6224,-1,6224,6255,6257,-1,6251,6226,6252,-1,6225,6254,6252,-1,6252,6226,6225,-1,6254,6215,6259,-1,6215,6254,6225,-1,6215,6234,6259,-1,6259,6234,6244,-1,6213,6261,6231,-1,6261,6213,6257,-1,6231,6262,6232,-1,6262,6231,6261,-1,6232,6260,6230,-1,6232,6262,6260,-1,6260,6220,6230,-1,6260,6248,6220,-1,6249,6221,6250,-1,6222,6221,6249,-1,6220,6250,6221,-1,6250,6220,6248,-1,6249,6228,6222,-1,6249,6256,6228,-1,6229,6228,6256,-1,6235,6233,6243,-1,6214,6258,6263,-1,6218,6242,6247,-1,6242,6218,6235,-1,6243,6233,6263,-1,6242,6235,6243,-1,6214,6229,6258,-1,6233,6214,6263,-1,6256,6258,6229,-1,6247,6217,6218,-1,6247,6239,6217,-1,6211,6210,6246,-1,6237,6212,6211,-1,6211,6246,6237,-1,6246,6210,6238,-1,6210,6217,6238,-1,6238,6217,6239,-1,6216,6212,6237,-1,6237,6241,6216,-1,6264,6265,6266,-1,6265,6267,6268,-1,6265,6269,6270,-1,6271,6272,6273,-1,6273,6268,6271,-1,6268,6267,6271,-1,6265,6268,6269,-1,6274,6275,6270,-1,6275,6265,6270,-1,6275,6266,6265,-1,6276,6277,6278,-1,6279,6276,6280,-1,6277,6276,6279,-1,6281,6278,6277,-1,6279,6282,6277,-1,6283,6284,6285,-1,6282,6285,6277,-1,6285,6284,6286,-1,6285,6286,6277,-1,6284,6283,6287,-1,6281,6277,6265,-1,6265,6264,6281,-1,6278,6266,6275,-1,6278,6275,6276,-1,6286,6271,6267,-1,6277,6286,6267,-1,6277,6267,6265,-1,6286,6284,6271,-1,6271,6284,6272,-1,6284,6287,6272,-1,6279,6269,6282,-1,6285,6282,6268,-1,6269,6268,6282,-1,6273,6283,6285,-1,6285,6268,6273,-1,6269,6279,6270,-1,6270,6280,6274,-1,6280,6270,6279,-1,6280,6276,6274,-1,6274,6276,6275,-1,6288,6289,6290,-1,6291,6292,6293,-1,6294,6295,6296,-1,6288,6290,6297,-1,6298,6299,6293,-1,6293,6299,6291,-1,6298,6300,6299,-1,6301,6302,6303,-1,6304,6300,6305,-1,6306,6307,6299,-1,6300,6308,6305,-1,6309,6310,6311,-1,6312,6313,6314,-1,6315,6316,6317,-1,6315,6318,6319,-1,6314,6317,6316,-1,6320,6295,6294,-1,6321,6320,6319,-1,6296,6295,6322,-1,6295,6320,6321,-1,6323,6312,6324,-1,6297,6325,6326,-1,6319,6318,6321,-1,6315,6317,6318,-1,6312,6314,6316,-1,6323,6313,6312,-1,6312,6311,6324,-1,6290,6301,6303,-1,6324,6311,6308,-1,6308,6311,6310,-1,6327,6306,6301,-1,6308,6310,6305,-1,6307,6291,6299,-1,6304,6299,6300,-1,6307,6306,6327,-1,6301,6306,6302,-1,6303,6328,6290,-1,6290,6328,6297,-1,6297,6328,6325,-1,6329,6330,6325,-1,6328,6331,6329,-1,6329,6325,6328,-1,6325,6330,6326,-1,6330,6332,6326,-1,6326,6332,6297,-1,6328,6333,6331,-1,6328,6303,6333,-1,6334,6333,6303,-1,6335,6336,6299,-1,6337,6302,6306,-1,6338,6304,6305,-1,6304,6338,6335,-1,6299,6336,6306,-1,6304,6335,6299,-1,6337,6334,6302,-1,6336,6337,6306,-1,6303,6302,6334,-1,6305,6339,6338,-1,6305,6310,6339,-1,6311,6340,6309,-1,6341,6340,6311,-1,6339,6309,6340,-1,6309,6339,6310,-1,6311,6342,6341,-1,6311,6312,6342,-1,6343,6342,6312,-1,6344,6345,6319,-1,6346,6316,6315,-1,6347,6320,6294,-1,6320,6347,6344,-1,6319,6345,6315,-1,6320,6344,6319,-1,6346,6343,6316,-1,6345,6346,6315,-1,6312,6316,6343,-1,6314,6348,6349,-1,6348,6313,6350,-1,6313,6348,6314,-1,6351,6350,6323,-1,6313,6323,6350,-1,6324,6352,6351,-1,6351,6323,6324,-1,6314,6349,6317,-1,6353,6318,6317,-1,6317,6349,6353,-1,6318,6354,6321,-1,6354,6318,6353,-1,6354,6355,6321,-1,6321,6355,6295,-1,6352,6308,6356,-1,6308,6352,6324,-1,6356,6300,6357,-1,6300,6356,6308,-1,6291,6358,6359,-1,6358,6307,6360,-1,6307,6358,6291,-1,6361,6360,6327,-1,6307,6327,6360,-1,6301,6362,6361,-1,6361,6327,6301,-1,6291,6359,6292,-1,6363,6293,6292,-1,6292,6359,6363,-1,6293,6364,6298,-1,6364,6293,6363,-1,6364,6357,6298,-1,6298,6357,6300,-1,6362,6290,6365,-1,6290,6362,6301,-1,6345,6353,6346,-1,6365,6332,6331,-1,6358,6363,6359,-1,6358,6336,6363,-1,6364,6336,6357,-1,6335,6338,6357,-1,6363,6336,6364,-1,6356,6357,6338,-1,6362,6333,6334,-1,6337,6336,6360,-1,6342,6348,6350,-1,6346,6349,6343,-1,6344,6354,6345,-1,6348,6343,6349,-1,6347,6366,6355,-1,6347,6355,6344,-1,6367,6355,6366,-1,6354,6344,6355,-1,6352,6342,6351,-1,6330,6329,6332,-1,6365,6331,6333,-1,6345,6354,6353,-1,6346,6353,6349,-1,6342,6343,6348,-1,6351,6342,6350,-1,6352,6356,6341,-1,6342,6352,6341,-1,6341,6339,6340,-1,6356,6339,6341,-1,6361,6362,6337,-1,6356,6338,6339,-1,6360,6336,6358,-1,6335,6357,6336,-1,6360,6361,6337,-1,6362,6334,6337,-1,6362,6365,6333,-1,6331,6332,6329,-1,6368,6332,6365,-1,6368,6365,6369,-1,6296,6366,6347,-1,6347,6294,6296,-1,6355,6367,6322,-1,6355,6322,6295,-1,6332,6288,6297,-1,6332,6368,6288,-1,6365,6289,6369,-1,6289,6365,6290,-1,6370,6371,6372,-1,6373,6374,6375,-1,6371,6370,6376,-1,6377,6373,6375,-1,6371,6374,6373,-1,6378,6373,6377,-1,6371,6379,6374,-1,6375,6374,6380,-1,6381,6380,6374,-1,6382,6381,6374,-1,6382,6374,6383,-1,6384,6379,6385,-1,6376,6386,6379,-1,6376,6379,6371,-1,6386,6385,6379,-1,6384,6385,6387,-1,6388,6374,6379,-1,6374,6388,6389,-1,6375,6390,6377,-1,6378,6377,6391,-1,6390,6391,6377,-1,6392,6373,6378,-1,6378,6391,6392,-1,6390,6375,6393,-1,6393,6380,6394,-1,6380,6393,6375,-1,6380,6381,6394,-1,6394,6381,6395,-1,6396,6371,6373,-1,6373,6392,6396,-1,6370,6397,6376,-1,6386,6376,6398,-1,6397,6398,6376,-1,6399,6385,6386,-1,6386,6398,6399,-1,6397,6370,6400,-1,6400,6372,6401,-1,6372,6400,6370,-1,6372,6371,6401,-1,6401,6371,6396,-1,6396,6397,6400,-1,6402,6403,6399,-1,6400,6401,6396,-1,6390,6393,6392,-1,6392,6393,6389,-1,6389,6396,6392,-1,6390,6392,6391,-1,6389,6393,6394,-1,6395,6389,6394,-1,6388,6396,6389,-1,6389,6395,6404,-1,6404,6405,6389,-1,6397,6388,6398,-1,6397,6396,6388,-1,6402,6399,6388,-1,6398,6388,6399,-1,6399,6387,6385,-1,6399,6403,6387,-1,6381,6382,6404,-1,6404,6395,6381,-1,6405,6383,6374,-1,6405,6374,6389,-1,6384,6388,6379,-1,6388,6384,6402,-1,6406,6407,6408,-1,6409,6410,6411,-1,6412,6413,6414,-1,6415,6413,6416,-1,6415,6414,6413,-1,6412,6417,6413,-1,6416,6418,6419,-1,6420,6415,6416,-1,6416,6419,6421,-1,6406,6417,6412,-1,6421,6420,6416,-1,6417,6406,6408,-1,6407,6422,6423,-1,6408,6407,6423,-1,6422,6411,6423,-1,6411,6422,6409,-1,6414,6424,6425,-1,6424,6415,6426,-1,6415,6424,6414,-1,6427,6426,6420,-1,6415,6420,6426,-1,6421,6428,6427,-1,6427,6420,6421,-1,6414,6425,6412,-1,6429,6406,6412,-1,6412,6425,6429,-1,6406,6430,6407,-1,6430,6406,6429,-1,6430,6431,6407,-1,6407,6431,6422,-1,6419,6432,6428,-1,6428,6421,6419,-1,6419,6433,6432,-1,6419,6418,6433,-1,6418,6434,6433,-1,6434,6418,6416,-1,6435,6434,6416,-1,6436,6437,6408,-1,6438,6413,6417,-1,6439,6423,6411,-1,6423,6439,6436,-1,6408,6437,6417,-1,6423,6436,6408,-1,6438,6435,6413,-1,6437,6438,6417,-1,6416,6413,6435,-1,6429,6425,6438,-1,6426,6434,6435,-1,6435,6425,6424,-1,6426,6435,6424,-1,6434,6432,6433,-1,6427,6434,6426,-1,6434,6428,6432,-1,6440,6431,6439,-1,6438,6425,6435,-1,6428,6434,6427,-1,6429,6438,6437,-1,6437,6436,6430,-1,6430,6429,6437,-1,6430,6436,6431,-1,6436,6439,6431,-1,6439,6441,6440,-1,6431,6440,6409,-1,6409,6422,6431,-1,6410,6441,6439,-1,6410,6439,6411,-1,6442,6443,6444,-1,6445,6446,6447,-1,6444,6448,6449,-1,6449,6442,6444,-1,6450,6449,6451,-1,6452,6453,6454,-1,6455,6456,6457,-1,6458,6455,6457,-1,6458,6459,6455,-1,6460,6461,6445,-1,6445,6447,6456,-1,6462,6452,6454,-1,6463,6464,6462,-1,6463,6460,6445,-1,6460,6463,6454,-1,6462,6454,6463,-1,6461,6446,6445,-1,6447,6446,6465,-1,6457,6456,6447,-1,6447,6465,6466,-1,6467,6450,6466,-1,6467,6466,6465,-1,6451,6449,6468,-1,6450,6451,6466,-1,6468,6449,6448,-1,6469,6470,6471,-1,6472,6473,6471,-1,6474,6475,6476,-1,6473,6469,6471,-1,6471,6477,6472,-1,6469,6478,6470,-1,6471,6479,6477,-1,6480,6481,6482,-1,6476,6479,6474,-1,6483,6484,6485,-1,6485,6486,6487,-1,6488,6489,6490,-1,6489,6487,6491,-1,6492,6481,6480,-1,6493,6492,6494,-1,6493,6489,6488,-1,6488,6481,6493,-1,6492,6493,6481,-1,6490,6489,6495,-1,6486,6491,6487,-1,6484,6486,6485,-1,6491,6475,6495,-1,6491,6495,6489,-1,6491,6476,6475,-1,6479,6476,6477,-1,6468,6472,6477,-1,6468,6477,6451,-1,6451,6476,6466,-1,6476,6451,6477,-1,6483,6459,6458,-1,6459,6485,6455,-1,6485,6459,6483,-1,6456,6455,6487,-1,6485,6487,6455,-1,6489,6445,6456,-1,6456,6487,6489,-1,6483,6458,6484,-1,6457,6486,6484,-1,6484,6458,6457,-1,6486,6447,6491,-1,6447,6486,6457,-1,6447,6466,6491,-1,6491,6466,6476,-1,6445,6493,6463,-1,6493,6445,6489,-1,6463,6494,6464,-1,6494,6463,6493,-1,6464,6492,6462,-1,6464,6494,6492,-1,6492,6452,6462,-1,6492,6480,6452,-1,6481,6453,6482,-1,6454,6453,6481,-1,6452,6482,6453,-1,6482,6452,6480,-1,6481,6460,6454,-1,6481,6488,6460,-1,6461,6460,6488,-1,6467,6465,6475,-1,6446,6490,6495,-1,6450,6474,6479,-1,6474,6450,6467,-1,6475,6465,6495,-1,6474,6467,6475,-1,6446,6461,6490,-1,6465,6446,6495,-1,6488,6490,6461,-1,6479,6449,6450,-1,6479,6471,6449,-1,6443,6442,6478,-1,6469,6444,6443,-1,6443,6478,6469,-1,6478,6442,6470,-1,6442,6449,6470,-1,6470,6449,6471,-1,6448,6444,6469,-1,6469,6473,6448,-1,6496,6497,6498,-1,6497,6499,6500,-1,6497,6501,6502,-1,6503,6504,6505,-1,6505,6500,6503,-1,6500,6499,6503,-1,6497,6500,6501,-1,6506,6507,6502,-1,6507,6497,6502,-1,6507,6498,6497,-1,6508,6509,6510,-1,6511,6508,6512,-1,6509,6508,6511,-1,6513,6510,6509,-1,6511,6514,6509,-1,6515,6516,6517,-1,6514,6517,6509,-1,6517,6516,6518,-1,6517,6518,6509,-1,6516,6515,6519,-1,6513,6509,6497,-1,6497,6496,6513,-1,6510,6498,6507,-1,6510,6507,6508,-1,6518,6503,6499,-1,6509,6518,6499,-1,6509,6499,6497,-1,6518,6516,6503,-1,6503,6516,6504,-1,6516,6519,6504,-1,6511,6501,6514,-1,6517,6514,6500,-1,6501,6500,6514,-1,6505,6515,6517,-1,6517,6500,6505,-1,6501,6511,6502,-1,6502,6512,6506,-1,6512,6502,6511,-1,6512,6508,6506,-1,6506,6508,6507,-1,6520,6521,6522,-1,6523,6524,6525,-1,6526,6527,6528,-1,6520,6522,6529,-1,6530,6531,6525,-1,6525,6531,6523,-1,6530,6532,6531,-1,6533,6534,6535,-1,6536,6532,6537,-1,6538,6539,6531,-1,6532,6540,6537,-1,6541,6542,6543,-1,6544,6545,6546,-1,6547,6548,6549,-1,6547,6550,6551,-1,6546,6549,6548,-1,6552,6527,6526,-1,6553,6552,6551,-1,6528,6527,6554,-1,6527,6552,6553,-1,6555,6544,6556,-1,6529,6557,6558,-1,6551,6550,6553,-1,6547,6549,6550,-1,6544,6546,6548,-1,6555,6545,6544,-1,6544,6543,6556,-1,6522,6533,6535,-1,6556,6543,6540,-1,6540,6543,6542,-1,6559,6538,6533,-1,6540,6542,6537,-1,6539,6523,6531,-1,6536,6531,6532,-1,6539,6538,6559,-1,6533,6538,6534,-1,6535,6560,6522,-1,6522,6560,6529,-1,6529,6560,6557,-1,6561,6562,6557,-1,6560,6563,6561,-1,6561,6557,6560,-1,6557,6562,6558,-1,6562,6564,6558,-1,6558,6564,6529,-1,6560,6565,6563,-1,6560,6535,6565,-1,6566,6565,6535,-1,6567,6568,6531,-1,6569,6534,6538,-1,6570,6536,6537,-1,6536,6570,6567,-1,6531,6568,6538,-1,6536,6567,6531,-1,6569,6566,6534,-1,6568,6569,6538,-1,6535,6534,6566,-1,6537,6571,6570,-1,6537,6542,6571,-1,6543,6572,6541,-1,6573,6572,6543,-1,6571,6541,6572,-1,6541,6571,6542,-1,6543,6574,6573,-1,6543,6544,6574,-1,6575,6574,6544,-1,6576,6577,6551,-1,6578,6548,6547,-1,6579,6552,6526,-1,6552,6579,6576,-1,6551,6577,6547,-1,6552,6576,6551,-1,6578,6575,6548,-1,6577,6578,6547,-1,6544,6548,6575,-1,6546,6580,6581,-1,6580,6545,6582,-1,6545,6580,6546,-1,6583,6582,6555,-1,6545,6555,6582,-1,6556,6584,6583,-1,6583,6555,6556,-1,6546,6581,6549,-1,6585,6550,6549,-1,6549,6581,6585,-1,6550,6586,6553,-1,6586,6550,6585,-1,6586,6587,6553,-1,6553,6587,6527,-1,6584,6540,6588,-1,6540,6584,6556,-1,6588,6532,6589,-1,6532,6588,6540,-1,6523,6590,6591,-1,6590,6539,6592,-1,6539,6590,6523,-1,6593,6592,6559,-1,6539,6559,6592,-1,6533,6594,6593,-1,6593,6559,6533,-1,6523,6591,6524,-1,6595,6525,6524,-1,6524,6591,6595,-1,6525,6596,6530,-1,6596,6525,6595,-1,6596,6589,6530,-1,6530,6589,6532,-1,6594,6522,6597,-1,6522,6594,6533,-1,6577,6585,6578,-1,6597,6564,6563,-1,6590,6595,6591,-1,6590,6568,6595,-1,6596,6568,6589,-1,6567,6570,6589,-1,6595,6568,6596,-1,6588,6589,6570,-1,6594,6565,6566,-1,6569,6568,6592,-1,6574,6580,6582,-1,6578,6581,6575,-1,6576,6586,6577,-1,6580,6575,6581,-1,6579,6598,6587,-1,6579,6587,6576,-1,6599,6587,6598,-1,6586,6576,6587,-1,6584,6574,6583,-1,6562,6561,6564,-1,6597,6563,6565,-1,6577,6586,6585,-1,6578,6585,6581,-1,6574,6575,6580,-1,6583,6574,6582,-1,6584,6588,6573,-1,6574,6584,6573,-1,6573,6571,6572,-1,6588,6571,6573,-1,6593,6594,6569,-1,6588,6570,6571,-1,6592,6568,6590,-1,6567,6589,6568,-1,6592,6593,6569,-1,6594,6566,6569,-1,6594,6597,6565,-1,6563,6564,6561,-1,6600,6564,6597,-1,6600,6597,6601,-1,6528,6598,6579,-1,6579,6526,6528,-1,6587,6599,6554,-1,6587,6554,6527,-1,6564,6520,6529,-1,6564,6600,6520,-1,6597,6521,6601,-1,6521,6597,6522,-1,6602,6603,6604,-1,6605,6606,6607,-1,6603,6602,6608,-1,6609,6605,6607,-1,6603,6606,6605,-1,6610,6605,6609,-1,6603,6611,6606,-1,6607,6606,6612,-1,6613,6612,6606,-1,6614,6613,6606,-1,6614,6606,6615,-1,6616,6611,6617,-1,6608,6618,6611,-1,6608,6611,6603,-1,6618,6617,6611,-1,6616,6617,6619,-1,6620,6606,6611,-1,6606,6620,6621,-1,6607,6622,6609,-1,6610,6609,6623,-1,6622,6623,6609,-1,6624,6605,6610,-1,6610,6623,6624,-1,6622,6607,6625,-1,6625,6612,6626,-1,6612,6625,6607,-1,6612,6613,6626,-1,6626,6613,6627,-1,6628,6603,6605,-1,6605,6624,6628,-1,6602,6629,6608,-1,6618,6608,6630,-1,6629,6630,6608,-1,6631,6617,6618,-1,6618,6630,6631,-1,6629,6602,6632,-1,6632,6604,6633,-1,6604,6632,6602,-1,6604,6603,6633,-1,6633,6603,6628,-1,6628,6629,6632,-1,6634,6635,6631,-1,6632,6633,6628,-1,6622,6625,6624,-1,6624,6625,6621,-1,6621,6628,6624,-1,6622,6624,6623,-1,6621,6625,6626,-1,6627,6621,6626,-1,6620,6628,6621,-1,6621,6627,6636,-1,6636,6637,6621,-1,6629,6620,6630,-1,6629,6628,6620,-1,6634,6631,6620,-1,6630,6620,6631,-1,6631,6619,6617,-1,6631,6635,6619,-1,6613,6614,6636,-1,6636,6627,6613,-1,6637,6615,6606,-1,6637,6606,6621,-1,6616,6620,6611,-1,6620,6616,6634,-1,6638,6639,6640,-1,6641,6642,6643,-1,6644,6645,6646,-1,6647,6645,6648,-1,6647,6646,6645,-1,6644,6649,6645,-1,6648,6650,6651,-1,6652,6647,6648,-1,6648,6651,6653,-1,6638,6649,6644,-1,6653,6652,6648,-1,6649,6638,6640,-1,6639,6654,6655,-1,6640,6639,6655,-1,6654,6643,6655,-1,6643,6654,6641,-1,6646,6656,6657,-1,6656,6647,6658,-1,6647,6656,6646,-1,6659,6658,6652,-1,6647,6652,6658,-1,6653,6660,6659,-1,6659,6652,6653,-1,6646,6657,6644,-1,6661,6638,6644,-1,6644,6657,6661,-1,6638,6662,6639,-1,6662,6638,6661,-1,6662,6663,6639,-1,6639,6663,6654,-1,6651,6664,6660,-1,6660,6653,6651,-1,6651,6665,6664,-1,6651,6650,6665,-1,6650,6666,6665,-1,6666,6650,6648,-1,6667,6666,6648,-1,6668,6669,6640,-1,6670,6645,6649,-1,6671,6655,6643,-1,6655,6671,6668,-1,6640,6669,6649,-1,6655,6668,6640,-1,6670,6667,6645,-1,6669,6670,6649,-1,6648,6645,6667,-1,6661,6657,6670,-1,6658,6666,6667,-1,6667,6657,6656,-1,6658,6667,6656,-1,6666,6664,6665,-1,6659,6666,6658,-1,6666,6660,6664,-1,6672,6663,6671,-1,6670,6657,6667,-1,6660,6666,6659,-1,6661,6670,6669,-1,6669,6668,6662,-1,6662,6661,6669,-1,6662,6668,6663,-1,6668,6671,6663,-1,6671,6673,6672,-1,6663,6672,6641,-1,6641,6654,6663,-1,6642,6673,6671,-1,6642,6671,6643,-1,6674,6675,6676,-1,6677,6678,6679,-1,6676,6680,6681,-1,6681,6674,6676,-1,6682,6681,6683,-1,6684,6685,6686,-1,6687,6688,6689,-1,6690,6687,6689,-1,6690,6691,6687,-1,6692,6693,6677,-1,6677,6679,6688,-1,6694,6684,6686,-1,6695,6696,6694,-1,6695,6692,6677,-1,6692,6695,6686,-1,6694,6686,6695,-1,6693,6678,6677,-1,6679,6678,6697,-1,6689,6688,6679,-1,6679,6697,6698,-1,6699,6682,6698,-1,6699,6698,6697,-1,6683,6681,6700,-1,6682,6683,6698,-1,6700,6681,6680,-1,6701,6702,6703,-1,6704,6705,6703,-1,6706,6707,6708,-1,6705,6701,6703,-1,6703,6709,6704,-1,6701,6710,6702,-1,6703,6711,6709,-1,6712,6713,6714,-1,6708,6711,6706,-1,6715,6716,6717,-1,6717,6718,6719,-1,6720,6721,6722,-1,6721,6719,6723,-1,6724,6713,6712,-1,6725,6724,6726,-1,6725,6721,6720,-1,6720,6713,6725,-1,6724,6725,6713,-1,6722,6721,6727,-1,6718,6723,6719,-1,6716,6718,6717,-1,6723,6707,6727,-1,6723,6727,6721,-1,6723,6708,6707,-1,6711,6708,6709,-1,6700,6704,6709,-1,6700,6709,6683,-1,6683,6708,6698,-1,6708,6683,6709,-1,6715,6691,6690,-1,6691,6717,6687,-1,6717,6691,6715,-1,6688,6687,6719,-1,6717,6719,6687,-1,6721,6677,6688,-1,6688,6719,6721,-1,6715,6690,6716,-1,6689,6718,6716,-1,6716,6690,6689,-1,6718,6679,6723,-1,6679,6718,6689,-1,6679,6698,6723,-1,6723,6698,6708,-1,6677,6725,6695,-1,6725,6677,6721,-1,6695,6726,6696,-1,6726,6695,6725,-1,6696,6724,6694,-1,6696,6726,6724,-1,6724,6684,6694,-1,6724,6712,6684,-1,6713,6685,6714,-1,6686,6685,6713,-1,6684,6714,6685,-1,6714,6684,6712,-1,6713,6692,6686,-1,6713,6720,6692,-1,6693,6692,6720,-1,6699,6697,6707,-1,6678,6722,6727,-1,6682,6706,6711,-1,6706,6682,6699,-1,6707,6697,6727,-1,6706,6699,6707,-1,6678,6693,6722,-1,6697,6678,6727,-1,6720,6722,6693,-1,6711,6681,6682,-1,6711,6703,6681,-1,6675,6674,6710,-1,6701,6676,6675,-1,6675,6710,6701,-1,6710,6674,6702,-1,6674,6681,6702,-1,6702,6681,6703,-1,6680,6676,6701,-1,6701,6705,6680,-1,6728,6729,6730,-1,6729,6731,6732,-1,6729,6733,6734,-1,6735,6736,6737,-1,6737,6732,6735,-1,6732,6731,6735,-1,6729,6732,6733,-1,6738,6739,6734,-1,6739,6729,6734,-1,6739,6730,6729,-1,6740,6741,6742,-1,6743,6740,6744,-1,6741,6740,6743,-1,6745,6742,6741,-1,6743,6746,6741,-1,6747,6748,6749,-1,6746,6749,6741,-1,6749,6748,6750,-1,6749,6750,6741,-1,6748,6747,6751,-1,6745,6741,6729,-1,6729,6728,6745,-1,6742,6730,6739,-1,6742,6739,6740,-1,6750,6735,6731,-1,6741,6750,6731,-1,6741,6731,6729,-1,6750,6748,6735,-1,6735,6748,6736,-1,6748,6751,6736,-1,6743,6733,6746,-1,6749,6746,6732,-1,6733,6732,6746,-1,6737,6747,6749,-1,6749,6732,6737,-1,6733,6743,6734,-1,6734,6744,6738,-1,6744,6734,6743,-1,6744,6740,6738,-1,6738,6740,6739,-1,6752,6753,6754,-1,6755,6756,6757,-1,6758,6759,6760,-1,6752,6754,6761,-1,6762,6763,6757,-1,6757,6763,6755,-1,6762,6764,6763,-1,6765,6766,6767,-1,6768,6764,6769,-1,6770,6771,6763,-1,6764,6772,6769,-1,6773,6774,6775,-1,6776,6777,6778,-1,6779,6780,6781,-1,6779,6782,6783,-1,6778,6781,6780,-1,6784,6759,6758,-1,6785,6784,6783,-1,6760,6759,6786,-1,6759,6784,6785,-1,6787,6776,6788,-1,6761,6789,6790,-1,6783,6782,6785,-1,6779,6781,6782,-1,6776,6778,6780,-1,6787,6777,6776,-1,6776,6775,6788,-1,6754,6765,6767,-1,6788,6775,6772,-1,6772,6775,6774,-1,6791,6770,6765,-1,6772,6774,6769,-1,6771,6755,6763,-1,6768,6763,6764,-1,6771,6770,6791,-1,6765,6770,6766,-1,6767,6792,6754,-1,6754,6792,6761,-1,6761,6792,6789,-1,6793,6794,6789,-1,6792,6795,6793,-1,6793,6789,6792,-1,6789,6794,6790,-1,6794,6796,6790,-1,6790,6796,6761,-1,6792,6797,6795,-1,6792,6767,6797,-1,6798,6797,6767,-1,6799,6800,6763,-1,6801,6766,6770,-1,6802,6768,6769,-1,6768,6802,6799,-1,6763,6800,6770,-1,6768,6799,6763,-1,6801,6798,6766,-1,6800,6801,6770,-1,6767,6766,6798,-1,6769,6803,6802,-1,6769,6774,6803,-1,6775,6804,6773,-1,6805,6804,6775,-1,6803,6773,6804,-1,6773,6803,6774,-1,6775,6806,6805,-1,6775,6776,6806,-1,6807,6806,6776,-1,6808,6809,6783,-1,6810,6780,6779,-1,6811,6784,6758,-1,6784,6811,6808,-1,6783,6809,6779,-1,6784,6808,6783,-1,6810,6807,6780,-1,6809,6810,6779,-1,6776,6780,6807,-1,6778,6812,6813,-1,6812,6777,6814,-1,6777,6812,6778,-1,6815,6814,6787,-1,6777,6787,6814,-1,6788,6816,6815,-1,6815,6787,6788,-1,6778,6813,6781,-1,6817,6782,6781,-1,6781,6813,6817,-1,6782,6818,6785,-1,6818,6782,6817,-1,6818,6819,6785,-1,6785,6819,6759,-1,6816,6772,6820,-1,6772,6816,6788,-1,6820,6764,6821,-1,6764,6820,6772,-1,6755,6822,6823,-1,6822,6771,6824,-1,6771,6822,6755,-1,6825,6824,6791,-1,6771,6791,6824,-1,6765,6826,6825,-1,6825,6791,6765,-1,6755,6823,6756,-1,6827,6757,6756,-1,6756,6823,6827,-1,6757,6828,6762,-1,6828,6757,6827,-1,6828,6821,6762,-1,6762,6821,6764,-1,6826,6754,6829,-1,6754,6826,6765,-1,6809,6817,6810,-1,6829,6796,6795,-1,6822,6827,6823,-1,6822,6800,6827,-1,6828,6800,6821,-1,6799,6802,6821,-1,6827,6800,6828,-1,6820,6821,6802,-1,6826,6797,6798,-1,6801,6800,6824,-1,6806,6812,6814,-1,6810,6813,6807,-1,6808,6818,6809,-1,6812,6807,6813,-1,6811,6830,6819,-1,6811,6819,6808,-1,6831,6819,6830,-1,6818,6808,6819,-1,6816,6806,6815,-1,6794,6793,6796,-1,6829,6795,6797,-1,6809,6818,6817,-1,6810,6817,6813,-1,6806,6807,6812,-1,6815,6806,6814,-1,6816,6820,6805,-1,6806,6816,6805,-1,6805,6803,6804,-1,6820,6803,6805,-1,6825,6826,6801,-1,6820,6802,6803,-1,6824,6800,6822,-1,6799,6821,6800,-1,6824,6825,6801,-1,6826,6798,6801,-1,6826,6829,6797,-1,6795,6796,6793,-1,6832,6796,6829,-1,6832,6829,6833,-1,6760,6830,6811,-1,6811,6758,6760,-1,6819,6831,6786,-1,6819,6786,6759,-1,6796,6752,6761,-1,6796,6832,6752,-1,6829,6753,6833,-1,6753,6829,6754,-1,6834,6835,6836,-1,6837,6838,6839,-1,6835,6834,6840,-1,6841,6837,6839,-1,6835,6838,6837,-1,6842,6837,6841,-1,6835,6843,6838,-1,6839,6838,6844,-1,6845,6844,6838,-1,6846,6845,6838,-1,6846,6838,6847,-1,6848,6843,6849,-1,6840,6850,6843,-1,6840,6843,6835,-1,6850,6849,6843,-1,6848,6849,6851,-1,6852,6838,6843,-1,6838,6852,6853,-1,6839,6854,6841,-1,6842,6841,6855,-1,6854,6855,6841,-1,6856,6837,6842,-1,6842,6855,6856,-1,6854,6839,6857,-1,6857,6844,6858,-1,6844,6857,6839,-1,6844,6845,6858,-1,6858,6845,6859,-1,6860,6835,6837,-1,6837,6856,6860,-1,6834,6861,6840,-1,6850,6840,6862,-1,6861,6862,6840,-1,6863,6849,6850,-1,6850,6862,6863,-1,6861,6834,6864,-1,6864,6836,6865,-1,6836,6864,6834,-1,6836,6835,6865,-1,6865,6835,6860,-1,6860,6861,6864,-1,6866,6867,6863,-1,6864,6865,6860,-1,6854,6857,6856,-1,6856,6857,6853,-1,6853,6860,6856,-1,6854,6856,6855,-1,6853,6857,6858,-1,6859,6853,6858,-1,6852,6860,6853,-1,6853,6859,6868,-1,6868,6869,6853,-1,6861,6852,6862,-1,6861,6860,6852,-1,6866,6863,6852,-1,6862,6852,6863,-1,6863,6851,6849,-1,6863,6867,6851,-1,6845,6846,6868,-1,6868,6859,6845,-1,6869,6847,6838,-1,6869,6838,6853,-1,6848,6852,6843,-1,6852,6848,6866,-1,6870,6871,6872,-1,6873,6874,6875,-1,6876,6877,6878,-1,6879,6877,6880,-1,6879,6878,6877,-1,6876,6881,6877,-1,6880,6882,6883,-1,6884,6879,6880,-1,6880,6883,6885,-1,6870,6881,6876,-1,6885,6884,6880,-1,6881,6870,6872,-1,6871,6886,6887,-1,6872,6871,6887,-1,6886,6875,6887,-1,6875,6886,6873,-1,6878,6888,6889,-1,6888,6879,6890,-1,6879,6888,6878,-1,6891,6890,6884,-1,6879,6884,6890,-1,6885,6892,6891,-1,6891,6884,6885,-1,6878,6889,6876,-1,6893,6870,6876,-1,6876,6889,6893,-1,6870,6894,6871,-1,6894,6870,6893,-1,6894,6895,6871,-1,6871,6895,6886,-1,6883,6896,6892,-1,6892,6885,6883,-1,6883,6897,6896,-1,6883,6882,6897,-1,6882,6898,6897,-1,6898,6882,6880,-1,6899,6898,6880,-1,6900,6901,6872,-1,6902,6877,6881,-1,6903,6887,6875,-1,6887,6903,6900,-1,6872,6901,6881,-1,6887,6900,6872,-1,6902,6899,6877,-1,6901,6902,6881,-1,6880,6877,6899,-1,6893,6889,6902,-1,6890,6898,6899,-1,6899,6889,6888,-1,6890,6899,6888,-1,6898,6896,6897,-1,6891,6898,6890,-1,6898,6892,6896,-1,6904,6895,6903,-1,6902,6889,6899,-1,6892,6898,6891,-1,6893,6902,6901,-1,6901,6900,6894,-1,6894,6893,6901,-1,6894,6900,6895,-1,6900,6903,6895,-1,6903,6905,6904,-1,6895,6904,6873,-1,6873,6886,6895,-1,6874,6905,6903,-1,6874,6903,6875,-1,6906,6907,6908,-1,6909,6910,6911,-1,6908,6912,6913,-1,6913,6906,6908,-1,6914,6913,6915,-1,6916,6917,6918,-1,6919,6920,6921,-1,6922,6919,6921,-1,6922,6923,6919,-1,6924,6925,6909,-1,6909,6911,6920,-1,6926,6916,6918,-1,6927,6928,6926,-1,6927,6924,6909,-1,6924,6927,6918,-1,6926,6918,6927,-1,6925,6910,6909,-1,6911,6910,6929,-1,6921,6920,6911,-1,6911,6929,6930,-1,6931,6914,6930,-1,6931,6930,6929,-1,6915,6913,6932,-1,6914,6915,6930,-1,6932,6913,6912,-1,6933,6934,6935,-1,6936,6937,6935,-1,6938,6939,6940,-1,6937,6933,6935,-1,6935,6941,6936,-1,6933,6942,6934,-1,6935,6943,6941,-1,6944,6945,6946,-1,6940,6943,6938,-1,6947,6948,6949,-1,6949,6950,6951,-1,6952,6953,6954,-1,6953,6951,6955,-1,6956,6945,6944,-1,6957,6956,6958,-1,6957,6953,6952,-1,6952,6945,6957,-1,6956,6957,6945,-1,6954,6953,6959,-1,6950,6955,6951,-1,6948,6950,6949,-1,6955,6939,6959,-1,6955,6959,6953,-1,6955,6940,6939,-1,6943,6940,6941,-1,6932,6936,6941,-1,6932,6941,6915,-1,6915,6940,6930,-1,6940,6915,6941,-1,6947,6923,6922,-1,6923,6949,6919,-1,6949,6923,6947,-1,6920,6919,6951,-1,6949,6951,6919,-1,6953,6909,6920,-1,6920,6951,6953,-1,6947,6922,6948,-1,6921,6950,6948,-1,6948,6922,6921,-1,6950,6911,6955,-1,6911,6950,6921,-1,6911,6930,6955,-1,6955,6930,6940,-1,6909,6957,6927,-1,6957,6909,6953,-1,6927,6958,6928,-1,6958,6927,6957,-1,6928,6956,6926,-1,6928,6958,6956,-1,6956,6916,6926,-1,6956,6944,6916,-1,6945,6917,6946,-1,6918,6917,6945,-1,6916,6946,6917,-1,6946,6916,6944,-1,6945,6924,6918,-1,6945,6952,6924,-1,6925,6924,6952,-1,6931,6929,6939,-1,6910,6954,6959,-1,6914,6938,6943,-1,6938,6914,6931,-1,6939,6929,6959,-1,6938,6931,6939,-1,6910,6925,6954,-1,6929,6910,6959,-1,6952,6954,6925,-1,6943,6913,6914,-1,6943,6935,6913,-1,6907,6906,6942,-1,6933,6908,6907,-1,6907,6942,6933,-1,6942,6906,6934,-1,6906,6913,6934,-1,6934,6913,6935,-1,6912,6908,6933,-1,6933,6937,6912,-1,
        ]
    }
}
Shape{
    appearance Appearance {
        material  Material 	{
            diffuseColor 1.0 1.0 1.0
            specularColor 0.7529411764705882 0.7529411764705882 0.7529411764705882
            ambientIntensity 1.0
            transparency 1.0
            shininess 0.5
        }
    }
    geometry IndexedFaceSet {
        ccw TRUE
        solid FALSE
        coord DEF co Coordinate {
            point [
                -1.5339 -0.0435 0.0079, -1.5259 -0.0214 0.0079, -1.5259 -0.0214 0.0039, -1.5339 -0.0435 0.0039, -1.5454 -0.0435 0.0079, -1.5075 0.0202 0.0079, -1.5083 0.023 0.0079, -1.5041 0.0353 0.0079, -1.5184 -0.0018 0.0079, -1.5223 -0.0127 0.0079, -1.4934 -0.0214 0.0079, -1.4743 -0.0435 0.0079, -1.4858 -0.0435 0.0079, -1.5039 0.0092 0.0079, -1.4999 -0.0018 0.0079, -1.509 0.0257 0.0079, -1.5146 0.0353 0.0079, -1.5144 0.0092 0.0079, -1.496 -0.0127 0.0079, -1.5108 0.0202 0.0079, -1.51 0.023 0.0079, -1.4934 -0.0214 0.0039, -1.4858 -0.0435 0.0039, -1.4743 -0.0435 0.0039, -1.5041 0.0353 0.0039, -1.5146 0.0353 0.0039, -1.5454 -0.0435 0.0039, -1.51 0.023 0.0039, -1.5093 0.0257 0.0039, -1.5108 0.0202 0.0039, -1.5083 0.023 0.0039, -1.5075 0.0202 0.0039, -1.4999 -0.0018 0.0039, -1.5039 0.0092 0.0039, -1.496 -0.0127 0.0039, -1.5223 -0.0127 0.0039, -1.5144 0.0092 0.0039, -1.5184 -0.0018 0.0039, -1.42 0.0354 0.0039, -1.4126 0.0353 0.0079, -1.42 0.0353 0.0079, -1.4126 0.0353 0.0039, -1.4274 0.0352 0.0039, -1.4274 0.0352 0.0079, -1.4052 0.0353 0.0079, -1.4052 0.0353 0.0039, -1.4529 0.0279 0.0079, -1.4597 0.0219 0.0079, -1.4599 0.0218 0.0039, -1.4648 0.0145 0.0079, -1.4648 0.0143 0.0039, -1.4677 0.0059 0.0039, -1.4677 0.0059 0.0079, -1.4686 -0.0031 0.0039, -1.4686 -0.0031 0.0079, -1.4531 0.0278 0.0039, -1.445 0.0321 0.0079, -1.4451 0.0321 0.0039, -1.4364 0.0346 0.0039, -1.4364 0.0345 0.0079, -1.4599 -0.0291 0.0079, -1.4531 -0.0355 0.0079, -1.453 -0.0356 0.0039, -1.445 -0.0401 0.0079, -1.4448 -0.0401 0.0039, -1.4359 -0.0426 0.0039, -1.4359 -0.0427 0.0079, -1.4266 -0.0435 0.0039, -1.4266 -0.0435 0.0079, -1.4598 -0.0293 0.0039, -1.4649 -0.0212 0.0079, -1.4649 -0.0214 0.0039, -1.4677 -0.0125 0.0039, -1.4677 -0.0124 0.0079, -1.4159 -0.0435 0.0039, -1.4159 -0.0435 0.0079, -1.4052 -0.0435 0.0039, -1.4052 -0.0435 0.0079, -1.4521 -0.0238 0.0079, -1.4157 0.0266 0.0079, -1.4473 0.0208 0.0079, -1.4523 0.0162 0.0079, -1.4274 0.0268 0.0079, -1.4575 0.0035 0.0079, -1.4555 0.01 0.0079, -1.4581 -0.0033 0.0079, -1.4555 -0.0177 0.0079, -1.4575 -0.0106 0.0079, -1.4469 -0.0288 0.0079, -1.4343 -0.0344 0.0079, -1.4409 -0.0324 0.0079, -1.4345 0.0262 0.0079, -1.4411 0.0243 0.0079, -1.4269 -0.0348 0.0079, -1.4157 -0.0348 0.0079, -1.4269 -0.0351 0.0039, -1.4157 -0.0348 0.0039, -1.4522 -0.0234 0.0039, -1.4472 -0.0286 0.0039, -1.4556 -0.0173 0.0039, -1.4574 -0.0103 0.0039, -1.458 -0.0033 0.0039, -1.4412 -0.0323 0.0039, -1.4343 -0.0343 0.0039, -1.4469 0.0211 0.0039, -1.4518 0.0164 0.0039, -1.4408 0.024 0.0039, -1.4342 0.0259 0.0039, -1.4274 0.0269 0.0039, -1.4557 0.0104 0.0039, -1.4576 0.004 0.0039, -1.4157 0.0266 0.0039, -1.3476 -0.0435 0.0079, -1.3476 0.0353 0.0079, -1.3476 0.0353 0.0039, -1.3476 -0.0435 0.0039, -1.3879 0.0353 0.0079, -1.3879 0.0353 0.0039, -1.3879 0.0266 0.0079, -1.3879 0.0266 0.0039, -1.3581 0.0266 0.0079, -1.3581 0.0266 0.0039, -1.3581 0.0007 0.0079, -1.3581 0.0007 0.0039, -1.386 0.0007 0.0079, -1.386 0.0007 0.0039, -1.386 -0.0079 0.0079, -1.386 -0.0079 0.0039, -1.3581 -0.0079 0.0079, -1.3581 -0.0079 0.0039, -1.3581 -0.0348 0.0079, -1.3581 -0.0348 0.0039, -1.3898 -0.0348 0.0079, -1.3898 -0.0348 0.0039, -1.3898 -0.0435 0.0079, -1.3898 -0.0435 0.0039, -1.2865 -0.0365 0.0079, -1.2807 -0.0302 0.0079, -1.2806 -0.03 0.0039, -1.2766 -0.0226 0.0079, -1.2766 -0.0224 0.0039, -1.2743 -0.0142 0.0039, -1.2743 -0.0142 0.0079, -1.2736 -0.0056 0.0039, -1.2736 -0.0056 0.0079, -1.2864 -0.0363 0.0039, -1.2938 -0.041 0.0079, -1.2937 -0.041 0.0039, -1.3019 -0.0436 0.0039, -1.3019 -0.0436 0.0079, -1.3105 -0.0444 0.0079, -1.3105 -0.0444 0.0039, -1.2814 0.0206 0.0079, -1.2878 0.0274 0.0079, -1.2879 0.0275 0.0039, -1.2956 0.0324 0.0079, -1.2958 0.0324 0.0039, -1.3045 0.0353 0.0039, -1.3044 0.0354 0.0079, -1.3137 0.0363 0.0039, -1.3137 0.0363 0.0079, -1.2815 0.0207 0.0039, -1.2769 0.0125 0.0079, -1.2769 0.0127 0.0039, -1.2744 0.0037 0.0039, -1.2744 0.0037 0.0079, -1.3262 0.035 0.0039, -1.32 0.036 0.0079, -1.3262 0.0349 0.0079, -1.3322 0.0331 0.0039, -1.3322 0.0331 0.0079, -1.32 0.036 0.0039, -1.3322 0.0226 0.0079, -1.3322 0.0226 0.0039, -1.3201 0.0271 0.0039, -1.3262 0.0254 0.0079, -1.3201 0.0271 0.0079, -1.3138 0.0276 0.0039, -1.3138 0.0276 0.0079, -1.3262 0.0254 0.0039, -1.2944 0.0206 0.0079, -1.2897 0.0154 0.0079, -1.2897 0.015 0.0039, -1.2865 0.0092 0.0079, -1.2865 0.0089 0.0039, -1.2847 0.002 0.0039, -1.2846 0.0023 0.0079, -1.2841 -0.0049 0.0039, -1.2841 -0.0049 0.0079, -1.2941 0.0204 0.0039, -1.3002 0.0245 0.0079, -1.2998 0.0243 0.0039, -1.3065 0.0269 0.0039, -1.3068 0.0268 0.0079, -1.2912 -0.0264 0.0079, -1.2972 -0.0318 0.0039, -1.2914 -0.0269 0.0039, -1.304 -0.0348 0.0039, -1.297 -0.0317 0.0079, -1.304 -0.0348 0.0079, -1.312 -0.0358 0.0039, -1.312 -0.0358 0.0079, -1.2871 -0.02 0.0079, -1.2871 -0.0202 0.0039, -1.2849 -0.0125 0.0079, -1.2848 -0.0129 0.0039, -1.3258 -0.0337 0.0039, -1.319 -0.0353 0.0079, -1.3258 -0.0337 0.0079, -1.3322 -0.0307 0.0039, -1.3322 -0.0307 0.0079, -1.319 -0.0353 0.0039, -1.3322 -0.0394 0.0079, -1.3322 -0.0394 0.0039, -1.3253 -0.0424 0.0079, -1.318 -0.044 0.0039, -1.3253 -0.0423 0.0039, -1.3181 -0.044 0.0079, -1.2266 -0.0435 0.0079, -1.2266 0.0353 0.0079, -1.2266 0.0353 0.0039, -1.2266 -0.0435 0.0039, -1.2371 0.0353 0.0079, -1.2371 0.0353 0.0039, -1.2371 -0.0348 0.0079, -1.2371 -0.0348 0.0039, -1.2669 -0.0348 0.0079, -1.2669 -0.0348 0.0039, -1.2669 -0.0435 0.0079, -1.2669 -0.0435 0.0039
            ]
        }
        coordIndex [
            0,1,2,-1,2,3,0,-1,1,0,4,-1,5,6,7,-1,4,8,9,-1,9,1,4,-1,10,11,12,-1,13,7,14,-1,7,6,15,-1,7,15,16,-1,17,8,16,-1,5,7,13,-1,9,18,10,-1,7,11,14,-1,10,18,11,-1,11,18,14,-1,10,1,9,-1,16,19,17,-1,4,16,8,-1,15,20,16,-1,16,20,19,-1,1,10,21,-1,21,2,1,-1,10,12,22,-1,22,21,10,-1,12,11,23,-1,23,22,12,-1,11,7,24,-1,24,23,11,-1,7,16,25,-1,25,24,7,-1,16,4,26,-1,26,25,16,-1,3,4,0,-1,3,26,4,-1,15,27,20,-1,28,27,15,-1,29,20,27,-1,20,29,19,-1,5,30,6,-1,31,30,5,-1,28,6,30,-1,6,28,15,-1,32,13,14,-1,13,32,33,-1,34,32,14,-1,34,14,18,-1,5,13,33,-1,5,33,31,-1,18,9,35,-1,35,34,18,-1,36,8,17,-1,19,29,17,-1,9,37,35,-1,37,8,36,-1,29,36,17,-1,9,8,37,-1,38,39,40,-1,39,38,41,-1,42,38,40,-1,42,40,43,-1,44,39,41,-1,44,41,45,-1,46,47,48,-1,49,50,47,-1,48,47,50,-1,51,49,52,-1,49,51,50,-1,53,51,52,-1,53,52,54,-1,48,55,46,-1,56,55,57,-1,55,56,46,-1,57,58,59,-1,59,56,57,-1,59,58,43,-1,58,42,43,-1,60,61,62,-1,63,64,61,-1,62,61,64,-1,65,63,66,-1,63,65,64,-1,67,65,66,-1,67,66,68,-1,62,69,60,-1,70,69,71,-1,69,70,60,-1,71,72,73,-1,73,70,71,-1,73,72,54,-1,72,53,54,-1,74,75,76,-1,75,74,68,-1,76,75,77,-1,74,67,68,-1,45,77,44,-1,45,76,77,-1,60,78,61,-1,79,40,39,-1,80,81,46,-1,43,40,82,-1,83,49,84,-1,85,73,54,-1,70,86,60,-1,70,73,87,-1,85,54,52,-1,61,88,63,-1,89,66,90,-1,91,92,59,-1,66,89,68,-1,93,68,89,-1,84,47,81,-1,43,91,59,-1,94,77,75,-1,44,77,79,-1,68,94,75,-1,80,56,92,-1,90,63,88,-1,90,66,63,-1,88,61,78,-1,78,60,86,-1,86,70,87,-1,87,73,85,-1,52,83,85,-1,52,49,83,-1,49,47,84,-1,47,46,81,-1,46,56,80,-1,56,59,92,-1,91,43,82,-1,94,68,93,-1,82,40,79,-1,39,44,79,-1,77,94,79,-1,94,93,95,-1,95,96,94,-1,78,97,98,-1,97,86,99,-1,86,97,78,-1,100,99,87,-1,86,87,99,-1,85,101,100,-1,100,87,85,-1,78,98,88,-1,102,90,88,-1,88,98,102,-1,90,103,89,-1,103,90,102,-1,103,95,89,-1,89,95,93,-1,80,104,105,-1,104,92,106,-1,92,104,80,-1,107,106,91,-1,92,91,106,-1,82,108,107,-1,107,91,82,-1,80,105,81,-1,109,84,81,-1,81,105,109,-1,84,110,83,-1,110,84,109,-1,110,101,83,-1,83,101,85,-1,82,79,111,-1,111,108,82,-1,79,94,96,-1,96,111,79,-1,112,113,114,-1,114,115,112,-1,113,116,117,-1,117,114,113,-1,116,118,119,-1,119,117,116,-1,118,120,121,-1,121,119,118,-1,120,122,123,-1,123,121,120,-1,122,124,125,-1,125,123,122,-1,124,126,127,-1,127,125,124,-1,126,128,129,-1,129,127,126,-1,128,130,131,-1,131,129,128,-1,130,132,133,-1,133,131,130,-1,132,134,135,-1,135,133,132,-1,115,134,112,-1,115,135,134,-1,120,118,116,-1,116,113,120,-1,113,122,120,-1,122,128,124,-1,122,113,128,-1,124,128,126,-1,113,112,128,-1,134,130,112,-1,112,130,128,-1,130,134,132,-1,136,137,138,-1,139,140,137,-1,138,137,140,-1,141,139,142,-1,139,141,140,-1,143,141,142,-1,143,142,144,-1,138,145,136,-1,146,145,147,-1,145,146,136,-1,147,148,149,-1,149,146,147,-1,149,148,150,-1,148,151,150,-1,152,153,154,-1,155,156,153,-1,154,153,156,-1,157,155,158,-1,155,157,156,-1,159,157,158,-1,159,158,160,-1,154,161,152,-1,162,161,163,-1,161,162,152,-1,163,164,165,-1,165,162,163,-1,165,164,144,-1,164,143,144,-1,166,167,168,-1,169,166,168,-1,169,168,170,-1,166,171,167,-1,167,171,160,-1,171,159,160,-1,170,172,173,-1,173,169,170,-1,174,175,176,-1,177,174,176,-1,177,176,178,-1,174,179,175,-1,175,179,172,-1,179,173,172,-1,180,181,182,-1,183,184,181,-1,182,181,184,-1,185,183,186,-1,183,185,184,-1,187,185,186,-1,187,186,188,-1,182,189,180,-1,190,189,191,-1,189,190,180,-1,191,192,193,-1,193,190,191,-1,193,192,178,-1,192,177,178,-1,194,195,196,-1,197,195,198,-1,194,198,195,-1,197,199,200,-1,199,197,198,-1,200,199,201,-1,202,194,196,-1,202,203,204,-1,203,202,196,-1,205,188,204,-1,204,203,205,-1,205,187,188,-1,206,207,208,-1,209,206,208,-1,209,208,210,-1,206,211,207,-1,207,211,201,-1,211,200,201,-1,210,212,213,-1,213,209,210,-1,214,215,216,-1,151,217,150,-1,217,215,214,-1,212,216,213,-1,212,214,216,-1,151,215,217,-1,162,183,152,-1,168,167,176,-1,152,181,153,-1,165,186,162,-1,186,165,188,-1,180,155,153,-1,144,142,188,-1,155,190,158,-1,193,158,190,-1,178,160,193,-1,158,193,160,-1,146,149,198,-1,178,167,160,-1,199,198,149,-1,175,168,176,-1,168,175,170,-1,170,175,172,-1,201,150,217,-1,217,214,207,-1,176,167,178,-1,136,198,194,-1,199,150,201,-1,139,137,202,-1,190,155,180,-1,180,153,181,-1,181,152,183,-1,183,162,186,-1,188,165,144,-1,188,142,204,-1,204,139,202,-1,204,142,139,-1,137,136,194,-1,202,137,194,-1,136,146,198,-1,149,150,199,-1,201,217,207,-1,212,208,214,-1,207,214,208,-1,208,212,210,-1,218,219,220,-1,220,221,218,-1,219,222,223,-1,223,220,219,-1,222,224,225,-1,225,223,222,-1,224,226,227,-1,227,225,224,-1,226,228,229,-1,229,227,226,-1,221,228,218,-1,221,229,228,-1,224,222,219,-1,228,224,218,-1,219,218,224,-1,224,228,226,-1,
        ]
    }
}