#VRML V2.0 utf8
# 3D model generated by easyeda2kicad.py (https://github.com/uPesy/easyeda2kicad.py)

Shape{
    appearance Appearance {
        material  Material 	{
            diffuseColor 0.25098039215686274 0.25098039215686274 0.25098039215686274
            specularColor 0.07450980392156863 0.07450980392156863 0.07450980392156863
            ambientIntensity 0.251
            transparency 0.0
            shininess 0.5
        }
    }
    geometry IndexedFaceSet {
        ccw TRUE
        solid FALSE
        coord DEF co Coordinate {
            point [
                0.315 0.2559 0.315, 0.3937 0.2559 0.315, 0.315 0.2559 0.2559, 0.3937 0.2559 0.2559, 0.1968 0.2559 0.2559, 0.059 0.2559 0.2559, 0.1968 0.2559 0.315, 0.059 0.2559 0.315, -0.0591 0.2559 0.2559, -0.1969 0.2559 0.2559, -0.0591 0.2559 0.315, -0.1969 0.2559 0.315, 0.1968 -0.2559 0.315, 0.059 -0.2559 0.315, 0.1968 -0.2559 0.2559, 0.059 -0.2559 0.2559, -0.0591 -0.2559 0.315, -0.1969 -0.2559 0.315, -0.0591 -0.2559 0.2559, -0.1969 -0.2559 0.2559, -0.315 -0.2559 0.315, -0.3937 -0.2559 0.315, -0.315 -0.2559 0.2559, -0.3937 -0.2559 0.2559, 0.0674 0.0316 0.0689, 0.0752 0.0307 0.0689, 0.0504 -0.0275 0.0689, 0.1546 -0.0395 0.0689, 0.0753 -0.04 0.0689, 0.1143 -0.0395 0.0689, 0.0803 -0.0394 0.0689, 0.088 -0.0368 0.0689, 0.1034 0.0185 0.0689, 0.0988 0.0259 0.0689, 0.144 0.0393 0.0689, 0.0578 0.0303 0.0689, 0.049 -0.0268 0.0689, 0.049 0.0265 0.0689, 0.0413 0.2155 0.0689, 0.049 0.0371 0.0689, 0.081 0.0286 0.0689, 0.0865 0.0249 0.0689, 0.0913 0.0197 0.0689, 0.097 -0.001 0.0689, 0.0962 -0.0095 0.0689, 0.094 -0.0163 0.0689, 0.0765 -0.031 0.0689, 0.0692 -0.0318 0.0689, 0.0823 -0.0289 0.0689, 0.0871 -0.0256 0.0689, 0.0908 -0.0217 0.0689, 0.0587 -0.0306 0.0689, 0.0945 0.0136 0.0689, 0.0966 0.0052 0.0689, 0.0943 -0.0328 0.0689, 0.1002 -0.0265 0.0689, 0.1143 -0.0308 0.0689, 0.1044 -0.0191 0.0689, 0.144 -0.0308 0.0689, 0.0917 0.0327 0.0689, 0.0842 0.037 0.0689, 0.0754 0.0396 0.0689, 0.1068 -0.0107 0.0689, 0.1075 -0.0016 0.0689, 0.1064 0.0096 0.0689, 0.0675 0.0402 0.0689, 0.0581 0.0396 0.0689, 0.049 -0.0354 0.0689, 0.0574 -0.0388 0.0689, 0.0413 -0.04 0.0689, 0.0653 -0.04 0.0689, 0.0413 -0.2155 0.0689, 0.0685 -0.0404 0.0689, 0.0706 -0.0404 0.0689, 0.1546 0.0393 0.0689, 0.373 0.2155 0.0689, 0.373 -0.04 0.0689, 0.373 -0.2155 0.0689, -0.024 -0.0395 0.0689, -0.0087 -0.0308 0.0689, -0.0087 -0.0395 0.0689, 0.0336 -0.0395 0.0689, 0.0336 0.0393 0.0689, -0.0067 0.0393 0.0689, -0.373 0.2155 0.0689, -0.0932 -0.0395 0.0689, -0.0835 -0.0179 0.0689, -0.0789 -0.0249 0.0689, -0.1229 0.0393 0.0689, -0.1335 0.0393 0.0689, -0.373 -0.04 0.0689, 0.023 0.0306 0.0689, 0.023 0.0047 0.0689, -0.0067 0.0306 0.0689, -0.0048 0.0047 0.0689, -0.0048 -0.004 0.0689, 0.023 -0.004 0.0689, 0.023 -0.0308 0.0689, -0.0725 -0.0312 0.0689, -0.0642 -0.0359 0.0689, -0.0552 -0.0386 0.0689, -0.024 0.0393 0.0689, -0.0576 0.038 0.0689, -0.0668 0.0348 0.0689, -0.0754 0.0291 0.0689, -0.0462 0.0393 0.0689, -0.0755 0.029 0.0689, -0.081 0.0228 0.0689, -0.0847 0.016 0.0689, -0.0868 0.0083 0.0689, -0.0874 0.0009 0.0689, -0.0863 -0.0097 0.0689, -0.1642 -0.0395 0.0689, -0.1527 -0.0395 0.0689, -0.0454 -0.0395 0.0689, -0.1447 -0.0174 0.0689, -0.1122 -0.0174 0.0689, -0.1047 -0.0395 0.0689, -0.373 -0.2155 0.0689, 0.2628 -0.2155 0.502, 0.373 -0.2155 0.502, 0.373 -0.1958 0.502, 0.1359 0.0105 0.502, 0.1406 0.0089 0.502, 0.1479 0.0291 0.502, 0.2628 0.0404 0.502, 0.1398 0.0404 0.502, 0.1415 0.0402 0.502, 0.1449 0.0059 0.502, 0.2628 -0.0393 0.502, 0.1479 0.0378 0.502, 0.146 0.0388 0.502, 0.1483 0.0021 0.502, 0.1509 -0.0026 0.502, 0.1524 -0.0089 0.502, 0.1427 -0.0349 0.502, 0.1468 -0.031 0.502, 0.1499 -0.0262 0.502, 0.1117 -0.0001 0.502, 0.112 -0.0001 0.502, 0.1123 0.0083 0.502, 0.1149 0.0044 0.502, 0.1147 0.0173 0.502, 0.118 0.0074 0.502, 0.1179 0.0232 0.502, 0.1218 0.0096 0.502, 0.1217 0.0275 0.502, 0.1259 0.0108 0.502, 0.1256 0.0301 0.502, 0.13 0.0111 0.502, 0.1415 0.0314 0.502, 0.1348 0.0322 0.502, 0.1297 0.0317 0.502, 0.1527 -0.0133 0.502, 0.1519 -0.0204 0.502, 0.2628 0.2155 0.502, 0.0951 0.2155 0.502, 0.1346 0.0409 0.502, 0.1299 0.0404 0.502, 0.1237 -0.0393 0.502, 0.1208 -0.0389 0.502, 0.0951 -0.0393 0.502, 0.1161 -0.0371 0.502, 0.0951 0.0404 0.502, 0.1214 0.0379 0.502, 0.1279 0.0402 0.502, 0.1118 -0.0341 0.502, 0.1083 -0.0301 0.502, 0.105 -0.0238 0.502, 0.1062 0.0207 0.502, 0.1108 0.0288 0.502, 0.116 0.0343 0.502, 0.1024 -0.0138 0.502, 0.1018 -0.0041 0.502, 0.103 0.0098 0.502, 0.0951 -0.0686 0.502, 0.2628 -0.0686 0.502, 0.1382 -0.0376 0.502, 0.1329 -0.0393 0.502, 0.1328 -0.0393 0.502, 0.1276 -0.0398 0.502, -0.1498 -0.0242 0.502, -0.2024 0.0404 0.502, -0.1498 -0.0357 0.502, -0.2024 -0.0393 0.502, -0.1473 -0.0369 0.502, -0.1401 -0.0387 0.502, -0.1419 0.0042 0.502, -0.1456 0.0077 0.502, -0.1493 0.0153 0.502, -0.1498 0.0197 0.502, -0.1491 0.0252 0.502, -0.1476 0.029 0.502, -0.1479 0.0112 0.502, -0.1451 0.0324 0.502, -0.1417 0.0353 0.502, -0.1373 0.0379 0.502, -0.1306 -0.0026 0.502, -0.1441 -0.0277 0.502, -0.1199 -0.0083 0.502, -0.1347 -0.0306 0.502, -0.1188 -0.009 0.502, -0.1288 -0.0311 0.502, -0.1231 -0.0307 0.502, -0.1191 -0.0296 0.502, -0.1163 -0.0281 0.502, -0.1146 -0.0265 0.502, -0.1136 -0.025 0.502, -0.1127 -0.0225 0.502, -0.1124 -0.0194 0.502, -0.1127 -0.0166 0.502, -0.1136 -0.0144 0.502, -0.1155 -0.0117 0.502, -0.1346 -0.0393 0.502, -0.2024 -0.0686 0.502, -0.097 -0.0686 0.502, -0.1047 0.0272 0.502, -0.097 -0.0393 0.502, -0.097 0.0404 0.502, -0.1024 -0.0241 0.502, -0.1039 -0.028 0.502, -0.1109 -0.002 0.502, -0.1064 -0.0062 0.502, -0.1064 -0.0317 0.502, -0.1097 -0.0346 0.502, -0.1142 -0.037 0.502, -0.1218 -0.0392 0.502, -0.1234 -0.0393 0.502, -0.13 -0.0398 0.502, -0.1038 -0.0101 0.502, -0.1023 -0.0141 0.502, -0.1018 -0.0185 0.502, -0.1225 0.0048 0.502, -0.1106 0.0303 0.502, -0.1298 0.0087 0.502, -0.1174 0.0319 0.502, -0.1228 0.0322 0.502, -0.1381 0.0156 0.502, -0.1389 0.0178 0.502, -0.1392 0.0208 0.502, -0.1367 0.0137 0.502, -0.1343 0.0115 0.502, -0.1372 0.027 0.502, -0.1383 0.0252 0.502, -0.139 0.0232 0.502, -0.1283 0.0317 0.502, -0.1325 0.0304 0.502, -0.1354 0.0287 0.502, -0.1269 0.0404 0.502, -0.122 0.0409 0.502, -0.097 0.2155 0.502, -0.1132 0.0405 0.502, -0.1127 0.0404 0.502, -0.1047 0.0387 0.502, -0.1307 0.04 0.502, -0.2024 0.2155 0.502, -0.0096 -0.0686 0.502, -0.0503 -0.0393 0.502, -0.0369 0.0372 0.502, -0.0096 0.0404 0.502, -0.0443 0.0398 0.502, -0.0494 0.0404 0.502, -0.0212 -0.019 0.502, -0.0256 -0.0263 0.502, -0.0096 -0.0393 0.502, -0.0315 -0.0323 0.502, -0.038 -0.0363 0.502, -0.0456 -0.0388 0.502, -0.03 0.0326 0.502, -0.0242 0.026 0.502, -0.0201 0.0181 0.502, -0.0179 0.0094 0.502, -0.0173 0.0015 0.502, -0.0184 -0.0099 0.502, -0.0594 0.0404 0.502, -0.0538 0.0409 0.502, -0.0096 0.2155 0.502, -0.0882 0.0201 0.502, -0.0837 0.0275 0.502, -0.0776 0.0335 0.502, -0.0704 0.0378 0.502, -0.0624 0.0401 0.502, -0.0551 -0.0398 0.502, -0.0596 -0.0393 0.502, -0.0647 -0.0388 0.502, -0.0721 -0.0362 0.502, -0.0786 -0.0321 0.502, -0.0842 -0.0263 0.502, -0.0886 -0.0189 0.502, -0.0913 -0.0104 0.502, -0.0922 -0.0004 0.502, -0.0911 0.011 0.502, 0.2628 -0.1958 0.502, 0.0951 -0.2155 0.502, 0.0951 -0.1958 0.502, 0.0528 -0.2155 0.502, 0.0528 -0.1958 0.502, -0.0096 -0.2155 0.502, -0.0096 -0.1958 0.502, -0.097 -0.2155 0.502, -0.097 -0.1958 0.502, -0.2024 -0.2155 0.502, -0.2024 -0.1958 0.502, -0.373 -0.2155 0.502, -0.373 -0.1958 0.502, -0.2562 -0.1266 0.502, -0.2549 -0.1368 0.502, -0.2562 -0.147 0.502, -0.314 -0.1709 0.502, -0.3221 -0.1646 0.502, -0.2943 -0.0974 0.502, -0.2841 -0.0988 0.502, -0.373 -0.0686 0.502, -0.3336 -0.1368 0.502, -0.2602 -0.1565 0.502, -0.2664 -0.1646 0.502, -0.2746 -0.1709 0.502, -0.2841 -0.1748 0.502, -0.2943 -0.1762 0.502, -0.3045 -0.1748 0.502, -0.3284 -0.1565 0.502, -0.3323 -0.147 0.502, -0.2746 -0.1027 0.502, -0.2664 -0.1089 0.502, -0.2602 -0.1171 0.502, -0.3323 -0.1266 0.502, -0.3284 -0.1171 0.502, -0.3221 -0.1089 0.502, -0.314 -0.1027 0.502, -0.3045 -0.0988 0.502, 0.0528 -0.0686 0.502, 0.0528 -0.0393 0.502, 0.0187 -0.0091 0.502, 0.0086 -0.0091 0.502, 0.0086 -0.0388 0.502, 0.0463 0.0097 0.502, 0.0444 0.0046 0.502, 0.0412 -0.0001 0.502, 0.0365 -0.0042 0.502, 0.0307 -0.0073 0.502, 0.0443 0.0284 0.502, 0.0461 0.024 0.502, 0.0528 0.0404 0.502, 0.047 0.0177 0.502, 0.047 0.0163 0.502, 0.0203 0.0399 0.502, 0.028 0.0393 0.502, 0.034 0.0375 0.502, 0.0386 0.0349 0.502, 0.0415 0.0324 0.502, 0.0245 -0.0088 0.502, -0.0019 -0.0388 0.502, -0.0019 0.0399 0.502, 0.0586 -0.0119 0.502, 0.0586 -0.0043 0.502, 0.0883 -0.0119 0.502, 0.0883 -0.0043 0.502, -0.373 -0.0393 0.502, -0.373 0.0404 0.502, -0.373 0.2155 0.502, 0.0528 0.2155 0.502, 0.373 -0.0686 0.502, 0.373 -0.0393 0.502, 0.373 0.0404 0.502, 0.373 0.2155 0.502, 0.4134 0.2362 0.315, 0.4134 -0.2362 0.315, 0.4134 0.2362 0.2559, 0.4134 -0.2362 0.2559, -0.315 0.2559 0.2559, -0.3937 0.2559 0.2559, -0.315 0.2559 0.315, -0.3937 0.2559 0.315, -0.4134 0.2362 0.2559, -0.4134 -0.2362 0.2559, -0.4134 0.2362 0.315, -0.4134 -0.2362 0.315, 0.315 -0.2559 0.2559, 0.3937 -0.2559 0.2559, 0.315 -0.2559 0.315, 0.3937 -0.2559 0.315, 0.373 0.2351 0.4847, 0.3938 0.2559 0.315, -0.373 0.2351 0.4847, -0.3939 0.2559 0.315, -0.4134 -0.2364 0.315, -0.3926 -0.2155 0.4847, -0.3926 0.2155 0.4847, -0.4134 0.2364 0.315, 0.4134 0.2364 0.315, 0.3925 0.2155 0.4847, 0.3925 -0.2155 0.4847, 0.4134 -0.2364 0.315, -0.373 -0.2351 0.4847, -0.3939 -0.2559 0.315, 0.373 -0.2351 0.4847, 0.3938 -0.2559 0.315, 0.373 -0.2351 0.0862, 0.3938 -0.2559 0.2559, -0.373 -0.2351 0.0862, -0.3939 -0.2559 0.2559, 0.4134 -0.2364 0.2559, 0.3925 -0.2155 0.0862, 0.3925 0.2155 0.0862, 0.4134 0.2364 0.2559, -0.4134 0.2364 0.2559, -0.3926 0.2155 0.0862, -0.3926 -0.2155 0.0862, -0.4134 -0.2364 0.2559, -0.373 0.2351 0.0862, -0.3939 0.2559 0.2559, 0.373 0.2351 0.0862, 0.3938 0.2559 0.2559, 0.373 0.234 0.4892, -0.373 0.234 0.4892, 0.373 0.2339 0.4893, -0.373 0.2339 0.4893, 0.373 0.2318 0.4934, -0.373 0.2318 0.4934, 0.373 0.2317 0.4935, -0.373 0.2317 0.4935, 0.373 0.2286 0.497, -0.373 0.2286 0.497, 0.373 0.2286 0.497, -0.373 0.2286 0.497, 0.373 0.2247 0.4997, -0.373 0.2247 0.4997, 0.373 0.2247 0.4997, -0.373 0.2247 0.4997, 0.373 0.2203 0.5014, -0.373 0.2203 0.5014, 0.373 0.2202 0.5014, -0.373 0.2202 0.5014, 0.3764 0.2282 0.497, 0.3754 0.2244 0.4997, 0.3742 0.2201 0.5014, 0.3754 0.2196 0.5014, 0.3771 0.2179 0.5014, 0.3763 0.2189 0.5014, 0.3776 0.2168 0.5014, 0.3778 0.2333 0.4892, 0.378 0.2343 0.4852, 0.378 0.2343 0.4852, 0.3827 0.2324 0.4855, 0.3822 0.2315 0.4892, 0.3827 0.2323 0.4855, 0.386 0.2286 0.4892, 0.3867 0.2292 0.4857, 0.389 0.2248 0.4892, 0.3898 0.2252 0.4855, 0.3898 0.2252 0.4855, 0.3908 0.2203 0.4892, 0.3918 0.2206 0.4852, 0.3918 0.2205 0.4852, 0.3914 0.2155 0.4892, 0.3777 0.2155 0.5014, 0.3776 0.2235 0.4997, 0.3795 0.222 0.4997, 0.381 0.2201 0.4997, 0.3819 0.2179 0.4997, 0.3777 0.2155 0.5014, 0.3821 0.2155 0.4997, 0.3822 0.2155 0.4997, 0.386 0.2155 0.497, 0.3796 0.2269 0.497, 0.3823 0.2248 0.497, 0.3843 0.2221 0.497, 0.3857 0.2189 0.497, 0.3772 0.2312 0.4934, 0.3811 0.2296 0.4934, 0.3845 0.227 0.4934, 0.3871 0.2237 0.4934, 0.3887 0.2197 0.4934, 0.3861 0.2155 0.497, 0.3892 0.2155 0.4935, 0.3893 0.2155 0.4934, 0.3914 0.2155 0.4893, -0.3892 0.2155 0.4935, -0.3861 0.2155 0.497, -0.3857 0.2189 0.497, -0.3819 0.2179 0.4997, -0.3776 0.2168 0.5014, -0.3771 0.2179 0.5014, -0.3754 0.2196 0.5014, -0.3764 0.2189 0.5014, -0.3742 0.2201 0.5014, -0.3777 0.2155 0.5014, -0.3908 0.2203 0.4892, -0.3918 0.2206 0.4852, -0.3918 0.2205 0.4852, -0.3898 0.2252 0.4855, -0.389 0.2248 0.4892, -0.3898 0.2252 0.4855, -0.3861 0.2286 0.4892, -0.3867 0.2292 0.4857, -0.3822 0.2315 0.4892, -0.3827 0.2323 0.4855, -0.3827 0.2324 0.4855, -0.3778 0.2333 0.4892, -0.3781 0.2343 0.4852, -0.378 0.2343 0.4852, -0.3861 0.2155 0.497, -0.3822 0.2155 0.4997, -0.3822 0.2155 0.4997, -0.3778 0.2155 0.5014, -0.381 0.2201 0.4997, -0.3795 0.222 0.4997, -0.3776 0.2235 0.4997, -0.3754 0.2244 0.4997, -0.3844 0.2221 0.497, -0.3823 0.2248 0.497, -0.3796 0.2269 0.497, -0.3764 0.2282 0.497, -0.3914 0.2155 0.4893, -0.3893 0.2155 0.4934, -0.3887 0.2197 0.4934, -0.3871 0.2237 0.4934, -0.3845 0.227 0.4934, -0.3811 0.2296 0.4934, -0.3772 0.2312 0.4934, -0.3915 0.2155 0.4892, 0.3914 -0.2155 0.4892, 0.3914 -0.2155 0.4893, 0.3893 -0.2155 0.4934, 0.3892 -0.2155 0.4935, 0.3861 -0.2155 0.497, 0.386 -0.2155 0.497, 0.3822 -0.2155 0.4997, 0.3821 -0.2155 0.4997, 0.3777 -0.2155 0.5014, 0.3777 -0.2155 0.5014, 0.4036 0.2532 0.3154, 0.4035 0.2533 0.3154, 0.3989 0.2552 0.3152, 0.3988 0.2552 0.3152, 0.4076 0.2501 0.3155, 0.4107 0.2461 0.3154, 0.4107 0.2461 0.3154, 0.4127 0.2414 0.3152, 0.4127 0.2413 0.3152, -0.4107 0.2461 0.3154, -0.4108 0.2461 0.3154, -0.4127 0.2414 0.3152, -0.4127 0.2413 0.3152, -0.4076 0.2501 0.3155, -0.4036 0.2532 0.3154, -0.4036 0.2533 0.3154, -0.3989 0.2552 0.3152, -0.3988 0.2552 0.3152, -0.3915 -0.2155 0.4892, -0.3914 -0.2155 0.4893, -0.3893 -0.2155 0.4934, -0.3892 -0.2155 0.4935, -0.3861 -0.2155 0.497, -0.3861 -0.2155 0.497, -0.3822 -0.2155 0.4997, -0.3822 -0.2155 0.4997, -0.3778 -0.2155 0.5014, -0.3777 -0.2155 0.5014, -0.373 -0.234 0.4892, 0.373 -0.234 0.4892, -0.373 -0.2339 0.4893, 0.373 -0.2339 0.4893, -0.373 -0.2318 0.4934, 0.373 -0.2318 0.4934, -0.373 -0.2317 0.4935, 0.373 -0.2317 0.4935, -0.373 -0.2286 0.497, 0.373 -0.2286 0.497, -0.373 -0.2286 0.497, 0.373 -0.2286 0.497, -0.373 -0.2247 0.4997, 0.373 -0.2247 0.4997, -0.373 -0.2247 0.4997, 0.373 -0.2247 0.4997, -0.373 -0.2203 0.5014, 0.373 -0.2203 0.5014, -0.373 -0.2202 0.5014, 0.373 -0.2202 0.5014, 0.3857 -0.2189 0.497, 0.3819 -0.2179 0.4997, 0.3776 -0.2168 0.5014, 0.3771 -0.2179 0.5014, 0.3754 -0.2196 0.5014, 0.3763 -0.2189 0.5014, 0.3742 -0.2201 0.5014, 0.3908 -0.2203 0.4892, 0.3918 -0.2206 0.4852, 0.3918 -0.2205 0.4852, 0.3898 -0.2252 0.4855, 0.389 -0.2248 0.4892, 0.3898 -0.2252 0.4855, 0.386 -0.2286 0.4892, 0.3867 -0.2292 0.4857, 0.3822 -0.2315 0.4892, 0.3827 -0.2323 0.4855, 0.3827 -0.2324 0.4855, 0.3778 -0.2333 0.4892, 0.378 -0.2343 0.4852, 0.378 -0.2343 0.4852, 0.381 -0.2201 0.4997, 0.3795 -0.222 0.4997, 0.3776 -0.2235 0.4997, 0.3754 -0.2244 0.4997, 0.3843 -0.2221 0.497, 0.3823 -0.2248 0.497, 0.3796 -0.2269 0.497, 0.3764 -0.2282 0.497, 0.3887 -0.2197 0.4934, 0.3871 -0.2237 0.4934, 0.3845 -0.227 0.4934, 0.3811 -0.2296 0.4934, 0.3772 -0.2312 0.4934, 0.4107 0.2461 0.2555, 0.4127 0.2414 0.2556, 0.4127 0.2413 0.2556, 0.3988 0.2552 0.2556, 0.3989 0.2552 0.2556, 0.4035 0.2533 0.2555, 0.4036 0.2532 0.2555, 0.4076 0.2501 0.2554, 0.4107 0.2461 0.2555, -0.3988 0.2552 0.2556, -0.3989 0.2552 0.2556, -0.4036 0.2533 0.2555, -0.4036 0.2532 0.2555, -0.4076 0.2501 0.2554, -0.4107 0.2461 0.2555, -0.4108 0.2461 0.2555, -0.4127 0.2414 0.2556, -0.4127 0.2413 0.2556, -0.3764 -0.2282 0.497, -0.3754 -0.2244 0.4997, -0.3742 -0.2201 0.5014, -0.3754 -0.2196 0.5014, -0.3771 -0.2179 0.5014, -0.3764 -0.2189 0.5014, -0.3776 -0.2168 0.5014, -0.3778 -0.2333 0.4892, -0.3781 -0.2343 0.4852, -0.378 -0.2343 0.4852, -0.3827 -0.2324 0.4855, -0.3822 -0.2315 0.4892, -0.3827 -0.2323 0.4855, -0.3861 -0.2286 0.4892, -0.3867 -0.2292 0.4857, -0.389 -0.2248 0.4892, -0.3898 -0.2252 0.4855, -0.3898 -0.2252 0.4855, -0.3908 -0.2203 0.4892, -0.3918 -0.2206 0.4852, -0.3918 -0.2205 0.4852, -0.3776 -0.2235 0.4997, -0.3795 -0.222 0.4997, -0.381 -0.2201 0.4997, -0.3819 -0.2179 0.4997, -0.3796 -0.2269 0.497, -0.3823 -0.2248 0.497, -0.3844 -0.2221 0.497, -0.3857 -0.2189 0.497, -0.3772 -0.2312 0.4934, -0.3811 -0.2296 0.4934, -0.3845 -0.227 0.4934, -0.3871 -0.2237 0.4934, -0.3887 -0.2197 0.4934, 0.4107 -0.2461 0.3154, 0.4107 -0.2461 0.3154, 0.4127 -0.2414 0.3152, 0.4127 -0.2413 0.3152, 0.4076 -0.2501 0.3155, 0.4036 -0.2532 0.3154, 0.4035 -0.2533 0.3154, 0.3989 -0.2552 0.3152, 0.3988 -0.2552 0.3152, 0.3918 0.2205 0.0857, 0.3918 0.2206 0.0857, 0.3898 0.2252 0.0853, 0.3898 0.2252 0.0853, 0.3867 0.2292 0.0852, 0.3827 0.2323 0.0853, 0.3827 0.2324 0.0853, 0.378 0.2343 0.0857, 0.378 0.2343 0.0857, -0.373 0.234 0.0817, 0.373 0.234 0.0817, -0.373 0.2339 0.0816, 0.373 0.2339 0.0816, -0.373 0.2318 0.0775, 0.373 0.2318 0.0775, -0.373 0.2317 0.0774, 0.373 0.2317 0.0774, -0.373 0.2286 0.0739, 0.373 0.2286 0.0739, -0.373 0.2286 0.0738, 0.373 0.2286 0.0738, -0.373 0.2247 0.0712, 0.373 0.2247 0.0712, -0.373 0.2247 0.0712, 0.373 0.2247 0.0712, -0.373 0.2203 0.0695, 0.373 0.2203 0.0695, -0.373 0.2202 0.0695, 0.373 0.2202 0.0695, -0.3773 0.2344 0.0857, -0.378 0.2343 0.0857, -0.3814 0.2329 0.0854, -0.3827 0.2324 0.0853, -0.385 0.2306 0.0853, -0.3867 0.2292 0.0852, -0.3881 0.2275 0.0853, -0.3898 0.2252 0.0853, -0.3904 0.2239 0.0854, -0.3918 0.2205 0.0857, -0.3919 0.2199 0.0857, -0.4036 -0.2532 0.3154, -0.4036 -0.2533 0.3154, -0.3989 -0.2552 0.3152, -0.3988 -0.2552 0.3152, -0.4076 -0.2501 0.3155, -0.4107 -0.2461 0.3154, -0.4108 -0.2461 0.3154, -0.4127 -0.2414 0.3152, -0.4127 -0.2413 0.3152, 0.3988 -0.2552 0.2556, 0.3989 -0.2552 0.2556, 0.4035 -0.2533 0.2555, 0.4036 -0.2532 0.2555, 0.4076 -0.2501 0.2554, 0.4107 -0.2461 0.2555, 0.4107 -0.2461 0.2555, 0.4127 -0.2414 0.2556, 0.4127 -0.2413 0.2556, 0.3777 0.2155 0.0695, 0.3776 0.2168 0.0695, 0.3754 0.2244 0.0712, 0.3764 0.2282 0.0739, 0.3772 0.2312 0.0775, 0.3778 0.2333 0.0817, 0.3822 0.2315 0.0817, 0.3914 0.2155 0.0817, 0.3908 0.2203 0.0817, 0.3914 0.2155 0.0816, 0.3887 0.2197 0.0775, 0.3811 0.2296 0.0775, 0.386 0.2286 0.0817, 0.3893 0.2155 0.0775, 0.3892 0.2155 0.0774, 0.3857 0.2189 0.0739, 0.3796 0.2269 0.0739, 0.3845 0.227 0.0775, 0.3861 0.2155 0.0739, 0.386 0.2155 0.0738, 0.3819 0.2179 0.0712, 0.3823 0.2248 0.0739, 0.3776 0.2235 0.0712, 0.3742 0.2201 0.0695, 0.389 0.2248 0.0817, 0.3871 0.2237 0.0775, 0.3843 0.2221 0.0739, 0.381 0.2201 0.0712, 0.3771 0.2179 0.0695, 0.3795 0.222 0.0712, 0.3754 0.2196 0.0695, 0.3763 0.2189 0.0695, 0.3822 0.2155 0.0712, 0.3821 0.2155 0.0712, 0.3777 0.2155 0.0695, -0.3741 0.2201 0.0695, -0.3767 0.2185 0.0695, -0.376 0.2192 0.0695, -0.3822 0.2155 0.0712, -0.3822 0.2155 0.0712, -0.382 0.2176 0.0712, -0.3861 0.2155 0.0738, -0.3861 0.2155 0.0739, -0.3858 0.2184 0.0739, -0.3889 0.2191 0.0775, -0.391 0.2196 0.0817, -0.3896 0.2235 0.0817, -0.381 0.2321 0.0817, -0.3771 0.2335 0.0817, -0.3874 0.227 0.0817, -0.3915 0.2155 0.0817, -0.3914 0.2155 0.0816, -0.3893 0.2155 0.0775, -0.3892 0.2155 0.0774, -0.3766 0.2314 0.0775, -0.3877 0.2226 0.0775, -0.3759 0.2283 0.0739, -0.3848 0.2212 0.0739, -0.3857 0.2257 0.0775, -0.3845 0.23 0.0817, -0.3751 0.2245 0.0712, -0.3832 0.2282 0.0775, -0.3833 0.2237 0.0739, -0.3813 0.2195 0.0712, -0.3776 0.2166 0.0695, -0.3787 0.2227 0.0712, -0.3801 0.2302 0.0775, -0.3787 0.2273 0.0739, -0.377 0.2238 0.0712, -0.3751 0.2198 0.0695, -0.3777 0.2155 0.0695, -0.3778 0.2155 0.0695, -0.3812 0.2258 0.0739, -0.3802 0.2213 0.0712, -0.3773 0.2176 0.0695, -0.4127 -0.2413 0.2556, -0.4127 -0.2414 0.2556, -0.4108 -0.2461 0.2555, -0.4107 -0.2461 0.2555, -0.4076 -0.2501 0.2554, -0.4036 -0.2532 0.2555, -0.4036 -0.2533 0.2555, -0.3989 -0.2552 0.2556, -0.3988 -0.2552 0.2556, 0.3773 -0.2344 0.0857, 0.378 -0.2343 0.0857, 0.3814 -0.2329 0.0854, 0.3827 -0.2324 0.0853, 0.385 -0.2306 0.0853, 0.3867 -0.2292 0.0852, 0.388 -0.2275 0.0853, 0.3898 -0.2252 0.0853, 0.3904 -0.2239 0.0854, 0.3918 -0.2205 0.0857, 0.3919 -0.2199 0.0857, 0.3914 -0.2155 0.0817, 0.3914 -0.2155 0.0816, 0.3893 -0.2155 0.0775, 0.3892 -0.2155 0.0774, 0.3861 -0.2155 0.0739, 0.386 -0.2155 0.0738, 0.3822 -0.2155 0.0712, 0.3821 -0.2155 0.0712, 0.3777 -0.2155 0.0695, 0.3777 -0.2155 0.0695, -0.3915 -0.2155 0.0817, -0.3914 -0.2155 0.0816, -0.3893 -0.2155 0.0775, -0.3892 -0.2155 0.0774, -0.3861 -0.2155 0.0739, -0.3861 -0.2155 0.0738, -0.3822 -0.2155 0.0712, -0.3822 -0.2155 0.0712, -0.3778 -0.2155 0.0695, -0.3777 -0.2155 0.0695, -0.3918 -0.2205 0.0857, -0.3918 -0.2206 0.0857, -0.3898 -0.2252 0.0853, -0.3898 -0.2252 0.0853, -0.3867 -0.2292 0.0852, -0.3827 -0.2323 0.0853, -0.3827 -0.2324 0.0853, -0.3781 -0.2343 0.0857, -0.378 -0.2343 0.0857, 0.373 -0.2202 0.0695, 0.3741 -0.2201 0.0695, 0.3767 -0.2185 0.0695, 0.376 -0.2192 0.0695, 0.382 -0.2176 0.0712, 0.3858 -0.2184 0.0739, 0.3888 -0.2191 0.0775, 0.391 -0.2196 0.0817, 0.3896 -0.2235 0.0817, 0.381 -0.2321 0.0817, 0.3771 -0.2335 0.0817, 0.3874 -0.227 0.0817, 0.373 -0.234 0.0817, 0.373 -0.2339 0.0816, 0.3766 -0.2314 0.0775, 0.3876 -0.2226 0.0775, 0.373 -0.2318 0.0775, 0.373 -0.2317 0.0774, 0.3759 -0.2283 0.0739, 0.3848 -0.2212 0.0739, 0.3857 -0.2257 0.0775, 0.3845 -0.23 0.0817, 0.373 -0.2286 0.0739, 0.373 -0.2286 0.0738, 0.375 -0.2245 0.0712, 0.3831 -0.2282 0.0775, 0.3832 -0.2237 0.0739, 0.3813 -0.2195 0.0712, 0.3776 -0.2166 0.0695, 0.3787 -0.2227 0.0712, 0.3801 -0.2302 0.0775, 0.3787 -0.2273 0.0739, 0.377 -0.2238 0.0712, 0.3751 -0.2198 0.0695, 0.3812 -0.2258 0.0739, 0.3802 -0.2213 0.0712, 0.3773 -0.2176 0.0695, 0.373 -0.2247 0.0712, 0.373 -0.2247 0.0712, 0.373 -0.2203 0.0695, -0.3776 -0.2168 0.0695, -0.373 -0.2247 0.0712, -0.373 -0.2247 0.0712, -0.3754 -0.2244 0.0712, -0.373 -0.2286 0.0738, -0.373 -0.2286 0.0739, -0.3764 -0.2282 0.0739, -0.3772 -0.2312 0.0775, -0.3778 -0.2333 0.0817, -0.3822 -0.2315 0.0817, -0.3908 -0.2203 0.0817, -0.373 -0.234 0.0817, -0.373 -0.2339 0.0816, -0.373 -0.2318 0.0775, -0.373 -0.2317 0.0774, -0.3887 -0.2197 0.0775, -0.3811 -0.2296 0.0775, -0.3861 -0.2286 0.0817, -0.3857 -0.2189 0.0739, -0.3796 -0.2269 0.0739, -0.3845 -0.227 0.0775, -0.3819 -0.2179 0.0712, -0.3823 -0.2248 0.0739, -0.3776 -0.2235 0.0712, -0.3742 -0.2201 0.0695, -0.389 -0.2248 0.0817, -0.3871 -0.2237 0.0775, -0.3844 -0.2221 0.0739, -0.381 -0.2201 0.0712, -0.3771 -0.2179 0.0695, -0.373 -0.2202 0.0695, -0.373 -0.2203 0.0695, -0.3795 -0.222 0.0712, -0.3754 -0.2196 0.0695, -0.3764 -0.2189 0.0695
            ]
        }
        coordIndex [
            0,1,2,-1,2,1,3,-1,4,5,6,-1,6,5,7,-1,8,9,10,-1,10,9,11,-1,12,13,14,-1,14,13,15,-1,16,17,18,-1,18,17,19,-1,20,21,22,-1,22,21,23,-1,24,25,26,-1,27,28,29,-1,29,28,30,-1,29,30,31,-1,32,33,34,-1,24,26,35,-1,35,26,36,-1,35,36,37,-1,37,36,38,-1,37,38,39,-1,25,40,26,-1,26,40,41,-1,26,41,42,-1,43,44,26,-1,26,44,45,-1,46,47,48,-1,48,47,49,-1,45,50,26,-1,26,50,49,-1,26,49,51,-1,51,49,47,-1,42,52,26,-1,26,52,53,-1,26,53,43,-1,31,54,29,-1,29,54,55,-1,29,55,56,-1,56,55,57,-1,56,57,58,-1,59,60,38,-1,38,60,61,-1,57,62,58,-1,58,62,63,-1,58,63,34,-1,34,63,64,-1,34,64,32,-1,61,65,38,-1,38,65,66,-1,38,66,39,-1,67,68,69,-1,69,68,70,-1,69,70,71,-1,70,72,71,-1,71,72,73,-1,71,73,28,-1,33,59,34,-1,34,59,38,-1,34,38,74,-1,74,38,75,-1,74,75,27,-1,27,75,76,-1,27,76,28,-1,28,76,77,-1,28,77,71,-1,78,79,80,-1,69,81,82,-1,83,84,82,-1,82,84,38,-1,82,38,69,-1,69,38,36,-1,69,36,67,-1,85,86,87,-1,88,89,84,-1,84,89,90,-1,91,92,93,-1,93,92,94,-1,95,96,97,-1,87,98,85,-1,85,98,99,-1,85,99,100,-1,97,79,95,-1,95,79,78,-1,95,78,94,-1,94,78,101,-1,94,101,93,-1,102,103,88,-1,88,103,104,-1,102,88,105,-1,105,88,84,-1,105,84,101,-1,101,84,83,-1,101,83,93,-1,104,106,88,-1,88,106,107,-1,88,107,108,-1,108,109,88,-1,88,109,110,-1,88,110,85,-1,85,110,111,-1,85,111,86,-1,112,113,69,-1,114,78,69,-1,69,78,80,-1,69,80,81,-1,115,116,113,-1,113,116,117,-1,113,117,69,-1,69,117,85,-1,69,85,114,-1,114,85,100,-1,89,112,90,-1,90,112,69,-1,90,69,118,-1,118,69,71,-1,119,120,121,-1,122,123,124,-1,125,126,127,-1,123,128,124,-1,124,128,129,-1,124,129,130,-1,130,129,125,-1,130,125,131,-1,131,125,127,-1,128,132,129,-1,129,132,133,-1,129,133,134,-1,135,129,136,-1,136,129,137,-1,138,139,140,-1,140,139,141,-1,140,141,142,-1,142,141,143,-1,142,143,144,-1,144,143,145,-1,144,145,146,-1,146,145,147,-1,146,147,148,-1,148,147,149,-1,124,150,122,-1,122,150,151,-1,122,151,149,-1,149,151,152,-1,149,152,148,-1,134,153,129,-1,129,153,154,-1,129,154,137,-1,125,155,126,-1,126,155,156,-1,126,156,157,-1,157,156,158,-1,159,160,161,-1,161,160,162,-1,163,164,165,-1,162,166,161,-1,161,166,167,-1,161,167,168,-1,169,170,163,-1,163,170,171,-1,163,171,164,-1,168,172,161,-1,161,172,173,-1,161,173,163,-1,163,173,174,-1,163,174,169,-1,175,176,129,-1,135,177,129,-1,129,177,178,-1,129,178,175,-1,175,178,179,-1,175,179,180,-1,181,182,183,-1,183,182,184,-1,183,184,185,-1,185,184,186,-1,187,188,181,-1,189,190,182,-1,182,190,191,-1,182,191,192,-1,181,188,182,-1,182,188,193,-1,182,193,189,-1,192,194,182,-1,182,194,195,-1,182,195,196,-1,187,181,197,-1,197,181,198,-1,197,198,199,-1,199,198,200,-1,199,200,201,-1,201,200,202,-1,201,202,203,-1,203,204,201,-1,201,204,205,-1,201,205,206,-1,206,207,201,-1,201,207,208,-1,201,208,209,-1,210,211,209,-1,209,211,212,-1,209,212,201,-1,186,184,213,-1,213,184,214,-1,213,214,215,-1,216,217,218,-1,219,220,217,-1,221,222,216,-1,220,223,217,-1,217,223,224,-1,217,224,225,-1,225,226,217,-1,217,226,227,-1,217,227,215,-1,215,227,228,-1,215,228,213,-1,222,229,216,-1,216,229,230,-1,216,230,217,-1,217,230,231,-1,217,231,219,-1,221,216,232,-1,232,216,233,-1,232,233,234,-1,234,233,235,-1,234,235,236,-1,237,236,238,-1,238,236,239,-1,237,240,236,-1,236,240,241,-1,236,241,234,-1,242,243,244,-1,236,245,239,-1,239,245,246,-1,239,246,244,-1,244,246,247,-1,244,247,242,-1,248,249,250,-1,249,251,250,-1,250,251,252,-1,250,252,218,-1,218,252,253,-1,218,253,216,-1,196,254,182,-1,182,254,248,-1,182,248,255,-1,255,248,250,-1,215,256,257,-1,258,259,260,-1,260,259,261,-1,262,263,264,-1,263,265,264,-1,264,265,266,-1,264,266,267,-1,258,268,259,-1,259,268,269,-1,259,269,270,-1,270,271,259,-1,259,271,272,-1,259,272,264,-1,264,272,273,-1,264,273,262,-1,274,275,276,-1,277,278,218,-1,218,278,279,-1,218,279,280,-1,276,250,274,-1,274,250,218,-1,274,218,281,-1,281,218,280,-1,257,282,215,-1,215,282,283,-1,215,283,217,-1,217,283,284,-1,217,284,285,-1,285,286,217,-1,217,286,287,-1,217,287,288,-1,288,289,217,-1,217,289,290,-1,217,290,218,-1,218,290,291,-1,218,291,277,-1,119,292,293,-1,293,292,294,-1,293,294,295,-1,295,294,296,-1,295,296,297,-1,297,296,298,-1,297,298,299,-1,299,298,300,-1,299,300,301,-1,301,300,302,-1,301,302,303,-1,303,302,304,-1,305,306,302,-1,302,306,307,-1,308,309,304,-1,310,311,214,-1,312,304,313,-1,307,314,302,-1,302,314,315,-1,302,315,316,-1,316,317,302,-1,302,317,318,-1,302,318,304,-1,304,318,319,-1,304,319,308,-1,309,320,304,-1,304,320,321,-1,304,321,313,-1,311,322,214,-1,214,322,323,-1,214,323,324,-1,313,325,312,-1,312,325,326,-1,312,326,327,-1,327,328,312,-1,312,328,329,-1,312,329,310,-1,292,176,294,-1,294,176,175,-1,294,175,296,-1,296,175,330,-1,296,330,298,-1,298,330,256,-1,298,256,300,-1,300,256,215,-1,300,215,302,-1,302,215,214,-1,302,214,305,-1,305,214,324,-1,180,159,175,-1,175,159,161,-1,175,161,330,-1,330,161,331,-1,330,331,256,-1,256,331,264,-1,256,264,257,-1,257,264,267,-1,332,333,334,-1,335,336,331,-1,336,337,331,-1,331,337,338,-1,331,338,339,-1,340,341,342,-1,342,341,343,-1,342,343,344,-1,259,345,342,-1,342,345,346,-1,342,346,347,-1,347,348,342,-1,342,348,349,-1,342,349,340,-1,332,334,350,-1,339,350,331,-1,331,350,334,-1,331,334,264,-1,264,334,351,-1,264,351,259,-1,259,351,352,-1,259,352,345,-1,331,353,354,-1,353,331,355,-1,355,331,161,-1,355,161,356,-1,356,161,163,-1,356,163,354,-1,354,163,342,-1,354,342,331,-1,331,342,344,-1,331,344,335,-1,310,214,312,-1,312,214,184,-1,312,184,357,-1,357,184,182,-1,357,182,358,-1,358,182,255,-1,358,255,359,-1,165,158,163,-1,163,158,156,-1,163,156,342,-1,342,156,360,-1,342,360,259,-1,259,360,276,-1,259,276,261,-1,261,276,275,-1,119,121,292,-1,292,121,361,-1,292,361,176,-1,176,361,362,-1,176,362,129,-1,129,362,363,-1,129,363,125,-1,125,363,364,-1,125,364,155,-1,365,366,367,-1,367,366,368,-1,369,370,371,-1,371,370,372,-1,373,374,375,-1,375,374,376,-1,377,378,379,-1,379,378,380,-1,0,381,1,-1,1,381,382,-1,0,6,381,-1,381,6,7,-1,381,7,383,-1,383,7,10,-1,383,10,11,-1,11,371,383,-1,383,371,372,-1,383,372,384,-1,385,386,376,-1,376,386,387,-1,376,387,375,-1,375,387,388,-1,389,390,365,-1,365,390,391,-1,365,391,366,-1,366,391,392,-1,20,393,21,-1,21,393,394,-1,20,17,393,-1,393,17,16,-1,393,16,395,-1,395,16,13,-1,395,13,12,-1,12,379,395,-1,395,379,380,-1,395,380,396,-1,377,397,378,-1,378,397,398,-1,377,14,397,-1,397,14,15,-1,397,15,399,-1,399,15,18,-1,399,18,19,-1,19,22,399,-1,399,22,23,-1,399,23,400,-1,401,402,368,-1,368,402,403,-1,368,403,367,-1,367,403,404,-1,405,406,373,-1,373,406,407,-1,373,407,374,-1,374,407,408,-1,369,409,370,-1,370,409,410,-1,369,9,409,-1,409,9,8,-1,409,8,411,-1,411,8,5,-1,411,5,4,-1,4,2,411,-1,411,2,3,-1,411,3,412,-1,381,383,413,-1,413,383,414,-1,413,414,415,-1,415,414,416,-1,415,416,417,-1,417,416,418,-1,417,418,419,-1,419,418,420,-1,419,420,421,-1,421,420,422,-1,421,422,423,-1,423,422,424,-1,423,424,425,-1,425,424,426,-1,425,426,427,-1,427,426,428,-1,427,428,429,-1,429,428,430,-1,429,430,431,-1,430,432,431,-1,431,432,359,-1,431,359,364,-1,419,421,433,-1,434,435,436,-1,364,437,438,-1,439,437,364,-1,436,435,364,-1,431,364,435,-1,440,441,442,-1,441,440,443,-1,443,440,444,-1,443,444,445,-1,445,444,446,-1,445,446,447,-1,447,446,448,-1,447,448,449,-1,449,448,450,-1,450,448,451,-1,450,451,452,-1,452,451,453,-1,453,451,454,-1,453,454,390,-1,455,439,364,-1,423,425,434,-1,434,425,427,-1,434,427,435,-1,435,427,429,-1,435,429,431,-1,456,438,457,-1,457,438,437,-1,457,437,458,-1,458,437,439,-1,458,439,459,-1,455,460,439,-1,439,460,461,-1,439,461,459,-1,459,461,462,-1,459,462,463,-1,433,456,464,-1,464,456,457,-1,464,457,465,-1,465,457,458,-1,465,458,466,-1,466,458,459,-1,466,459,467,-1,467,459,463,-1,415,417,468,-1,468,417,419,-1,419,433,468,-1,468,433,464,-1,468,464,469,-1,469,464,465,-1,469,465,470,-1,470,465,466,-1,470,466,471,-1,471,466,467,-1,471,467,472,-1,421,423,433,-1,433,423,434,-1,433,434,456,-1,456,434,436,-1,456,436,438,-1,438,436,364,-1,415,440,413,-1,413,440,442,-1,413,442,381,-1,463,473,467,-1,467,473,474,-1,467,474,472,-1,472,474,475,-1,472,475,476,-1,415,468,440,-1,440,468,469,-1,440,469,444,-1,444,469,470,-1,444,470,446,-1,446,470,471,-1,446,471,448,-1,448,471,472,-1,448,472,451,-1,451,472,476,-1,451,476,454,-1,477,478,479,-1,480,481,482,-1,359,483,484,-1,485,483,359,-1,482,481,359,-1,486,359,481,-1,487,488,489,-1,488,487,490,-1,490,487,491,-1,490,491,492,-1,492,491,493,-1,492,493,494,-1,494,493,495,-1,494,495,496,-1,496,495,497,-1,497,495,498,-1,497,498,499,-1,499,498,500,-1,500,498,414,-1,500,414,383,-1,432,485,359,-1,501,502,480,-1,480,502,503,-1,480,503,481,-1,481,503,504,-1,481,504,486,-1,505,484,506,-1,506,484,483,-1,506,483,507,-1,507,483,485,-1,507,485,508,-1,432,430,485,-1,485,430,428,-1,485,428,508,-1,508,428,426,-1,508,426,424,-1,479,505,509,-1,509,505,506,-1,509,506,510,-1,510,506,507,-1,510,507,511,-1,511,507,508,-1,511,508,512,-1,512,508,424,-1,513,514,515,-1,515,514,477,-1,477,479,515,-1,515,479,509,-1,515,509,516,-1,516,509,510,-1,516,510,517,-1,517,510,511,-1,517,511,518,-1,518,511,512,-1,518,512,519,-1,478,501,479,-1,479,501,480,-1,479,480,505,-1,505,480,482,-1,505,482,484,-1,484,482,359,-1,513,487,520,-1,520,487,489,-1,520,489,387,-1,424,422,512,-1,512,422,420,-1,512,420,519,-1,519,420,418,-1,519,418,416,-1,513,515,487,-1,487,515,516,-1,487,516,491,-1,491,516,517,-1,491,517,493,-1,493,517,518,-1,493,518,495,-1,495,518,519,-1,495,519,498,-1,498,519,416,-1,498,416,414,-1,391,390,521,-1,521,390,454,-1,521,454,522,-1,522,454,476,-1,522,476,523,-1,523,476,475,-1,523,475,524,-1,524,475,474,-1,524,474,525,-1,525,474,473,-1,525,473,526,-1,526,473,463,-1,526,463,527,-1,527,463,462,-1,527,462,528,-1,528,462,461,-1,528,461,529,-1,529,461,460,-1,529,460,530,-1,460,455,530,-1,530,455,364,-1,530,364,120,-1,531,532,442,-1,442,532,533,-1,442,533,381,-1,381,533,534,-1,381,534,382,-1,442,441,531,-1,531,441,443,-1,531,443,535,-1,535,443,445,-1,445,447,535,-1,535,447,449,-1,535,449,536,-1,536,449,450,-1,536,450,537,-1,537,450,452,-1,537,452,538,-1,538,452,453,-1,538,453,539,-1,539,453,390,-1,539,390,389,-1,540,541,489,-1,489,541,542,-1,489,542,387,-1,387,542,543,-1,387,543,388,-1,489,488,540,-1,540,488,490,-1,540,490,544,-1,544,490,492,-1,492,494,544,-1,544,494,496,-1,544,496,545,-1,545,496,497,-1,545,497,546,-1,546,497,499,-1,546,499,547,-1,547,499,500,-1,547,500,548,-1,548,500,383,-1,548,383,384,-1,387,386,520,-1,520,386,549,-1,520,549,513,-1,513,549,550,-1,513,550,514,-1,514,550,551,-1,514,551,477,-1,477,551,552,-1,477,552,478,-1,478,552,553,-1,478,553,501,-1,501,553,554,-1,501,554,502,-1,502,554,555,-1,502,555,503,-1,503,555,556,-1,503,556,504,-1,504,556,557,-1,504,557,486,-1,557,558,486,-1,486,558,303,-1,486,303,359,-1,393,395,559,-1,559,395,560,-1,559,560,561,-1,561,560,562,-1,561,562,563,-1,563,562,564,-1,563,564,565,-1,565,564,566,-1,565,566,567,-1,567,566,568,-1,567,568,569,-1,569,568,570,-1,569,570,571,-1,571,570,572,-1,571,572,573,-1,573,572,574,-1,573,574,575,-1,575,574,576,-1,575,576,577,-1,576,578,577,-1,577,578,120,-1,577,120,303,-1,524,525,579,-1,580,581,582,-1,120,583,584,-1,585,583,120,-1,582,581,120,-1,530,120,581,-1,586,587,588,-1,587,586,589,-1,589,586,590,-1,589,590,591,-1,591,590,592,-1,591,592,593,-1,593,592,594,-1,593,594,595,-1,595,594,596,-1,596,594,597,-1,596,597,598,-1,598,597,599,-1,599,597,560,-1,599,560,395,-1,578,585,120,-1,526,527,580,-1,580,527,528,-1,580,528,581,-1,581,528,529,-1,581,529,530,-1,600,584,601,-1,601,584,583,-1,601,583,602,-1,602,583,585,-1,602,585,603,-1,578,576,585,-1,585,576,574,-1,585,574,603,-1,603,574,572,-1,603,572,570,-1,579,600,604,-1,604,600,601,-1,604,601,605,-1,605,601,602,-1,605,602,606,-1,606,602,603,-1,606,603,607,-1,607,603,570,-1,522,523,608,-1,608,523,524,-1,524,579,608,-1,608,579,604,-1,608,604,609,-1,609,604,605,-1,609,605,610,-1,610,605,606,-1,610,606,611,-1,611,606,607,-1,611,607,612,-1,525,526,579,-1,579,526,580,-1,579,580,600,-1,600,580,582,-1,600,582,584,-1,584,582,120,-1,522,586,521,-1,521,586,588,-1,521,588,391,-1,570,568,607,-1,607,568,566,-1,607,566,612,-1,612,566,564,-1,612,564,562,-1,522,608,586,-1,586,608,609,-1,586,609,590,-1,590,609,610,-1,590,610,592,-1,592,610,611,-1,592,611,594,-1,594,611,612,-1,594,612,597,-1,597,612,562,-1,597,562,560,-1,365,367,389,-1,389,367,404,-1,389,404,539,-1,613,538,614,-1,614,538,539,-1,614,539,615,-1,615,539,404,-1,3,1,412,-1,412,1,382,-1,412,382,616,-1,616,382,534,-1,616,534,617,-1,617,534,533,-1,617,533,618,-1,618,533,532,-1,618,532,619,-1,619,532,531,-1,619,531,620,-1,620,531,535,-1,620,535,621,-1,621,535,536,-1,621,536,613,-1,613,536,537,-1,613,537,538,-1,372,370,384,-1,384,370,410,-1,384,410,548,-1,548,410,622,-1,548,622,547,-1,547,622,623,-1,547,623,546,-1,546,623,624,-1,546,624,545,-1,545,624,625,-1,545,625,544,-1,544,625,626,-1,544,626,540,-1,540,626,627,-1,540,627,541,-1,627,628,541,-1,541,628,629,-1,541,629,542,-1,542,629,630,-1,373,375,405,-1,405,375,388,-1,405,388,630,-1,630,388,543,-1,630,543,542,-1,565,567,631,-1,632,633,634,-1,303,635,636,-1,637,635,303,-1,634,633,303,-1,577,303,633,-1,638,639,640,-1,639,638,641,-1,641,638,642,-1,641,642,643,-1,643,642,644,-1,643,644,645,-1,645,644,646,-1,645,646,647,-1,647,646,648,-1,648,646,649,-1,648,649,650,-1,650,649,651,-1,651,649,549,-1,651,549,386,-1,558,637,303,-1,569,571,632,-1,632,571,573,-1,632,573,633,-1,633,573,575,-1,633,575,577,-1,652,636,653,-1,653,636,635,-1,653,635,654,-1,654,635,637,-1,654,637,655,-1,558,557,637,-1,637,557,556,-1,637,556,655,-1,655,556,555,-1,655,555,554,-1,631,652,656,-1,656,652,653,-1,656,653,657,-1,657,653,654,-1,657,654,658,-1,658,654,655,-1,658,655,659,-1,659,655,554,-1,561,563,660,-1,660,563,565,-1,565,631,660,-1,660,631,656,-1,660,656,661,-1,661,656,657,-1,661,657,662,-1,662,657,658,-1,662,658,663,-1,663,658,659,-1,663,659,664,-1,567,569,631,-1,631,569,632,-1,631,632,652,-1,652,632,634,-1,652,634,636,-1,636,634,303,-1,561,638,559,-1,559,638,640,-1,559,640,393,-1,554,553,659,-1,659,553,552,-1,659,552,664,-1,664,552,551,-1,664,551,550,-1,561,660,638,-1,638,660,661,-1,638,661,642,-1,642,661,662,-1,642,662,644,-1,644,662,663,-1,644,663,646,-1,646,663,664,-1,646,664,649,-1,649,664,550,-1,649,550,549,-1,665,666,588,-1,588,666,667,-1,588,667,391,-1,391,667,668,-1,391,668,392,-1,588,587,665,-1,665,587,589,-1,665,589,669,-1,669,589,591,-1,591,593,669,-1,669,593,595,-1,669,595,670,-1,670,595,596,-1,670,596,671,-1,671,596,598,-1,671,598,672,-1,672,598,599,-1,672,599,673,-1,673,599,395,-1,673,395,396,-1,621,613,674,-1,674,613,614,-1,674,614,403,-1,403,614,615,-1,403,615,404,-1,674,675,621,-1,621,675,676,-1,621,676,620,-1,620,676,677,-1,677,678,620,-1,620,678,679,-1,620,679,619,-1,619,679,680,-1,619,680,618,-1,618,680,681,-1,618,681,617,-1,617,681,682,-1,617,682,616,-1,616,682,411,-1,616,411,412,-1,409,411,683,-1,683,411,684,-1,683,684,685,-1,685,684,686,-1,685,686,687,-1,687,686,688,-1,687,688,689,-1,689,688,690,-1,689,690,691,-1,691,690,692,-1,691,692,693,-1,693,692,694,-1,693,694,695,-1,695,694,696,-1,695,696,697,-1,697,696,698,-1,697,698,699,-1,699,698,700,-1,699,700,701,-1,700,702,701,-1,701,702,75,-1,701,75,84,-1,410,409,622,-1,622,409,703,-1,622,703,623,-1,623,703,704,-1,623,704,624,-1,624,704,705,-1,624,705,625,-1,705,706,625,-1,625,706,707,-1,625,707,626,-1,707,708,626,-1,626,708,709,-1,626,709,627,-1,627,709,710,-1,627,710,628,-1,628,710,711,-1,628,711,629,-1,629,711,712,-1,629,712,630,-1,630,712,405,-1,405,712,713,-1,405,713,406,-1,714,715,640,-1,640,715,716,-1,640,716,393,-1,393,716,717,-1,393,717,394,-1,640,639,714,-1,714,639,641,-1,714,641,718,-1,718,641,643,-1,643,645,718,-1,718,645,647,-1,718,647,719,-1,719,647,648,-1,719,648,720,-1,720,648,650,-1,720,650,721,-1,721,650,651,-1,721,651,722,-1,722,651,386,-1,722,386,385,-1,380,378,396,-1,396,378,398,-1,396,398,673,-1,673,398,723,-1,673,723,672,-1,672,723,724,-1,672,724,671,-1,671,724,725,-1,671,725,670,-1,670,725,726,-1,670,726,669,-1,669,726,727,-1,669,727,665,-1,665,727,728,-1,665,728,666,-1,728,729,666,-1,666,729,730,-1,666,730,667,-1,667,730,731,-1,368,366,401,-1,401,366,392,-1,401,392,731,-1,731,392,668,-1,731,668,667,-1,732,75,733,-1,698,696,734,-1,694,692,735,-1,736,737,738,-1,674,403,739,-1,676,675,740,-1,740,675,674,-1,682,681,737,-1,737,681,680,-1,737,680,738,-1,738,680,679,-1,738,679,678,-1,411,682,684,-1,684,682,737,-1,684,737,686,-1,686,737,736,-1,686,736,688,-1,688,736,690,-1,674,739,740,-1,740,739,741,-1,740,741,742,-1,692,690,735,-1,735,690,736,-1,735,736,743,-1,743,736,738,-1,743,738,744,-1,744,738,678,-1,741,745,742,-1,742,745,746,-1,742,746,747,-1,696,694,734,-1,734,694,735,-1,734,735,748,-1,748,735,743,-1,748,743,749,-1,749,743,744,-1,746,750,747,-1,747,750,751,-1,747,751,752,-1,749,753,748,-1,748,753,754,-1,748,754,734,-1,734,754,755,-1,734,755,698,-1,677,676,756,-1,756,676,740,-1,756,740,757,-1,757,740,742,-1,757,742,758,-1,758,742,747,-1,758,747,759,-1,759,747,752,-1,759,752,760,-1,760,752,733,-1,760,733,75,-1,75,702,755,-1,755,702,700,-1,755,700,698,-1,753,761,754,-1,754,761,762,-1,754,762,755,-1,755,762,75,-1,761,763,762,-1,762,763,75,-1,751,764,752,-1,752,764,765,-1,752,765,733,-1,733,765,766,-1,733,766,732,-1,678,677,744,-1,744,677,756,-1,744,756,749,-1,749,756,757,-1,749,757,753,-1,753,757,758,-1,753,758,761,-1,761,758,759,-1,761,759,763,-1,763,759,760,-1,763,760,75,-1,701,84,767,-1,768,769,84,-1,770,771,772,-1,773,774,775,-1,776,777,778,-1,706,705,779,-1,704,703,780,-1,780,703,409,-1,781,709,708,-1,778,711,710,-1,711,778,712,-1,712,778,777,-1,712,777,713,-1,406,713,782,-1,782,713,777,-1,782,777,783,-1,783,777,776,-1,783,776,784,-1,784,776,785,-1,409,683,780,-1,780,683,685,-1,780,685,786,-1,774,785,775,-1,775,785,776,-1,775,776,787,-1,787,776,778,-1,787,778,781,-1,781,778,710,-1,781,710,709,-1,685,687,786,-1,786,687,689,-1,786,689,788,-1,771,773,772,-1,772,773,775,-1,772,775,789,-1,789,775,787,-1,789,787,790,-1,790,787,781,-1,790,781,791,-1,791,781,708,-1,791,708,707,-1,689,691,788,-1,788,691,693,-1,788,693,792,-1,791,793,790,-1,790,793,794,-1,790,794,789,-1,789,794,795,-1,789,795,772,-1,772,795,796,-1,772,796,770,-1,769,768,797,-1,705,704,779,-1,779,704,780,-1,779,780,798,-1,798,780,786,-1,798,786,799,-1,799,786,788,-1,799,788,800,-1,800,788,792,-1,800,792,801,-1,801,792,767,-1,801,767,84,-1,84,802,796,-1,796,802,803,-1,796,803,770,-1,793,804,794,-1,794,804,805,-1,794,805,795,-1,795,805,806,-1,795,806,796,-1,796,806,84,-1,804,797,805,-1,805,797,768,-1,805,768,806,-1,806,768,84,-1,693,695,792,-1,792,695,697,-1,792,697,767,-1,767,697,699,-1,767,699,701,-1,707,706,791,-1,791,706,779,-1,791,779,793,-1,793,779,798,-1,793,798,804,-1,804,798,799,-1,804,799,797,-1,797,799,800,-1,797,800,769,-1,769,800,801,-1,769,801,84,-1,376,374,385,-1,385,374,408,-1,385,408,722,-1,722,408,807,-1,722,807,721,-1,721,807,808,-1,721,808,720,-1,720,808,809,-1,720,809,719,-1,719,809,810,-1,719,810,718,-1,718,810,811,-1,718,811,714,-1,714,811,812,-1,714,812,715,-1,812,813,715,-1,715,813,814,-1,715,814,716,-1,716,814,815,-1,23,21,400,-1,400,21,394,-1,400,394,815,-1,815,394,717,-1,815,717,716,-1,398,397,723,-1,723,397,816,-1,723,816,724,-1,724,816,817,-1,724,817,725,-1,725,817,818,-1,725,818,726,-1,818,819,726,-1,726,819,820,-1,726,820,727,-1,820,821,727,-1,727,821,822,-1,727,822,728,-1,728,822,823,-1,728,823,729,-1,729,823,824,-1,729,824,730,-1,730,824,825,-1,730,825,731,-1,731,825,401,-1,401,825,826,-1,401,826,402,-1,403,402,739,-1,739,402,827,-1,739,827,741,-1,741,827,828,-1,741,828,745,-1,745,828,829,-1,745,829,746,-1,746,829,830,-1,746,830,750,-1,750,830,831,-1,750,831,751,-1,751,831,832,-1,751,832,764,-1,764,832,833,-1,764,833,765,-1,765,833,834,-1,765,834,766,-1,766,834,835,-1,766,835,732,-1,835,836,732,-1,732,836,77,-1,732,77,75,-1,407,406,837,-1,837,406,782,-1,837,782,838,-1,838,782,783,-1,838,783,839,-1,839,783,784,-1,839,784,840,-1,840,784,785,-1,840,785,841,-1,841,785,774,-1,841,774,842,-1,842,774,773,-1,842,773,843,-1,843,773,771,-1,843,771,844,-1,844,771,770,-1,844,770,845,-1,845,770,803,-1,845,803,846,-1,803,802,846,-1,846,802,84,-1,846,84,118,-1,810,809,847,-1,847,809,808,-1,847,808,407,-1,407,808,807,-1,407,807,408,-1,847,848,810,-1,810,848,849,-1,810,849,811,-1,811,849,850,-1,850,851,811,-1,811,851,852,-1,811,852,812,-1,812,852,853,-1,812,853,813,-1,813,853,854,-1,813,854,814,-1,814,854,855,-1,814,855,815,-1,815,855,399,-1,815,399,400,-1,856,77,857,-1,858,859,77,-1,834,833,860,-1,832,831,861,-1,862,863,864,-1,819,818,865,-1,817,816,866,-1,866,816,397,-1,867,822,821,-1,864,824,823,-1,824,864,825,-1,825,864,863,-1,825,863,826,-1,402,826,827,-1,827,826,863,-1,827,863,828,-1,828,863,862,-1,828,862,829,-1,829,862,830,-1,397,868,866,-1,866,868,869,-1,866,869,870,-1,831,830,861,-1,861,830,862,-1,861,862,871,-1,871,862,864,-1,871,864,867,-1,867,864,823,-1,867,823,822,-1,869,872,870,-1,870,872,873,-1,870,873,874,-1,833,832,860,-1,860,832,861,-1,860,861,875,-1,875,861,871,-1,875,871,876,-1,876,871,867,-1,876,867,877,-1,877,867,821,-1,877,821,820,-1,873,878,874,-1,874,878,879,-1,874,879,880,-1,877,881,876,-1,876,881,882,-1,876,882,875,-1,875,882,883,-1,875,883,860,-1,860,883,884,-1,860,884,834,-1,859,858,885,-1,818,817,865,-1,865,817,866,-1,865,866,886,-1,886,866,870,-1,886,870,887,-1,887,870,874,-1,887,874,888,-1,888,874,880,-1,888,880,889,-1,889,880,857,-1,889,857,77,-1,77,836,884,-1,884,836,835,-1,884,835,834,-1,881,890,882,-1,882,890,891,-1,882,891,883,-1,883,891,892,-1,883,892,884,-1,884,892,77,-1,890,885,891,-1,891,885,858,-1,891,858,892,-1,892,858,77,-1,879,893,880,-1,880,893,894,-1,880,894,857,-1,857,894,895,-1,857,895,856,-1,820,819,877,-1,877,819,865,-1,877,865,881,-1,881,865,886,-1,881,886,890,-1,890,886,887,-1,890,887,885,-1,885,887,888,-1,885,888,859,-1,859,888,889,-1,859,889,77,-1,846,118,896,-1,897,898,899,-1,900,901,902,-1,903,904,905,-1,847,407,837,-1,849,848,906,-1,906,848,847,-1,855,854,904,-1,904,854,853,-1,904,853,905,-1,905,853,852,-1,905,852,851,-1,399,855,907,-1,907,855,904,-1,907,904,908,-1,908,904,903,-1,908,903,909,-1,909,903,910,-1,847,837,906,-1,906,837,838,-1,906,838,911,-1,901,910,902,-1,902,910,903,-1,902,903,912,-1,912,903,905,-1,912,905,913,-1,913,905,851,-1,838,839,911,-1,911,839,840,-1,911,840,914,-1,898,900,899,-1,899,900,902,-1,899,902,915,-1,915,902,912,-1,915,912,916,-1,916,912,913,-1,840,841,914,-1,914,841,842,-1,914,842,917,-1,916,918,915,-1,915,918,919,-1,915,919,899,-1,899,919,920,-1,899,920,897,-1,850,849,921,-1,921,849,906,-1,921,906,922,-1,922,906,911,-1,922,911,923,-1,923,911,914,-1,923,914,924,-1,924,914,917,-1,924,917,925,-1,925,917,896,-1,925,896,118,-1,118,926,920,-1,920,926,927,-1,920,927,897,-1,918,928,919,-1,919,928,929,-1,919,929,920,-1,920,929,118,-1,928,930,929,-1,929,930,118,-1,842,843,917,-1,917,843,844,-1,917,844,896,-1,896,844,845,-1,896,845,846,-1,851,850,913,-1,913,850,921,-1,913,921,916,-1,916,921,922,-1,916,922,918,-1,918,922,923,-1,918,923,928,-1,928,923,924,-1,928,924,930,-1,930,924,925,-1,930,925,118,-1,397,399,868,-1,868,399,907,-1,868,907,869,-1,869,907,908,-1,869,908,872,-1,872,908,909,-1,872,909,873,-1,873,909,910,-1,873,910,878,-1,878,910,901,-1,878,901,879,-1,879,901,900,-1,879,900,893,-1,893,900,898,-1,893,898,894,-1,894,898,897,-1,894,897,895,-1,895,897,927,-1,895,927,856,-1,927,926,856,-1,856,926,118,-1,856,118,77,-1,
        ]
    }
}
Shape{
    appearance Appearance {
        material  Material 	{
            diffuseColor 0.6470588235294118 0.6470588235294118 0.6470588235294118
            specularColor 0.3215686274509804 0.3215686274509804 0.3215686274509804
            ambientIntensity 0.6471
            transparency 0.0
            shininess 0.5
        }
    }
    geometry IndexedFaceSet {
        ccw TRUE
        solid FALSE
        coord DEF co Coordinate {
            point [
                -0.1498 -0.0357 0.498, -0.1498 -0.0242 0.498, -0.1498 -0.0357 0.502, -0.1498 -0.0242 0.502, -0.1288 -0.0311 0.498, -0.1288 -0.0311 0.502, -0.1347 -0.0306 0.502, -0.1347 -0.0306 0.498, -0.1441 -0.0277 0.502, -0.1441 -0.0277 0.498, -0.1124 -0.0194 0.498, -0.1124 -0.0194 0.502, -0.1127 -0.0225 0.502, -0.1127 -0.0225 0.498, -0.1136 -0.025 0.502, -0.1136 -0.025 0.498, -0.1146 -0.0265 0.502, -0.1146 -0.0265 0.498, -0.1163 -0.0281 0.502, -0.1163 -0.0281 0.498, -0.1191 -0.0296 0.502, -0.1191 -0.0296 0.498, -0.1231 -0.0307 0.502, -0.1231 -0.0307 0.498, -0.1306 -0.0026 0.498, -0.1306 -0.0026 0.502, -0.1199 -0.0083 0.502, -0.1199 -0.0083 0.498, -0.1188 -0.009 0.502, -0.1188 -0.009 0.498, -0.1155 -0.0117 0.502, -0.1155 -0.0117 0.498, -0.1136 -0.0144 0.502, -0.1136 -0.0144 0.498, -0.1127 -0.0166 0.502, -0.1127 -0.0166 0.498, -0.1498 0.0197 0.498, -0.1498 0.0197 0.502, -0.1493 0.0153 0.502, -0.1493 0.0153 0.498, -0.1479 0.0112 0.502, -0.1479 0.0112 0.498, -0.1456 0.0077 0.502, -0.1456 0.0077 0.498, -0.1419 0.0042 0.502, -0.1419 0.0042 0.498, -0.122 0.0409 0.498, -0.122 0.0409 0.502, -0.1307 0.04 0.498, -0.1269 0.0404 0.502, -0.1307 0.04 0.502, -0.1373 0.0379 0.502, -0.1373 0.0379 0.498, -0.1417 0.0353 0.502, -0.1417 0.0353 0.498, -0.1451 0.0324 0.502, -0.1451 0.0324 0.498, -0.1476 0.029 0.502, -0.1476 0.029 0.498, -0.1491 0.0252 0.502, -0.1491 0.0252 0.498, -0.1132 0.0405 0.498, -0.1047 0.0387 0.498, -0.1047 0.0387 0.502, -0.1127 0.0404 0.502, -0.1132 0.0405 0.502, -0.1047 0.0272 0.498, -0.1047 0.0272 0.502, -0.1228 0.0322 0.498, -0.1228 0.0322 0.502, -0.1174 0.0319 0.502, -0.1174 0.0319 0.498, -0.1106 0.0303 0.502, -0.1106 0.0303 0.498, -0.1392 0.0208 0.498, -0.1392 0.0208 0.502, -0.139 0.0232 0.502, -0.139 0.0232 0.498, -0.1383 0.0252 0.502, -0.1383 0.0252 0.498, -0.1372 0.027 0.502, -0.1372 0.027 0.498, -0.1354 0.0287 0.502, -0.1354 0.0287 0.498, -0.1325 0.0304 0.502, -0.1325 0.0304 0.498, -0.1283 0.0317 0.502, -0.1283 0.0317 0.498, -0.1225 0.0048 0.498, -0.1225 0.0048 0.502, -0.1298 0.0087 0.502, -0.1298 0.0087 0.498, -0.1343 0.0115 0.502, -0.1343 0.0115 0.498, -0.1367 0.0137 0.502, -0.1367 0.0137 0.498, -0.1381 0.0156 0.502, -0.1381 0.0156 0.498, -0.1389 0.0178 0.502, -0.1389 0.0178 0.498, -0.1018 -0.0185 0.498, -0.1018 -0.0185 0.502, -0.1023 -0.0141 0.502, -0.1023 -0.0141 0.498, -0.1038 -0.0101 0.502, -0.1038 -0.0101 0.498, -0.1064 -0.0062 0.502, -0.1064 -0.0062 0.498, -0.1109 -0.002 0.502, -0.1109 -0.002 0.498, -0.13 -0.0398 0.502, -0.1234 -0.0393 0.502, -0.13 -0.0398 0.498, -0.1218 -0.0392 0.498, -0.1218 -0.0392 0.502, -0.1142 -0.037 0.502, -0.1142 -0.037 0.498, -0.1097 -0.0346 0.502, -0.1097 -0.0346 0.498, -0.1064 -0.0317 0.502, -0.1064 -0.0317 0.498, -0.1039 -0.028 0.502, -0.1039 -0.028 0.498, -0.1024 -0.0241 0.502, -0.1024 -0.0241 0.498, -0.1473 -0.0369 0.502, -0.1473 -0.0369 0.498, -0.1401 -0.0387 0.502, -0.1401 -0.0387 0.498, -0.1346 -0.0393 0.502, -0.0922 -0.0004 0.498, -0.0922 -0.0004 0.502, -0.0913 -0.0104 0.502, -0.0913 -0.0104 0.498, -0.0886 -0.0189 0.502, -0.0886 -0.0189 0.498, -0.0842 -0.0263 0.502, -0.0842 -0.0263 0.498, -0.0786 -0.0321 0.502, -0.0786 -0.0321 0.498, -0.0721 -0.0362 0.502, -0.0721 -0.0362 0.498, -0.0647 -0.0388 0.502, -0.0647 -0.0388 0.498, -0.0551 -0.0398 0.498, -0.0596 -0.0393 0.502, -0.0551 -0.0398 0.502, -0.0538 0.0409 0.498, -0.0538 0.0409 0.502, -0.0624 0.0401 0.498, -0.0594 0.0404 0.502, -0.0624 0.0401 0.502, -0.0704 0.0378 0.502, -0.0704 0.0378 0.498, -0.0776 0.0335 0.502, -0.0776 0.0335 0.498, -0.0837 0.0275 0.502, -0.0837 0.0275 0.498, -0.0882 0.0201 0.502, -0.0882 0.0201 0.498, -0.0911 0.011 0.502, -0.0911 0.011 0.498, -0.0173 0.0015 0.498, -0.0173 0.0015 0.502, -0.0179 0.0094 0.502, -0.0179 0.0094 0.498, -0.0201 0.0181 0.502, -0.0201 0.0181 0.498, -0.0242 0.026 0.502, -0.0242 0.026 0.498, -0.03 0.0326 0.502, -0.03 0.0326 0.498, -0.0369 0.0372 0.502, -0.0369 0.0372 0.498, -0.0443 0.0398 0.502, -0.0443 0.0398 0.498, -0.0494 0.0404 0.502, -0.0456 -0.0388 0.498, -0.0503 -0.0393 0.502, -0.0456 -0.0388 0.502, -0.038 -0.0363 0.502, -0.038 -0.0363 0.498, -0.0315 -0.0323 0.502, -0.0315 -0.0323 0.498, -0.0256 -0.0263 0.502, -0.0256 -0.0263 0.498, -0.0212 -0.019 0.502, -0.0212 -0.019 0.498, -0.0184 -0.0099 0.502, -0.0184 -0.0099 0.498, -0.0816 0.0005 0.498, -0.0808 -0.0086 0.498, -0.0785 -0.0158 0.498, -0.0752 -0.0214 0.498, -0.0709 -0.0258 0.498, -0.0663 -0.0288 0.498, -0.0608 -0.0306 0.498, -0.0551 -0.0311 0.498, -0.048 -0.0304 0.498, -0.0425 -0.0285 0.498, -0.038 -0.0256 0.498, -0.0343 -0.0219 0.498, -0.0312 -0.0169 0.498, -0.0288 -0.0094 0.498, -0.0279 0.0003 0.498, -0.0286 0.0096 0.498, -0.0306 0.0167 0.498, -0.0339 0.0226 0.498, -0.0378 0.0267 0.498, -0.0422 0.0296 0.498, -0.0474 0.0315 0.498, -0.0544 0.0322 0.498, -0.0615 0.0314 0.498, -0.0667 0.0294 0.498, -0.0715 0.0261 0.498, -0.076 0.021 0.498, -0.0792 0.0148 0.498, -0.0813 0.0061 0.498, -0.0816 0.0005 0.502, -0.0813 0.0061 0.502, -0.0792 0.0148 0.502, -0.076 0.021 0.502, -0.0715 0.0261 0.502, -0.0667 0.0294 0.502, -0.0615 0.0314 0.502, -0.0544 0.0322 0.502, -0.0474 0.0315 0.502, -0.0422 0.0296 0.502, -0.0378 0.0267 0.502, -0.0339 0.0226 0.502, -0.0306 0.0167 0.502, -0.0286 0.0096 0.502, -0.0279 0.0003 0.502, -0.0288 -0.0094 0.502, -0.0312 -0.0169 0.502, -0.0343 -0.0219 0.502, -0.038 -0.0256 0.502, -0.0425 -0.0285 0.502, -0.048 -0.0304 0.502, -0.0551 -0.0311 0.502, -0.0608 -0.0306 0.502, -0.0663 -0.0288 0.502, -0.0709 -0.0258 0.502, -0.0752 -0.0214 0.502, -0.0785 -0.0158 0.502, -0.0808 -0.0086 0.502, 0.0187 -0.0091 0.498, 0.0086 -0.0091 0.498, 0.0187 -0.0091 0.502, 0.0086 -0.0091 0.502, 0.0086 -0.0388 0.498, 0.0086 -0.0388 0.502, -0.0019 -0.0388 0.498, -0.0019 -0.0388 0.502, -0.0019 0.0399 0.498, -0.0019 0.0399 0.502, 0.0203 0.0399 0.498, 0.0203 0.0399 0.502, 0.047 0.0163 0.498, 0.047 0.0163 0.502, 0.047 0.0177 0.502, 0.047 0.0177 0.498, 0.0461 0.024 0.502, 0.0461 0.024 0.498, 0.0443 0.0284 0.502, 0.0443 0.0284 0.498, 0.0415 0.0324 0.502, 0.0415 0.0324 0.498, 0.0386 0.0349 0.502, 0.0386 0.0349 0.498, 0.034 0.0375 0.502, 0.034 0.0375 0.498, 0.028 0.0393 0.502, 0.028 0.0393 0.498, 0.0245 -0.0088 0.502, 0.0245 -0.0088 0.498, 0.0307 -0.0073 0.502, 0.0307 -0.0073 0.498, 0.0365 -0.0042 0.502, 0.0365 -0.0042 0.498, 0.0412 -0.0001 0.502, 0.0412 -0.0001 0.498, 0.0444 0.0046 0.502, 0.0444 0.0046 0.498, 0.0463 0.0097 0.502, 0.0463 0.0097 0.498, 0.0086 0.0313 0.498, 0.0188 0.0313 0.498, 0.0207 0.0312 0.498, 0.0265 0.0303 0.498, 0.0301 0.0288 0.498, 0.032 0.0275 0.498, 0.0338 0.0256 0.498, 0.0352 0.0231 0.498, 0.0361 0.0199 0.498, 0.0365 0.0159 0.498, 0.0365 0.0156 0.498, 0.0359 0.0108 0.498, 0.0348 0.0078 0.498, 0.0329 0.005 0.498, 0.0304 0.0028 0.498, 0.0273 0.0011 0.498, 0.0232 0.0 0.498, 0.0179 -0.0004 0.498, 0.0086 -0.0004 0.498, 0.0188 0.0313 0.502, 0.0086 0.0313 0.502, 0.0207 0.0312 0.502, 0.0265 0.0303 0.502, 0.0301 0.0288 0.502, 0.032 0.0275 0.502, 0.0338 0.0256 0.502, 0.0352 0.0231 0.502, 0.0361 0.0199 0.502, 0.0365 0.0159 0.502, 0.0365 0.0156 0.502, 0.0359 0.0108 0.502, 0.0348 0.0078 0.502, 0.0329 0.005 0.502, 0.0304 0.0028 0.502, 0.0273 0.0011 0.502, 0.0232 0.0 0.502, 0.0179 -0.0004 0.502, 0.0086 -0.0004 0.502, 0.0883 -0.0043 0.498, 0.0883 -0.0119 0.498, 0.0883 -0.0043 0.502, 0.0883 -0.0119 0.502, 0.0586 -0.0119 0.498, 0.0586 -0.0119 0.502, 0.0586 -0.0043 0.498, 0.0586 -0.0043 0.502, 0.1479 0.0378 0.498, 0.1479 0.0291 0.498, 0.1479 0.0378 0.502, 0.1479 0.0291 0.502, 0.1348 0.0322 0.498, 0.1348 0.0322 0.502, 0.1415 0.0314 0.502, 0.1415 0.0314 0.498, 0.1117 -0.0001 0.498, 0.1117 -0.0001 0.502, 0.1123 0.0083 0.502, 0.1123 0.0083 0.498, 0.1147 0.0173 0.502, 0.1147 0.0173 0.498, 0.1179 0.0232 0.502, 0.1179 0.0232 0.498, 0.1217 0.0275 0.502, 0.1217 0.0275 0.498, 0.1256 0.0301 0.502, 0.1256 0.0301 0.498, 0.1297 0.0317 0.502, 0.1297 0.0317 0.498, 0.112 -0.0001 0.498, 0.112 -0.0001 0.502, 0.13 0.0111 0.498, 0.13 0.0111 0.502, 0.1259 0.0108 0.502, 0.1259 0.0108 0.498, 0.1218 0.0096 0.502, 0.1218 0.0096 0.498, 0.118 0.0074 0.502, 0.118 0.0074 0.498, 0.1149 0.0044 0.502, 0.1149 0.0044 0.498, 0.1527 -0.0133 0.498, 0.1527 -0.0133 0.502, 0.1524 -0.0089 0.502, 0.1524 -0.0089 0.498, 0.1509 -0.0026 0.502, 0.1509 -0.0026 0.498, 0.1483 0.0021 0.502, 0.1483 0.0021 0.498, 0.1449 0.0059 0.502, 0.1449 0.0059 0.498, 0.1406 0.0089 0.502, 0.1406 0.0089 0.498, 0.1359 0.0105 0.502, 0.1359 0.0105 0.498, 0.1276 -0.0398 0.498, 0.1276 -0.0398 0.502, 0.1328 -0.0393 0.502, 0.1328 -0.0393 0.498, 0.1329 -0.0393 0.502, 0.1382 -0.0376 0.498, 0.1382 -0.0376 0.502, 0.1427 -0.0349 0.502, 0.1427 -0.0349 0.498, 0.1468 -0.031 0.502, 0.1468 -0.031 0.498, 0.1499 -0.0262 0.502, 0.1499 -0.0262 0.498, 0.1519 -0.0204 0.502, 0.1519 -0.0204 0.498, 0.1237 -0.0393 0.502, 0.1208 -0.0389 0.498, 0.1208 -0.0389 0.502, 0.1161 -0.0371 0.498, 0.1161 -0.0371 0.502, 0.1118 -0.0341 0.498, 0.1118 -0.0341 0.502, 0.1083 -0.0301 0.498, 0.1083 -0.0301 0.502, 0.105 -0.0238 0.498, 0.105 -0.0238 0.502, 0.1024 -0.0138 0.498, 0.1024 -0.0138 0.502, 0.1018 -0.0041 0.498, 0.1018 -0.0041 0.502, 0.1346 0.0409 0.502, 0.1299 0.0404 0.502, 0.1346 0.0409 0.498, 0.1279 0.0402 0.498, 0.1279 0.0402 0.502, 0.1214 0.0379 0.502, 0.1214 0.0379 0.498, 0.116 0.0343 0.502, 0.116 0.0343 0.498, 0.1108 0.0288 0.502, 0.1108 0.0288 0.498, 0.1062 0.0207 0.502, 0.1062 0.0207 0.498, 0.103 0.0098 0.502, 0.103 0.0098 0.498, 0.1398 0.0404 0.502, 0.1415 0.0402 0.498, 0.1415 0.0402 0.502, 0.146 0.0388 0.498, 0.146 0.0388 0.502, 0.1124 -0.0108 0.498, 0.1132 -0.0073 0.498, 0.1193 -0.0286 0.498, 0.117 -0.0264 0.498, 0.1145 -0.0225 0.498, 0.1129 -0.0181 0.498, 0.1123 -0.0126 0.498, 0.115 -0.0039 0.498, 0.1176 -0.001 0.498, 0.1204 0.0009 0.498, 0.1235 0.002 0.498, 0.1274 0.0025 0.498, 0.1298 0.0023 0.498, 0.133 0.0016 0.498, 0.1355 0.0004 0.498, 0.1377 -0.0013 0.498, 0.1389 -0.0028 0.498, 0.1406 -0.0057 0.498, 0.1417 -0.0095 0.498, 0.1421 -0.0144 0.498, 0.1418 -0.0185 0.498, 0.1407 -0.0221 0.498, 0.139 -0.0253 0.498, 0.1366 -0.0279 0.498, 0.134 -0.0297 0.498, 0.1313 -0.0307 0.498, 0.1275 -0.0311 0.498, 0.1247 -0.0309 0.498, 0.1218 -0.03 0.498, 0.1123 -0.0126 0.502, 0.1124 -0.0108 0.502, 0.1132 -0.0073 0.502, 0.115 -0.0039 0.502, 0.1176 -0.001 0.502, 0.1204 0.0009 0.502, 0.1235 0.002 0.502, 0.1274 0.0025 0.502, 0.1298 0.0023 0.502, 0.133 0.0016 0.502, 0.1355 0.0004 0.502, 0.1377 -0.0013 0.502, 0.1389 -0.0028 0.502, 0.1406 -0.0057 0.502, 0.1417 -0.0095 0.502, 0.1421 -0.0144 0.502, 0.1418 -0.0185 0.502, 0.1407 -0.0221 0.502, 0.139 -0.0253 0.502, 0.1366 -0.0279 0.502, 0.134 -0.0297 0.502, 0.1313 -0.0307 0.502, 0.1275 -0.0311 0.502, 0.1247 -0.0309 0.502, 0.1218 -0.03 0.502, 0.1193 -0.0286 0.502, 0.117 -0.0264 0.502, 0.1145 -0.0225 0.502, 0.1129 -0.0181 0.502, -0.2549 -0.1368 0.498, -0.2549 -0.1368 0.502, -0.2562 -0.1266 0.498, -0.2562 -0.1266 0.502, -0.2602 -0.1171 0.498, -0.2602 -0.1171 0.502, -0.2664 -0.1089 0.498, -0.2664 -0.1089 0.502, -0.2746 -0.1027 0.498, -0.2746 -0.1027 0.502, -0.2841 -0.0988 0.498, -0.2841 -0.0988 0.502, -0.2943 -0.0974 0.498, -0.2943 -0.0974 0.502, -0.3045 -0.0988 0.498, -0.3045 -0.0988 0.502, -0.314 -0.1027 0.498, -0.314 -0.1027 0.502, -0.3221 -0.1089 0.498, -0.3221 -0.1089 0.502, -0.3284 -0.1171 0.498, -0.3284 -0.1171 0.502, -0.3323 -0.1266 0.498, -0.3323 -0.1266 0.502, -0.3336 -0.1368 0.498, -0.3336 -0.1368 0.502, -0.3323 -0.147 0.498, -0.3323 -0.147 0.502, -0.3284 -0.1565 0.498, -0.3284 -0.1565 0.502, -0.3221 -0.1646 0.498, -0.3221 -0.1646 0.502, -0.314 -0.1709 0.498, -0.314 -0.1709 0.502, -0.3045 -0.1748 0.498, -0.3045 -0.1748 0.502, -0.2943 -0.1762 0.498, -0.2943 -0.1762 0.502, -0.2841 -0.1748 0.498, -0.2841 -0.1748 0.502, -0.2746 -0.1709 0.498, -0.2746 -0.1709 0.502, -0.2664 -0.1646 0.498, -0.2664 -0.1646 0.502, -0.2602 -0.1565 0.498, -0.2602 -0.1565 0.502, -0.2562 -0.147 0.498, -0.2562 -0.147 0.502, -0.2943 -0.1368 0.498
            ]
        }
        coordIndex [
            0,1,2,-1,2,1,3,-1,4,5,6,-1,4,6,7,-1,7,6,8,-1,7,8,9,-1,9,8,3,-1,9,3,1,-1,10,11,12,-1,10,12,13,-1,13,12,14,-1,13,14,15,-1,15,14,16,-1,15,16,17,-1,17,16,18,-1,17,18,19,-1,19,18,20,-1,19,20,21,-1,21,20,22,-1,21,22,23,-1,23,22,5,-1,23,5,4,-1,24,25,26,-1,24,26,27,-1,27,26,28,-1,27,28,29,-1,29,28,30,-1,29,30,31,-1,31,30,32,-1,31,32,33,-1,33,32,34,-1,33,34,35,-1,35,34,11,-1,35,11,10,-1,36,37,38,-1,36,38,39,-1,39,38,40,-1,39,40,41,-1,41,40,42,-1,41,42,43,-1,43,42,44,-1,43,44,45,-1,45,44,25,-1,45,25,24,-1,46,47,48,-1,48,47,49,-1,49,50,48,-1,48,50,51,-1,48,51,52,-1,52,51,53,-1,52,53,54,-1,54,53,55,-1,54,55,56,-1,56,55,57,-1,56,57,58,-1,58,57,59,-1,58,59,60,-1,60,59,37,-1,60,37,36,-1,47,46,61,-1,62,63,64,-1,62,64,61,-1,61,64,65,-1,61,65,47,-1,62,66,63,-1,63,66,67,-1,68,69,70,-1,68,70,71,-1,71,70,72,-1,71,72,73,-1,73,72,67,-1,73,67,66,-1,74,75,76,-1,74,76,77,-1,77,76,78,-1,77,78,79,-1,79,78,80,-1,79,80,81,-1,81,80,82,-1,81,82,83,-1,83,82,84,-1,83,84,85,-1,85,84,86,-1,85,86,87,-1,87,86,69,-1,87,69,68,-1,88,89,90,-1,88,90,91,-1,91,90,92,-1,91,92,93,-1,93,92,94,-1,93,94,95,-1,95,94,96,-1,95,96,97,-1,97,96,98,-1,97,98,99,-1,99,98,75,-1,99,75,74,-1,100,101,102,-1,100,102,103,-1,103,102,104,-1,103,104,105,-1,105,104,106,-1,105,106,107,-1,107,106,108,-1,107,108,109,-1,109,108,89,-1,109,89,88,-1,110,111,112,-1,112,111,113,-1,111,114,113,-1,113,114,115,-1,113,115,116,-1,116,115,117,-1,116,117,118,-1,118,117,119,-1,118,119,120,-1,120,119,121,-1,120,121,122,-1,122,121,123,-1,122,123,124,-1,124,123,101,-1,124,101,100,-1,0,2,125,-1,0,125,126,-1,126,125,127,-1,126,127,128,-1,128,127,112,-1,112,127,129,-1,112,129,110,-1,1,0,9,-1,9,0,126,-1,9,126,7,-1,7,126,128,-1,7,128,4,-1,4,128,112,-1,4,112,23,-1,23,112,113,-1,23,113,21,-1,21,113,116,-1,21,116,19,-1,19,116,118,-1,19,118,17,-1,17,118,120,-1,17,120,15,-1,15,120,122,-1,15,122,13,-1,13,122,124,-1,13,124,10,-1,10,124,100,-1,10,100,35,-1,35,100,103,-1,35,103,33,-1,33,103,105,-1,33,105,31,-1,31,105,107,-1,31,107,29,-1,29,107,109,-1,29,109,27,-1,27,109,88,-1,27,88,24,-1,24,88,91,-1,24,91,45,-1,45,91,93,-1,45,93,43,-1,43,93,95,-1,43,95,41,-1,41,95,97,-1,41,97,39,-1,39,97,99,-1,39,99,36,-1,36,99,74,-1,36,74,60,-1,60,74,77,-1,60,77,58,-1,58,77,79,-1,58,79,56,-1,56,79,81,-1,56,81,54,-1,54,81,83,-1,54,83,52,-1,52,83,85,-1,52,85,48,-1,48,85,87,-1,48,87,46,-1,46,87,68,-1,46,68,61,-1,61,68,71,-1,61,71,62,-1,62,71,73,-1,62,73,66,-1,130,131,132,-1,130,132,133,-1,133,132,134,-1,133,134,135,-1,135,134,136,-1,135,136,137,-1,137,136,138,-1,137,138,139,-1,139,138,140,-1,139,140,141,-1,141,140,142,-1,141,142,143,-1,143,142,144,-1,144,142,145,-1,144,145,146,-1,147,148,149,-1,149,148,150,-1,150,151,149,-1,149,151,152,-1,149,152,153,-1,153,152,154,-1,153,154,155,-1,155,154,156,-1,155,156,157,-1,157,156,158,-1,157,158,159,-1,159,158,160,-1,159,160,161,-1,161,160,131,-1,161,131,130,-1,162,163,164,-1,162,164,165,-1,165,164,166,-1,165,166,167,-1,167,166,168,-1,167,168,169,-1,169,168,170,-1,169,170,171,-1,171,170,172,-1,171,172,173,-1,173,172,174,-1,173,174,175,-1,175,174,147,-1,147,174,176,-1,147,176,148,-1,144,146,177,-1,177,146,178,-1,178,179,177,-1,177,179,180,-1,177,180,181,-1,181,180,182,-1,181,182,183,-1,183,182,184,-1,183,184,185,-1,185,184,186,-1,185,186,187,-1,187,186,188,-1,187,188,189,-1,189,188,163,-1,189,163,162,-1,190,130,191,-1,191,130,133,-1,191,133,192,-1,192,133,135,-1,192,135,193,-1,193,135,137,-1,193,137,194,-1,194,137,139,-1,194,139,195,-1,195,139,141,-1,195,141,196,-1,196,141,143,-1,196,143,197,-1,197,143,144,-1,197,144,198,-1,198,144,177,-1,198,177,199,-1,199,177,181,-1,199,181,200,-1,200,181,183,-1,200,183,201,-1,201,183,185,-1,201,185,202,-1,202,185,187,-1,202,187,203,-1,203,187,189,-1,203,189,204,-1,204,189,162,-1,204,162,205,-1,205,162,165,-1,205,165,206,-1,206,165,167,-1,206,167,207,-1,207,167,169,-1,207,169,208,-1,208,169,171,-1,208,171,209,-1,209,171,173,-1,209,173,210,-1,210,173,175,-1,210,175,211,-1,211,175,147,-1,211,147,212,-1,212,147,149,-1,212,149,213,-1,213,149,153,-1,213,153,214,-1,214,153,155,-1,214,155,215,-1,215,155,157,-1,215,157,216,-1,216,157,159,-1,216,159,217,-1,217,159,161,-1,217,161,190,-1,190,161,130,-1,190,218,219,-1,190,219,217,-1,217,219,220,-1,217,220,216,-1,216,220,221,-1,216,221,215,-1,215,221,222,-1,215,222,214,-1,214,222,223,-1,214,223,213,-1,213,223,224,-1,213,224,212,-1,212,224,225,-1,212,225,211,-1,211,225,226,-1,211,226,210,-1,210,226,227,-1,210,227,209,-1,209,227,228,-1,209,228,208,-1,208,228,229,-1,208,229,207,-1,207,229,230,-1,207,230,206,-1,206,230,231,-1,206,231,205,-1,205,231,232,-1,205,232,204,-1,204,232,233,-1,204,233,203,-1,203,233,234,-1,203,234,202,-1,202,234,235,-1,202,235,201,-1,201,235,236,-1,201,236,200,-1,200,236,237,-1,200,237,199,-1,199,237,238,-1,199,238,198,-1,198,238,239,-1,198,239,197,-1,197,239,240,-1,197,240,196,-1,196,240,241,-1,196,241,195,-1,195,241,242,-1,195,242,194,-1,194,242,243,-1,194,243,193,-1,193,243,244,-1,193,244,192,-1,192,244,245,-1,192,245,191,-1,191,245,218,-1,191,218,190,-1,246,247,248,-1,248,247,249,-1,247,250,249,-1,249,250,251,-1,250,252,251,-1,251,252,253,-1,252,254,253,-1,253,254,255,-1,254,256,255,-1,255,256,257,-1,258,259,260,-1,258,260,261,-1,261,260,262,-1,261,262,263,-1,263,262,264,-1,263,264,265,-1,265,264,266,-1,265,266,267,-1,267,266,268,-1,267,268,269,-1,269,268,270,-1,269,270,271,-1,271,270,272,-1,271,272,273,-1,273,272,257,-1,273,257,256,-1,246,248,274,-1,246,274,275,-1,275,274,276,-1,275,276,277,-1,277,276,278,-1,277,278,279,-1,279,278,280,-1,279,280,281,-1,281,280,282,-1,281,282,283,-1,283,282,284,-1,283,284,285,-1,285,284,259,-1,285,259,258,-1,254,252,247,-1,247,252,250,-1,286,287,256,-1,256,287,288,-1,256,288,273,-1,273,288,289,-1,273,289,271,-1,271,289,290,-1,271,290,269,-1,269,290,291,-1,269,291,267,-1,267,291,292,-1,267,292,265,-1,265,292,293,-1,265,293,263,-1,263,293,294,-1,263,294,261,-1,261,294,295,-1,261,295,258,-1,258,295,296,-1,258,296,285,-1,285,296,297,-1,285,297,283,-1,283,297,298,-1,283,298,281,-1,281,298,299,-1,281,299,279,-1,279,299,300,-1,279,300,277,-1,277,300,301,-1,277,301,275,-1,275,301,302,-1,275,302,246,-1,246,302,303,-1,246,303,247,-1,247,303,304,-1,247,304,254,-1,254,304,286,-1,254,286,256,-1,287,286,305,-1,305,286,306,-1,287,305,307,-1,287,307,288,-1,288,307,308,-1,288,308,289,-1,289,308,309,-1,289,309,290,-1,290,309,310,-1,290,310,291,-1,291,310,311,-1,291,311,292,-1,292,311,312,-1,292,312,293,-1,293,312,313,-1,293,313,294,-1,294,313,314,-1,294,314,295,-1,295,314,315,-1,295,315,296,-1,296,315,316,-1,296,316,297,-1,297,316,317,-1,297,317,298,-1,298,317,318,-1,298,318,299,-1,299,318,319,-1,299,319,300,-1,300,319,320,-1,300,320,301,-1,301,320,321,-1,301,321,302,-1,302,321,322,-1,302,322,303,-1,304,303,323,-1,323,303,322,-1,286,304,306,-1,306,304,323,-1,324,325,326,-1,326,325,327,-1,325,328,327,-1,327,328,329,-1,328,330,329,-1,329,330,331,-1,330,324,331,-1,331,324,326,-1,330,328,324,-1,324,328,325,-1,332,333,334,-1,334,333,335,-1,336,337,338,-1,336,338,339,-1,339,338,335,-1,339,335,333,-1,340,341,342,-1,340,342,343,-1,343,342,344,-1,343,344,345,-1,345,344,346,-1,345,346,347,-1,347,346,348,-1,347,348,349,-1,349,348,350,-1,349,350,351,-1,351,350,352,-1,351,352,353,-1,353,352,337,-1,353,337,336,-1,340,354,341,-1,341,354,355,-1,356,357,358,-1,356,358,359,-1,359,358,360,-1,359,360,361,-1,361,360,362,-1,361,362,363,-1,363,362,364,-1,363,364,365,-1,365,364,355,-1,365,355,354,-1,366,367,368,-1,366,368,369,-1,369,368,370,-1,369,370,371,-1,371,370,372,-1,371,372,373,-1,373,372,374,-1,373,374,375,-1,375,374,376,-1,375,376,377,-1,377,376,378,-1,377,378,379,-1,379,378,357,-1,379,357,356,-1,380,381,382,-1,380,382,383,-1,383,382,384,-1,383,384,385,-1,384,386,385,-1,385,386,387,-1,385,387,388,-1,388,387,389,-1,388,389,390,-1,390,389,391,-1,390,391,392,-1,392,391,393,-1,392,393,394,-1,394,393,367,-1,394,367,366,-1,381,380,395,-1,395,380,396,-1,395,396,397,-1,397,396,398,-1,397,398,399,-1,399,398,400,-1,399,400,401,-1,401,400,402,-1,401,402,403,-1,403,402,404,-1,403,404,405,-1,405,404,406,-1,405,406,407,-1,407,406,408,-1,407,408,409,-1,410,411,412,-1,412,411,413,-1,411,414,413,-1,413,414,415,-1,413,415,416,-1,416,415,417,-1,416,417,418,-1,418,417,419,-1,418,419,420,-1,420,419,421,-1,420,421,422,-1,422,421,423,-1,422,423,424,-1,424,423,409,-1,424,409,408,-1,410,412,425,-1,425,412,426,-1,425,426,427,-1,427,426,428,-1,427,428,429,-1,429,428,332,-1,429,332,334,-1,430,431,406,-1,408,340,343,-1,333,332,428,-1,333,428,339,-1,339,428,426,-1,339,426,336,-1,336,426,412,-1,336,412,353,-1,353,412,413,-1,353,413,351,-1,351,413,416,-1,351,416,349,-1,349,416,418,-1,349,418,347,-1,347,418,420,-1,347,420,345,-1,345,420,422,-1,345,422,343,-1,343,422,424,-1,343,424,408,-1,398,432,400,-1,400,432,433,-1,400,433,402,-1,402,433,434,-1,402,434,404,-1,404,434,435,-1,404,435,406,-1,406,435,436,-1,406,436,430,-1,408,406,340,-1,340,406,431,-1,340,431,354,-1,354,431,437,-1,354,437,365,-1,365,437,438,-1,365,438,363,-1,363,438,439,-1,363,439,361,-1,361,439,440,-1,361,440,359,-1,359,440,441,-1,359,441,356,-1,356,441,442,-1,356,442,379,-1,379,442,443,-1,379,443,377,-1,377,443,444,-1,377,444,375,-1,375,444,445,-1,375,445,373,-1,373,445,446,-1,373,446,371,-1,371,446,447,-1,371,447,369,-1,369,447,448,-1,369,448,366,-1,366,448,449,-1,366,449,394,-1,394,449,450,-1,394,450,392,-1,392,450,451,-1,392,451,390,-1,390,451,452,-1,390,452,388,-1,388,452,453,-1,388,453,385,-1,385,453,454,-1,385,454,383,-1,383,454,455,-1,383,455,380,-1,380,455,456,-1,380,456,396,-1,396,456,457,-1,396,457,398,-1,398,457,458,-1,398,458,432,-1,436,459,460,-1,436,460,430,-1,430,460,461,-1,430,461,431,-1,431,461,462,-1,431,462,437,-1,437,462,463,-1,437,463,438,-1,438,463,464,-1,438,464,439,-1,439,464,465,-1,439,465,440,-1,440,465,466,-1,440,466,441,-1,441,466,467,-1,441,467,442,-1,442,467,468,-1,442,468,443,-1,443,468,469,-1,443,469,444,-1,444,469,470,-1,444,470,445,-1,445,470,471,-1,445,471,446,-1,446,471,472,-1,446,472,447,-1,447,472,473,-1,447,473,448,-1,448,473,474,-1,448,474,449,-1,449,474,475,-1,449,475,450,-1,450,475,476,-1,450,476,451,-1,451,476,477,-1,451,477,452,-1,452,477,478,-1,452,478,453,-1,453,478,479,-1,453,479,454,-1,454,479,480,-1,454,480,455,-1,455,480,481,-1,455,481,456,-1,456,481,482,-1,456,482,457,-1,457,482,483,-1,457,483,458,-1,458,483,484,-1,458,484,432,-1,432,484,485,-1,432,485,433,-1,433,485,486,-1,433,486,434,-1,434,486,487,-1,434,487,435,-1,435,487,459,-1,435,459,436,-1,488,489,490,-1,490,489,491,-1,490,491,492,-1,492,491,493,-1,492,493,494,-1,494,493,495,-1,494,495,496,-1,496,495,497,-1,496,497,498,-1,498,497,499,-1,498,499,500,-1,500,499,501,-1,500,501,502,-1,502,501,503,-1,502,503,504,-1,504,503,505,-1,504,505,506,-1,506,505,507,-1,506,507,508,-1,508,507,509,-1,508,509,510,-1,510,509,511,-1,510,511,512,-1,512,511,513,-1,512,513,514,-1,514,513,515,-1,514,515,516,-1,516,515,517,-1,516,517,518,-1,518,517,519,-1,518,519,520,-1,520,519,521,-1,520,521,522,-1,522,521,523,-1,522,523,524,-1,524,523,525,-1,524,525,526,-1,526,525,527,-1,526,527,528,-1,528,527,529,-1,528,529,530,-1,530,529,531,-1,530,531,532,-1,532,531,533,-1,532,533,534,-1,534,533,535,-1,534,535,488,-1,488,535,489,-1,532,534,536,-1,536,534,488,-1,536,488,490,-1,526,528,536,-1,536,528,530,-1,536,530,532,-1,520,522,536,-1,536,522,524,-1,536,524,526,-1,514,516,536,-1,536,516,518,-1,536,518,520,-1,508,510,536,-1,536,510,512,-1,536,512,514,-1,502,504,536,-1,536,504,506,-1,536,506,508,-1,496,498,536,-1,536,498,500,-1,536,500,502,-1,490,492,536,-1,536,492,494,-1,536,494,496,-1,
        ]
    }
}
Shape{
    appearance Appearance {
        material  Material 	{
            diffuseColor 0.25098039215686274 0.25098039215686274 0.25098039215686274
            specularColor 0.07450980392156863 0.07450980392156863 0.07450980392156863
            ambientIntensity 0.251
            transparency 0.0
            shininess 0.5
        }
    }
    geometry IndexedFaceSet {
        ccw TRUE
        solid FALSE
        coord DEF co Coordinate {
            point [
                -0.0816 0.0005 0.502, -0.0279 0.0003 0.502, -0.0813 0.0061 0.502, -0.0286 0.0096 0.502, -0.038 -0.0256 0.502, -0.0343 -0.0219 0.502, -0.0425 -0.0285 0.502, -0.0312 -0.0169 0.502, -0.0288 -0.0094 0.502, -0.0667 0.0294 0.502, -0.0615 0.0314 0.502, -0.0544 0.0322 0.502, -0.0785 -0.0158 0.502, -0.0752 -0.0214 0.502, -0.0608 -0.0306 0.502, -0.0709 -0.0258 0.502, -0.0663 -0.0288 0.502, -0.0808 -0.0086 0.502, -0.0551 -0.0311 0.502, -0.048 -0.0304 0.502, -0.0715 0.0261 0.502, -0.076 0.021 0.502, -0.0792 0.0148 0.502, -0.0306 0.0167 0.502, -0.0339 0.0226 0.502, -0.0378 0.0267 0.502, -0.0422 0.0296 0.502, -0.0474 0.0315 0.502, 0.0086 0.0313 0.502, 0.0086 -0.0004 0.502, 0.0188 0.0313 0.502, 0.0179 -0.0004 0.502, 0.0232 0.0 0.502, 0.0273 0.0011 0.502, 0.0304 0.0028 0.502, 0.0359 0.0108 0.502, 0.0365 0.0156 0.502, 0.0365 0.0159 0.502, 0.0207 0.0312 0.502, 0.0361 0.0199 0.502, 0.0265 0.0303 0.502, 0.0301 0.0288 0.502, 0.0329 0.005 0.502, 0.0348 0.0078 0.502, 0.032 0.0275 0.502, 0.0352 0.0231 0.502, 0.0338 0.0256 0.502, 0.1421 -0.0144 0.502, 0.1417 -0.0095 0.502, 0.1123 -0.0126 0.502, 0.1406 -0.0057 0.502, 0.1389 -0.0028 0.502, 0.1377 -0.0013 0.502, 0.1355 0.0004 0.502, 0.133 0.0016 0.502, 0.1145 -0.0225 0.502, 0.117 -0.0264 0.502, 0.1418 -0.0185 0.502, 0.1407 -0.0221 0.502, 0.1275 -0.0311 0.502, 0.1247 -0.0309 0.502, 0.1298 0.0023 0.502, 0.1274 0.0025 0.502, 0.1124 -0.0108 0.502, 0.1235 0.002 0.502, 0.1204 0.0009 0.502, 0.1129 -0.0181 0.502, 0.1193 -0.0286 0.502, 0.1218 -0.03 0.502, 0.1313 -0.0307 0.502, 0.134 -0.0297 0.502, 0.1366 -0.0279 0.502, 0.1176 -0.001 0.502, 0.115 -0.0039 0.502, 0.1132 -0.0073 0.502, 0.139 -0.0253 0.502
            ]
        }
        coordIndex [
            0,1,2,-1,2,1,3,-1,4,5,0,-1,4,0,6,-1,5,7,0,-1,0,7,8,-1,0,8,1,-1,9,2,10,-1,10,2,11,-1,12,13,14,-1,14,13,15,-1,14,15,16,-1,12,14,17,-1,17,14,18,-1,17,18,0,-1,0,18,19,-1,0,19,6,-1,9,20,2,-1,2,20,21,-1,2,21,22,-1,3,23,2,-1,2,23,24,-1,2,24,25,-1,25,26,2,-1,2,26,27,-1,2,27,11,-1,28,29,30,-1,30,29,31,-1,31,32,30,-1,30,32,33,-1,30,33,34,-1,35,36,30,-1,30,36,37,-1,30,37,38,-1,38,37,39,-1,38,39,40,-1,40,39,41,-1,34,42,30,-1,30,42,43,-1,30,43,35,-1,41,39,44,-1,44,39,45,-1,44,45,46,-1,47,48,49,-1,49,48,50,-1,49,50,51,-1,51,52,49,-1,49,52,53,-1,49,53,54,-1,55,56,57,-1,58,57,59,-1,59,57,60,-1,54,61,49,-1,49,61,62,-1,49,62,63,-1,63,62,64,-1,63,64,65,-1,47,49,57,-1,57,49,66,-1,57,66,55,-1,56,67,57,-1,57,67,68,-1,57,68,60,-1,69,70,71,-1,65,72,63,-1,63,72,73,-1,63,73,74,-1,69,71,59,-1,59,71,75,-1,59,75,58,-1,
        ]
    }
}
Shape{
    appearance Appearance {
        material  Material 	{
            diffuseColor 0.6470588235294118 0.6470588235294118 0.6470588235294118
            specularColor 0.3215686274509804 0.3215686274509804 0.3215686274509804
            ambientIntensity 0.6471
            transparency 0.0
            shininess 0.5
        }
    }
    geometry IndexedFaceSet {
        ccw TRUE
        solid FALSE
        coord DEF co Coordinate {
            point [
                -0.1335 0.0393 0.0728, -0.1642 -0.0395 0.0728, -0.1335 0.0393 0.0689, -0.1642 -0.0395 0.0689, -0.1527 -0.0395 0.0728, -0.1527 -0.0395 0.0689, -0.1447 -0.0174 0.0728, -0.1447 -0.0174 0.0689, -0.1122 -0.0174 0.0728, -0.1122 -0.0174 0.0689, -0.1047 -0.0395 0.0728, -0.1047 -0.0395 0.0689, -0.0932 -0.0395 0.0728, -0.0932 -0.0395 0.0689, -0.1229 0.0393 0.0728, -0.1229 0.0393 0.0689, -0.1148 -0.0088 0.0728, -0.1412 -0.0088 0.0728, -0.1266 0.0241 0.0728, -0.1274 0.0269 0.0728, -0.1279 0.0297 0.0728, -0.1281 0.0297 0.0728, -0.1286 0.0269 0.0728, -0.1293 0.0241 0.0728, -0.1148 -0.0088 0.0689, -0.1412 -0.0088 0.0689, -0.1266 0.0241 0.0689, -0.1274 0.0269 0.0689, -0.1279 0.0297 0.0689, -0.1281 0.0297 0.0689, -0.1286 0.0269 0.0689, -0.1293 0.0241 0.0689, -0.0454 -0.0395 0.0728, -0.024 -0.0395 0.0728, -0.0454 -0.0395 0.0689, -0.024 -0.0395 0.0689, -0.024 0.0393 0.0728, -0.024 0.0393 0.0689, -0.0462 0.0393 0.0728, -0.0462 0.0393 0.0689, -0.0874 0.0009 0.0728, -0.0874 0.0009 0.0689, -0.0868 0.0083 0.0689, -0.0868 0.0083 0.0728, -0.0847 0.016 0.0689, -0.0847 0.016 0.0728, -0.081 0.0228 0.0689, -0.081 0.0228 0.0728, -0.0755 0.029 0.0689, -0.0755 0.029 0.0728, -0.0754 0.0291 0.0689, -0.0754 0.0291 0.0728, -0.0668 0.0348 0.0689, -0.0668 0.0348 0.0728, -0.0576 0.038 0.0689, -0.0576 0.038 0.0728, -0.0552 -0.0386 0.0689, -0.0552 -0.0386 0.0728, -0.0642 -0.0359 0.0689, -0.0642 -0.0359 0.0728, -0.0725 -0.0312 0.0689, -0.0725 -0.0312 0.0728, -0.0789 -0.0249 0.0689, -0.0789 -0.0249 0.0728, -0.0835 -0.0179 0.0689, -0.0835 -0.0179 0.0728, -0.0863 -0.0097 0.0689, -0.0863 -0.0097 0.0728, -0.0716 0.0196 0.0728, -0.0678 0.0236 0.0728, -0.062 0.0273 0.0728, -0.0555 0.0296 0.0728, -0.0462 0.0306 0.0728, -0.0346 0.0306 0.0728, -0.0346 -0.0308 0.0728, -0.0458 -0.0308 0.0728, -0.0541 -0.0301 0.0728, -0.0607 -0.028 0.0728, -0.0661 -0.0248 0.0728, -0.0705 -0.0204 0.0728, -0.0738 -0.015 0.0728, -0.0761 -0.0076 0.0728, -0.0768 0.0007 0.0728, -0.0762 0.0085 0.0728, -0.0743 0.0147 0.0728, -0.0462 0.0306 0.0689, -0.0346 0.0306 0.0689, -0.0555 0.0296 0.0689, -0.062 0.0273 0.0689, -0.0678 0.0236 0.0689, -0.0716 0.0196 0.0689, -0.0743 0.0147 0.0689, -0.0762 0.0085 0.0689, -0.0768 0.0007 0.0689, -0.0761 -0.0076 0.0689, -0.0738 -0.015 0.0689, -0.0705 -0.0204 0.0689, -0.0661 -0.0248 0.0689, -0.0607 -0.028 0.0689, -0.0541 -0.0301 0.0689, -0.0458 -0.0308 0.0689, -0.0346 -0.0308 0.0689, -0.0087 -0.0308 0.0728, -0.0087 -0.0395 0.0728, -0.0087 -0.0308 0.0689, -0.0087 -0.0395 0.0689, 0.0336 -0.0395 0.0728, 0.0336 -0.0395 0.0689, 0.0336 0.0393 0.0728, 0.0336 0.0393 0.0689, -0.0067 0.0393 0.0728, -0.0067 0.0393 0.0689, -0.0067 0.0306 0.0728, -0.0067 0.0306 0.0689, 0.023 0.0306 0.0728, 0.023 0.0306 0.0689, 0.023 0.0047 0.0728, 0.023 0.0047 0.0689, -0.0048 0.0047 0.0728, -0.0048 0.0047 0.0689, -0.0048 -0.004 0.0728, -0.0048 -0.004 0.0689, 0.023 -0.004 0.0728, 0.023 -0.004 0.0689, 0.023 -0.0308 0.0728, 0.023 -0.0308 0.0689, 0.049 -0.0268 0.0728, 0.049 -0.0354 0.0728, 0.049 -0.0268 0.0689, 0.049 -0.0354 0.0689, 0.0574 -0.0388 0.0728, 0.0706 -0.0404 0.0728, 0.0706 -0.0404 0.0689, 0.0685 -0.0404 0.0689, 0.0685 -0.0404 0.0728, 0.0653 -0.04 0.0689, 0.0574 -0.0388 0.0689, 0.1075 -0.0016 0.0728, 0.1075 -0.0016 0.0689, 0.1068 -0.0107 0.0689, 0.1068 -0.0107 0.0728, 0.1044 -0.0191 0.0689, 0.1044 -0.0191 0.0728, 0.1002 -0.0265 0.0689, 0.1002 -0.0265 0.0728, 0.0943 -0.0328 0.0689, 0.0943 -0.0328 0.0728, 0.088 -0.0368 0.0689, 0.088 -0.0368 0.0728, 0.0803 -0.0394 0.0689, 0.0803 -0.0394 0.0728, 0.0753 -0.04 0.0689, 0.0675 0.0402 0.0728, 0.0675 0.0402 0.0689, 0.0754 0.0396 0.0689, 0.0754 0.0396 0.0728, 0.0842 0.037 0.0689, 0.0842 0.037 0.0728, 0.0917 0.0327 0.0689, 0.0917 0.0327 0.0728, 0.0988 0.0259 0.0689, 0.0988 0.0259 0.0728, 0.1034 0.0185 0.0689, 0.1034 0.0185 0.0728, 0.1064 0.0096 0.0689, 0.1064 0.0096 0.0728, 0.049 0.0371 0.0728, 0.049 0.0371 0.0689, 0.0581 0.0396 0.0689, 0.0581 0.0396 0.0728, 0.049 0.0265 0.0728, 0.049 0.0265 0.0689, 0.0674 0.0316 0.0728, 0.0674 0.0316 0.0689, 0.0578 0.0303 0.0689, 0.0578 0.0303 0.0728, 0.097 -0.001 0.0728, 0.097 -0.001 0.0689, 0.0966 0.0052 0.0689, 0.0966 0.0052 0.0728, 0.0945 0.0136 0.0689, 0.0945 0.0136 0.0728, 0.0913 0.0197 0.0689, 0.0913 0.0197 0.0728, 0.0865 0.0249 0.0689, 0.0865 0.0249 0.0728, 0.081 0.0286 0.0689, 0.081 0.0286 0.0728, 0.0752 0.0307 0.0689, 0.0752 0.0307 0.0728, 0.0692 -0.0318 0.0728, 0.0692 -0.0318 0.0689, 0.0765 -0.031 0.0689, 0.0765 -0.031 0.0728, 0.0823 -0.0289 0.0689, 0.0823 -0.0289 0.0728, 0.0871 -0.0256 0.0689, 0.0871 -0.0256 0.0728, 0.0908 -0.0217 0.0689, 0.0908 -0.0217 0.0728, 0.094 -0.0163 0.0689, 0.094 -0.0163 0.0728, 0.0962 -0.0095 0.0689, 0.0962 -0.0095 0.0728, 0.0504 -0.0275 0.0689, 0.0504 -0.0275 0.0728, 0.0587 -0.0306 0.0689, 0.0587 -0.0306 0.0728, 0.1143 -0.0308 0.0728, 0.1143 -0.0395 0.0728, 0.1143 -0.0308 0.0689, 0.1143 -0.0395 0.0689, 0.1546 -0.0395 0.0728, 0.1546 -0.0395 0.0689, 0.1546 0.0393 0.0728, 0.1546 0.0393 0.0689, 0.144 0.0393 0.0728, 0.144 0.0393 0.0689, 0.144 -0.0308 0.0728, 0.144 -0.0308 0.0689
            ]
        }
        coordIndex [
            0,1,2,-1,2,1,3,-1,1,4,3,-1,3,4,5,-1,4,6,5,-1,5,6,7,-1,6,8,7,-1,7,8,9,-1,8,10,9,-1,9,10,11,-1,10,12,11,-1,11,12,13,-1,12,14,13,-1,13,14,15,-1,14,0,15,-1,15,0,2,-1,16,8,17,-1,17,8,6,-1,18,14,16,-1,16,14,12,-1,16,12,8,-1,8,12,10,-1,18,19,14,-1,14,19,20,-1,14,20,0,-1,0,20,21,-1,0,21,22,-1,22,23,0,-1,0,23,17,-1,0,17,1,-1,1,17,6,-1,1,6,4,-1,16,17,24,-1,24,17,25,-1,18,16,26,-1,26,16,24,-1,18,26,27,-1,18,27,19,-1,19,27,28,-1,19,28,20,-1,21,20,29,-1,29,20,28,-1,21,29,30,-1,21,30,22,-1,22,30,31,-1,22,31,23,-1,17,23,25,-1,25,23,31,-1,32,33,34,-1,34,33,35,-1,33,36,35,-1,35,36,37,-1,36,38,37,-1,37,38,39,-1,40,41,42,-1,40,42,43,-1,43,42,44,-1,43,44,45,-1,45,44,46,-1,45,46,47,-1,47,46,48,-1,47,48,49,-1,49,48,50,-1,49,50,51,-1,51,50,52,-1,51,52,53,-1,53,52,54,-1,53,54,55,-1,55,54,39,-1,55,39,38,-1,32,34,56,-1,32,56,57,-1,57,56,58,-1,57,58,59,-1,59,58,60,-1,59,60,61,-1,61,60,62,-1,61,62,63,-1,63,62,64,-1,63,64,65,-1,65,64,66,-1,65,66,67,-1,67,66,41,-1,67,41,40,-1,45,47,68,-1,68,47,49,-1,68,49,69,-1,69,49,51,-1,69,51,70,-1,70,51,53,-1,70,53,71,-1,71,53,55,-1,71,55,72,-1,72,55,38,-1,72,38,73,-1,73,38,36,-1,73,36,74,-1,74,36,33,-1,74,33,75,-1,75,33,32,-1,75,32,76,-1,76,32,57,-1,76,57,77,-1,77,57,59,-1,77,59,78,-1,78,59,61,-1,78,61,79,-1,79,61,63,-1,79,63,80,-1,80,63,65,-1,80,65,81,-1,81,65,67,-1,81,67,82,-1,82,67,40,-1,82,40,83,-1,83,40,43,-1,83,43,84,-1,84,43,45,-1,84,45,68,-1,72,73,85,-1,85,73,86,-1,72,85,87,-1,72,87,71,-1,71,87,88,-1,71,88,70,-1,70,88,89,-1,70,89,69,-1,69,89,90,-1,69,90,68,-1,68,90,91,-1,68,91,84,-1,84,91,92,-1,84,92,83,-1,83,92,93,-1,83,93,82,-1,82,93,94,-1,82,94,81,-1,81,94,95,-1,81,95,80,-1,80,95,96,-1,80,96,79,-1,79,96,97,-1,79,97,78,-1,78,97,98,-1,78,98,77,-1,77,98,99,-1,77,99,76,-1,76,99,100,-1,76,100,75,-1,74,75,101,-1,101,75,100,-1,73,74,86,-1,86,74,101,-1,102,103,104,-1,104,103,105,-1,103,106,105,-1,105,106,107,-1,106,108,107,-1,107,108,109,-1,108,110,109,-1,109,110,111,-1,110,112,111,-1,111,112,113,-1,112,114,113,-1,113,114,115,-1,114,116,115,-1,115,116,117,-1,116,118,117,-1,117,118,119,-1,118,120,119,-1,119,120,121,-1,120,122,121,-1,121,122,123,-1,122,124,123,-1,123,124,125,-1,124,102,125,-1,125,102,104,-1,106,103,102,-1,102,124,106,-1,106,124,122,-1,106,122,108,-1,112,110,114,-1,114,110,108,-1,114,108,116,-1,116,108,122,-1,116,122,118,-1,118,122,120,-1,126,127,128,-1,128,127,129,-1,129,127,130,-1,131,132,133,-1,131,133,134,-1,134,133,135,-1,134,135,130,-1,130,135,136,-1,130,136,129,-1,137,138,139,-1,137,139,140,-1,140,139,141,-1,140,141,142,-1,142,141,143,-1,142,143,144,-1,144,143,145,-1,144,145,146,-1,146,145,147,-1,146,147,148,-1,148,147,149,-1,148,149,150,-1,150,149,131,-1,131,149,151,-1,131,151,132,-1,152,153,154,-1,152,154,155,-1,155,154,156,-1,155,156,157,-1,157,156,158,-1,157,158,159,-1,159,158,160,-1,159,160,161,-1,161,160,162,-1,161,162,163,-1,163,162,164,-1,163,164,165,-1,165,164,138,-1,165,138,137,-1,166,167,168,-1,166,168,169,-1,169,168,153,-1,169,153,152,-1,166,170,167,-1,167,170,171,-1,172,173,174,-1,172,174,175,-1,175,174,171,-1,175,171,170,-1,176,177,178,-1,176,178,179,-1,179,178,180,-1,179,180,181,-1,181,180,182,-1,181,182,183,-1,183,182,184,-1,183,184,185,-1,185,184,186,-1,185,186,187,-1,187,186,188,-1,187,188,189,-1,189,188,173,-1,189,173,172,-1,190,191,192,-1,190,192,193,-1,193,192,194,-1,193,194,195,-1,195,194,196,-1,195,196,197,-1,197,196,198,-1,197,198,199,-1,199,198,200,-1,199,200,201,-1,201,200,202,-1,201,202,203,-1,203,202,177,-1,203,177,176,-1,126,128,204,-1,126,204,205,-1,205,204,206,-1,205,206,207,-1,207,206,191,-1,207,191,190,-1,193,131,190,-1,190,131,134,-1,190,134,207,-1,207,134,130,-1,207,130,205,-1,205,130,127,-1,205,127,126,-1,170,166,175,-1,175,166,169,-1,175,169,172,-1,172,169,152,-1,172,152,189,-1,189,152,155,-1,189,155,187,-1,187,155,157,-1,187,157,185,-1,185,157,159,-1,185,159,183,-1,183,159,161,-1,183,161,181,-1,181,161,163,-1,181,163,179,-1,179,163,165,-1,179,165,176,-1,176,165,137,-1,176,137,203,-1,203,137,140,-1,203,140,201,-1,201,140,142,-1,201,142,199,-1,199,142,144,-1,199,144,197,-1,197,144,146,-1,197,146,195,-1,195,146,148,-1,195,148,193,-1,193,148,150,-1,193,150,131,-1,208,209,210,-1,210,209,211,-1,209,212,211,-1,211,212,213,-1,212,214,213,-1,213,214,215,-1,214,216,215,-1,215,216,217,-1,216,218,217,-1,217,218,219,-1,218,208,219,-1,219,208,210,-1,216,214,218,-1,218,214,212,-1,218,212,208,-1,208,212,209,-1,
        ]
    }
}
Shape{
    appearance Appearance {
        material  Material 	{
            diffuseColor 0.25098039215686274 0.25098039215686274 0.25098039215686274
            specularColor 0.07450980392156863 0.07450980392156863 0.07450980392156863
            ambientIntensity 0.251
            transparency 0.0
            shininess 0.5
        }
    }
    geometry IndexedFaceSet {
        ccw TRUE
        solid FALSE
        coord DEF co Coordinate {
            point [
                -0.1148 -0.0088 0.0689, -0.1412 -0.0088 0.0689, -0.1266 0.0241 0.0689, -0.1293 0.0241 0.0689, -0.1274 0.0269 0.0689, -0.1286 0.0269 0.0689, -0.1279 0.0297 0.0689, -0.1281 0.0297 0.0689, -0.0346 0.0306 0.0689, -0.0346 -0.0308 0.0689, -0.0462 0.0306 0.0689, -0.0458 -0.0308 0.0689, -0.0541 -0.0301 0.0689, -0.0768 0.0007 0.0689, -0.0762 0.0085 0.0689, -0.0743 0.0147 0.0689, -0.0555 0.0296 0.0689, -0.0607 -0.028 0.0689, -0.0661 -0.0248 0.0689, -0.0705 -0.0204 0.0689, -0.0738 -0.015 0.0689, -0.0761 -0.0076 0.0689, -0.0716 0.0196 0.0689, -0.0678 0.0236 0.0689, -0.062 0.0273 0.0689
            ]
        }
        coordIndex [
            0,1,2,-1,2,1,3,-1,2,3,4,-1,4,3,5,-1,4,5,6,-1,6,5,7,-1,8,9,10,-1,10,9,11,-1,10,11,12,-1,13,14,10,-1,10,14,15,-1,10,15,16,-1,12,17,10,-1,10,17,18,-1,10,18,19,-1,19,20,10,-1,10,20,21,-1,10,21,13,-1,22,23,15,-1,15,23,24,-1,15,24,16,-1,
        ]
    }
}
Shape{
    appearance Appearance {
        material  Material 	{
            diffuseColor 0.8509803921568627 0.8509803921568627 0.8509803921568627
            specularColor 0.4235294117647059 0.4235294117647059 0.4235294117647059
            ambientIntensity 0.851
            transparency 0.0
            shininess 0.5
        }
    }
    geometry IndexedFaceSet {
        ccw TRUE
        solid FALSE
        coord DEF co Coordinate {
            point [
                -0.1969 -0.4331 0.0, -0.1969 -0.4331 0.0591, -0.315 -0.4331 0.0, -0.315 -0.4331 0.0591, -0.315 -0.2769 0.315, -0.315 -0.2559 0.315, -0.315 -0.2769 0.2559, -0.315 -0.2559 0.2559, -0.1969 -0.2769 0.2559, -0.1969 -0.2559 0.2559, -0.1969 -0.2769 0.315, -0.1969 -0.2559 0.315, -0.315 -0.2866 0.2479, -0.315 -0.3446 0.259, -0.315 -0.2859 0.2501, -0.315 -0.3398 0.2741, -0.315 -0.2847 0.252, -0.315 -0.3318 0.2877, -0.315 -0.2832 0.2536, -0.315 -0.3208 0.2992, -0.315 -0.2813 0.2549, -0.315 -0.3075 0.3078, -0.315 -0.2792 0.2556, -0.315 -0.2926 0.3131, -0.1969 -0.2792 0.2556, -0.1969 -0.2813 0.2549, -0.1969 -0.2832 0.2536, -0.1969 -0.2847 0.252, -0.1969 -0.2859 0.2501, -0.1969 -0.2866 0.2479, -0.1969 -0.2926 0.3131, -0.1969 -0.3075 0.3078, -0.1969 -0.3208 0.2992, -0.1969 -0.3318 0.2877, -0.1969 -0.3398 0.2741, -0.1969 -0.3446 0.259, -0.315 -0.3782 0.083, -0.315 -0.3202 0.0719, -0.1969 -0.3202 0.0719, -0.1969 -0.3782 0.083, -0.315 -0.3803 0.0766, -0.315 -0.3263 0.0525, -0.315 -0.3837 0.0707, -0.315 -0.3367 0.035, -0.315 -0.3884 0.0658, -0.315 -0.3508 0.0203, -0.315 -0.3941 0.0621, -0.315 -0.3679 0.0092, -0.315 -0.4005 0.0598, -0.315 -0.387 0.0023, -0.315 -0.4072 0.0591, -0.315 -0.4072 0.0, -0.1969 -0.4072 0.0, -0.1969 -0.387 0.0023, -0.1969 -0.3679 0.0092, -0.1969 -0.3508 0.0203, -0.1969 -0.3367 0.035, -0.1969 -0.3263 0.0525, -0.1969 -0.4072 0.0591, -0.1969 -0.4005 0.0598, -0.1969 -0.3941 0.0621, -0.1969 -0.3884 0.0658, -0.1969 -0.3837 0.0707, -0.1969 -0.3803 0.0766, 0.059 -0.4331 0.0, 0.059 -0.4331 0.0591, -0.0591 -0.4331 0.0, -0.0591 -0.4331 0.0591, -0.0591 -0.2769 0.315, -0.0591 -0.2559 0.315, -0.0591 -0.2769 0.2559, -0.0591 -0.2559 0.2559, 0.059 -0.2769 0.2559, 0.059 -0.2559 0.2559, 0.059 -0.2769 0.315, 0.059 -0.2559 0.315, -0.0591 -0.2866 0.2479, -0.0591 -0.3446 0.259, -0.0591 -0.2859 0.2501, -0.0591 -0.3398 0.2741, -0.0591 -0.2847 0.252, -0.0591 -0.3318 0.2877, -0.0591 -0.2832 0.2536, -0.0591 -0.3208 0.2992, -0.0591 -0.2813 0.2549, -0.0591 -0.3075 0.3078, -0.0591 -0.2792 0.2556, -0.0591 -0.2926 0.3131, 0.059 -0.2792 0.2556, 0.059 -0.2813 0.2549, 0.059 -0.2832 0.2536, 0.059 -0.2847 0.252, 0.059 -0.2859 0.2501, 0.059 -0.2866 0.2479, 0.059 -0.2926 0.3131, 0.059 -0.3075 0.3078, 0.059 -0.3208 0.2992, 0.059 -0.3318 0.2877, 0.059 -0.3398 0.2741, 0.059 -0.3446 0.259, -0.0591 -0.3782 0.083, -0.0591 -0.3202 0.0719, 0.059 -0.3202 0.0719, 0.059 -0.3782 0.083, -0.0591 -0.3803 0.0766, -0.0591 -0.3263 0.0525, -0.0591 -0.3837 0.0707, -0.0591 -0.3367 0.035, -0.0591 -0.3884 0.0658, -0.0591 -0.3508 0.0203, -0.0591 -0.3941 0.0621, -0.0591 -0.3679 0.0092, -0.0591 -0.4005 0.0598, -0.0591 -0.387 0.0023, -0.0591 -0.4072 0.0591, -0.0591 -0.4072 0.0, 0.059 -0.4072 0.0, 0.059 -0.387 0.0023, 0.059 -0.3679 0.0092, 0.059 -0.3508 0.0203, 0.059 -0.3367 0.035, 0.059 -0.3263 0.0525, 0.059 -0.4072 0.0591, 0.059 -0.4005 0.0598, 0.059 -0.3941 0.0621, 0.059 -0.3884 0.0658, 0.059 -0.3837 0.0707, 0.059 -0.3803 0.0766, 0.315 -0.4331 0.0, 0.315 -0.4331 0.0591, 0.1968 -0.4331 0.0, 0.1968 -0.4331 0.0591, 0.1968 -0.2769 0.315, 0.1968 -0.2559 0.315, 0.1968 -0.2769 0.2559, 0.1968 -0.2559 0.2559, 0.315 -0.2769 0.2559, 0.315 -0.2559 0.2559, 0.315 -0.2769 0.315, 0.315 -0.2559 0.315, 0.1968 -0.2866 0.2479, 0.1968 -0.3446 0.259, 0.1968 -0.2859 0.2501, 0.1968 -0.3398 0.2741, 0.1968 -0.2847 0.252, 0.1968 -0.3318 0.2877, 0.1968 -0.2832 0.2536, 0.1968 -0.3208 0.2992, 0.1968 -0.2813 0.2549, 0.1968 -0.3075 0.3078, 0.1968 -0.2792 0.2556, 0.1968 -0.2926 0.3131, 0.315 -0.2792 0.2556, 0.315 -0.2813 0.2549, 0.315 -0.2832 0.2536, 0.315 -0.2847 0.252, 0.315 -0.2859 0.2501, 0.315 -0.2866 0.2479, 0.315 -0.2926 0.3131, 0.315 -0.3075 0.3078, 0.315 -0.3208 0.2992, 0.315 -0.3318 0.2877, 0.315 -0.3398 0.2741, 0.315 -0.3446 0.259, 0.1968 -0.3782 0.083, 0.1968 -0.3202 0.0719, 0.315 -0.3202 0.0719, 0.315 -0.3782 0.083, 0.1968 -0.3803 0.0766, 0.1968 -0.3263 0.0525, 0.1968 -0.3837 0.0707, 0.1968 -0.3367 0.035, 0.1968 -0.3884 0.0658, 0.1968 -0.3508 0.0203, 0.1968 -0.3941 0.0621, 0.1968 -0.3679 0.0092, 0.1968 -0.4005 0.0598, 0.1968 -0.387 0.0023, 0.1968 -0.4072 0.0591, 0.1968 -0.4072 0.0, 0.315 -0.4072 0.0, 0.315 -0.387 0.0023, 0.315 -0.3679 0.0092, 0.315 -0.3508 0.0203, 0.315 -0.3367 0.035, 0.315 -0.3263 0.0525, 0.315 -0.4072 0.0591, 0.315 -0.4005 0.0598, 0.315 -0.3941 0.0621, 0.315 -0.3884 0.0658, 0.315 -0.3837 0.0707, 0.315 -0.3803 0.0766, -0.1969 0.4331 0.0591, -0.1969 0.4331 0.0, -0.315 0.4331 0.0591, -0.315 0.4331 0.0, -0.1969 0.2769 0.315, -0.1969 0.2559 0.315, -0.1969 0.2769 0.2559, -0.1969 0.2559 0.2559, -0.315 0.2769 0.2559, -0.315 0.2559 0.2559, -0.315 0.2769 0.315, -0.315 0.2559 0.315, -0.1969 0.2866 0.2479, -0.1969 0.3446 0.259, -0.1969 0.2859 0.2501, -0.1969 0.3398 0.2741, -0.1969 0.2847 0.252, -0.1969 0.3318 0.2877, -0.1969 0.2832 0.2536, -0.1969 0.3208 0.2992, -0.1969 0.2813 0.2549, -0.1969 0.3075 0.3078, -0.1969 0.2792 0.2556, -0.1969 0.2926 0.3131, -0.315 0.2792 0.2556, -0.315 0.2813 0.2549, -0.315 0.2832 0.2536, -0.315 0.2847 0.252, -0.315 0.2859 0.2501, -0.315 0.2866 0.2479, -0.315 0.2926 0.3131, -0.315 0.3075 0.3078, -0.315 0.3208 0.2992, -0.315 0.3318 0.2877, -0.315 0.3398 0.2741, -0.315 0.3446 0.259, -0.1969 0.3782 0.083, -0.1969 0.3202 0.0719, -0.315 0.3202 0.0719, -0.315 0.3782 0.083, -0.1969 0.3803 0.0766, -0.1969 0.3263 0.0525, -0.1969 0.3837 0.0707, -0.1969 0.3367 0.035, -0.1969 0.3884 0.0658, -0.1969 0.3508 0.0203, -0.1969 0.3941 0.0621, -0.1969 0.3679 0.0092, -0.1969 0.4005 0.0598, -0.1969 0.387 0.0023, -0.1969 0.4072 0.0591, -0.1969 0.4072 0.0, -0.315 0.4072 0.0, -0.315 0.387 0.0023, -0.315 0.3679 0.0092, -0.315 0.3508 0.0203, -0.315 0.3367 0.035, -0.315 0.3263 0.0525, -0.315 0.4072 0.0591, -0.315 0.4005 0.0598, -0.315 0.3941 0.0621, -0.315 0.3884 0.0658, -0.315 0.3837 0.0707, -0.315 0.3803 0.0766, 0.059 0.4331 0.0591, 0.059 0.4331 0.0, -0.0591 0.4331 0.0591, -0.0591 0.4331 0.0, 0.059 0.2769 0.315, 0.059 0.2559 0.315, 0.059 0.2769 0.2559, 0.059 0.2559 0.2559, -0.0591 0.2769 0.2559, -0.0591 0.2559 0.2559, -0.0591 0.2769 0.315, -0.0591 0.2559 0.315, 0.059 0.2866 0.2479, 0.059 0.3446 0.259, 0.059 0.2859 0.2501, 0.059 0.3398 0.2741, 0.059 0.2847 0.252, 0.059 0.3318 0.2877, 0.059 0.2832 0.2536, 0.059 0.3208 0.2992, 0.059 0.2813 0.2549, 0.059 0.3075 0.3078, 0.059 0.2792 0.2556, 0.059 0.2926 0.3131, -0.0591 0.2792 0.2556, -0.0591 0.2813 0.2549, -0.0591 0.2832 0.2536, -0.0591 0.2847 0.252, -0.0591 0.2859 0.2501, -0.0591 0.2866 0.2479, -0.0591 0.2926 0.3131, -0.0591 0.3075 0.3078, -0.0591 0.3208 0.2992, -0.0591 0.3318 0.2877, -0.0591 0.3398 0.2741, -0.0591 0.3446 0.259, 0.059 0.3782 0.083, 0.059 0.3202 0.0719, -0.0591 0.3202 0.0719, -0.0591 0.3782 0.083, 0.059 0.3803 0.0766, 0.059 0.3263 0.0525, 0.059 0.3837 0.0707, 0.059 0.3367 0.035, 0.059 0.3884 0.0658, 0.059 0.3508 0.0203, 0.059 0.3941 0.0621, 0.059 0.3679 0.0092, 0.059 0.4005 0.0598, 0.059 0.387 0.0023, 0.059 0.4072 0.0591, 0.059 0.4072 0.0, -0.0591 0.4072 0.0, -0.0591 0.387 0.0023, -0.0591 0.3679 0.0092, -0.0591 0.3508 0.0203, -0.0591 0.3367 0.035, -0.0591 0.3263 0.0525, -0.0591 0.4072 0.0591, -0.0591 0.4005 0.0598, -0.0591 0.3941 0.0621, -0.0591 0.3884 0.0658, -0.0591 0.3837 0.0707, -0.0591 0.3803 0.0766, 0.315 0.4331 0.0591, 0.315 0.4331 0.0, 0.1968 0.4331 0.0591, 0.1968 0.4331 0.0, 0.315 0.2769 0.315, 0.315 0.2559 0.315, 0.315 0.2769 0.2559, 0.315 0.2559 0.2559, 0.1968 0.2769 0.2559, 0.1968 0.2559 0.2559, 0.1968 0.2769 0.315, 0.1968 0.2559 0.315, 0.315 0.2866 0.2479, 0.315 0.3446 0.259, 0.315 0.2859 0.2501, 0.315 0.3398 0.2741, 0.315 0.2847 0.252, 0.315 0.3318 0.2877, 0.315 0.2832 0.2536, 0.315 0.3208 0.2992, 0.315 0.2813 0.2549, 0.315 0.3075 0.3078, 0.315 0.2792 0.2556, 0.315 0.2926 0.3131, 0.1968 0.2792 0.2556, 0.1968 0.2813 0.2549, 0.1968 0.2832 0.2536, 0.1968 0.2847 0.252, 0.1968 0.2859 0.2501, 0.1968 0.2866 0.2479, 0.1968 0.2926 0.3131, 0.1968 0.3075 0.3078, 0.1968 0.3208 0.2992, 0.1968 0.3318 0.2877, 0.1968 0.3398 0.2741, 0.1968 0.3446 0.259, 0.315 0.3782 0.083, 0.315 0.3202 0.0719, 0.1968 0.3202 0.0719, 0.1968 0.3782 0.083, 0.315 0.3803 0.0766, 0.315 0.3263 0.0525, 0.315 0.3837 0.0707, 0.315 0.3367 0.035, 0.315 0.3884 0.0658, 0.315 0.3508 0.0203, 0.315 0.3941 0.0621, 0.315 0.3679 0.0092, 0.315 0.4005 0.0598, 0.315 0.387 0.0023, 0.315 0.4072 0.0591, 0.315 0.4072 0.0, 0.1968 0.4072 0.0, 0.1968 0.387 0.0023, 0.1968 0.3679 0.0092, 0.1968 0.3508 0.0203, 0.1968 0.3367 0.035, 0.1968 0.3263 0.0525, 0.1968 0.4072 0.0591, 0.1968 0.4005 0.0598, 0.1968 0.3941 0.0621, 0.1968 0.3884 0.0658, 0.1968 0.3837 0.0707, 0.1968 0.3803 0.0766
            ]
        }
        coordIndex [
            0,1,2,-1,2,1,3,-1,4,5,6,-1,6,5,7,-1,6,7,8,-1,8,7,9,-1,8,9,10,-1,10,9,11,-1,11,5,10,-1,10,5,4,-1,12,13,14,-1,14,13,15,-1,14,15,16,-1,16,15,17,-1,16,17,18,-1,18,17,19,-1,18,19,20,-1,20,19,21,-1,20,21,22,-1,22,21,23,-1,22,23,6,-1,6,23,4,-1,6,8,22,-1,22,8,24,-1,22,24,20,-1,20,24,25,-1,20,25,18,-1,18,25,26,-1,18,26,16,-1,16,26,27,-1,16,27,14,-1,14,27,28,-1,14,28,12,-1,12,28,29,-1,8,10,24,-1,24,10,30,-1,24,30,25,-1,25,30,31,-1,25,31,26,-1,26,31,32,-1,26,32,27,-1,27,32,33,-1,27,33,28,-1,28,33,34,-1,28,34,29,-1,29,34,35,-1,13,35,34,-1,13,34,15,-1,15,34,33,-1,15,33,17,-1,17,33,32,-1,17,32,19,-1,19,32,31,-1,19,31,21,-1,21,31,30,-1,21,30,23,-1,23,30,10,-1,23,10,4,-1,36,13,37,-1,37,13,12,-1,37,12,38,-1,38,12,29,-1,38,29,39,-1,39,29,35,-1,35,13,39,-1,39,13,36,-1,36,37,40,-1,40,37,41,-1,40,41,42,-1,42,41,43,-1,42,43,44,-1,44,43,45,-1,44,45,46,-1,46,45,47,-1,46,47,48,-1,48,47,49,-1,48,49,50,-1,50,49,51,-1,52,51,49,-1,52,49,53,-1,53,49,47,-1,53,47,54,-1,54,47,45,-1,54,45,55,-1,55,45,43,-1,55,43,56,-1,56,43,41,-1,56,41,57,-1,57,41,37,-1,57,37,38,-1,58,52,59,-1,59,52,53,-1,59,53,60,-1,60,53,54,-1,60,54,61,-1,61,54,55,-1,61,55,62,-1,62,55,56,-1,62,56,63,-1,63,56,57,-1,63,57,39,-1,39,57,38,-1,39,36,63,-1,63,36,40,-1,63,40,62,-1,62,40,42,-1,62,42,61,-1,61,42,44,-1,61,44,60,-1,60,44,46,-1,60,46,59,-1,59,46,48,-1,59,48,58,-1,58,48,50,-1,3,50,2,-1,2,50,51,-1,2,51,0,-1,0,51,52,-1,0,52,1,-1,1,52,58,-1,58,50,1,-1,1,50,3,-1,64,65,66,-1,66,65,67,-1,68,69,70,-1,70,69,71,-1,70,71,72,-1,72,71,73,-1,72,73,74,-1,74,73,75,-1,75,69,74,-1,74,69,68,-1,76,77,78,-1,78,77,79,-1,78,79,80,-1,80,79,81,-1,80,81,82,-1,82,81,83,-1,82,83,84,-1,84,83,85,-1,84,85,86,-1,86,85,87,-1,86,87,70,-1,70,87,68,-1,70,72,86,-1,86,72,88,-1,86,88,84,-1,84,88,89,-1,84,89,82,-1,82,89,90,-1,82,90,80,-1,80,90,91,-1,80,91,78,-1,78,91,92,-1,78,92,76,-1,76,92,93,-1,72,74,88,-1,88,74,94,-1,88,94,89,-1,89,94,95,-1,89,95,90,-1,90,95,96,-1,90,96,91,-1,91,96,97,-1,91,97,92,-1,92,97,98,-1,92,98,93,-1,93,98,99,-1,77,99,98,-1,77,98,79,-1,79,98,97,-1,79,97,81,-1,81,97,96,-1,81,96,83,-1,83,96,95,-1,83,95,85,-1,85,95,94,-1,85,94,87,-1,87,94,74,-1,87,74,68,-1,100,77,101,-1,101,77,76,-1,101,76,102,-1,102,76,93,-1,102,93,103,-1,103,93,99,-1,99,77,103,-1,103,77,100,-1,100,101,104,-1,104,101,105,-1,104,105,106,-1,106,105,107,-1,106,107,108,-1,108,107,109,-1,108,109,110,-1,110,109,111,-1,110,111,112,-1,112,111,113,-1,112,113,114,-1,114,113,115,-1,116,115,113,-1,116,113,117,-1,117,113,111,-1,117,111,118,-1,118,111,109,-1,118,109,119,-1,119,109,107,-1,119,107,120,-1,120,107,105,-1,120,105,121,-1,121,105,101,-1,121,101,102,-1,122,116,123,-1,123,116,117,-1,123,117,124,-1,124,117,118,-1,124,118,125,-1,125,118,119,-1,125,119,126,-1,126,119,120,-1,126,120,127,-1,127,120,121,-1,127,121,103,-1,103,121,102,-1,103,100,127,-1,127,100,104,-1,127,104,126,-1,126,104,106,-1,126,106,125,-1,125,106,108,-1,125,108,124,-1,124,108,110,-1,124,110,123,-1,123,110,112,-1,123,112,122,-1,122,112,114,-1,67,114,66,-1,66,114,115,-1,66,115,64,-1,64,115,116,-1,64,116,65,-1,65,116,122,-1,122,114,65,-1,65,114,67,-1,128,129,130,-1,130,129,131,-1,132,133,134,-1,134,133,135,-1,134,135,136,-1,136,135,137,-1,136,137,138,-1,138,137,139,-1,139,133,138,-1,138,133,132,-1,140,141,142,-1,142,141,143,-1,142,143,144,-1,144,143,145,-1,144,145,146,-1,146,145,147,-1,146,147,148,-1,148,147,149,-1,148,149,150,-1,150,149,151,-1,150,151,134,-1,134,151,132,-1,134,136,150,-1,150,136,152,-1,150,152,148,-1,148,152,153,-1,148,153,146,-1,146,153,154,-1,146,154,144,-1,144,154,155,-1,144,155,142,-1,142,155,156,-1,142,156,140,-1,140,156,157,-1,136,138,152,-1,152,138,158,-1,152,158,153,-1,153,158,159,-1,153,159,154,-1,154,159,160,-1,154,160,155,-1,155,160,161,-1,155,161,156,-1,156,161,162,-1,156,162,157,-1,157,162,163,-1,141,163,162,-1,141,162,143,-1,143,162,161,-1,143,161,145,-1,145,161,160,-1,145,160,147,-1,147,160,159,-1,147,159,149,-1,149,159,158,-1,149,158,151,-1,151,158,138,-1,151,138,132,-1,164,141,165,-1,165,141,140,-1,165,140,166,-1,166,140,157,-1,166,157,167,-1,167,157,163,-1,163,141,167,-1,167,141,164,-1,164,165,168,-1,168,165,169,-1,168,169,170,-1,170,169,171,-1,170,171,172,-1,172,171,173,-1,172,173,174,-1,174,173,175,-1,174,175,176,-1,176,175,177,-1,176,177,178,-1,178,177,179,-1,180,179,177,-1,180,177,181,-1,181,177,175,-1,181,175,182,-1,182,175,173,-1,182,173,183,-1,183,173,171,-1,183,171,184,-1,184,171,169,-1,184,169,185,-1,185,169,165,-1,185,165,166,-1,186,180,187,-1,187,180,181,-1,187,181,188,-1,188,181,182,-1,188,182,189,-1,189,182,183,-1,189,183,190,-1,190,183,184,-1,190,184,191,-1,191,184,185,-1,191,185,167,-1,167,185,166,-1,167,164,191,-1,191,164,168,-1,191,168,190,-1,190,168,170,-1,190,170,189,-1,189,170,172,-1,189,172,188,-1,188,172,174,-1,188,174,187,-1,187,174,176,-1,187,176,186,-1,186,176,178,-1,131,178,130,-1,130,178,179,-1,130,179,128,-1,128,179,180,-1,128,180,129,-1,129,180,186,-1,186,178,129,-1,129,178,131,-1,192,193,194,-1,194,193,195,-1,196,197,198,-1,198,197,199,-1,198,199,200,-1,200,199,201,-1,200,201,202,-1,202,201,203,-1,203,197,202,-1,202,197,196,-1,204,205,206,-1,206,205,207,-1,206,207,208,-1,208,207,209,-1,208,209,210,-1,210,209,211,-1,210,211,212,-1,212,211,213,-1,212,213,214,-1,214,213,215,-1,214,215,198,-1,198,215,196,-1,198,200,214,-1,214,200,216,-1,214,216,212,-1,212,216,217,-1,212,217,210,-1,210,217,218,-1,210,218,208,-1,208,218,219,-1,208,219,206,-1,206,219,220,-1,206,220,204,-1,204,220,221,-1,200,202,216,-1,216,202,222,-1,216,222,217,-1,217,222,223,-1,217,223,218,-1,218,223,224,-1,218,224,219,-1,219,224,225,-1,219,225,220,-1,220,225,226,-1,220,226,221,-1,221,226,227,-1,205,227,226,-1,205,226,207,-1,207,226,225,-1,207,225,209,-1,209,225,224,-1,209,224,211,-1,211,224,223,-1,211,223,213,-1,213,223,222,-1,213,222,215,-1,215,222,202,-1,215,202,196,-1,228,205,229,-1,229,205,204,-1,229,204,230,-1,230,204,221,-1,230,221,231,-1,231,221,227,-1,227,205,231,-1,231,205,228,-1,228,229,232,-1,232,229,233,-1,232,233,234,-1,234,233,235,-1,234,235,236,-1,236,235,237,-1,236,237,238,-1,238,237,239,-1,238,239,240,-1,240,239,241,-1,240,241,242,-1,242,241,243,-1,244,243,241,-1,244,241,245,-1,245,241,239,-1,245,239,246,-1,246,239,237,-1,246,237,247,-1,247,237,235,-1,247,235,248,-1,248,235,233,-1,248,233,249,-1,249,233,229,-1,249,229,230,-1,250,244,251,-1,251,244,245,-1,251,245,252,-1,252,245,246,-1,252,246,253,-1,253,246,247,-1,253,247,254,-1,254,247,248,-1,254,248,255,-1,255,248,249,-1,255,249,231,-1,231,249,230,-1,231,228,255,-1,255,228,232,-1,255,232,254,-1,254,232,234,-1,254,234,253,-1,253,234,236,-1,253,236,252,-1,252,236,238,-1,252,238,251,-1,251,238,240,-1,251,240,250,-1,250,240,242,-1,192,242,193,-1,193,242,243,-1,193,243,195,-1,195,243,244,-1,195,244,194,-1,194,244,250,-1,250,242,194,-1,194,242,192,-1,256,257,258,-1,258,257,259,-1,260,261,262,-1,262,261,263,-1,262,263,264,-1,264,263,265,-1,264,265,266,-1,266,265,267,-1,267,261,266,-1,266,261,260,-1,268,269,270,-1,270,269,271,-1,270,271,272,-1,272,271,273,-1,272,273,274,-1,274,273,275,-1,274,275,276,-1,276,275,277,-1,276,277,278,-1,278,277,279,-1,278,279,262,-1,262,279,260,-1,262,264,278,-1,278,264,280,-1,278,280,276,-1,276,280,281,-1,276,281,274,-1,274,281,282,-1,274,282,272,-1,272,282,283,-1,272,283,270,-1,270,283,284,-1,270,284,268,-1,268,284,285,-1,264,266,280,-1,280,266,286,-1,280,286,281,-1,281,286,287,-1,281,287,282,-1,282,287,288,-1,282,288,283,-1,283,288,289,-1,283,289,284,-1,284,289,290,-1,284,290,285,-1,285,290,291,-1,269,291,290,-1,269,290,271,-1,271,290,289,-1,271,289,273,-1,273,289,288,-1,273,288,275,-1,275,288,287,-1,275,287,277,-1,277,287,286,-1,277,286,279,-1,279,286,266,-1,279,266,260,-1,292,269,293,-1,293,269,268,-1,293,268,294,-1,294,268,285,-1,294,285,295,-1,295,285,291,-1,291,269,295,-1,295,269,292,-1,292,293,296,-1,296,293,297,-1,296,297,298,-1,298,297,299,-1,298,299,300,-1,300,299,301,-1,300,301,302,-1,302,301,303,-1,302,303,304,-1,304,303,305,-1,304,305,306,-1,306,305,307,-1,308,307,305,-1,308,305,309,-1,309,305,303,-1,309,303,310,-1,310,303,301,-1,310,301,311,-1,311,301,299,-1,311,299,312,-1,312,299,297,-1,312,297,313,-1,313,297,293,-1,313,293,294,-1,314,308,315,-1,315,308,309,-1,315,309,316,-1,316,309,310,-1,316,310,317,-1,317,310,311,-1,317,311,318,-1,318,311,312,-1,318,312,319,-1,319,312,313,-1,319,313,295,-1,295,313,294,-1,295,292,319,-1,319,292,296,-1,319,296,318,-1,318,296,298,-1,318,298,317,-1,317,298,300,-1,317,300,316,-1,316,300,302,-1,316,302,315,-1,315,302,304,-1,315,304,314,-1,314,304,306,-1,256,306,257,-1,257,306,307,-1,257,307,259,-1,259,307,308,-1,259,308,258,-1,258,308,314,-1,314,306,258,-1,258,306,256,-1,320,321,322,-1,322,321,323,-1,324,325,326,-1,326,325,327,-1,326,327,328,-1,328,327,329,-1,328,329,330,-1,330,329,331,-1,331,325,330,-1,330,325,324,-1,332,333,334,-1,334,333,335,-1,334,335,336,-1,336,335,337,-1,336,337,338,-1,338,337,339,-1,338,339,340,-1,340,339,341,-1,340,341,342,-1,342,341,343,-1,342,343,326,-1,326,343,324,-1,326,328,342,-1,342,328,344,-1,342,344,340,-1,340,344,345,-1,340,345,338,-1,338,345,346,-1,338,346,336,-1,336,346,347,-1,336,347,334,-1,334,347,348,-1,334,348,332,-1,332,348,349,-1,328,330,344,-1,344,330,350,-1,344,350,345,-1,345,350,351,-1,345,351,346,-1,346,351,352,-1,346,352,347,-1,347,352,353,-1,347,353,348,-1,348,353,354,-1,348,354,349,-1,349,354,355,-1,333,355,354,-1,333,354,335,-1,335,354,353,-1,335,353,337,-1,337,353,352,-1,337,352,339,-1,339,352,351,-1,339,351,341,-1,341,351,350,-1,341,350,343,-1,343,350,330,-1,343,330,324,-1,356,333,357,-1,357,333,332,-1,357,332,358,-1,358,332,349,-1,358,349,359,-1,359,349,355,-1,355,333,359,-1,359,333,356,-1,356,357,360,-1,360,357,361,-1,360,361,362,-1,362,361,363,-1,362,363,364,-1,364,363,365,-1,364,365,366,-1,366,365,367,-1,366,367,368,-1,368,367,369,-1,368,369,370,-1,370,369,371,-1,372,371,369,-1,372,369,373,-1,373,369,367,-1,373,367,374,-1,374,367,365,-1,374,365,375,-1,375,365,363,-1,375,363,376,-1,376,363,361,-1,376,361,377,-1,377,361,357,-1,377,357,358,-1,378,372,379,-1,379,372,373,-1,379,373,380,-1,380,373,374,-1,380,374,381,-1,381,374,375,-1,381,375,382,-1,382,375,376,-1,382,376,383,-1,383,376,377,-1,383,377,359,-1,359,377,358,-1,359,356,383,-1,383,356,360,-1,383,360,382,-1,382,360,362,-1,382,362,381,-1,381,362,364,-1,381,364,380,-1,380,364,366,-1,380,366,379,-1,379,366,368,-1,379,368,378,-1,378,368,370,-1,320,370,321,-1,321,370,371,-1,321,371,323,-1,323,371,372,-1,323,372,322,-1,322,372,378,-1,378,370,322,-1,322,370,320,-1,
        ]
    }
}