#VRML V2.0 utf8
# 3D model generated by easyeda2kicad.py (https://github.com/uPesy/easyeda2kicad.py)

Shape{
    appearance Appearance {
        material  Material 	{
            diffuseColor 0.6666666666666666 0.6666666666666666 0.6666666666666666
            specularColor 0.4666666666666667 0.4666666666666667 0.4666666666666667
            ambientIntensity 0.6667
            transparency 0.0
            shininess 0.5
        }
    }
    geometry IndexedFaceSet {
        ccw TRUE
        solid FALSE
        coord DEF co Coordinate {
            point [
                -1.3623 2.6849 0.7913, -1.3623 2.6005 0.7913, -1.3243 2.6005 0.7913, -1.0804 2.5609 0.7913, -1.0503 2.5609 0.7913, -1.0503 2.5888 0.7913, 0.607 -2.4057 0.7913, 2.0866 -2.4057 0.7913, 2.0866 2.3998 0.7913, -1.2116 2.4381 0.7913, -1.2158 2.4376 0.7913, -1.1919 2.4376 0.7913, -0.961 2.5888 0.7913, -0.992 2.5896 0.7913, -1.0056 2.5896 0.7913, -1.0283 2.6849 0.7913, -0.961 2.6857 0.7913, -1.0503 2.6857 0.7913, -1.0642 2.5896 0.7913, -1.0778 2.5896 0.7913, -1.0804 2.5888 0.7913, -1.0503 2.6157 0.7913, -1.055 2.6157 0.7913, -1.0804 2.6857 0.7913, -1.0503 2.6617 0.7913, -1.0415 2.6849 0.7913, -1.3062 2.6483 0.7913, -1.2531 2.6035 0.7913, -1.3031 2.6567 0.7913, -1.2987 2.6635 0.7913, -1.3075 2.6362 0.7913, -1.3075 2.6353 0.7913, -1.2584 2.6011 0.7913, -1.2692 2.5991 0.7913, -1.2757 2.6752 0.7913, -1.2839 2.6735 0.7913, -1.2531 2.6715 0.7913, -1.2601 2.6741 0.7913, -1.2715 2.6754 0.7913, -1.2914 2.67 0.7913, -1.2975 2.6649 0.7913, -1.306 2.6236 0.7913, -1.303 2.6158 0.7913, -1.2981 2.609 0.7913, -1.2895 2.6025 0.7913, -1.2826 2.6 0.7913, -1.2736 2.599 0.7913, -1.2958 2.6068 0.7913, -1.2531 2.6857 0.7913, -1.2531 2.6839 0.7913, -1.2355 2.6857 0.7913, -1.249 2.6826 0.7913, -1.249 2.6698 0.7913, -1.2504 2.6705 0.7913, -1.249 2.6054 0.7913, -1.2355 2.5888 0.7913, -1.2707 2.6865 0.7913, -1.2618 2.6857 0.7913, -1.2584 2.6854 0.7913, -1.2716 2.6865 0.7913, -1.2531 2.9289 0.7913, -1.2791 2.6857 0.7913, -1.3161 2.9289 0.7913, -1.3161 2.6857 0.7913, -1.2941 2.6816 0.7913, -1.2839 2.6852 0.7913, -1.3133 2.6638 0.7913, -1.3066 2.6725 0.7913, -1.3036 2.6754 0.7913, -1.3218 2.6857 0.7913, -1.3179 2.6533 0.7913, -1.3161 2.6574 0.7913, -1.3161 2.6135 0.7913, -1.3191 2.6223 0.7913, -1.3218 2.5888 0.7913, -1.3204 2.6355 0.7913, -1.3202 2.641 0.7913, -1.2912 2.5903 0.7913, -1.3003 2.5945 0.7913, -1.3161 2.5888 0.7913, -1.3082 2.601 0.7913, -1.3102 2.6034 0.7913, -1.3155 2.6118 0.7913, -1.2837 2.5888 0.7913, -1.3161 2.5609 0.7913, -1.2809 2.5882 0.7913, -1.2754 2.588 0.7913, -1.2531 2.5609 0.7913, -1.267 2.5888 0.7913, -1.249 2.5936 0.7913, -1.2506 2.5927 0.7913, -1.2531 2.5888 0.7913, -1.2531 2.5919 0.7913, -1.2609 2.5894 0.7913, -1.1697 2.4899 0.7913, -1.1576 2.4553 0.7913, -1.1544 2.4552 0.7913, -1.1697 2.5609 0.7913, -1.1358 2.5065 0.7913, -1.1234 2.5065 0.7913, -1.1562 2.4497 0.7913, -1.1559 2.4497 0.7913, -1.1553 2.452 0.7913, -1.1754 2.5065 0.7913, -1.1888 2.5065 0.7913, -1.1625 2.4376 0.7913, -1.1621 2.4385 0.7913, -1.1697 2.4578 0.7913, -1.1673 2.4262 0.7913, -1.1697 2.4376 0.7913, -1.1697 2.4219 0.7913, -1.1697 2.4218 0.7913, -1.1919 2.3998 0.7913, -1.1863 2.4073 0.7913, -1.1863 2.4179 0.7913, -1.1796 2.4165 0.7913, -1.1767 2.4169 0.7913, -1.1697 2.4084 0.7913, -1.1738 2.4069 0.7913, -1.1697 2.3998 0.7913, -1.1786 2.4063 0.7913, -1.1813 2.4064 0.7913, -1.1741 2.4179 0.7913, -1.1719 2.4194 0.7913, -1.1543 2.4281 0.7913, -1.1597 2.4176 0.7913, -1.0804 2.3998 0.7913, -1.1506 2.4376 0.7913, -1.1641 2.4123 0.7913, -1.1649 2.4116 0.7913, -1.1691 2.4087 0.7913, -1.199 2.4682 0.7913, -1.1968 2.4649 0.7913, -1.1983 2.4934 0.7913, -1.2298 2.5047 0.7913, -1.2355 2.5609 0.7913, -1.2333 2.5026 0.7913, -1.2355 2.5006 0.7913, -1.1955 2.4614 0.7913, -1.195 2.4569 0.7913, -1.1956 2.4521 0.7913, -1.197 2.4483 0.7913, -1.1993 2.4452 0.7913, -1.2232 2.5071 0.7913, -1.2144 2.508 0.7913, -1.1919 2.5609 0.7913, -1.1983 2.505 0.7913, -1.2078 2.5076 0.7913, -1.2027 2.4422 0.7913, -1.2054 2.4405 0.7913, -1.2156 2.4983 0.7913, -1.2191 2.4981 0.7913, -1.2286 2.4892 0.7913, -1.2223 2.4972 0.7913, -1.225 2.4958 0.7913, -1.2285 2.4876 0.7913, -1.228 2.4857 0.7913, -1.2272 2.4841 0.7913, -1.226 2.4828 0.7913, -1.2218 2.4802 0.7913, -1.2077 2.4974 0.7913, -1.2144 2.477 0.7913, -1.201 2.495 0.7913, -1.2098 2.4751 0.7913, -1.2018 2.4707 0.7913, -1.2268 2.4942 0.7913, -1.2278 2.4927 0.7913, -1.2284 2.4911 0.7913, -1.241 2.4531 0.7913, -1.2531 2.4376 0.7913, -1.2368 2.4994 0.7913, -1.239 2.4962 0.7913, -1.2363 2.4502 0.7913, -1.2355 2.4499 0.7913, -1.2355 2.4752 0.7913, -1.2375 2.4773 0.7913, -1.2391 2.4798 0.7913, -1.2404 2.4835 0.7913, -1.2409 2.4881 0.7913, -1.2404 2.4924 0.7913, -1.2356 2.4753 0.7913, -1.2288 2.4474 0.7913, -1.2228 2.4683 0.7913, -1.2299 2.4716 0.7913, -1.2213 2.4465 0.7913, -1.2208 2.4465 0.7913, -1.215 2.465 0.7913, -1.2147 2.4472 0.7913, -1.2073 2.4557 0.7913, -1.2074 2.4572 0.7913, -1.2116 2.4483 0.7913, -1.2105 2.449 0.7913, -1.2092 2.4502 0.7913, -1.2081 2.4518 0.7913, -1.2075 2.4535 0.7913, -1.2079 2.4591 0.7913, -1.2088 2.4607 0.7913, -1.2103 2.4622 0.7913, -1.2304 2.4376 0.7913, -1.2324 2.4378 0.7913, -1.2355 2.4376 0.7913, -1.2355 2.4388 0.7913, -1.241 2.4408 0.7913, -1.2225 2.4368 0.7913, -1.2355 2.3998 0.7913, -1.1839 2.4171 0.7913, -1.307 2.4708 0.7913, -1.3052 2.4901 0.7913, -1.3094 2.4674 0.7913, -1.3111 2.4632 0.7913, -1.3161 2.4376 0.7913, -1.3098 2.4472 0.7913, -1.3113 2.4512 0.7913, -1.2747 2.5074 0.7913, -1.2696 2.5059 0.7913, -1.2656 2.5036 0.7913, -1.2624 2.5006 0.7913, -1.26 2.4967 0.7913, -1.3034 2.474 0.7913, -1.2983 2.4766 0.7913, -1.2975 2.495 0.7913, -1.2893 2.4788 0.7913, -1.2788 2.4979 0.7913, -1.2829 2.4983 0.7913, -1.2901 2.4976 0.7913, -1.302 2.4393 0.7913, -1.306 2.4421 0.7913, -1.3074 2.4435 0.7913, -1.2691 2.4489 0.7913, -1.2694 2.4489 0.7913, -1.2691 2.4384 0.7913, -1.2713 2.4461 0.7913, -1.2751 2.442 0.7913, -1.3119 2.4566 0.7913, -1.3118 2.4581 0.7913, -1.3052 2.5017 0.7913, -1.3022 2.5034 0.7913, -1.2932 2.5067 0.7913, -1.2818 2.508 0.7913, -1.2581 2.4913 0.7913, -1.2572 2.4822 0.7913, -1.2572 2.4384 0.7913, -1.2691 2.4817 0.7913, -1.2695 2.4869 0.7913, -1.2708 2.4912 0.7913, -1.2722 2.4937 0.7913, -1.274 2.4956 0.7913, -1.2761 2.4969 0.7913, -1.2838 2.4376 0.7913, -1.2841 2.4375 0.7913, -1.2531 2.3998 0.7913, -1.3161 2.3998 0.7913, -1.2903 2.4368 0.7913, -1.2972 2.4376 0.7913, -1.2974 2.4376 0.7913, -1.4963 2.6106 0.7913, -1.4779 2.5951 0.7913, -1.4136 2.6857 0.7913, -1.4136 2.5888 0.7913, -1.5866 2.6956 0.7913, -1.5719 2.6857 0.7913, -1.5563 2.6753 0.7913, -1.5339 2.6493 0.7913, -1.5197 2.6217 0.7913, -1.5165 2.6206 0.7913, -1.7133 2.6943 0.7913, -1.682 2.7064 0.7913, -2.0866 2.9289 0.7913, -1.4136 2.9289 0.7913, -1.6485 2.7105 0.7913, -1.6206 2.7076 0.7913, -1.7272 2.6857 0.7913, -2.0866 2.6857 0.7913, -1.7298 2.6841 0.7913, -2.0866 2.5888 0.7913, -1.8754 2.5888 0.7913, -1.8695 2.6021 0.7913, -1.8532 2.6231 0.7913, -1.802 2.6523 0.7913, -1.7753 2.6556 0.7913, -1.7458 2.6704 0.7913, -1.7675 2.6552 0.7913, -1.7597 2.6543 0.7913, -1.8486 2.6274 0.7913, -1.8271 2.6426 0.7913, -1.8355 2.4539 0.7913, -1.8566 2.4719 0.7913, -2.0866 2.4376 0.7913, -1.811 2.442 0.7913, -1.872 2.494 0.7913, -1.8818 2.5192 0.7913, -2.0866 2.5609 0.7913, -1.8851 2.5458 0.7913, -1.8849 2.5523 0.7913, -1.8833 2.5609 0.7913, -1.8803 2.5777 0.7913, -1.8024 2.4394 0.7913, -1.8015 2.4376 0.7913, -1.7955 2.4248 0.7913, -2.0866 2.3998 0.7913, -1.7854 2.4124 0.7913, -1.7722 2.4024 0.7913, -1.4136 2.3998 0.7913, -1.7099 2.3998 0.7913, -1.4136 -2.4057 0.7913, -1.7215 2.3954 0.7913, -2.0866 -2.4057 0.7913, -1.738 2.3933 0.7913, -1.7405 2.3934 0.7913, -1.7565 2.3958 0.7913, -1.766 2.3998 0.7913, -1.4136 2.4376 0.7913, -1.6745 2.4376 0.7913, -1.6746 2.4371 0.7913, -1.6827 2.4221 0.7913, -1.6929 2.4106 0.7913, -1.7064 2.4012 0.7913, -1.4558 2.5551 0.7913, -1.4526 2.5329 0.7913, -1.4136 2.5609 0.7913, -1.5879 2.4776 0.7913, -1.5833 2.4794 0.7913, -1.5753 2.518 0.7913, -1.4777 2.4686 0.7913, -1.4961 2.453 0.7913, -1.6871 2.5065 0.7913, -1.5963 2.554 0.7913, -1.699 2.5173 0.7913, -1.7134 2.525 0.7913, -1.5921 2.4746 0.7913, -1.4642 2.4873 0.7913, -1.4557 2.5088 0.7913, -1.578 2.4801 0.7913, -1.5774 2.48 0.7913, -1.5753 2.4796 0.7913, -1.8366 2.52 0.7913, -1.8286 2.5064 0.7913, -1.7942 2.4993 0.7913, -1.8165 2.494 0.7913, -1.8017 2.4848 0.7913, -1.7692 2.5218 0.7913, -1.8407 2.5609 0.7913, -1.783 2.5122 0.7913, -1.8424 2.5472 0.7913, -1.8415 2.5365 0.7913, -1.7542 2.5275 0.7913, -1.738 2.5296 0.7913, -1.7298 2.5291 0.7913, -1.599 2.4591 0.7913, -1.5989 2.4617 0.7913, -1.6702 2.4679 0.7913, -1.5975 2.4669 0.7913, -1.5949 2.4715 0.7913, -1.5832 2.4387 0.7913, -1.5877 2.4404 0.7913, -1.5921 2.4436 0.7913, -1.5937 2.4452 0.7913, -1.5966 2.4494 0.7913, -1.5984 2.454 0.7913, -1.6706 2.4539 0.7913, -1.6702 2.4611 0.7913, -1.574 2.4794 0.7913, -1.5435 2.4794 0.7913, -1.5361 2.4805 0.7913, -1.5074 2.4976 0.7913, -1.5002 2.5084 0.7913, -1.4959 2.5206 0.7913, -1.4947 2.5323 0.7913, -1.495 2.5382 0.7913, -1.5168 2.4428 0.7913, -1.5394 2.4381 0.7913, -1.5794 2.4381 0.7913, -1.5236 2.4849 0.7913, -1.5128 2.4921 0.7913, -1.5475 2.5851 0.7913, -1.5529 2.5851 0.7913, -1.5034 2.5609 0.7913, -1.536 2.5839 0.7913, -1.4982 2.5512 0.7913, -1.8403 2.5636 0.7913, -1.8345 2.5787 0.7913, -1.5045 2.5629 0.7913, -1.5134 2.5726 0.7913, -1.5241 2.5796 0.7913, -1.5677 2.626 0.7913, -1.583 2.6442 0.7913, -1.7387 2.6048 0.7913, -1.5845 2.6456 0.7913, -1.6035 2.6588 0.7913, -1.7283 2.6263 0.7913, -1.8275 2.5888 0.7913, -1.7433 2.6073 0.7913, -1.5538 2.5888 0.7913, -1.5572 2.6042 0.7913, -1.7585 2.6129 0.7913, -1.7746 2.6149 0.7913, -1.7818 2.6146 0.7913, -1.7131 2.6444 0.7913, -1.6248 2.667 0.7913, -1.695 2.6576 0.7913, -1.6478 2.6698 0.7913, -1.6728 2.6666 0.7913, -1.7985 2.6105 0.7913, -1.8136 2.6025 0.7913, -1.8251 2.5922 0.7913, -1.4734 2.5888 0.7913, -1.4641 2.5758 0.7913, -1.4581 2.5609 0.7913, -1.0615 2.5337 0.7913, -1.0804 2.5337 0.7913, -1.1106 2.5337 0.7913, -1.0615 2.5227 0.7913, -1.0593 2.4493 0.7913, -1.0503 2.4376 0.7913, -1.0593 2.4384 0.7913, -1.0804 2.4376 0.7913, -1.0804 2.4384 0.7913, -1.1106 2.4384 0.7913, -1.0983 2.4813 0.7913, -1.0983 2.4493 0.7913, -1.0804 2.4813 0.7913, -1.0804 2.4493 0.7913, -1.0642 2.4813 0.7913, -1.0642 2.4922 0.7913, -1.0804 2.4922 0.7913, -1.0804 2.5227 0.7913, -1.0983 2.4922 0.7913, -1.0983 2.5227 0.7913, -1.1787 2.6005 0.7913, -1.1787 2.5896 0.7913, -1.1697 2.5888 0.7913, -1.1808 2.674 0.7913, -1.1697 2.6857 0.7913, -1.1808 2.6849 0.7913, -1.1919 2.6857 0.7913, -1.1919 2.6849 0.7913, -1.2176 2.6325 0.7913, -1.2176 2.6005 0.7913, -1.1919 2.6325 0.7913, -1.1919 2.6005 0.7913, -1.1835 2.6325 0.7913, -1.1835 2.6435 0.7913, -1.2176 2.674 0.7913, -1.2176 2.6435 0.7913, -1.1919 2.674 0.7913, -1.1919 2.6435 0.7913, -1.1919 2.5888 0.7913, -1.1919 2.5896 0.7913, -1.2299 2.5896 0.7913, -1.2299 2.6849 0.7913, 0.607 2.3998 0.7913, -0.961 -2.4057 0.7913, -0.961 2.3998 0.7913, -1.0503 -2.4057 0.7913, -1.0503 2.3998 0.7913, -1.0804 -2.4057 0.7913, -1.1697 -2.4057 0.7913, -1.1919 -2.4057 0.7913, -1.2355 -2.4057 0.7913, -1.2531 -2.4057 0.7913, -1.3161 -2.4057 0.7913, -1.2793 2.4392 0.7913, -1.3746 2.5337 0.7913, -1.3746 2.4384 0.7913, -1.3218 2.4376 0.7913, -1.3218 2.3998 0.7913, -1.3218 -2.4057 0.7913, -1.3255 2.5337 0.7913, -1.3218 2.5609 0.7913, -1.3255 2.5227 0.7913, -1.3233 2.4493 0.7913, -1.3233 2.4384 0.7913, -1.3623 2.4813 0.7913, -1.3623 2.4493 0.7913, -1.3282 2.4813 0.7913, -1.3282 2.4922 0.7913, -1.3623 2.4922 0.7913, -1.3623 2.5227 0.7913, -1.0413 2.5337 0.7913, -1.0141 2.5337 0.7913, -0.9663 2.4698 0.7913, -0.9711 2.46 0.7913, -0.961 2.4376 0.7913, -0.9781 2.4517 0.7913, -1.0413 2.4384 0.7913, -1.0151 2.4384 0.7913, -0.9991 2.4403 0.7913, -0.961 2.5609 0.7913, -0.9987 2.5319 0.7913, -0.9873 2.5275 0.7913, -0.9683 2.5086 0.7913, -0.965 2.4993 0.7913, -0.9637 2.4873 0.7913, -0.964 2.481 0.7913, -0.979 2.4509 0.7913, -0.9882 2.4445 0.7913, -0.9781 2.5211 0.7913, -0.9741 2.5171 0.7913, -0.9448 2.4384 0.7913, -0.9584 2.4384 0.7913, -0.8862 2.4384 0.7913, -0.8959 2.4645 0.7913, -0.9356 2.4645 0.7913, -0.9221 2.5337 0.7913, -0.9089 2.5337 0.7913, 0.607 2.4376 0.7913, -1.0153 2.6157 0.7913, -1.3746 2.5896 0.7913, -1.3746 2.6849 0.7913, -1.3243 2.5896 0.7913, -1.1344 2.5896 0.7913, -1.1607 2.5896 0.7913, -1.0857 2.6211 0.7913, -1.0905 2.6112 0.7913, -1.0974 2.603 0.7913, -1.1185 2.5915 0.7913, -1.1607 2.6849 0.7913, -1.1335 2.6849 0.7913, -1.1181 2.6831 0.7913, -1.1067 2.6788 0.7913, -1.0877 2.6598 0.7913, -1.0844 2.6505 0.7913, -1.0831 2.6385 0.7913, -1.0834 2.6322 0.7913, -1.0984 2.6021 0.7913, -1.1076 2.5957 0.7913, -1.0974 2.6723 0.7913, -1.0934 2.6683 0.7913, -0.8726 2.4384 0.7913, 0.607 2.5609 0.7913, 0.607 2.5888 0.7913, 0.607 2.6857 0.7913, 2.0866 2.4376 0.7913, 2.0866 2.5609 0.7913, 2.0866 2.5888 0.7913, 2.0866 2.6857 0.7913, -1.3218 2.9289 0.7913, 2.0866 2.9289 0.7913, 0.607 2.9289 0.7913, -0.961 2.9289 0.7913, -1.0503 2.9289 0.7913, -1.0804 2.9289 0.7913, -1.1697 2.9289 0.7913, -1.1919 2.9289 0.7913, -1.2355 2.9289 0.7913
            ]
        }
        coordIndex [
            0,1,2,-1,3,4,5,-1,6,7,8,-1,9,10,11,-1,12,13,14,-1,13,12,15,-1,15,12,16,-1,15,16,17,-1,18,19,20,-1,5,21,22,-1,20,19,23,-1,23,19,24,-1,23,24,17,-1,17,24,25,-1,17,25,15,-1,26,27,28,-1,28,27,29,-1,26,30,27,-1,27,30,31,-1,27,31,32,-1,32,31,33,-1,27,34,35,-1,36,37,27,-1,27,37,38,-1,27,38,34,-1,35,39,27,-1,27,39,40,-1,27,40,29,-1,41,42,43,-1,44,45,31,-1,31,45,46,-1,31,46,33,-1,41,43,31,-1,31,43,47,-1,31,47,44,-1,48,49,50,-1,50,49,51,-1,50,51,52,-1,36,27,53,-1,53,27,54,-1,53,54,52,-1,52,54,55,-1,52,55,50,-1,56,57,48,-1,48,57,58,-1,48,58,49,-1,59,60,61,-1,61,60,62,-1,63,64,65,-1,66,67,63,-1,63,67,68,-1,63,68,64,-1,69,70,63,-1,63,70,71,-1,63,71,66,-1,72,73,74,-1,74,73,75,-1,74,75,69,-1,69,75,76,-1,69,76,70,-1,77,78,79,-1,79,78,80,-1,80,81,79,-1,79,81,82,-1,79,82,72,-1,77,79,83,-1,83,79,84,-1,83,84,85,-1,85,84,86,-1,86,84,87,-1,86,87,88,-1,54,89,55,-1,55,89,90,-1,55,90,91,-1,91,90,92,-1,91,92,93,-1,94,95,96,-1,97,98,99,-1,100,101,95,-1,95,101,102,-1,95,102,96,-1,96,98,94,-1,94,98,97,-1,94,97,103,-1,103,97,104,-1,105,106,107,-1,108,109,110,-1,110,109,111,-1,112,113,114,-1,109,115,116,-1,117,118,119,-1,119,118,120,-1,119,120,112,-1,112,120,121,-1,112,121,113,-1,116,122,109,-1,109,122,123,-1,109,123,111,-1,124,125,126,-1,124,126,127,-1,125,128,126,-1,126,128,129,-1,126,129,119,-1,119,129,130,-1,119,130,117,-1,131,132,133,-1,134,135,136,-1,136,135,137,-1,138,139,11,-1,139,140,11,-1,11,140,141,-1,11,141,142,-1,134,143,135,-1,135,143,144,-1,135,144,145,-1,132,138,133,-1,133,138,11,-1,133,11,146,-1,146,11,145,-1,146,145,147,-1,147,145,144,-1,142,148,11,-1,11,148,149,-1,11,149,9,-1,150,151,152,-1,152,151,153,-1,152,153,154,-1,152,155,150,-1,150,155,156,-1,150,156,157,-1,157,158,150,-1,150,158,159,-1,150,159,160,-1,160,159,161,-1,160,161,162,-1,162,161,163,-1,162,163,133,-1,133,163,164,-1,133,164,131,-1,165,166,154,-1,154,166,167,-1,154,167,152,-1,168,87,169,-1,137,135,170,-1,170,135,87,-1,170,87,171,-1,172,173,174,-1,175,176,168,-1,176,177,168,-1,168,177,178,-1,168,178,87,-1,87,178,179,-1,87,179,171,-1,172,174,168,-1,168,174,180,-1,168,180,175,-1,181,182,173,-1,173,182,183,-1,173,183,174,-1,181,184,182,-1,182,184,185,-1,182,185,186,-1,186,185,187,-1,186,188,189,-1,187,190,186,-1,186,190,191,-1,186,191,192,-1,192,193,186,-1,186,193,194,-1,186,194,188,-1,189,195,186,-1,186,195,196,-1,186,196,197,-1,198,199,200,-1,200,199,201,-1,200,201,169,-1,169,201,202,-1,169,202,168,-1,203,204,10,-1,10,204,112,-1,10,112,11,-1,11,112,114,-1,11,114,109,-1,109,114,205,-1,109,205,115,-1,206,207,208,-1,208,207,209,-1,210,211,212,-1,213,214,87,-1,214,215,87,-1,87,215,216,-1,87,216,217,-1,206,218,207,-1,207,218,219,-1,207,219,220,-1,220,219,221,-1,222,223,221,-1,221,223,224,-1,221,224,220,-1,225,226,210,-1,210,226,227,-1,210,227,211,-1,228,229,230,-1,230,229,231,-1,230,231,232,-1,212,233,210,-1,210,233,234,-1,210,234,84,-1,84,234,209,-1,84,209,235,-1,235,209,207,-1,235,236,84,-1,84,236,237,-1,84,237,87,-1,87,237,238,-1,87,238,213,-1,217,239,87,-1,87,239,240,-1,87,240,169,-1,169,240,241,-1,169,241,230,-1,242,243,221,-1,221,243,244,-1,221,244,245,-1,245,246,221,-1,221,246,247,-1,221,247,222,-1,248,249,250,-1,250,249,251,-1,249,252,251,-1,251,252,253,-1,251,253,210,-1,210,253,254,-1,210,254,225,-1,255,256,257,-1,257,256,258,-1,259,260,257,-1,257,260,261,-1,257,261,262,-1,262,263,257,-1,257,263,264,-1,257,264,255,-1,265,266,267,-1,267,266,268,-1,268,266,269,-1,268,269,270,-1,265,267,271,-1,271,267,272,-1,271,272,273,-1,274,275,272,-1,272,275,276,-1,272,276,277,-1,272,278,273,-1,273,278,279,-1,273,279,280,-1,280,279,281,-1,280,281,282,-1,277,283,272,-1,272,283,284,-1,272,284,278,-1,285,286,287,-1,285,287,288,-1,286,289,287,-1,287,289,290,-1,287,290,291,-1,291,290,292,-1,292,293,291,-1,291,293,294,-1,291,294,274,-1,274,294,295,-1,274,295,275,-1,296,288,297,-1,297,288,287,-1,297,287,298,-1,298,287,299,-1,298,299,300,-1,300,299,301,-1,302,303,304,-1,304,303,305,-1,304,305,306,-1,306,305,307,-1,307,308,306,-1,306,308,309,-1,306,309,299,-1,299,309,310,-1,299,310,301,-1,311,312,302,-1,302,312,313,-1,302,313,314,-1,314,315,302,-1,302,315,316,-1,302,316,303,-1,317,318,319,-1,320,321,322,-1,323,324,311,-1,325,326,327,-1,327,326,328,-1,320,322,329,-1,323,311,330,-1,319,318,311,-1,311,318,331,-1,311,331,330,-1,321,332,322,-1,322,332,333,-1,322,333,334,-1,335,336,337,-1,337,336,338,-1,337,338,339,-1,340,341,342,-1,342,341,343,-1,342,343,337,-1,337,343,344,-1,337,344,335,-1,340,345,341,-1,341,345,346,-1,341,346,326,-1,326,346,347,-1,326,347,328,-1,348,349,350,-1,350,349,351,-1,350,351,322,-1,322,351,352,-1,322,352,329,-1,353,354,312,-1,312,354,355,-1,312,355,356,-1,356,357,312,-1,312,357,358,-1,312,358,359,-1,359,358,348,-1,359,348,360,-1,360,348,350,-1,334,361,322,-1,322,361,362,-1,322,362,363,-1,364,365,322,-1,322,365,366,-1,322,366,326,-1,326,366,367,-1,326,367,368,-1,324,369,311,-1,311,369,370,-1,311,370,312,-1,312,370,371,-1,312,371,353,-1,363,372,322,-1,322,372,373,-1,322,373,364,-1,374,375,376,-1,374,376,377,-1,368,378,326,-1,326,378,376,-1,326,376,341,-1,341,376,375,-1,341,375,379,-1,379,375,380,-1,381,382,376,-1,376,382,383,-1,376,383,377,-1,384,385,386,-1,385,387,386,-1,386,387,388,-1,386,388,389,-1,390,386,391,-1,380,375,390,-1,390,375,392,-1,390,392,386,-1,386,392,393,-1,386,393,384,-1,391,394,390,-1,390,394,395,-1,390,395,396,-1,389,388,397,-1,397,388,398,-1,397,398,399,-1,399,398,400,-1,399,400,401,-1,402,403,396,-1,396,403,404,-1,396,404,390,-1,256,405,258,-1,258,405,406,-1,258,406,319,-1,319,406,407,-1,319,407,317,-1,408,4,409,-1,409,4,3,-1,409,3,410,-1,408,411,4,-1,4,411,412,-1,4,412,413,-1,413,412,414,-1,413,414,415,-1,415,414,416,-1,415,416,417,-1,418,419,420,-1,420,419,421,-1,420,421,422,-1,422,421,412,-1,422,412,423,-1,423,412,411,-1,423,411,424,-1,424,411,425,-1,424,425,426,-1,426,425,427,-1,428,429,430,-1,431,432,433,-1,433,432,434,-1,433,434,435,-1,436,437,438,-1,438,437,439,-1,438,439,440,-1,440,439,428,-1,440,428,441,-1,442,443,444,-1,444,443,445,-1,444,445,431,-1,430,429,446,-1,446,429,447,-1,446,447,448,-1,435,434,449,-1,449,434,50,-1,449,50,448,-1,448,50,55,-1,448,55,446,-1,6,450,451,-1,451,450,452,-1,451,452,453,-1,453,452,454,-1,453,454,455,-1,455,454,126,-1,455,126,456,-1,456,126,119,-1,456,119,457,-1,457,119,112,-1,457,112,458,-1,458,112,204,-1,458,204,459,-1,459,204,250,-1,459,250,460,-1,460,250,251,-1,203,198,204,-1,204,198,200,-1,204,200,250,-1,250,200,169,-1,250,169,248,-1,248,169,230,-1,248,230,461,-1,461,230,232,-1,462,319,463,-1,463,319,311,-1,463,311,464,-1,464,311,302,-1,464,302,465,-1,465,302,304,-1,465,304,466,-1,462,467,468,-1,467,469,468,-1,468,469,470,-1,468,470,464,-1,464,470,471,-1,464,471,463,-1,472,473,474,-1,474,473,470,-1,474,470,475,-1,475,470,469,-1,475,469,476,-1,476,469,477,-1,4,478,479,-1,480,481,482,-1,482,481,483,-1,478,4,484,-1,484,4,413,-1,484,413,485,-1,485,413,482,-1,485,482,486,-1,487,488,489,-1,490,491,487,-1,487,491,492,-1,487,492,482,-1,482,492,493,-1,482,493,480,-1,483,494,482,-1,482,494,495,-1,482,495,486,-1,489,496,487,-1,487,496,497,-1,487,497,490,-1,498,499,482,-1,500,501,502,-1,482,499,487,-1,487,499,503,-1,487,503,504,-1,72,74,79,-1,79,74,468,-1,79,468,84,-1,84,468,464,-1,84,464,210,-1,210,464,465,-1,210,465,251,-1,251,465,466,-1,251,466,460,-1,93,88,91,-1,91,88,87,-1,91,87,55,-1,55,87,135,-1,55,135,446,-1,446,135,145,-1,446,145,430,-1,450,505,452,-1,452,505,482,-1,452,482,454,-1,454,482,413,-1,454,413,126,-1,126,413,415,-1,126,415,127,-1,127,415,417,-1,127,417,99,-1,99,417,410,-1,99,410,97,-1,97,410,3,-1,97,3,20,-1,20,3,5,-1,20,5,18,-1,18,5,22,-1,506,21,14,-1,14,21,5,-1,14,5,12,-1,12,5,4,-1,12,4,487,-1,487,4,479,-1,487,479,488,-1,462,468,319,-1,319,468,74,-1,319,74,258,-1,258,74,507,-1,258,507,257,-1,507,508,257,-1,257,508,0,-1,257,0,69,-1,69,0,2,-1,69,2,74,-1,74,2,509,-1,74,509,507,-1,510,511,430,-1,430,511,432,-1,430,432,428,-1,428,432,431,-1,428,431,441,-1,441,431,445,-1,512,513,20,-1,20,513,514,-1,515,510,20,-1,20,510,430,-1,20,430,97,-1,97,430,145,-1,97,145,104,-1,104,145,11,-1,104,11,107,-1,107,11,109,-1,107,109,105,-1,105,109,108,-1,511,516,432,-1,432,516,517,-1,432,517,23,-1,23,517,518,-1,23,518,519,-1,520,521,23,-1,23,521,522,-1,23,522,20,-1,20,522,523,-1,20,523,512,-1,514,524,20,-1,20,524,525,-1,20,525,515,-1,519,526,23,-1,23,526,527,-1,23,527,520,-1,502,498,500,-1,500,498,482,-1,500,482,528,-1,528,482,505,-1,528,505,504,-1,504,505,529,-1,504,529,487,-1,487,529,530,-1,487,530,12,-1,12,530,531,-1,12,531,16,-1,6,8,450,-1,450,8,532,-1,450,532,505,-1,505,532,533,-1,505,533,529,-1,529,533,534,-1,529,534,530,-1,530,534,535,-1,530,535,531,-1,65,61,63,-1,63,61,62,-1,63,62,69,-1,69,62,536,-1,69,536,257,-1,257,536,268,-1,257,268,259,-1,259,268,270,-1,535,537,531,-1,531,537,538,-1,531,538,16,-1,16,538,539,-1,16,539,17,-1,17,539,540,-1,17,540,23,-1,23,540,541,-1,23,541,432,-1,432,541,542,-1,432,542,434,-1,434,542,543,-1,434,543,50,-1,50,543,544,-1,50,544,48,-1,48,544,60,-1,48,60,56,-1,56,60,59,-1,
        ]
    }
}
Shape{
    appearance Appearance {
        material  Material 	{
            diffuseColor 0.8274509803921568 0.6666666666666666 0.12941176470588237
            specularColor 0.8274509803921568 0.6666666666666666 0.12941176470588237
            ambientIntensity 0.6535
            transparency 0.0
            shininess 0.5
        }
    }
    geometry IndexedFaceSet {
        ccw TRUE
        solid FALSE
        coord DEF co Coordinate {
            point [
                1.8701 2.1612 0.0, 1.8701 1.8856 0.0, 1.4764 2.1612 0.0, 1.4764 1.8856 0.0, 1.4764 1.8856 0.0039, 1.8701 1.8856 0.0039, 1.8701 2.1612 0.0039, 1.4764 2.1612 0.0039, 1.8701 1.7281 0.0, 1.8701 1.4526 0.0, 1.4764 1.7281 0.0, 1.4764 1.4526 0.0, 1.4764 1.4526 0.0039, 1.8701 1.4526 0.0039, 1.8701 1.7281 0.0039, 1.4764 1.7281 0.0039, 1.8701 1.2951 0.0, 1.8701 1.0195 0.0, 1.4764 1.2951 0.0, 1.4764 1.0195 0.0, 1.4764 1.0195 0.0039, 1.8701 1.0195 0.0039, 1.8701 1.2951 0.0039, 1.4764 1.2951 0.0039, 1.8701 0.862 0.0, 1.8701 0.5864 0.0, 1.4764 0.862 0.0, 1.4764 0.5864 0.0, 1.4764 0.5864 0.0039, 1.8701 0.5864 0.0039, 1.8701 0.862 0.0039, 1.4764 0.862 0.0039, 1.8701 0.4289 0.0, 1.8701 0.1533 0.0, 1.4764 0.4289 0.0, 1.4764 0.1533 0.0, 1.4764 0.1533 0.0039, 1.8701 0.1533 0.0039, 1.8701 0.4289 0.0039, 1.4764 0.4289 0.0039, 1.8701 -0.0041 0.0, 1.8701 -0.2797 0.0, 1.4764 -0.0041 0.0, 1.4764 -0.2797 0.0, 1.4764 -0.2797 0.0039, 1.8701 -0.2797 0.0039, 1.8701 -0.0041 0.0039, 1.4764 -0.0041 0.0039, 1.8701 -0.4372 0.0, 1.8701 -0.7128 0.0, 1.4764 -0.4372 0.0, 1.4764 -0.7128 0.0, 1.4764 -0.7128 0.0039, 1.8701 -0.7128 0.0039, 1.8701 -0.4372 0.0039, 1.4764 -0.4372 0.0039
            ]
        }
        coordIndex [
            0,1,2,-1,2,1,3,-1,3,1,4,-1,4,1,5,-1,1,0,5,-1,5,0,6,-1,0,2,6,-1,6,2,7,-1,2,3,7,-1,7,3,4,-1,8,9,10,-1,10,9,11,-1,11,9,12,-1,12,9,13,-1,9,8,13,-1,13,8,14,-1,8,10,14,-1,14,10,15,-1,10,11,15,-1,15,11,12,-1,16,17,18,-1,18,17,19,-1,19,17,20,-1,20,17,21,-1,17,16,21,-1,21,16,22,-1,16,18,22,-1,22,18,23,-1,18,19,23,-1,23,19,20,-1,24,25,26,-1,26,25,27,-1,27,25,28,-1,28,25,29,-1,25,24,29,-1,29,24,30,-1,24,26,30,-1,30,26,31,-1,26,27,31,-1,31,27,28,-1,32,33,34,-1,34,33,35,-1,35,33,36,-1,36,33,37,-1,33,32,37,-1,37,32,38,-1,32,34,38,-1,38,34,39,-1,34,35,39,-1,39,35,36,-1,40,41,42,-1,42,41,43,-1,43,41,44,-1,44,41,45,-1,41,40,45,-1,45,40,46,-1,40,42,46,-1,46,42,47,-1,42,43,47,-1,47,43,44,-1,48,49,50,-1,50,49,51,-1,51,49,52,-1,52,49,53,-1,49,48,53,-1,53,48,54,-1,48,50,54,-1,54,50,55,-1,50,51,55,-1,55,51,52,-1,
        ]
    }
}
Shape{
    appearance Appearance {
        material  Material 	{
            diffuseColor 0.0 0.09803921568627451 0.25882352941176473
            specularColor 0.0 0.00784313725490196 0.0196078431372549
            ambientIntensity 0.1253
            transparency 0.0
            shininess 0.5
        }
    }
    geometry IndexedFaceSet {
        ccw TRUE
        solid FALSE
        coord DEF co Coordinate {
            point [
                -2.3429 -1.3034 0.0039, -2.6575 -1.3034 0.0039, -2.6575 -1.2246 0.0039, -2.3429 -0.8703 0.0039, -2.6575 -0.8703 0.0039, -2.6575 -0.7915 0.0039, -2.3429 -0.4372 0.0039, -2.6575 -0.4372 0.0039, -2.6575 -0.3585 0.0039, -2.3429 -0.0041 0.0039, -2.6575 -0.0041 0.0039, -2.6575 0.0746 0.0039, -2.3429 0.4289 0.0039, -2.6575 0.4289 0.0039, -2.6575 0.5077 0.0039, -2.3429 0.862 0.0039, -2.6575 0.862 0.0039, -2.6575 0.9407 0.0039, -2.3429 1.2951 0.0039, -2.6575 1.2951 0.0039, -2.6575 1.3738 0.0039, -2.3429 1.7281 0.0039, -2.6575 1.7281 0.0039, -2.6575 1.8069 0.0039, -2.3429 2.3187 0.0039, -2.3429 2.5943 0.0039, -1.8701 2.1612 0.0039, 2.3429 -2.1695 0.0039, 2.3429 -2.2384 0.0039, 2.2638 -2.2384 0.0039, 2.6575 -2.8978 0.0039, 2.3031 -2.8978 0.0039, 2.6575 -2.4451 0.0039, 2.3031 -2.5833 0.0039, 2.3429 -2.4451 0.0039, 2.2638 -2.5833 0.0039, 2.6575 -1.3034 0.0039, 2.3429 -1.3034 0.0039, 2.2638 -1.2246 0.0039, 2.3429 -1.5789 0.0039, 2.3429 -2.012 0.0039, 2.6575 -2.012 0.0039, 2.6575 -2.1695 0.0039, 2.3429 -1.7364 0.0039, 2.6575 -1.7364 0.0039, 2.6575 -1.5789 0.0039, 2.6575 -0.8703 0.0039, 2.3429 -0.8703 0.0039, 2.2638 -0.7915 0.0039, 2.3429 -1.1459 0.0039, 2.6575 -1.2246 0.0039, 2.6575 -1.1459 0.0039, 2.6575 -0.3585 0.0039, 2.6575 -0.4372 0.0039, 2.2638 -0.3585 0.0039, 2.3429 -0.4372 0.0039, 2.6575 -0.7915 0.0039, 2.3429 -0.7128 0.0039, 2.6575 -0.7128 0.0039, 2.6575 -0.2797 0.0039, 2.3429 -0.2797 0.0039, 2.3429 -0.0041 0.0039, 2.2638 0.0746 0.0039, 2.6575 -0.0041 0.0039, 2.2638 0.5077 0.0039, 2.6575 0.5077 0.0039, 2.6575 0.4289 0.0039, 2.3429 0.4289 0.0039, 2.3429 0.1533 0.0039, 2.6575 0.0746 0.0039, 2.6575 0.1533 0.0039, 2.6575 0.5864 0.0039, 2.3429 0.5864 0.0039, 2.3429 0.862 0.0039, 2.2638 0.9407 0.0039, 2.6575 0.862 0.0039, 2.2638 1.3738 0.0039, 2.6575 1.3738 0.0039, 2.6575 1.2951 0.0039, 2.3429 1.2951 0.0039, 2.3429 1.0195 0.0039, 2.6575 0.9407 0.0039, 2.6575 1.0195 0.0039, 2.6575 1.4526 0.0039, 2.3429 1.4526 0.0039, 2.3429 1.7281 0.0039, 2.2638 1.8069 0.0039, 2.6575 1.7281 0.0039, 2.6575 1.8069 0.0039, 2.6575 4.1888 0.0039, 2.6575 3.0274 0.0039, 2.2638 4.1888 0.0039, 2.3429 3.0274 0.0039, 2.3429 2.3187 0.0039, 2.3429 2.5943 0.0039, 2.3429 2.7518 0.0039, 2.6575 2.5943 0.0039, 2.6575 2.7518 0.0039, 2.6575 1.8856 0.0039, 2.3429 1.8856 0.0039, 2.3429 2.1612 0.0039, 2.6575 2.1612 0.0039, 2.6575 2.3187 0.0039, 0.0 1.8069 0.0039, -2.3429 1.8856 0.0039, -2.6575 1.8856 0.0039, -2.3429 2.1612 0.0039, -2.6575 2.1612 0.0039, -2.6575 2.3187 0.0039, -1.8701 1.8856 0.0039, -1.4764 1.8856 0.0039, 0.0 4.1888 0.0039, -2.6575 3.0274 0.0039, -2.6575 4.1888 0.0039, -2.3429 3.0274 0.0039, -2.3429 2.7518 0.0039, -2.6575 2.5943 0.0039, -2.6575 2.7518 0.0039, -1.4764 2.1612 0.0039, 0.0 1.3738 0.0039, -2.3429 1.4526 0.0039, -2.6575 1.4526 0.0039, -1.8701 1.7281 0.0039, -1.4764 1.7281 0.0039, -1.4764 1.4526 0.0039, -1.8701 1.4526 0.0039, -1.8701 1.2951 0.0039, -1.8701 1.0195 0.0039, -2.3429 1.0195 0.0039, 0.0 0.9407 0.0039, -2.6575 1.0195 0.0039, -1.4764 1.2951 0.0039, -1.4764 1.0195 0.0039, 0.0 0.5077 0.0039, -2.3429 0.5864 0.0039, -2.6575 0.5864 0.0039, -1.8701 0.862 0.0039, -1.4764 0.862 0.0039, -1.4764 0.5864 0.0039, -1.8701 0.5864 0.0039, -1.8701 0.4289 0.0039, -1.8701 0.1533 0.0039, -2.3429 0.1533 0.0039, 0.0 0.0746 0.0039, -2.6575 0.1533 0.0039, -1.4764 0.4289 0.0039, -1.4764 0.1533 0.0039, 0.0 -0.3585 0.0039, -2.3429 -0.2797 0.0039, -2.6575 -0.2797 0.0039, -1.8701 -0.0041 0.0039, -1.4764 -0.0041 0.0039, -1.4764 -0.2797 0.0039, -1.8701 -0.2797 0.0039, -1.8701 -0.4372 0.0039, -1.8701 -0.7128 0.0039, -2.3429 -0.7128 0.0039, 0.0 -0.7915 0.0039, -2.6575 -0.7128 0.0039, -1.4764 -0.4372 0.0039, -1.4764 -0.7128 0.0039, 0.0 -1.2246 0.0039, -2.3429 -1.1459 0.0039, -2.6575 -1.1459 0.0039, -1.8701 -0.8703 0.0039, -1.4764 -0.8703 0.0039, -1.4764 -1.1459 0.0039, -1.8701 -1.1459 0.0039, 0.0 -2.2384 0.0039, -2.3429 -2.2384 0.0039, -2.3429 -2.1695 0.0039, -2.6575 -2.1695 0.0039, -2.6575 -2.012 0.0039, -2.3429 -2.012 0.0039, -2.3429 -1.7364 0.0039, -2.6575 -1.7364 0.0039, -2.6575 -1.5789 0.0039, -2.3429 -1.5789 0.0039, -1.8701 -1.3034 0.0039, -1.4764 -1.3034 0.0039, -1.4764 -1.5789 0.0039, -1.8701 -1.5789 0.0039, -0.1378 -2.8978 0.0039, -0.2953 -2.8978 0.0039, -0.1378 -2.5833 0.0039, -0.2953 -2.5833 0.0039, 0.1378 -2.5833 0.0039, 0.0 -2.5833 0.0039, -0.5709 -2.5833 0.0039, -1.0039 -2.5833 0.0039, -1.0039 -2.8978 0.0039, -1.1614 -2.8978 0.0039, -1.1614 -2.5833 0.0039, -1.437 -2.5833 0.0039, -0.7283 -2.5833 0.0039, -0.7283 -2.8978 0.0039, -0.5709 -2.8978 0.0039, -1.8701 -2.8978 0.0039, -2.0276 -2.8978 0.0039, -1.8701 -2.5833 0.0039, -2.0276 -2.5833 0.0039, -1.437 -2.8978 0.0039, -1.5945 -2.8978 0.0039, -1.5945 -2.5833 0.0039, -2.3429 -2.4451 0.0039, -2.6575 -2.4451 0.0039, -2.3031 -2.5833 0.0039, -2.6575 -2.8978 0.0039, -2.3031 -2.8978 0.0039, 2.0276 -2.8978 0.0039, 1.8701 -2.8978 0.0039, 2.0276 -2.5833 0.0039, 1.8701 -2.5833 0.0039, 1.5945 -2.5833 0.0039, 1.1614 -2.5833 0.0039, 1.1614 -2.8978 0.0039, 1.0039 -2.8978 0.0039, 1.0039 -2.5833 0.0039, 0.7283 -2.5833 0.0039, 1.437 -2.5833 0.0039, 1.437 -2.8978 0.0039, 1.5945 -2.8978 0.0039, 0.2953 -2.5833 0.0039, 0.2953 -2.8978 0.0039, 0.1378 -2.8978 0.0039, 0.5709 -2.5833 0.0039, 0.5709 -2.8978 0.0039, 0.7283 -2.8978 0.0039, 1.4764 1.8856 0.0039, 1.8701 1.8856 0.0039, 1.8701 2.1612 0.0039, 1.4764 2.1612 0.0039, 1.4764 1.7281 0.0039, 1.4764 1.4526 0.0039, 1.8701 1.4526 0.0039, 1.8701 1.7281 0.0039, 1.4764 1.2951 0.0039, 1.4764 1.0195 0.0039, 1.8701 1.0195 0.0039, 1.8701 1.2951 0.0039, 1.4764 0.862 0.0039, 1.4764 0.5864 0.0039, 1.8701 0.5864 0.0039, 1.8701 0.862 0.0039, 1.4764 0.4289 0.0039, 1.4764 0.1533 0.0039, 1.8701 0.1533 0.0039, 1.8701 0.4289 0.0039, 1.4764 -0.0041 0.0039, 1.4764 -0.2797 0.0039, 1.8701 -0.2797 0.0039, 1.8701 -0.0041 0.0039, 1.4764 -0.4372 0.0039, 1.4764 -0.7128 0.0039, 1.8701 -0.7128 0.0039, 1.8701 -0.4372 0.0039, 1.8701 -0.8703 0.0039, 1.4764 -0.8703 0.0039, 1.4764 -1.1459 0.0039, 1.8701 -1.1459 0.0039, 1.8701 -1.3034 0.0039, 1.4764 -1.3034 0.0039, 1.8701 -1.5789 0.0039, 1.4764 -1.5789 0.0039, -1.8701 -2.8978 0.3189, -2.0276 -2.8978 0.3189, -1.437 -2.8978 0.3189, -1.5945 -2.8978 0.3189, -1.0039 -2.8978 0.3189, -1.1614 -2.8978 0.3189, -0.5709 -2.8978 0.3189, -0.7283 -2.8978 0.3189, -0.1378 -2.8978 0.3189, -0.2953 -2.8978 0.3189, 0.2953 -2.8978 0.3189, 0.1378 -2.8978 0.3189, 0.7283 -2.8978 0.3189, 0.5709 -2.8978 0.3189, 1.1614 -2.8978 0.3189, 1.0039 -2.8978 0.3189, 1.5945 -2.8978 0.3189, 1.437 -2.8978 0.3189, 2.0276 -2.8978 0.3189, 1.8701 -2.8978 0.3189, -2.3031 -2.8978 0.3189, -2.6575 -2.8978 0.3189, -1.1614 -2.7408 0.3189, -2.6575 -2.4451 0.3189, -2.3031 -2.7408 0.3189, -2.0276 -2.7408 0.3189, -2.0866 -2.4845 0.3189, -1.0039 -2.7408 0.3189, -0.7283 -2.7408 0.3189, 2.6575 -2.1695 0.3189, 2.6575 -2.012 0.3189, 2.5004 -2.1695 0.3189, 2.5004 -2.012 0.3189, -1.8701 -2.7408 0.3189, -1.5945 -2.7408 0.3189, -1.437 -2.7408 0.3189, -0.5709 -2.7408 0.3189, -0.2953 -2.7408 0.3189, -0.1378 -2.7408 0.3189, 0.1378 -2.7408 0.3189, 0.2953 -2.7408 0.3189, 0.5709 -2.7408 0.3189, 1.437 -2.7408 0.3189, 2.5004 -1.3034 0.3189, 2.1654 2.9289 0.3189, 2.5004 -1.5789 0.3189, 2.5004 -1.7364 0.3189, 2.6575 -1.5789 0.3189, 2.6575 -1.7364 0.3189, 0.7283 -2.7408 0.3189, 1.0039 -2.7408 0.3189, 1.1614 -2.7408 0.3189, 1.5945 -2.7408 0.3189, 2.5004 -0.8703 0.3189, 2.6575 -0.8703 0.3189, 2.6575 -0.7128 0.3189, 1.8701 -2.7408 0.3189, 2.0276 -2.7408 0.3189, 2.5004 -0.7128 0.3189, 2.5004 -0.4372 0.3189, 2.1627 -2.4261 0.3189, 2.5004 -2.4451 0.3189, 2.1654 -2.4057 0.3189, 2.5004 -1.1459 0.3189, 2.6575 -1.1459 0.3189, 2.6575 -1.3034 0.3189, 2.3031 -2.7408 0.3189, 2.107 -2.4818 0.3189, 2.0866 -2.4845 0.3189, 2.3031 -2.8978 0.3189, 2.6575 -2.8978 0.3189, 2.6575 -2.4451 0.3189, 2.5004 -0.0041 0.3189, 2.6575 -0.0041 0.3189, 2.6575 0.1533 0.3189, 2.1548 -2.4451 0.3189, 2.1423 -2.4614 0.3189, 2.126 -2.4739 0.3189, 2.6575 -0.4372 0.3189, 2.6575 -0.2797 0.3189, 2.5004 -0.2797 0.3189, 2.5004 0.1533 0.3189, 2.6575 0.4289 0.3189, 2.6575 0.5864 0.3189, 2.5004 0.4289 0.3189, 2.5004 0.5864 0.3189, 2.1627 2.9493 0.3189, 2.5004 0.862 0.3189, 2.6575 0.862 0.3189, 2.6575 1.0195 0.3189, 2.5004 1.0195 0.3189, 2.5004 1.2951 0.3189, 2.6575 1.2951 0.3189, 2.6575 1.4526 0.3189, 2.5004 1.4526 0.3189, 2.5004 1.7281 0.3189, 2.6575 1.7281 0.3189, 2.6575 1.8856 0.3189, 2.5004 1.8856 0.3189, 2.5004 2.1612 0.3189, 2.1548 2.9683 0.3189, 2.6575 2.5943 0.3189, 2.6575 2.7518 0.3189, 2.5004 2.5943 0.3189, 2.5004 2.7518 0.3189, 2.6575 3.0274 0.3189, 2.6575 4.1888 0.3189, 2.5004 3.0274 0.3189, -2.6575 4.1888 0.3189, -2.5004 3.0274 0.3189, -2.6575 3.0274 0.3189, 2.107 3.005 0.3189, 2.126 2.9971 0.3189, 2.1423 2.9846 0.3189, -2.5004 2.3187 0.3189, -2.6575 2.3187 0.3189, -2.6575 2.1612 0.3189, -2.1627 2.9493 0.3189, -2.1548 2.9683 0.3189, -2.1423 2.9846 0.3189, -2.126 2.9971 0.3189, 2.6575 2.1612 0.3189, 2.6575 2.3187 0.3189, 2.5004 2.3187 0.3189, -2.5004 2.1612 0.3189, -2.5004 1.8856 0.3189, -2.1654 -2.4057 0.3189, -2.1654 2.9289 0.3189, -2.5004 2.7518 0.3189, -2.5004 2.5943 0.3189, -2.6575 2.5943 0.3189, -2.6575 2.7518 0.3189, -2.107 3.005 0.3189, -2.0866 3.0077 0.3189, 2.0866 3.0077 0.3189, -2.5004 1.4526 0.3189, -2.6575 1.4526 0.3189, -2.6575 1.2951 0.3189, -2.5004 1.2951 0.3189, -2.5004 1.0195 0.3189, -2.5004 1.7281 0.3189, -2.6575 1.7281 0.3189, -2.6575 1.8856 0.3189, -2.5004 0.5864 0.3189, -2.6575 0.5864 0.3189, -2.6575 0.4289 0.3189, -2.5004 0.4289 0.3189, -2.5004 0.1533 0.3189, -2.5004 0.862 0.3189, -2.6575 0.862 0.3189, -2.6575 1.0195 0.3189, -2.6575 -0.2797 0.3189, -2.6575 -0.4372 0.3189, -2.5004 -0.2797 0.3189, -2.5004 -0.4372 0.3189, -2.6575 0.1533 0.3189, -2.6575 -0.0041 0.3189, -2.5004 -0.0041 0.3189, -2.1627 -2.4261 0.3189, -2.5004 -0.7128 0.3189, -2.5004 -1.1459 0.3189, -2.6575 -1.1459 0.3189, -2.6575 -1.3034 0.3189, -2.5004 -1.3034 0.3189, -2.5004 -0.8703 0.3189, -2.6575 -0.8703 0.3189, -2.6575 -0.7128 0.3189, -2.6575 -1.5789 0.3189, -2.6575 -1.7364 0.3189, -2.5004 -1.5789 0.3189, -2.5004 -1.7364 0.3189, -2.6575 -2.012 0.3189, -2.6575 -2.1695 0.3189, -2.5004 -2.012 0.3189, -2.5004 -2.1695 0.3189, -2.107 -2.4818 0.3189, -2.126 -2.4739 0.3189, -2.1423 -2.4614 0.3189, -2.1548 -2.4451 0.3189, -2.5004 -2.4451 0.3189
            ]
        }
        coordIndex [
            0,1,2,-1,3,4,5,-1,6,7,8,-1,9,10,11,-1,12,13,14,-1,15,16,17,-1,18,19,20,-1,21,22,23,-1,24,25,26,-1,27,28,29,-1,30,31,32,-1,32,31,33,-1,32,33,34,-1,34,33,35,-1,34,35,28,-1,36,37,38,-1,38,37,39,-1,38,39,29,-1,40,41,42,-1,42,27,40,-1,40,27,29,-1,40,29,43,-1,43,29,39,-1,43,39,44,-1,44,39,45,-1,46,47,48,-1,47,49,38,-1,36,38,50,-1,50,38,49,-1,50,49,51,-1,52,53,54,-1,54,53,55,-1,46,48,56,-1,56,48,57,-1,56,57,58,-1,59,52,60,-1,60,52,54,-1,60,54,61,-1,61,54,62,-1,61,62,63,-1,64,65,66,-1,67,68,62,-1,63,62,69,-1,69,62,68,-1,69,68,70,-1,71,65,72,-1,72,65,64,-1,72,64,73,-1,73,64,74,-1,73,74,75,-1,76,77,78,-1,79,80,74,-1,75,74,81,-1,81,74,80,-1,81,80,82,-1,83,77,84,-1,84,77,76,-1,84,76,85,-1,85,76,86,-1,85,86,87,-1,87,86,88,-1,89,90,91,-1,91,90,92,-1,93,86,94,-1,94,86,95,-1,94,95,96,-1,96,95,97,-1,98,88,99,-1,99,88,86,-1,99,86,100,-1,100,86,93,-1,100,93,101,-1,101,93,102,-1,103,23,104,-1,104,23,105,-1,106,107,108,-1,108,24,106,-1,106,24,26,-1,106,26,104,-1,104,26,109,-1,104,109,103,-1,103,109,110,-1,103,110,111,-1,112,113,114,-1,114,113,111,-1,114,111,115,-1,116,117,25,-1,25,117,115,-1,25,115,26,-1,26,115,111,-1,26,111,118,-1,118,111,110,-1,119,20,120,-1,120,20,121,-1,120,21,122,-1,122,21,23,-1,122,23,123,-1,123,23,103,-1,123,103,124,-1,124,103,119,-1,124,119,125,-1,125,119,120,-1,125,120,122,-1,126,127,128,-1,127,129,128,-1,128,129,17,-1,128,17,130,-1,128,18,126,-1,126,18,20,-1,126,20,131,-1,131,20,119,-1,131,119,132,-1,133,14,134,-1,134,14,135,-1,134,15,136,-1,136,15,17,-1,136,17,137,-1,137,17,129,-1,137,129,138,-1,138,129,133,-1,138,133,139,-1,139,133,134,-1,139,134,136,-1,140,141,142,-1,141,143,142,-1,142,143,11,-1,142,11,144,-1,142,12,140,-1,140,12,14,-1,140,14,145,-1,145,14,133,-1,145,133,146,-1,147,8,148,-1,148,8,149,-1,148,9,150,-1,150,9,11,-1,150,11,151,-1,151,11,143,-1,151,143,152,-1,152,143,147,-1,152,147,153,-1,153,147,148,-1,153,148,150,-1,154,155,156,-1,155,157,156,-1,156,157,5,-1,156,5,158,-1,156,6,154,-1,154,6,8,-1,154,8,159,-1,159,8,147,-1,159,147,160,-1,161,2,162,-1,162,2,163,-1,162,3,164,-1,164,3,5,-1,164,5,165,-1,165,5,157,-1,165,157,166,-1,166,157,161,-1,166,161,167,-1,167,161,162,-1,167,162,164,-1,168,169,161,-1,161,169,170,-1,171,172,170,-1,170,172,173,-1,174,175,176,-1,177,0,178,-1,178,0,2,-1,178,2,179,-1,179,2,161,-1,179,161,180,-1,180,161,170,-1,180,170,181,-1,181,170,173,-1,181,173,178,-1,178,173,174,-1,178,174,177,-1,177,174,176,-1,182,183,184,-1,184,183,185,-1,186,187,168,-1,168,187,184,-1,168,184,169,-1,169,184,185,-1,169,185,188,-1,189,190,191,-1,192,193,169,-1,191,192,189,-1,189,192,169,-1,189,169,194,-1,194,169,188,-1,194,188,195,-1,195,188,196,-1,197,198,199,-1,199,198,200,-1,201,202,193,-1,193,202,203,-1,193,203,169,-1,169,203,199,-1,169,199,204,-1,204,199,200,-1,204,200,205,-1,205,200,206,-1,205,206,207,-1,207,206,208,-1,209,210,211,-1,211,210,212,-1,28,35,29,-1,29,35,211,-1,29,211,168,-1,168,211,212,-1,168,212,213,-1,214,215,216,-1,217,218,168,-1,216,217,214,-1,214,217,168,-1,214,168,219,-1,219,168,213,-1,219,213,220,-1,220,213,221,-1,222,223,224,-1,224,186,222,-1,222,186,168,-1,222,168,225,-1,225,168,218,-1,225,218,226,-1,226,218,227,-1,228,229,86,-1,86,229,230,-1,228,103,231,-1,231,103,111,-1,231,111,230,-1,230,111,91,-1,230,91,86,-1,86,91,92,-1,86,92,95,-1,228,86,103,-1,103,86,232,-1,103,232,119,-1,119,232,233,-1,119,233,76,-1,76,233,234,-1,76,234,86,-1,86,234,235,-1,86,235,232,-1,236,237,129,-1,237,238,74,-1,74,238,76,-1,74,76,79,-1,79,76,78,-1,238,239,76,-1,76,239,236,-1,76,236,119,-1,119,236,129,-1,119,129,132,-1,132,129,127,-1,237,74,129,-1,129,74,240,-1,129,240,133,-1,133,240,241,-1,133,241,64,-1,64,241,242,-1,64,242,74,-1,74,242,243,-1,74,243,240,-1,244,245,143,-1,245,246,62,-1,62,246,64,-1,62,64,67,-1,67,64,66,-1,246,247,64,-1,64,247,244,-1,64,244,133,-1,133,244,143,-1,133,143,146,-1,146,143,141,-1,245,62,143,-1,143,62,248,-1,143,248,147,-1,147,248,249,-1,147,249,54,-1,54,249,250,-1,54,250,62,-1,62,250,251,-1,62,251,248,-1,252,253,157,-1,254,54,48,-1,48,54,55,-1,48,55,57,-1,254,255,54,-1,54,255,252,-1,54,252,147,-1,147,252,157,-1,147,157,160,-1,160,157,155,-1,48,256,257,-1,258,161,257,-1,257,161,157,-1,257,157,48,-1,48,157,253,-1,48,253,254,-1,47,38,48,-1,48,38,259,-1,48,259,256,-1,38,260,261,-1,260,38,262,-1,262,38,29,-1,262,29,263,-1,263,29,168,-1,263,168,261,-1,261,168,161,-1,261,161,38,-1,38,161,258,-1,38,258,259,-1,264,265,197,-1,197,265,198,-1,266,267,201,-1,201,267,202,-1,268,269,190,-1,190,269,191,-1,270,271,196,-1,196,271,195,-1,272,273,182,-1,182,273,183,-1,274,275,223,-1,223,275,224,-1,276,277,227,-1,227,277,226,-1,278,279,215,-1,215,279,216,-1,280,281,221,-1,221,281,220,-1,282,283,209,-1,209,283,210,-1,284,285,208,-1,208,285,207,-1,286,269,268,-1,285,284,287,-1,287,284,288,-1,289,265,264,-1,290,291,292,-1,293,294,295,-1,295,294,296,-1,290,297,298,-1,267,266,298,-1,298,266,299,-1,298,299,290,-1,290,299,286,-1,290,286,291,-1,291,286,268,-1,271,270,292,-1,292,270,300,-1,292,300,290,-1,290,300,301,-1,273,272,301,-1,301,272,302,-1,301,302,290,-1,290,302,303,-1,275,274,303,-1,303,274,304,-1,303,304,290,-1,290,304,305,-1,306,281,280,-1,307,308,309,-1,309,308,310,-1,309,310,311,-1,311,310,312,-1,277,276,305,-1,305,276,313,-1,305,313,290,-1,290,313,314,-1,279,278,314,-1,314,278,315,-1,314,315,290,-1,290,315,306,-1,290,306,316,-1,316,306,280,-1,317,318,319,-1,283,282,320,-1,320,282,321,-1,322,323,308,-1,324,325,326,-1,326,325,295,-1,326,295,308,-1,308,295,296,-1,308,296,310,-1,319,322,317,-1,317,322,308,-1,317,308,327,-1,327,308,307,-1,327,307,328,-1,328,307,329,-1,321,330,331,-1,316,320,290,-1,290,320,321,-1,290,321,332,-1,332,321,331,-1,333,334,330,-1,330,334,335,-1,330,335,325,-1,336,337,338,-1,324,339,325,-1,325,339,340,-1,325,340,330,-1,330,340,341,-1,330,341,331,-1,342,343,323,-1,323,343,344,-1,323,344,308,-1,308,344,336,-1,308,336,345,-1,345,336,338,-1,346,347,348,-1,348,347,349,-1,345,348,308,-1,308,348,349,-1,308,349,350,-1,350,349,351,-1,352,353,351,-1,351,353,354,-1,351,354,350,-1,350,354,355,-1,356,357,355,-1,355,357,358,-1,355,358,350,-1,350,358,359,-1,360,361,359,-1,359,361,362,-1,359,362,350,-1,350,362,363,-1,350,363,364,-1,365,366,367,-1,367,366,368,-1,369,370,371,-1,371,370,372,-1,371,372,373,-1,373,372,374,-1,375,376,371,-1,371,376,377,-1,378,379,380,-1,381,382,373,-1,373,382,383,-1,373,383,384,-1,385,386,363,-1,363,386,387,-1,363,387,364,-1,364,387,367,-1,364,367,377,-1,377,367,368,-1,377,368,371,-1,388,389,390,-1,381,373,391,-1,391,373,392,-1,391,392,390,-1,380,388,378,-1,378,388,390,-1,378,390,393,-1,393,390,392,-1,393,392,394,-1,394,392,395,-1,384,396,373,-1,373,396,397,-1,373,397,371,-1,371,397,398,-1,371,398,375,-1,399,400,401,-1,402,403,390,-1,401,402,399,-1,399,402,390,-1,399,390,404,-1,404,390,389,-1,404,389,405,-1,405,389,406,-1,407,408,409,-1,410,411,390,-1,409,410,407,-1,407,410,390,-1,407,390,412,-1,412,390,403,-1,412,403,413,-1,413,403,414,-1,415,416,417,-1,417,416,418,-1,419,420,411,-1,411,420,421,-1,411,421,390,-1,390,421,417,-1,390,417,422,-1,422,417,418,-1,422,418,423,-1,424,425,426,-1,426,427,424,-1,424,427,422,-1,424,422,428,-1,428,422,423,-1,428,423,429,-1,429,423,430,-1,431,432,433,-1,433,432,434,-1,435,436,437,-1,437,436,438,-1,264,297,289,-1,289,297,290,-1,289,290,288,-1,290,439,288,-1,288,439,440,-1,288,440,441,-1,427,433,422,-1,422,433,434,-1,422,434,442,-1,442,434,437,-1,442,437,441,-1,441,437,438,-1,441,438,288,-1,288,438,443,-1,288,443,287,-1,365,96,366,-1,366,96,97,-1,89,370,90,-1,90,370,369,-1,385,101,386,-1,386,101,102,-1,360,87,361,-1,361,87,98,-1,356,78,357,-1,357,78,83,-1,352,75,353,-1,353,75,82,-1,346,66,347,-1,347,66,71,-1,337,63,338,-1,338,63,70,-1,342,53,343,-1,343,53,59,-1,318,46,319,-1,319,46,58,-1,329,36,328,-1,328,36,51,-1,312,44,311,-1,311,44,45,-1,293,42,294,-1,294,42,41,-1,334,30,335,-1,335,30,32,-1,176,175,431,-1,431,175,432,-1,163,1,425,-1,425,1,426,-1,158,4,430,-1,430,4,429,-1,149,7,415,-1,415,7,416,-1,144,10,419,-1,419,10,420,-1,135,13,408,-1,408,13,409,-1,130,16,414,-1,414,16,413,-1,121,19,400,-1,400,19,401,-1,105,22,406,-1,406,22,405,-1,108,107,379,-1,379,107,380,-1,117,116,395,-1,395,116,394,-1,374,372,112,-1,112,372,113,-1,172,171,435,-1,435,171,436,-1,372,370,113,-1,113,370,89,-1,205,207,287,-1,287,207,285,-1,31,30,333,-1,333,30,334,-1,
        ]
    }
}
Shape{
    appearance Appearance {
        material  Material 	{
            diffuseColor 0.6666666666666666 0.6666666666666666 0.6666666666666666
            specularColor 0.4666666666666667 0.4666666666666667 0.4666666666666667
            ambientIntensity 0.6667
            transparency 0.0
            shininess 0.5
        }
    }
    geometry IndexedFaceSet {
        ccw TRUE
        solid FALSE
        coord DEF co Coordinate {
            point [
                2.1654 -2.4057 0.3189, 2.1654 2.9289 0.3189, 2.1654 -2.4057 0.7126, 2.1654 2.9289 0.7126, 2.0866 3.0077 0.3189, -2.0866 3.0077 0.3189, 2.0866 3.0077 0.7126, -2.0866 3.0077 0.7126, -2.1654 -2.4057 0.7126, -2.1654 2.9289 0.7126, -2.1654 -2.4057 0.3189, -2.1654 2.9289 0.3189, -2.0866 -2.4845 0.3189, 2.0866 -2.4845 0.3189, -2.0866 -2.4845 0.7126, 2.0866 -2.4845 0.7126, -2.107 3.005 0.3189, -2.107 3.005 0.7126, -2.126 2.9971 0.3189, -2.126 2.9971 0.7126, -2.1423 2.9846 0.3189, -2.1423 2.9846 0.7126, -2.1548 2.9683 0.3189, -2.1548 2.9683 0.7126, -2.1627 2.9493 0.3189, -2.1627 2.9493 0.7126, -2.0866 3.005 0.733, 2.0866 3.005 0.733, -2.0866 2.9971 0.752, 2.0866 2.9971 0.752, -2.0866 2.9846 0.7683, 2.0866 2.9846 0.7683, -2.0866 2.9683 0.7808, 2.0866 2.9683 0.7808, -2.0866 2.9493 0.7887, 2.0866 2.9493 0.7887, -2.0866 2.9289 0.7913, 2.0866 2.9289 0.7913, 2.1627 2.9493 0.3189, 2.1627 2.9493 0.7126, 2.1548 2.9683 0.3189, 2.1548 2.9683 0.7126, 2.1423 2.9846 0.3189, 2.1423 2.9846 0.7126, 2.126 2.9971 0.3189, 2.126 2.9971 0.7126, 2.107 3.005 0.3189, 2.107 3.005 0.7126, -2.1627 2.9289 0.733, -2.1601 2.9486 0.733, -2.1207 2.9486 0.7808, -2.1043 2.9391 0.7887, -2.101 2.9433 0.7887, -2.0919 2.9486 0.7887, -2.1063 2.9342 0.7887, -2.1246 2.9391 0.7808, -2.1404 2.9433 0.7683, -2.107 2.9289 0.7887, -2.1145 2.9568 0.7808, -2.0968 2.9466 0.7887, -2.1063 2.963 0.7808, -2.0968 2.967 0.7808, -2.126 2.9289 0.7808, -2.1423 2.9289 0.7683, -2.1548 2.9289 0.752, -2.1348 2.9568 0.7683, -2.126 2.9683 0.7683, -2.1145 2.9771 0.7683, -2.101 2.9827 0.7683, -2.1525 2.9466 0.752, -2.1457 2.963 0.752, -2.1348 2.9771 0.752, -2.1207 2.988 0.752, -2.1043 2.9948 0.752, -2.1525 2.967 0.733, -2.1404 2.9827 0.733, -2.1246 2.9948 0.733, -2.1063 3.0024 0.733, 2.1063 3.0024 0.733, 2.1063 2.963 0.7808, 2.0968 2.9466 0.7887, 2.101 2.9433 0.7887, 2.107 2.9289 0.7887, 2.1063 2.9342 0.7887, 2.0919 2.9486 0.7887, 2.0968 2.967 0.7808, 2.101 2.9827 0.7683, 2.1145 2.9568 0.7808, 2.1043 2.9391 0.7887, 2.1207 2.9486 0.7808, 2.1246 2.9391 0.7808, 2.126 2.9289 0.7808, 2.1145 2.9771 0.7683, 2.126 2.9683 0.7683, 2.1348 2.9568 0.7683, 2.1404 2.9433 0.7683, 2.1423 2.9289 0.7683, 2.1043 2.9948 0.752, 2.1207 2.988 0.752, 2.1348 2.9771 0.752, 2.1457 2.963 0.752, 2.1525 2.9466 0.752, 2.1548 2.9289 0.752, 2.1246 2.9948 0.733, 2.1404 2.9827 0.733, 2.1525 2.967 0.733, 2.1601 2.9486 0.733, 2.1627 2.9289 0.733, -2.1627 -2.4261 0.3189, -2.1627 -2.4261 0.7126, -2.1548 -2.4451 0.3189, -2.1548 -2.4451 0.7126, -2.1423 -2.4614 0.3189, -2.1423 -2.4614 0.7126, -2.126 -2.4739 0.3189, -2.126 -2.4739 0.7126, -2.107 -2.4818 0.3189, -2.107 -2.4818 0.7126, -2.1627 -2.4057 0.733, -2.1548 -2.4057 0.752, -2.1423 -2.4057 0.7683, -2.126 -2.4057 0.7808, -2.107 -2.4057 0.7887, -2.0866 -2.4057 0.7913, 2.1627 -2.4057 0.733, 2.1548 -2.4057 0.752, 2.1423 -2.4057 0.7683, 2.126 -2.4057 0.7808, 2.107 -2.4057 0.7887, 2.0866 -2.4057 0.7913, 2.107 -2.4818 0.3189, 2.107 -2.4818 0.7126, 2.126 -2.4739 0.3189, 2.126 -2.4739 0.7126, 2.1423 -2.4614 0.3189, 2.1423 -2.4614 0.7126, 2.1548 -2.4451 0.3189, 2.1548 -2.4451 0.7126, 2.1627 -2.4261 0.3189, 2.1627 -2.4261 0.7126, -2.0866 -2.4818 0.733, -2.1063 -2.4792 0.733, -2.1063 -2.4398 0.7808, -2.0968 -2.4234 0.7887, -2.101 -2.4201 0.7887, -2.1063 -2.411 0.7887, -2.0919 -2.4254 0.7887, -2.0968 -2.4437 0.7808, -2.101 -2.4595 0.7683, -2.0866 -2.4261 0.7887, -2.1145 -2.4336 0.7808, -2.1043 -2.4159 0.7887, -2.1207 -2.4254 0.7808, -2.1246 -2.4159 0.7808, -2.0866 -2.4451 0.7808, -2.0866 -2.4614 0.7683, -2.0866 -2.4739 0.752, -2.1145 -2.4539 0.7683, -2.126 -2.4451 0.7683, -2.1348 -2.4336 0.7683, -2.1404 -2.4201 0.7683, -2.1043 -2.4716 0.752, -2.1207 -2.4648 0.752, -2.1348 -2.4539 0.752, -2.1457 -2.4398 0.752, -2.1525 -2.4234 0.752, -2.1246 -2.4716 0.733, -2.1404 -2.4595 0.733, -2.1525 -2.4437 0.733, -2.1601 -2.4254 0.733, 2.1601 -2.4254 0.733, 2.1207 -2.4254 0.7808, 2.1043 -2.4159 0.7887, 2.101 -2.4201 0.7887, 2.0866 -2.4261 0.7887, 2.0919 -2.4254 0.7887, 2.1063 -2.411 0.7887, 2.1246 -2.4159 0.7808, 2.1404 -2.4201 0.7683, 2.1145 -2.4336 0.7808, 2.0968 -2.4234 0.7887, 2.1063 -2.4398 0.7808, 2.0968 -2.4437 0.7808, 2.0866 -2.4451 0.7808, 2.1348 -2.4336 0.7683, 2.126 -2.4451 0.7683, 2.1145 -2.4539 0.7683, 2.101 -2.4595 0.7683, 2.0866 -2.4614 0.7683, 2.1525 -2.4234 0.752, 2.1457 -2.4398 0.752, 2.1348 -2.4539 0.752, 2.1207 -2.4648 0.752, 2.1043 -2.4716 0.752, 2.0866 -2.4739 0.752, 2.1525 -2.4437 0.733, 2.1404 -2.4595 0.733, 2.1246 -2.4716 0.733, 2.1063 -2.4792 0.733, 2.0866 -2.4818 0.733
            ]
        }
        coordIndex [
            0,1,2,-1,2,1,3,-1,4,5,6,-1,6,5,7,-1,8,9,10,-1,10,9,11,-1,12,13,14,-1,14,13,15,-1,7,5,16,-1,7,16,17,-1,17,16,18,-1,17,18,19,-1,19,18,20,-1,19,20,21,-1,21,20,22,-1,21,22,23,-1,23,22,24,-1,23,24,25,-1,25,24,11,-1,25,11,9,-1,6,7,26,-1,6,26,27,-1,27,26,28,-1,27,28,29,-1,29,28,30,-1,29,30,31,-1,31,30,32,-1,31,32,33,-1,33,32,34,-1,33,34,35,-1,35,34,36,-1,35,36,37,-1,3,1,38,-1,3,38,39,-1,39,38,40,-1,39,40,41,-1,41,40,42,-1,41,42,43,-1,43,42,44,-1,43,44,45,-1,45,44,46,-1,45,46,47,-1,47,46,4,-1,47,4,6,-1,9,48,49,-1,50,51,52,-1,36,34,53,-1,52,51,36,-1,54,36,51,-1,54,51,55,-1,55,51,50,-1,55,50,56,-1,57,36,54,-1,58,59,60,-1,60,59,53,-1,60,53,61,-1,61,53,34,-1,61,34,32,-1,57,54,62,-1,62,54,55,-1,62,55,63,-1,63,55,56,-1,63,56,64,-1,65,58,66,-1,66,58,60,-1,66,60,67,-1,67,60,61,-1,67,61,68,-1,68,61,32,-1,68,32,30,-1,69,65,70,-1,70,65,66,-1,70,66,71,-1,71,66,67,-1,71,67,72,-1,72,67,68,-1,72,68,73,-1,73,68,30,-1,73,30,28,-1,48,69,49,-1,49,69,70,-1,49,70,74,-1,74,70,71,-1,74,71,75,-1,75,71,72,-1,75,72,76,-1,76,72,73,-1,76,73,77,-1,77,73,28,-1,77,28,26,-1,9,49,25,-1,25,49,74,-1,25,74,23,-1,23,74,75,-1,23,75,21,-1,21,75,76,-1,21,76,19,-1,19,76,77,-1,19,77,17,-1,17,77,26,-1,17,26,7,-1,59,36,53,-1,48,64,69,-1,69,64,56,-1,69,56,65,-1,65,56,50,-1,65,50,58,-1,58,50,52,-1,58,52,59,-1,59,52,36,-1,6,27,78,-1,79,80,81,-1,37,82,83,-1,81,80,37,-1,84,37,80,-1,84,80,85,-1,85,80,79,-1,85,79,86,-1,35,37,84,-1,87,88,89,-1,89,88,83,-1,89,83,90,-1,90,83,82,-1,90,82,91,-1,35,84,33,-1,33,84,85,-1,33,85,31,-1,31,85,86,-1,31,86,29,-1,92,87,93,-1,93,87,89,-1,93,89,94,-1,94,89,90,-1,94,90,95,-1,95,90,91,-1,95,91,96,-1,97,92,98,-1,98,92,93,-1,98,93,99,-1,99,93,94,-1,99,94,100,-1,100,94,95,-1,100,95,101,-1,101,95,96,-1,101,96,102,-1,27,97,78,-1,78,97,98,-1,78,98,103,-1,103,98,99,-1,103,99,104,-1,104,99,100,-1,104,100,105,-1,105,100,101,-1,105,101,106,-1,106,101,102,-1,106,102,107,-1,6,78,47,-1,47,78,103,-1,47,103,45,-1,45,103,104,-1,45,104,43,-1,43,104,105,-1,43,105,41,-1,41,105,106,-1,41,106,39,-1,39,106,107,-1,39,107,3,-1,88,37,83,-1,27,29,97,-1,97,29,86,-1,97,86,92,-1,92,86,79,-1,92,79,87,-1,87,79,81,-1,87,81,88,-1,88,81,37,-1,8,10,108,-1,8,108,109,-1,109,108,110,-1,109,110,111,-1,111,110,112,-1,111,112,113,-1,113,112,114,-1,113,114,115,-1,115,114,116,-1,115,116,117,-1,117,116,12,-1,117,12,14,-1,9,8,118,-1,9,118,48,-1,48,118,119,-1,48,119,64,-1,64,119,120,-1,64,120,63,-1,63,120,121,-1,63,121,62,-1,62,121,122,-1,62,122,57,-1,57,122,123,-1,57,123,36,-1,2,3,107,-1,2,107,124,-1,124,107,102,-1,124,102,125,-1,125,102,96,-1,125,96,126,-1,126,96,91,-1,126,91,127,-1,127,91,82,-1,127,82,128,-1,128,82,37,-1,128,37,129,-1,15,13,130,-1,15,130,131,-1,131,130,132,-1,131,132,133,-1,133,132,134,-1,133,134,135,-1,135,134,136,-1,135,136,137,-1,137,136,138,-1,137,138,139,-1,139,138,0,-1,139,0,2,-1,14,140,141,-1,142,143,144,-1,123,122,145,-1,144,143,123,-1,146,123,143,-1,146,143,147,-1,147,143,142,-1,147,142,148,-1,149,123,146,-1,150,151,152,-1,152,151,145,-1,152,145,153,-1,153,145,122,-1,153,122,121,-1,149,146,154,-1,154,146,147,-1,154,147,155,-1,155,147,148,-1,155,148,156,-1,157,150,158,-1,158,150,152,-1,158,152,159,-1,159,152,153,-1,159,153,160,-1,160,153,121,-1,160,121,120,-1,161,157,162,-1,162,157,158,-1,162,158,163,-1,163,158,159,-1,163,159,164,-1,164,159,160,-1,164,160,165,-1,165,160,120,-1,165,120,119,-1,140,161,141,-1,141,161,162,-1,141,162,166,-1,166,162,163,-1,166,163,167,-1,167,163,164,-1,167,164,168,-1,168,164,165,-1,168,165,169,-1,169,165,119,-1,169,119,118,-1,14,141,117,-1,117,141,166,-1,117,166,115,-1,115,166,167,-1,115,167,113,-1,113,167,168,-1,113,168,111,-1,111,168,169,-1,111,169,109,-1,109,169,118,-1,109,118,8,-1,151,123,145,-1,140,156,161,-1,161,156,148,-1,161,148,157,-1,157,148,142,-1,157,142,150,-1,150,142,144,-1,150,144,151,-1,151,144,123,-1,2,124,170,-1,171,172,173,-1,129,174,175,-1,173,172,129,-1,176,129,172,-1,176,172,177,-1,177,172,171,-1,177,171,178,-1,128,129,176,-1,179,180,181,-1,181,180,175,-1,181,175,182,-1,182,175,174,-1,182,174,183,-1,128,176,127,-1,127,176,177,-1,127,177,126,-1,126,177,178,-1,126,178,125,-1,184,179,185,-1,185,179,181,-1,185,181,186,-1,186,181,182,-1,186,182,187,-1,187,182,183,-1,187,183,188,-1,189,184,190,-1,190,184,185,-1,190,185,191,-1,191,185,186,-1,191,186,192,-1,192,186,187,-1,192,187,193,-1,193,187,188,-1,193,188,194,-1,124,189,170,-1,170,189,190,-1,170,190,195,-1,195,190,191,-1,195,191,196,-1,196,191,192,-1,196,192,197,-1,197,192,193,-1,197,193,198,-1,198,193,194,-1,198,194,199,-1,2,170,139,-1,139,170,195,-1,139,195,137,-1,137,195,196,-1,137,196,135,-1,135,196,197,-1,135,197,133,-1,133,197,198,-1,133,198,131,-1,131,198,199,-1,131,199,15,-1,180,129,175,-1,124,125,189,-1,189,125,178,-1,189,178,184,-1,184,178,171,-1,184,171,179,-1,179,171,173,-1,179,173,180,-1,180,173,129,-1,14,15,199,-1,14,199,140,-1,140,199,194,-1,140,194,156,-1,156,194,188,-1,156,188,155,-1,155,188,183,-1,155,183,154,-1,154,183,174,-1,154,174,149,-1,149,174,129,-1,149,129,123,-1,
        ]
    }
}
Shape{
    appearance Appearance {
        material  Material 	{
            diffuseColor 0.8274509803921568 0.6666666666666666 0.12941176470588237
            specularColor 0.8274509803921568 0.6666666666666666 0.12941176470588237
            ambientIntensity 0.6535
            transparency 0.0
            shininess 0.5
        }
    }
    geometry IndexedFaceSet {
        ccw TRUE
        solid FALSE
        coord DEF co Coordinate {
            point [
                -2.3429 -2.1695 0.0039, -2.3429 -2.1695 0.0, -2.6575 -2.1695 0.0039, -2.6579 -2.1695 0.0, -2.6575 -2.1695 0.3189, -2.6579 -2.1695 0.3228, -2.5004 -2.1695 0.3189, -2.5004 -2.1695 0.3228, -2.5004 -2.4451 0.3228, -2.5004 -2.4451 0.3189, -2.6575 -2.4451 0.3189, -2.6579 -2.4451 0.3228, -2.6575 -2.4451 0.0039, -2.6579 -2.4451 0.0, -2.3429 -2.4451 0.0039, -2.3429 -2.4451 0.0, -2.6575 -2.2089 0.3228, -2.6579 -2.2089 0.3228, -2.6575 -2.2089 0.0, -2.6579 -2.2089 0.0, -2.6579 -2.4057 0.3228, -2.6579 -2.4057 0.0, -2.6575 -2.4057 0.3228, -2.6575 -2.4057 0.0, -2.5879 -2.3769 0.0, -2.5722 -2.3565 0.0, -2.5624 -2.3328 0.0, -2.632 -2.4024 0.0, -2.6083 -2.3925 0.0, -2.5591 -2.3073 0.0, -2.5624 -2.2818 0.0, -2.5722 -2.2581 0.0, -2.5879 -2.2377 0.0, -2.6083 -2.2221 0.0, -2.632 -2.2122 0.0, -2.5879 -2.2377 0.3228, -2.5722 -2.2581 0.3228, -2.5624 -2.2818 0.3228, -2.5591 -2.3073 0.3228, -2.5624 -2.3328 0.3228, -2.5722 -2.3565 0.3228, -2.632 -2.2122 0.3228, -2.6083 -2.2221 0.3228, -2.5879 -2.3769 0.3228, -2.6083 -2.3925 0.3228, -2.632 -2.4024 0.3228, -2.3429 -1.7364 0.0039, -2.3429 -1.7364 0.0, -2.6575 -1.7364 0.0039, -2.6579 -1.7364 0.0, -2.6575 -1.7364 0.3189, -2.6579 -1.7364 0.3228, -2.5004 -1.7364 0.3189, -2.5004 -1.7364 0.3228, -2.5004 -2.012 0.3228, -2.5004 -2.012 0.3189, -2.6575 -2.012 0.3189, -2.6579 -2.012 0.3228, -2.6575 -2.012 0.0039, -2.6579 -2.012 0.0, -2.3429 -2.012 0.0039, -2.3429 -2.012 0.0, -2.6575 -1.7758 0.3228, -2.6579 -1.7758 0.3228, -2.6575 -1.7758 0.0, -2.6579 -1.7758 0.0, -2.6579 -1.9726 0.3228, -2.6579 -1.9726 0.0, -2.6575 -1.9726 0.3228, -2.6575 -1.9726 0.0, -2.5879 -1.9438 0.0, -2.5722 -1.9234 0.0, -2.5624 -1.8997 0.0, -2.632 -1.9693 0.0, -2.6083 -1.9595 0.0, -2.5591 -1.8742 0.0, -2.5624 -1.8487 0.0, -2.5722 -1.825 0.0, -2.5879 -1.8046 0.0, -2.6083 -1.789 0.0, -2.632 -1.7791 0.0, -2.5879 -1.8046 0.3228, -2.5722 -1.825 0.3228, -2.5624 -1.8487 0.3228, -2.5591 -1.8742 0.3228, -2.5624 -1.8997 0.3228, -2.5722 -1.9234 0.3228, -2.632 -1.7791 0.3228, -2.6083 -1.789 0.3228, -2.5879 -1.9438 0.3228, -2.6083 -1.9595 0.3228, -2.632 -1.9693 0.3228, -2.3429 -1.3034 0.0039, -2.3429 -1.3034 0.0, -2.6575 -1.3034 0.0039, -2.6579 -1.3034 0.0, -2.6575 -1.3034 0.3189, -2.6579 -1.3034 0.3228, -2.5004 -1.3034 0.3189, -2.5004 -1.3034 0.3228, -2.5004 -1.5789 0.3228, -2.5004 -1.5789 0.3189, -2.6575 -1.5789 0.3189, -2.6579 -1.5789 0.3228, -2.6575 -1.5789 0.0039, -2.6579 -1.5789 0.0, -2.3429 -1.5789 0.0039, -2.3429 -1.5789 0.0, -2.6575 -1.3427 0.3228, -2.6579 -1.3427 0.3228, -2.6575 -1.3427 0.0, -2.6579 -1.3427 0.0, -2.6579 -1.5396 0.3228, -2.6579 -1.5396 0.0, -2.6575 -1.5396 0.3228, -2.6575 -1.5396 0.0, -2.5879 -1.5107 0.0, -2.5722 -1.4904 0.0, -2.5624 -1.4666 0.0, -2.632 -1.5362 0.0, -2.6083 -1.5264 0.0, -2.5591 -1.4411 0.0, -2.5624 -1.4157 0.0, -2.5722 -1.3919 0.0, -2.5879 -1.3716 0.0, -2.6083 -1.3559 0.0, -2.632 -1.3461 0.0, -2.5879 -1.3716 0.3228, -2.5722 -1.3919 0.3228, -2.5624 -1.4157 0.3228, -2.5591 -1.4411 0.3228, -2.5624 -1.4666 0.3228, -2.5722 -1.4904 0.3228, -2.632 -1.3461 0.3228, -2.6083 -1.3559 0.3228, -2.5879 -1.5107 0.3228, -2.6083 -1.5264 0.3228, -2.632 -1.5362 0.3228, -2.3429 -0.8703 0.0039, -2.3429 -0.8703 0.0, -2.6575 -0.8703 0.0039, -2.6579 -0.8703 0.0, -2.6575 -0.8703 0.3189, -2.6579 -0.8703 0.3228, -2.5004 -0.8703 0.3189, -2.5004 -0.8703 0.3228, -2.5004 -1.1459 0.3228, -2.5004 -1.1459 0.3189, -2.6575 -1.1459 0.3189, -2.6579 -1.1459 0.3228, -2.6575 -1.1459 0.0039, -2.6579 -1.1459 0.0, -2.3429 -1.1459 0.0039, -2.3429 -1.1459 0.0, -2.6575 -0.9097 0.3228, -2.6579 -0.9097 0.3228, -2.6575 -0.9097 0.0, -2.6579 -0.9097 0.0, -2.6579 -1.1065 0.3228, -2.6579 -1.1065 0.0, -2.6575 -1.1065 0.3228, -2.6575 -1.1065 0.0, -2.5879 -1.0777 0.0, -2.5722 -1.0573 0.0, -2.5624 -1.0336 0.0, -2.5591 -1.0081 0.0, -2.5624 -0.9826 0.0, -2.5722 -0.9589 0.0, -2.632 -1.1031 0.0, -2.6083 -1.0933 0.0, -2.5879 -0.9385 0.0, -2.6083 -0.9228 0.0, -2.632 -0.913 0.0, -2.5879 -0.9385 0.3228, -2.5722 -0.9589 0.3228, -2.5624 -0.9826 0.3228, -2.5591 -1.0081 0.3228, -2.5624 -1.0336 0.3228, -2.5722 -1.0573 0.3228, -2.5879 -1.0777 0.3228, -2.6083 -1.0933 0.3228, -2.632 -1.1031 0.3228, -2.632 -0.913 0.3228, -2.6083 -0.9228 0.3228, -2.3429 -0.4372 0.0039, -2.3429 -0.4372 0.0, -2.6575 -0.4372 0.0039, -2.6579 -0.4372 0.0, -2.6575 -0.4372 0.3189, -2.6579 -0.4372 0.3228, -2.5004 -0.4372 0.3189, -2.5004 -0.4372 0.3228, -2.5004 -0.7128 0.3228, -2.5004 -0.7128 0.3189, -2.6575 -0.7128 0.3189, -2.6579 -0.7128 0.3228, -2.6575 -0.7128 0.0039, -2.6579 -0.7128 0.0, -2.3429 -0.7128 0.0039, -2.3429 -0.7128 0.0, -2.6575 -0.4766 0.3228, -2.6579 -0.4766 0.3228, -2.6575 -0.4766 0.0, -2.6579 -0.4766 0.0, -2.6579 -0.6734 0.3228, -2.6579 -0.6734 0.0, -2.6575 -0.6734 0.3228, -2.6575 -0.6734 0.0, -2.632 -0.6701 0.0, -2.6083 -0.6602 0.0, -2.5879 -0.6446 0.0, -2.5722 -0.6242 0.0, -2.5624 -0.6005 0.0, -2.5591 -0.575 0.0, -2.5624 -0.5495 0.0, -2.5722 -0.5258 0.0, -2.5879 -0.5054 0.0, -2.6083 -0.4898 0.0, -2.632 -0.4799 0.0, -2.5879 -0.5054 0.3228, -2.5722 -0.5258 0.3228, -2.632 -0.4799 0.3228, -2.6083 -0.4898 0.3228, -2.5722 -0.6242 0.3228, -2.5879 -0.6446 0.3228, -2.6083 -0.6602 0.3228, -2.632 -0.6701 0.3228, -2.5624 -0.5495 0.3228, -2.5591 -0.575 0.3228, -2.5624 -0.6005 0.3228, -2.3429 -0.0041 0.0039, -2.3429 -0.0041 0.0, -2.6575 -0.0041 0.0039, -2.6579 -0.0041 0.0, -2.6575 -0.0041 0.3189, -2.6579 -0.0041 0.3228, -2.5004 -0.0041 0.3189, -2.5004 -0.0041 0.3228, -2.5004 -0.2797 0.3228, -2.5004 -0.2797 0.3189, -2.6575 -0.2797 0.3189, -2.6579 -0.2797 0.3228, -2.6575 -0.2797 0.0039, -2.6579 -0.2797 0.0, -2.3429 -0.2797 0.0039, -2.3429 -0.2797 0.0, -2.6575 -0.0435 0.3228, -2.6579 -0.0435 0.3228, -2.6575 -0.0435 0.0, -2.6579 -0.0435 0.0, -2.6579 -0.2404 0.3228, -2.6579 -0.2404 0.0, -2.6575 -0.2404 0.3228, -2.6575 -0.2404 0.0, -2.632 -0.237 0.0, -2.6083 -0.2272 0.0, -2.5879 -0.2115 0.0, -2.5722 -0.1911 0.0, -2.5624 -0.1674 0.0, -2.5591 -0.1419 0.0, -2.5624 -0.1165 0.0, -2.5722 -0.0927 0.0, -2.5879 -0.0723 0.0, -2.6083 -0.0567 0.0, -2.632 -0.0469 0.0, -2.5879 -0.0723 0.3228, -2.5722 -0.0927 0.3228, -2.632 -0.0469 0.3228, -2.6083 -0.0567 0.3228, -2.5722 -0.1911 0.3228, -2.5879 -0.2115 0.3228, -2.6083 -0.2272 0.3228, -2.632 -0.237 0.3228, -2.5624 -0.1165 0.3228, -2.5591 -0.1419 0.3228, -2.5624 -0.1674 0.3228, -2.3429 0.4289 0.0039, -2.3429 0.4289 0.0, -2.6575 0.4289 0.0039, -2.6579 0.4289 0.0, -2.6575 0.4289 0.3189, -2.6579 0.4289 0.3228, -2.5004 0.4289 0.3189, -2.5004 0.4289 0.3228, -2.5004 0.1533 0.3228, -2.5004 0.1533 0.3189, -2.6575 0.1533 0.3189, -2.6579 0.1533 0.3228, -2.6575 0.1533 0.0039, -2.6579 0.1533 0.0, -2.3429 0.1533 0.0039, -2.3429 0.1533 0.0, -2.6575 0.3896 0.3228, -2.6579 0.3896 0.3228, -2.6575 0.3896 0.0, -2.6579 0.3896 0.0, -2.6579 0.1927 0.3228, -2.6579 0.1927 0.0, -2.6575 0.1927 0.3228, -2.6575 0.1927 0.0, -2.5591 0.2911 0.0, -2.5624 0.3166 0.0, -2.5722 0.3403 0.0, -2.632 0.1961 0.0, -2.6083 0.2059 0.0, -2.5879 0.2215 0.0, -2.5879 0.3607 0.0, -2.6083 0.3764 0.0, -2.632 0.3862 0.0, -2.5722 0.2419 0.0, -2.5624 0.2657 0.0, -2.5879 0.3607 0.3228, -2.5722 0.3403 0.3228, -2.632 0.3862 0.3228, -2.6083 0.3764 0.3228, -2.5722 0.2419 0.3228, -2.5879 0.2215 0.3228, -2.6083 0.2059 0.3228, -2.632 0.1961 0.3228, -2.5624 0.3166 0.3228, -2.5591 0.2911 0.3228, -2.5624 0.2657 0.3228, -2.3429 0.862 0.0039, -2.3429 0.862 0.0, -2.6575 0.862 0.0039, -2.6579 0.862 0.0, -2.6575 0.862 0.3189, -2.6579 0.862 0.3228, -2.5004 0.862 0.3189, -2.5004 0.862 0.3228, -2.5004 0.5864 0.3228, -2.5004 0.5864 0.3189, -2.6575 0.5864 0.3189, -2.6579 0.5864 0.3228, -2.6575 0.5864 0.0039, -2.6579 0.5864 0.0, -2.3429 0.5864 0.0039, -2.3429 0.5864 0.0, -2.6575 0.8226 0.3228, -2.6579 0.8226 0.3228, -2.6575 0.8226 0.0, -2.6579 0.8226 0.0, -2.6579 0.6258 0.3228, -2.6579 0.6258 0.0, -2.6575 0.6258 0.3228, -2.6575 0.6258 0.0, -2.632 0.6291 0.0, -2.6083 0.639 0.0, -2.5879 0.6546 0.0, -2.5722 0.675 0.0, -2.5624 0.6987 0.0, -2.5591 0.7242 0.0, -2.5624 0.7497 0.0, -2.5722 0.7734 0.0, -2.5879 0.7938 0.0, -2.6083 0.8094 0.0, -2.632 0.8193 0.0, -2.5879 0.7938 0.3228, -2.5722 0.7734 0.3228, -2.632 0.8193 0.3228, -2.6083 0.8094 0.3228, -2.5722 0.675 0.3228, -2.5879 0.6546 0.3228, -2.6083 0.639 0.3228, -2.632 0.6291 0.3228, -2.5624 0.7497 0.3228, -2.5591 0.7242 0.3228, -2.5624 0.6987 0.3228, -2.3429 1.2951 0.0039, -2.3429 1.2951 0.0, -2.6575 1.2951 0.0039, -2.6579 1.2951 0.0, -2.6575 1.2951 0.3189, -2.6579 1.2951 0.3228, -2.5004 1.2951 0.3189, -2.5004 1.2951 0.3228, -2.5004 1.0195 0.3228, -2.5004 1.0195 0.3189, -2.6575 1.0195 0.3189, -2.6579 1.0195 0.3228, -2.6575 1.0195 0.0039, -2.6579 1.0195 0.0, -2.3429 1.0195 0.0039, -2.3429 1.0195 0.0, -2.6575 1.2557 0.3228, -2.6579 1.2557 0.3228, -2.6575 1.2557 0.0, -2.6579 1.2557 0.0, -2.6579 1.0589 0.3228, -2.6579 1.0589 0.0, -2.6575 1.0589 0.3228, -2.6575 1.0589 0.0, -2.5591 1.1573 0.0, -2.5624 1.1828 0.0, -2.5722 1.2065 0.0, -2.632 1.0622 0.0, -2.6083 1.072 0.0, -2.5879 1.0877 0.0, -2.5879 1.2269 0.0, -2.6083 1.2425 0.0, -2.632 1.2523 0.0, -2.5722 1.1081 0.0, -2.5624 1.1318 0.0, -2.5879 1.2269 0.3228, -2.5722 1.2065 0.3228, -2.632 1.2523 0.3228, -2.6083 1.2425 0.3228, -2.5722 1.1081 0.3228, -2.5879 1.0877 0.3228, -2.6083 1.072 0.3228, -2.632 1.0622 0.3228, -2.5624 1.1828 0.3228, -2.5591 1.1573 0.3228, -2.5624 1.1318 0.3228, -2.3429 1.7281 0.0039, -2.3429 1.7281 0.0, -2.6575 1.7281 0.0039, -2.6579 1.7281 0.0, -2.6575 1.7281 0.3189, -2.6579 1.7281 0.3228, -2.5004 1.7281 0.3189, -2.5004 1.7281 0.3228, -2.5004 1.4526 0.3228, -2.5004 1.4526 0.3189, -2.6575 1.4526 0.3189, -2.6579 1.4526 0.3228, -2.6575 1.4526 0.0039, -2.6579 1.4526 0.0, -2.3429 1.4526 0.0039, -2.3429 1.4526 0.0, -2.6575 1.6888 0.3228, -2.6579 1.6888 0.3228, -2.6575 1.6888 0.0, -2.6579 1.6888 0.0, -2.6579 1.4919 0.3228, -2.6579 1.4919 0.0, -2.6575 1.4919 0.3228, -2.6575 1.4919 0.0, -2.632 1.4953 0.0, -2.6083 1.5051 0.0, -2.5879 1.5208 0.0, -2.5722 1.5411 0.0, -2.5624 1.5649 0.0, -2.5591 1.5903 0.0, -2.5624 1.6158 0.0, -2.5722 1.6396 0.0, -2.5879 1.6599 0.0, -2.6083 1.6756 0.0, -2.632 1.6854 0.0, -2.5879 1.6599 0.3228, -2.5722 1.6396 0.3228, -2.632 1.6854 0.3228, -2.6083 1.6756 0.3228, -2.5722 1.5411 0.3228, -2.5879 1.5208 0.3228, -2.6083 1.5051 0.3228, -2.632 1.4953 0.3228, -2.5624 1.6158 0.3228, -2.5591 1.5903 0.3228, -2.5624 1.5649 0.3228, -2.3429 2.1612 0.0039, -2.3429 2.1612 0.0, -2.6575 2.1612 0.0039, -2.6579 2.1612 0.0, -2.6575 2.1612 0.3189, -2.6579 2.1612 0.3228, -2.5004 2.1612 0.3189, -2.5004 2.1612 0.3228, -2.5004 1.8856 0.3228, -2.5004 1.8856 0.3189, -2.6575 1.8856 0.3189, -2.6579 1.8856 0.3228, -2.6575 1.8856 0.0039, -2.6579 1.8856 0.0, -2.3429 1.8856 0.0039, -2.3429 1.8856 0.0, -2.6575 2.1218 0.3228, -2.6579 2.1218 0.3228, -2.6575 2.1218 0.0, -2.6579 2.1218 0.0, -2.6579 1.925 0.3228, -2.6579 1.925 0.0, -2.6575 1.925 0.3228, -2.6575 1.925 0.0, -2.632 1.9283 0.0, -2.6083 1.9382 0.0, -2.5879 1.9538 0.0, -2.5722 1.9742 0.0, -2.5624 1.9979 0.0, -2.5591 2.0234 0.0, -2.5624 2.0489 0.0, -2.5722 2.0726 0.0, -2.5879 2.093 0.0, -2.6083 2.1087 0.0, -2.632 2.1185 0.0, -2.5879 2.093 0.3228, -2.5722 2.0726 0.3228, -2.632 2.1185 0.3228, -2.6083 2.1087 0.3228, -2.5722 1.9742 0.3228, -2.5879 1.9538 0.3228, -2.6083 1.9382 0.3228, -2.632 1.9283 0.3228, -2.5624 2.0489 0.3228, -2.5591 2.0234 0.3228, -2.5624 1.9979 0.3228, -2.3429 2.5943 0.0039, -2.3429 2.5943 0.0, -2.6575 2.5943 0.0039, -2.6579 2.5943 0.0, -2.6575 2.5943 0.3189, -2.6579 2.5943 0.3228, -2.5004 2.5943 0.3189, -2.5004 2.5943 0.3228, -2.5004 2.3187 0.3228, -2.5004 2.3187 0.3189, -2.6575 2.3187 0.3189, -2.6579 2.3187 0.3228, -2.6575 2.3187 0.0039, -2.6579 2.3187 0.0, -2.3429 2.3187 0.0039, -2.3429 2.3187 0.0, -2.6575 2.5549 0.3228, -2.6579 2.5549 0.3228, -2.6575 2.5549 0.0, -2.6579 2.5549 0.0, -2.6579 2.3581 0.3228, -2.6579 2.3581 0.0, -2.6575 2.3581 0.3228, -2.6575 2.3581 0.0, -2.5879 2.3869 0.0, -2.5722 2.4073 0.0, -2.5624 2.431 0.0, -2.632 2.3614 0.0, -2.6083 2.3713 0.0, -2.5591 2.4565 0.0, -2.5624 2.482 0.0, -2.5722 2.5057 0.0, -2.5879 2.5261 0.0, -2.6083 2.5417 0.0, -2.632 2.5516 0.0, -2.5879 2.5261 0.3228, -2.5722 2.5057 0.3228, -2.5624 2.482 0.3228, -2.5591 2.4565 0.3228, -2.5624 2.431 0.3228, -2.5722 2.4073 0.3228, -2.632 2.5516 0.3228, -2.6083 2.5417 0.3228, -2.5879 2.3869 0.3228, -2.6083 2.3713 0.3228, -2.632 2.3614 0.3228, -2.3429 3.0274 0.0039, -2.3429 3.0274 0.0, -2.6575 3.0274 0.0039, -2.6579 3.0274 0.0, -2.6575 3.0274 0.3189, -2.6579 3.0274 0.3228, -2.5004 3.0274 0.3189, -2.5004 3.0274 0.3228, -2.5004 2.7518 0.3228, -2.5004 2.7518 0.3189, -2.6575 2.7518 0.3189, -2.6579 2.7518 0.3228, -2.6575 2.7518 0.0039, -2.6579 2.7518 0.0, -2.3429 2.7518 0.0039, -2.3429 2.7518 0.0, -2.6575 2.988 0.3228, -2.6579 2.988 0.3228, -2.6575 2.988 0.0, -2.6579 2.988 0.0, -2.6579 2.7911 0.3228, -2.6579 2.7911 0.0, -2.6575 2.7911 0.3228, -2.6575 2.7911 0.0, -2.5879 2.82 0.0, -2.5722 2.8403 0.0, -2.5624 2.8641 0.0, -2.632 2.7945 0.0, -2.6083 2.8043 0.0, -2.5591 2.8896 0.0, -2.5624 2.915 0.0, -2.5722 2.9388 0.0, -2.5879 2.9592 0.0, -2.6083 2.9748 0.0, -2.632 2.9846 0.0, -2.5879 2.9592 0.3228, -2.5722 2.9388 0.3228, -2.5624 2.915 0.3228, -2.5591 2.8896 0.3228, -2.5624 2.8641 0.3228, -2.5722 2.8403 0.3228, -2.632 2.9846 0.3228, -2.6083 2.9748 0.3228, -2.5879 2.82 0.3228, -2.6083 2.8043 0.3228, -2.632 2.7945 0.3228, 2.3429 -2.4451 0.0039, 2.3429 -2.4451 0.0, 2.6575 -2.4451 0.0039, 2.6579 -2.4451 0.0, 2.6575 -2.4451 0.3189, 2.6579 -2.4451 0.3228, 2.5004 -2.4451 0.3189, 2.5004 -2.4451 0.3228, 2.5004 -2.1695 0.3189, 2.5004 -2.1695 0.3228, 2.6575 -2.1695 0.3189, 2.6579 -2.1695 0.3228, 2.6575 -2.1695 0.0039, 2.6579 -2.1695 0.0, 2.3429 -2.1695 0.0039, 2.3429 -2.1695 0.0, 2.6575 -2.4057 0.3228, 2.6579 -2.4057 0.3228, 2.6575 -2.4057 0.0, 2.6579 -2.4057 0.0, 2.6579 -2.2089 0.3228, 2.6579 -2.2089 0.0, 2.6575 -2.2089 0.3228, 2.6575 -2.2089 0.0, 2.5879 -2.2377 0.0, 2.5722 -2.2581 0.0, 2.632 -2.2122 0.0, 2.6083 -2.2221 0.0, 2.5722 -2.3565 0.0, 2.5879 -2.3769 0.0, 2.6083 -2.3925 0.0, 2.632 -2.4024 0.0, 2.5624 -2.2818 0.0, 2.5591 -2.3073 0.0, 2.5624 -2.3328 0.0, 2.5879 -2.3769 0.3228, 2.5722 -2.3565 0.3228, 2.632 -2.4024 0.3228, 2.6083 -2.3925 0.3228, 2.5722 -2.2581 0.3228, 2.5879 -2.2377 0.3228, 2.6083 -2.2221 0.3228, 2.632 -2.2122 0.3228, 2.5624 -2.3328 0.3228, 2.5591 -2.3073 0.3228, 2.5624 -2.2818 0.3228, 2.3429 -2.012 0.0039, 2.3429 -2.012 0.0, 2.6575 -2.012 0.0039, 2.6579 -2.012 0.0, 2.6575 -2.012 0.3189, 2.6579 -2.012 0.3228, 2.5004 -2.012 0.3189, 2.5004 -2.012 0.3228, 2.5004 -1.7364 0.3189, 2.5004 -1.7364 0.3228, 2.6575 -1.7364 0.3189, 2.6579 -1.7364 0.3228, 2.6575 -1.7364 0.0039, 2.6579 -1.7364 0.0, 2.3429 -1.7364 0.0039, 2.3429 -1.7364 0.0, 2.6575 -1.9726 0.3228, 2.6579 -1.9726 0.3228, 2.6575 -1.9726 0.0, 2.6579 -1.9726 0.0, 2.6579 -1.7758 0.3228, 2.6579 -1.7758 0.0, 2.6575 -1.7758 0.3228, 2.6575 -1.7758 0.0, 2.5879 -1.8046 0.0, 2.5722 -1.825 0.0, 2.632 -1.7791 0.0, 2.6083 -1.789 0.0, 2.5722 -1.9234 0.0, 2.5879 -1.9438 0.0, 2.6083 -1.9595 0.0, 2.632 -1.9693 0.0, 2.5624 -1.8487 0.0, 2.5591 -1.8742 0.0, 2.5624 -1.8997 0.0, 2.5879 -1.9438 0.3228, 2.5722 -1.9234 0.3228, 2.632 -1.9693 0.3228, 2.6083 -1.9595 0.3228, 2.5722 -1.825 0.3228, 2.5879 -1.8046 0.3228, 2.6083 -1.789 0.3228, 2.632 -1.7791 0.3228, 2.5624 -1.8997 0.3228, 2.5591 -1.8742 0.3228, 2.5624 -1.8487 0.3228, 2.5004 -1.5789 0.3189, 2.5004 -1.5789 0.3228, 2.5004 -1.3034 0.3189, 2.5004 -1.3034 0.3228, 2.3429 -1.5789 0.0039, 2.3429 -1.5789 0.0, 2.6575 -1.5789 0.0039, 2.6579 -1.5789 0.0, 2.6575 -1.5789 0.3189, 2.6579 -1.5789 0.3228, 2.6575 -1.3034 0.3189, 2.6579 -1.3034 0.3228, 2.6575 -1.3034 0.0039, 2.6579 -1.3034 0.0, 2.3429 -1.3034 0.0039, 2.3429 -1.3034 0.0, 2.6575 -1.5396 0.3228, 2.6579 -1.5396 0.3228, 2.6575 -1.5396 0.0, 2.6579 -1.5396 0.0, 2.6579 -1.3427 0.3228, 2.6579 -1.3427 0.0, 2.6575 -1.3427 0.3228, 2.6575 -1.3427 0.0, 2.5879 -1.3716 0.0, 2.5722 -1.3919 0.0, 2.632 -1.3461 0.0, 2.6083 -1.3559 0.0, 2.5722 -1.4904 0.0, 2.5879 -1.5107 0.0, 2.6083 -1.5264 0.0, 2.632 -1.5362 0.0, 2.5624 -1.4157 0.0, 2.5591 -1.4411 0.0, 2.5624 -1.4666 0.0, 2.5879 -1.5107 0.3228, 2.5722 -1.4904 0.3228, 2.632 -1.5362 0.3228, 2.6083 -1.5264 0.3228, 2.5722 -1.3919 0.3228, 2.5879 -1.3716 0.3228, 2.6083 -1.3559 0.3228, 2.632 -1.3461 0.3228, 2.5624 -1.4666 0.3228, 2.5591 -1.4411 0.3228, 2.5624 -1.4157 0.3228, 2.5004 -1.1459 0.3189, 2.5004 -1.1459 0.3228, 2.5004 -0.8703 0.3189, 2.5004 -0.8703 0.3228, 2.3429 -1.1459 0.0039, 2.3429 -1.1459 0.0, 2.6575 -1.1459 0.0039, 2.6579 -1.1459 0.0, 2.6575 -1.1459 0.3189, 2.6579 -1.1459 0.3228, 2.6575 -0.8703 0.3189, 2.6579 -0.8703 0.3228, 2.6575 -0.8703 0.0039, 2.6579 -0.8703 0.0, 2.3429 -0.8703 0.0039, 2.3429 -0.8703 0.0, 2.6575 -1.1065 0.3228, 2.6579 -1.1065 0.3228, 2.6575 -1.1065 0.0, 2.6579 -1.1065 0.0, 2.6579 -0.9097 0.3228, 2.6579 -0.9097 0.0, 2.6575 -0.9097 0.3228, 2.6575 -0.9097 0.0, 2.5879 -0.9385 0.0, 2.5722 -0.9589 0.0, 2.632 -0.913 0.0, 2.6083 -0.9228 0.0, 2.5722 -1.0573 0.0, 2.5879 -1.0777 0.0, 2.6083 -1.0933 0.0, 2.632 -1.1031 0.0, 2.5624 -0.9826 0.0, 2.5591 -1.0081 0.0, 2.5624 -1.0336 0.0, 2.5879 -1.0777 0.3228, 2.5722 -1.0573 0.3228, 2.632 -1.1031 0.3228, 2.6083 -1.0933 0.3228, 2.5722 -0.9589 0.3228, 2.5879 -0.9385 0.3228, 2.6083 -0.9228 0.3228, 2.632 -0.913 0.3228, 2.5624 -1.0336 0.3228, 2.5591 -1.0081 0.3228, 2.5624 -0.9826 0.3228, 2.5004 -0.7128 0.3189, 2.5004 -0.7128 0.3228, 2.5004 -0.4372 0.3189, 2.5004 -0.4372 0.3228, 2.3429 -0.7128 0.0039, 2.3429 -0.7128 0.0, 2.6575 -0.7128 0.0039, 2.6579 -0.7128 0.0, 2.6575 -0.7128 0.3189, 2.6579 -0.7128 0.3228, 2.6575 -0.4372 0.3189, 2.6579 -0.4372 0.3228, 2.6575 -0.4372 0.0039, 2.6579 -0.4372 0.0, 2.3429 -0.4372 0.0039, 2.3429 -0.4372 0.0, 2.6575 -0.6734 0.3228, 2.6579 -0.6734 0.3228, 2.6575 -0.6734 0.0, 2.6579 -0.6734 0.0, 2.6579 -0.4766 0.3228, 2.6579 -0.4766 0.0, 2.6575 -0.4766 0.3228, 2.6575 -0.4766 0.0, 2.5624 -0.6005 0.0, 2.5722 -0.6242 0.0, 2.632 -0.4799 0.0, 2.6083 -0.4898 0.0, 2.5879 -0.5054 0.0, 2.5722 -0.5258 0.0, 2.5624 -0.5495 0.0, 2.5591 -0.575 0.0, 2.5879 -0.6446 0.0, 2.6083 -0.6602 0.0, 2.632 -0.6701 0.0, 2.5879 -0.6446 0.3228, 2.5722 -0.6242 0.3228, 2.632 -0.6701 0.3228, 2.6083 -0.6602 0.3228, 2.5624 -0.6005 0.3228, 2.5591 -0.575 0.3228, 2.5624 -0.5495 0.3228, 2.5722 -0.5258 0.3228, 2.5879 -0.5054 0.3228, 2.6083 -0.4898 0.3228, 2.632 -0.4799 0.3228, 2.5004 -0.2797 0.3189, 2.5004 -0.2797 0.3228, 2.5004 -0.0041 0.3189, 2.5004 -0.0041 0.3228, 2.3429 -0.2797 0.0039, 2.3429 -0.2797 0.0, 2.6575 -0.2797 0.0039, 2.6579 -0.2797 0.0, 2.6575 -0.2797 0.3189, 2.6579 -0.2797 0.3228, 2.6575 -0.0041 0.3189, 2.6579 -0.0041 0.3228, 2.6575 -0.0041 0.0039, 2.6579 -0.0041 0.0, 2.3429 -0.0041 0.0039, 2.3429 -0.0041 0.0, 2.6575 -0.2404 0.3228, 2.6579 -0.2404 0.3228, 2.6575 -0.2404 0.0, 2.6579 -0.2404 0.0, 2.6579 -0.0435 0.3228, 2.6579 -0.0435 0.0, 2.6575 -0.0435 0.3228, 2.6575 -0.0435 0.0, 2.5879 -0.0723 0.0, 2.5722 -0.0927 0.0, 2.632 -0.0469 0.0, 2.6083 -0.0567 0.0, 2.5624 -0.1165 0.0, 2.5591 -0.1419 0.0, 2.5624 -0.1674 0.0, 2.5722 -0.1911 0.0, 2.5879 -0.2115 0.0, 2.6083 -0.2272 0.0, 2.632 -0.237 0.0, 2.632 -0.237 0.3228, 2.6083 -0.2272 0.3228, 2.5879 -0.2115 0.3228, 2.5722 -0.1911 0.3228, 2.5624 -0.1674 0.3228, 2.5591 -0.1419 0.3228, 2.5624 -0.1165 0.3228, 2.5722 -0.0927 0.3228, 2.5879 -0.0723 0.3228, 2.6083 -0.0567 0.3228, 2.632 -0.0469 0.3228, 2.5004 0.1533 0.3189, 2.5004 0.1533 0.3228, 2.5004 0.4289 0.3189, 2.5004 0.4289 0.3228, 2.3429 0.1533 0.0039, 2.3429 0.1533 0.0, 2.6575 0.1533 0.0039, 2.6579 0.1533 0.0, 2.6575 0.1533 0.3189, 2.6579 0.1533 0.3228, 2.6575 0.4289 0.3189, 2.6579 0.4289 0.3228, 2.6575 0.4289 0.0039, 2.6579 0.4289 0.0, 2.3429 0.4289 0.0039, 2.3429 0.4289 0.0, 2.6575 0.1927 0.3228, 2.6579 0.1927 0.3228, 2.6575 0.1927 0.0, 2.6579 0.1927 0.0, 2.6579 0.3896 0.3228, 2.6579 0.3896 0.0, 2.6575 0.3896 0.3228, 2.6575 0.3896 0.0, 2.5624 0.2657 0.0, 2.5722 0.2419 0.0, 2.632 0.3862 0.0, 2.6083 0.3764 0.0, 2.5879 0.3607 0.0, 2.5722 0.3403 0.0, 2.5624 0.3166 0.0, 2.5591 0.2911 0.0, 2.5879 0.2215 0.0, 2.6083 0.2059 0.0, 2.632 0.1961 0.0, 2.5879 0.2215 0.3228, 2.5722 0.2419 0.3228, 2.632 0.1961 0.3228, 2.6083 0.2059 0.3228, 2.5624 0.2657 0.3228, 2.5591 0.2911 0.3228, 2.5624 0.3166 0.3228, 2.5722 0.3403 0.3228, 2.5879 0.3607 0.3228, 2.6083 0.3764 0.3228, 2.632 0.3862 0.3228, 2.5004 0.5864 0.3189, 2.5004 0.5864 0.3228, 2.5004 0.862 0.3189, 2.5004 0.862 0.3228, 2.3429 0.5864 0.0039, 2.3429 0.5864 0.0, 2.6575 0.5864 0.0039, 2.6579 0.5864 0.0, 2.6575 0.5864 0.3189, 2.6579 0.5864 0.3228, 2.6575 0.862 0.3189, 2.6579 0.862 0.3228, 2.6575 0.862 0.0039, 2.6579 0.862 0.0, 2.3429 0.862 0.0039, 2.3429 0.862 0.0, 2.6575 0.6258 0.3228, 2.6579 0.6258 0.3228, 2.6575 0.6258 0.0, 2.6579 0.6258 0.0, 2.6579 0.8226 0.3228, 2.6579 0.8226 0.0, 2.6575 0.8226 0.3228, 2.6575 0.8226 0.0, 2.5879 0.7938 0.0, 2.5722 0.7734 0.0, 2.632 0.8193 0.0, 2.6083 0.8094 0.0, 2.5624 0.7497 0.0, 2.5591 0.7242 0.0, 2.5624 0.6987 0.0, 2.5722 0.675 0.0, 2.5879 0.6546 0.0, 2.6083 0.639 0.0, 2.632 0.6291 0.0, 2.5879 0.6546 0.3228, 2.5722 0.675 0.3228, 2.632 0.6291 0.3228, 2.6083 0.639 0.3228, 2.5624 0.6987 0.3228, 2.5591 0.7242 0.3228, 2.5624 0.7497 0.3228, 2.5722 0.7734 0.3228, 2.5879 0.7938 0.3228, 2.6083 0.8094 0.3228, 2.632 0.8193 0.3228, 2.5004 1.0195 0.3189, 2.5004 1.0195 0.3228, 2.5004 1.2951 0.3189, 2.5004 1.2951 0.3228, 2.3429 1.0195 0.0039, 2.3429 1.0195 0.0, 2.6575 1.0195 0.0039, 2.6579 1.0195 0.0, 2.6575 1.0195 0.3189, 2.6579 1.0195 0.3228, 2.6575 1.2951 0.3189, 2.6579 1.2951 0.3228, 2.6575 1.2951 0.0039, 2.6579 1.2951 0.0, 2.3429 1.2951 0.0039, 2.3429 1.2951 0.0, 2.6575 1.0589 0.3228, 2.6579 1.0589 0.3228, 2.6575 1.0589 0.0, 2.6579 1.0589 0.0, 2.6579 1.2557 0.3228, 2.6579 1.2557 0.0, 2.6575 1.2557 0.3228, 2.6575 1.2557 0.0, 2.5879 1.2269 0.0, 2.5722 1.2065 0.0, 2.632 1.2523 0.0, 2.6083 1.2425 0.0, 2.5624 1.1828 0.0, 2.5591 1.1573 0.0, 2.5624 1.1318 0.0, 2.5722 1.1081 0.0, 2.5879 1.0877 0.0, 2.6083 1.072 0.0, 2.632 1.0622 0.0, 2.5879 1.0877 0.3228, 2.5722 1.1081 0.3228, 2.632 1.0622 0.3228, 2.6083 1.072 0.3228, 2.5624 1.1318 0.3228, 2.5591 1.1573 0.3228, 2.5624 1.1828 0.3228, 2.5722 1.2065 0.3228, 2.5879 1.2269 0.3228, 2.6083 1.2425 0.3228, 2.632 1.2523 0.3228, 2.5004 1.4526 0.3189, 2.5004 1.4526 0.3228, 2.5004 1.7281 0.3189, 2.5004 1.7281 0.3228, 2.3429 1.4526 0.0039, 2.3429 1.4526 0.0, 2.6575 1.4526 0.0039, 2.6579 1.4526 0.0, 2.6575 1.4526 0.3189, 2.6579 1.4526 0.3228, 2.6575 1.7281 0.3189, 2.6579 1.7281 0.3228, 2.6575 1.7281 0.0039, 2.6579 1.7281 0.0, 2.3429 1.7281 0.0039, 2.3429 1.7281 0.0, 2.6575 1.4919 0.3228, 2.6579 1.4919 0.3228, 2.6575 1.4919 0.0, 2.6579 1.4919 0.0, 2.6579 1.6888 0.3228, 2.6579 1.6888 0.0, 2.6575 1.6888 0.3228, 2.6575 1.6888 0.0, 2.5624 1.5649 0.0, 2.5722 1.5411 0.0, 2.632 1.6854 0.0, 2.6083 1.6756 0.0, 2.5879 1.6599 0.0, 2.5722 1.6396 0.0, 2.5624 1.6158 0.0, 2.5591 1.5903 0.0, 2.5879 1.5208 0.0, 2.6083 1.5051 0.0, 2.632 1.4953 0.0, 2.5879 1.5208 0.3228, 2.5722 1.5411 0.3228, 2.632 1.4953 0.3228, 2.6083 1.5051 0.3228, 2.5624 1.5649 0.3228, 2.5591 1.5903 0.3228, 2.5624 1.6158 0.3228, 2.5722 1.6396 0.3228, 2.5879 1.6599 0.3228, 2.6083 1.6756 0.3228, 2.632 1.6854 0.3228, 2.5004 1.8856 0.3189, 2.5004 1.8856 0.3228, 2.5004 2.1612 0.3189, 2.5004 2.1612 0.3228, 2.3429 1.8856 0.0039, 2.3429 1.8856 0.0, 2.6575 1.8856 0.0039, 2.6579 1.8856 0.0, 2.6575 1.8856 0.3189, 2.6579 1.8856 0.3228, 2.6575 2.1612 0.3189, 2.6579 2.1612 0.3228, 2.6575 2.1612 0.0039, 2.6579 2.1612 0.0, 2.3429 2.1612 0.0039, 2.3429 2.1612 0.0, 2.6575 1.925 0.3228, 2.6579 1.925 0.3228, 2.6575 1.925 0.0, 2.6579 1.925 0.0, 2.6579 2.1218 0.3228, 2.6579 2.1218 0.0, 2.6575 2.1218 0.3228, 2.6575 2.1218 0.0, 2.5624 1.9979 0.0, 2.5722 1.9742 0.0, 2.632 2.1185 0.0, 2.6083 2.1087 0.0, 2.5879 2.093 0.0, 2.5722 2.0726 0.0, 2.5624 2.0489 0.0, 2.5591 2.0234 0.0, 2.5879 1.9538 0.0, 2.6083 1.9382 0.0, 2.632 1.9283 0.0, 2.5879 1.9538 0.3228, 2.5722 1.9742 0.3228, 2.632 1.9283 0.3228, 2.6083 1.9382 0.3228, 2.5624 1.9979 0.3228, 2.5591 2.0234 0.3228, 2.5624 2.0489 0.3228, 2.5722 2.0726 0.3228, 2.5879 2.093 0.3228, 2.6083 2.1087 0.3228, 2.632 2.1185 0.3228, 2.5004 2.3187 0.3189, 2.5004 2.3187 0.3228, 2.5004 2.5943 0.3189, 2.5004 2.5943 0.3228, 2.3429 2.3187 0.0039, 2.3429 2.3187 0.0, 2.6575 2.3187 0.0039, 2.6579 2.3187 0.0, 2.6575 2.3187 0.3189, 2.6579 2.3187 0.3228, 2.6575 2.5943 0.3189, 2.6579 2.5943 0.3228, 2.6575 2.5943 0.0039, 2.6579 2.5943 0.0, 2.3429 2.5943 0.0039, 2.3429 2.5943 0.0, 2.6575 2.3581 0.3228, 2.6579 2.3581 0.3228, 2.6575 2.3581 0.0, 2.6579 2.3581 0.0, 2.6579 2.5549 0.3228, 2.6579 2.5549 0.0, 2.6575 2.5549 0.3228, 2.6575 2.5549 0.0, 2.5879 2.5261 0.0, 2.5722 2.5057 0.0, 2.632 2.5516 0.0, 2.6083 2.5417 0.0, 2.5722 2.4073 0.0, 2.5879 2.3869 0.0, 2.6083 2.3713 0.0, 2.632 2.3614 0.0, 2.5624 2.482 0.0, 2.5591 2.4565 0.0, 2.5624 2.431 0.0, 2.5879 2.3869 0.3228, 2.5722 2.4073 0.3228, 2.632 2.3614 0.3228, 2.6083 2.3713 0.3228, 2.5722 2.5057 0.3228, 2.5879 2.5261 0.3228, 2.6083 2.5417 0.3228, 2.632 2.5516 0.3228, 2.5624 2.431 0.3228, 2.5591 2.4565 0.3228, 2.5624 2.482 0.3228, 2.5004 2.7518 0.3189, 2.5004 2.7518 0.3228, 2.5004 3.0274 0.3189, 2.5004 3.0274 0.3228, 2.3429 2.7518 0.0039, 2.3429 2.7518 0.0, 2.6575 2.7518 0.0039, 2.6579 2.7518 0.0, 2.6575 2.7518 0.3189, 2.6579 2.7518 0.3228, 2.6575 3.0274 0.3189, 2.6579 3.0274 0.3228, 2.6575 3.0274 0.0039, 2.6579 3.0274 0.0, 2.3429 3.0274 0.0039, 2.3429 3.0274 0.0, 2.6575 2.7911 0.3228, 2.6579 2.7911 0.3228, 2.6575 2.7911 0.0, 2.6579 2.7911 0.0, 2.6579 2.988 0.3228, 2.6579 2.988 0.0, 2.6575 2.988 0.3228, 2.6575 2.988 0.0, 2.5879 2.9592 0.0, 2.5722 2.9388 0.0, 2.632 2.9846 0.0, 2.6083 2.9748 0.0, 2.5722 2.8403 0.0, 2.5879 2.82 0.0, 2.6083 2.8043 0.0, 2.632 2.7945 0.0, 2.5624 2.915 0.0, 2.5591 2.8896 0.0, 2.5624 2.8641 0.0, 2.5879 2.82 0.3228, 2.5722 2.8403 0.3228, 2.632 2.7945 0.3228, 2.6083 2.8043 0.3228, 2.5722 2.9388 0.3228, 2.5879 2.9592 0.3228, 2.6083 2.9748 0.3228, 2.632 2.9846 0.3228, 2.5624 2.8641 0.3228, 2.5591 2.8896 0.3228, 2.5624 2.915 0.3228, -2.3031 -2.7408 0.3228, -2.0276 -2.7408 0.3228, -2.3031 -2.7408 0.3189, -2.0276 -2.7408 0.3189, -2.0276 -2.8978 0.3189, -2.0276 -2.8982 0.3228, -2.0276 -2.8978 0.0039, -2.0276 -2.8982 0.0, -2.0276 -2.5833 0.0039, -2.0276 -2.5833 0.0, -2.0673 -2.8982 0.3228, -2.0673 -2.8982 0.0, -2.0673 -2.8978 0.3228, -2.0673 -2.8978 0.0, -2.0707 -2.8725 0.0, -2.0707 -2.8725 0.3228, -2.0805 -2.8488 0.0, -2.0805 -2.8488 0.3228, -2.096 -2.8285 0.0, -2.096 -2.8285 0.3228, -2.1163 -2.8129 0.0, -2.1163 -2.8129 0.3228, -2.14 -2.8031 0.0, -2.14 -2.8031 0.3228, -2.1654 -2.7998 0.0, -2.1654 -2.7998 0.3228, -2.1907 -2.8031 0.0, -2.1907 -2.8031 0.3228, -2.2144 -2.8129 0.0, -2.2144 -2.8129 0.3228, -2.2347 -2.8285 0.0, -2.2347 -2.8285 0.3228, -2.2503 -2.8488 0.0, -2.2503 -2.8488 0.3228, -2.26 -2.8725 0.0, -2.26 -2.8725 0.3228, -2.2634 -2.8978 0.0, -2.2634 -2.8978 0.3228, -2.2634 -2.8982 0.3228, -2.2634 -2.8982 0.0, -2.3031 -2.8982 0.3228, -2.3031 -2.8982 0.0, -2.3031 -2.5833 0.0039, -2.3031 -2.5833 0.0, -2.3031 -2.8978 0.0039, -2.3031 -2.8978 0.3189, -1.8701 -2.7408 0.3228, -1.5945 -2.7408 0.3228, -1.8701 -2.7408 0.3189, -1.5945 -2.7408 0.3189, -1.5945 -2.8978 0.3189, -1.5945 -2.8982 0.3228, -1.5945 -2.8978 0.0039, -1.5945 -2.8982 0.0, -1.5945 -2.5833 0.0039, -1.5945 -2.5833 0.0, -1.6343 -2.8982 0.3228, -1.6343 -2.8982 0.0, -1.6343 -2.8978 0.3228, -1.6343 -2.8978 0.0, -1.6376 -2.8725 0.0, -1.6376 -2.8725 0.3228, -1.6474 -2.8488 0.0, -1.6474 -2.8488 0.3228, -1.663 -2.8285 0.0, -1.663 -2.8285 0.3228, -1.6833 -2.8129 0.0, -1.6833 -2.8129 0.3228, -1.7069 -2.8031 0.0, -1.7069 -2.8031 0.3228, -1.7323 -2.7998 0.0, -1.7323 -2.7998 0.3228, -1.7577 -2.8031 0.0, -1.7577 -2.8031 0.3228, -1.7813 -2.8129 0.0, -1.7813 -2.8129 0.3228, -1.8016 -2.8285 0.0, -1.8016 -2.8285 0.3228, -1.8172 -2.8488 0.0, -1.8172 -2.8488 0.3228, -1.827 -2.8725 0.0, -1.827 -2.8725 0.3228, -1.8303 -2.8978 0.0, -1.8303 -2.8978 0.3228, -1.8303 -2.8982 0.3228, -1.8303 -2.8982 0.0, -1.8701 -2.8982 0.3228, -1.8701 -2.8982 0.0, -1.8701 -2.5833 0.0039, -1.8701 -2.5833 0.0, -1.8701 -2.8978 0.0039, -1.8701 -2.8978 0.3189, -1.437 -2.7408 0.3228, -1.1614 -2.7408 0.3228, -1.437 -2.7408 0.3189, -1.1614 -2.7408 0.3189, -1.1614 -2.8978 0.3189, -1.1614 -2.8982 0.3228, -1.1614 -2.8978 0.0039, -1.1614 -2.8982 0.0, -1.1614 -2.5833 0.0039, -1.1614 -2.5833 0.0, -1.2012 -2.8982 0.3228, -1.2012 -2.8982 0.0, -1.2012 -2.8978 0.3228, -1.2012 -2.8978 0.0, -1.2045 -2.8725 0.0, -1.2045 -2.8725 0.3228, -1.2143 -2.8488 0.0, -1.2143 -2.8488 0.3228, -1.2299 -2.8285 0.0, -1.2299 -2.8285 0.3228, -1.2502 -2.8129 0.0, -1.2502 -2.8129 0.3228, -1.2738 -2.8031 0.0, -1.2738 -2.8031 0.3228, -1.2992 -2.7998 0.0, -1.2992 -2.7998 0.3228, -1.3246 -2.8031 0.0, -1.3246 -2.8031 0.3228, -1.3482 -2.8129 0.0, -1.3482 -2.8129 0.3228, -1.3685 -2.8285 0.0, -1.3685 -2.8285 0.3228, -1.3841 -2.8488 0.0, -1.3841 -2.8488 0.3228, -1.3939 -2.8725 0.0, -1.3939 -2.8725 0.3228, -1.3972 -2.8978 0.0, -1.3972 -2.8978 0.3228, -1.3972 -2.8982 0.3228, -1.3972 -2.8982 0.0, -1.437 -2.8982 0.3228, -1.437 -2.8982 0.0, -1.437 -2.5833 0.0039, -1.437 -2.5833 0.0, -1.437 -2.8978 0.0039, -1.437 -2.8978 0.3189, -1.0039 -2.7408 0.3228, -0.7283 -2.7408 0.3228, -1.0039 -2.7408 0.3189, -0.7283 -2.7408 0.3189, -0.7283 -2.8978 0.3189, -0.7283 -2.8982 0.3228, -0.7283 -2.8978 0.0039, -0.7283 -2.8982 0.0, -0.7283 -2.5833 0.0039, -0.7283 -2.5833 0.0, -0.7681 -2.8982 0.3228, -0.7681 -2.8982 0.0, -0.7681 -2.8978 0.3228, -0.7681 -2.8978 0.0, -0.7715 -2.8725 0.0, -0.7715 -2.8725 0.3228, -0.7812 -2.8488 0.0, -0.7812 -2.8488 0.3228, -0.7968 -2.8285 0.0, -0.7968 -2.8285 0.3228, -0.8171 -2.8129 0.0, -0.8171 -2.8129 0.3228, -0.8408 -2.8031 0.0, -0.8408 -2.8031 0.3228, -0.8661 -2.7998 0.0, -0.8661 -2.7998 0.3228, -0.8915 -2.8031 0.0, -0.8915 -2.8031 0.3228, -0.9152 -2.8129 0.0, -0.9152 -2.8129 0.3228, -0.9355 -2.8285 0.0, -0.9355 -2.8285 0.3228, -0.951 -2.8488 0.0, -0.951 -2.8488 0.3228, -0.9608 -2.8725 0.0, -0.9608 -2.8725 0.3228, -0.9642 -2.8978 0.0, -0.9642 -2.8978 0.3228, -0.9642 -2.8982 0.3228, -0.9642 -2.8982 0.0, -1.0039 -2.8982 0.3228, -1.0039 -2.8982 0.0, -1.0039 -2.5833 0.0039, -1.0039 -2.5833 0.0, -1.0039 -2.8978 0.0039, -1.0039 -2.8978 0.3189, -0.5709 -2.7408 0.3228, -0.2953 -2.7408 0.3228, -0.5709 -2.7408 0.3189, -0.2953 -2.7408 0.3189, -0.2953 -2.8978 0.3189, -0.2953 -2.8982 0.3228, -0.2953 -2.8978 0.0039, -0.2953 -2.8982 0.0, -0.2953 -2.5833 0.0039, -0.2953 -2.5833 0.0, -0.335 -2.8982 0.3228, -0.335 -2.8982 0.0, -0.335 -2.8978 0.3228, -0.335 -2.8978 0.0, -0.3384 -2.8725 0.0, -0.3384 -2.8725 0.3228, -0.3482 -2.8488 0.0, -0.3482 -2.8488 0.3228, -0.3638 -2.8285 0.0, -0.3638 -2.8285 0.3228, -0.3841 -2.8129 0.0, -0.3841 -2.8129 0.3228, -0.4077 -2.8031 0.0, -0.4077 -2.8031 0.3228, -0.4331 -2.7998 0.0, -0.4331 -2.7998 0.3228, -0.4584 -2.8031 0.0, -0.4584 -2.8031 0.3228, -0.4821 -2.8129 0.0, -0.4821 -2.8129 0.3228, -0.5024 -2.8285 0.0, -0.5024 -2.8285 0.3228, -0.518 -2.8488 0.0, -0.518 -2.8488 0.3228, -0.5278 -2.8725 0.0, -0.5278 -2.8725 0.3228, -0.5311 -2.8978 0.0, -0.5311 -2.8978 0.3228, -0.5311 -2.8982 0.3228, -0.5311 -2.8982 0.0, -0.5709 -2.8982 0.3228, -0.5709 -2.8982 0.0, -0.5709 -2.5833 0.0039, -0.5709 -2.5833 0.0, -0.5709 -2.8978 0.0039, -0.5709 -2.8978 0.3189, -0.1378 -2.7408 0.3228, 0.1378 -2.7408 0.3228, -0.1378 -2.7408 0.3189, 0.1378 -2.7408 0.3189, 0.1378 -2.8978 0.3189, 0.1378 -2.8982 0.3228, 0.1378 -2.8978 0.0039, 0.1378 -2.8982 0.0, 0.1378 -2.5833 0.0039, 0.1378 -2.5833 0.0, 0.098 -2.8982 0.3228, 0.098 -2.8982 0.0, 0.098 -2.8978 0.3228, 0.098 -2.8978 0.0, 0.0947 -2.8725 0.0, 0.0947 -2.8725 0.3228, 0.0849 -2.8488 0.0, 0.0849 -2.8488 0.3228, 0.0693 -2.8285 0.0, 0.0693 -2.8285 0.3228, 0.049 -2.8129 0.0, 0.049 -2.8129 0.3228, 0.0254 -2.8031 0.0, 0.0254 -2.8031 0.3228, 0.0 -2.7998 0.0, 0.0 -2.7998 0.3228, -0.0254 -2.8031 0.0, -0.0254 -2.8031 0.3228, -0.049 -2.8129 0.0, -0.049 -2.8129 0.3228, -0.0693 -2.8285 0.0, -0.0693 -2.8285 0.3228, -0.0849 -2.8488 0.0, -0.0849 -2.8488 0.3228, -0.0947 -2.8725 0.0, -0.0947 -2.8725 0.3228, -0.098 -2.8978 0.0, -0.098 -2.8978 0.3228, -0.098 -2.8982 0.3228, -0.098 -2.8982 0.0, -0.1378 -2.8982 0.3228, -0.1378 -2.8982 0.0, -0.1378 -2.5833 0.0039, -0.1378 -2.5833 0.0, -0.1378 -2.8978 0.0039, -0.1378 -2.8978 0.3189, 0.2953 -2.7408 0.3228, 0.5709 -2.7408 0.3228, 0.2953 -2.7408 0.3189, 0.5709 -2.7408 0.3189, 0.5709 -2.8978 0.3189, 0.5709 -2.8982 0.3228, 0.5709 -2.8978 0.0039, 0.5709 -2.8982 0.0, 0.5709 -2.5833 0.0039, 0.5709 -2.5833 0.0, 0.5311 -2.8982 0.3228, 0.5311 -2.8982 0.0, 0.5311 -2.8978 0.3228, 0.5311 -2.8978 0.0, 0.5278 -2.8725 0.0, 0.5278 -2.8725 0.3228, 0.518 -2.8488 0.0, 0.518 -2.8488 0.3228, 0.5024 -2.8285 0.0, 0.5024 -2.8285 0.3228, 0.4821 -2.8129 0.0, 0.4821 -2.8129 0.3228, 0.4584 -2.8031 0.0, 0.4584 -2.8031 0.3228, 0.4331 -2.7998 0.0, 0.4331 -2.7998 0.3228, 0.4077 -2.8031 0.0, 0.4077 -2.8031 0.3228, 0.3841 -2.8129 0.0, 0.3841 -2.8129 0.3228, 0.3638 -2.8285 0.0, 0.3638 -2.8285 0.3228, 0.3482 -2.8488 0.0, 0.3482 -2.8488 0.3228, 0.3384 -2.8725 0.0, 0.3384 -2.8725 0.3228, 0.335 -2.8978 0.0, 0.335 -2.8978 0.3228, 0.335 -2.8982 0.3228, 0.335 -2.8982 0.0, 0.2953 -2.8982 0.3228, 0.2953 -2.8982 0.0, 0.2953 -2.5833 0.0039, 0.2953 -2.5833 0.0, 0.2953 -2.8978 0.0039, 0.2953 -2.8978 0.3189, 0.7283 -2.7408 0.3228, 1.0039 -2.7408 0.3228, 0.7283 -2.7408 0.3189, 1.0039 -2.7408 0.3189, 1.0039 -2.8978 0.3189, 1.0039 -2.8982 0.3228, 1.0039 -2.8978 0.0039, 1.0039 -2.8982 0.0, 1.0039 -2.5833 0.0039, 1.0039 -2.5833 0.0, 0.9642 -2.8982 0.3228, 0.9642 -2.8982 0.0, 0.9642 -2.8978 0.3228, 0.9642 -2.8978 0.0, 0.9608 -2.8725 0.0, 0.9608 -2.8725 0.3228, 0.951 -2.8488 0.0, 0.951 -2.8488 0.3228, 0.9355 -2.8285 0.0, 0.9355 -2.8285 0.3228, 0.9152 -2.8129 0.0, 0.9152 -2.8129 0.3228, 0.8915 -2.8031 0.0, 0.8915 -2.8031 0.3228, 0.8661 -2.7998 0.0, 0.8661 -2.7998 0.3228, 0.8408 -2.8031 0.0, 0.8408 -2.8031 0.3228, 0.8171 -2.8129 0.0, 0.8171 -2.8129 0.3228, 0.7968 -2.8285 0.0, 0.7968 -2.8285 0.3228, 0.7812 -2.8488 0.0, 0.7812 -2.8488 0.3228, 0.7715 -2.8725 0.0, 0.7715 -2.8725 0.3228, 0.7681 -2.8978 0.0, 0.7681 -2.8978 0.3228, 0.7681 -2.8982 0.3228, 0.7681 -2.8982 0.0, 0.7283 -2.8982 0.3228, 0.7283 -2.8982 0.0, 0.7283 -2.5833 0.0039, 0.7283 -2.5833 0.0, 0.7283 -2.8978 0.0039, 0.7283 -2.8978 0.3189, 1.1614 -2.7408 0.3228, 1.437 -2.7408 0.3228, 1.1614 -2.7408 0.3189, 1.437 -2.7408 0.3189, 1.437 -2.8978 0.3189, 1.437 -2.8982 0.3228, 1.437 -2.8978 0.0039, 1.437 -2.8982 0.0, 1.437 -2.5833 0.0039, 1.437 -2.5833 0.0, 1.3972 -2.8982 0.3228, 1.3972 -2.8982 0.0, 1.3972 -2.8978 0.3228, 1.3972 -2.8978 0.0, 1.3939 -2.8725 0.0, 1.3939 -2.8725 0.3228, 1.3841 -2.8488 0.0, 1.3841 -2.8488 0.3228, 1.3685 -2.8285 0.0, 1.3685 -2.8285 0.3228, 1.3482 -2.8129 0.0, 1.3482 -2.8129 0.3228, 1.3246 -2.8031 0.0, 1.3246 -2.8031 0.3228, 1.2992 -2.7998 0.0, 1.2992 -2.7998 0.3228, 1.2738 -2.8031 0.0, 1.2738 -2.8031 0.3228, 1.2502 -2.8129 0.0, 1.2502 -2.8129 0.3228, 1.2299 -2.8285 0.0, 1.2299 -2.8285 0.3228, 1.2143 -2.8488 0.0, 1.2143 -2.8488 0.3228, 1.2045 -2.8725 0.0, 1.2045 -2.8725 0.3228, 1.2012 -2.8978 0.0, 1.2012 -2.8978 0.3228, 1.2012 -2.8982 0.3228, 1.2012 -2.8982 0.0, 1.1614 -2.8982 0.3228, 1.1614 -2.8982 0.0, 1.1614 -2.5833 0.0039, 1.1614 -2.5833 0.0, 1.1614 -2.8978 0.0039, 1.1614 -2.8978 0.3189, 1.5945 -2.7408 0.3228, 1.8701 -2.7408 0.3228, 1.5945 -2.7408 0.3189, 1.8701 -2.7408 0.3189, 1.8701 -2.8978 0.3189, 1.8701 -2.8982 0.3228, 1.8701 -2.8978 0.0039, 1.8701 -2.8982 0.0, 1.8701 -2.5833 0.0039, 1.8701 -2.5833 0.0, 1.8303 -2.8982 0.3228, 1.8303 -2.8982 0.0, 1.8303 -2.8978 0.3228, 1.8303 -2.8978 0.0, 1.827 -2.8725 0.0, 1.827 -2.8725 0.3228, 1.8172 -2.8488 0.0, 1.8172 -2.8488 0.3228, 1.8016 -2.8285 0.0, 1.8016 -2.8285 0.3228, 1.7813 -2.8129 0.0, 1.7813 -2.8129 0.3228, 1.7577 -2.8031 0.0, 1.7577 -2.8031 0.3228, 1.7323 -2.7998 0.0, 1.7323 -2.7998 0.3228, 1.7069 -2.8031 0.0, 1.7069 -2.8031 0.3228, 1.6833 -2.8129 0.0, 1.6833 -2.8129 0.3228, 1.663 -2.8285 0.0, 1.663 -2.8285 0.3228, 1.6474 -2.8488 0.0, 1.6474 -2.8488 0.3228, 1.6376 -2.8725 0.0, 1.6376 -2.8725 0.3228, 1.6343 -2.8978 0.0, 1.6343 -2.8978 0.3228, 1.6343 -2.8982 0.3228, 1.6343 -2.8982 0.0, 1.5945 -2.8982 0.3228, 1.5945 -2.8982 0.0, 1.5945 -2.5833 0.0039, 1.5945 -2.5833 0.0, 1.5945 -2.8978 0.0039, 1.5945 -2.8978 0.3189, 2.0276 -2.7408 0.3228, 2.3031 -2.7408 0.3228, 2.0276 -2.7408 0.3189, 2.3031 -2.7408 0.3189, 2.3031 -2.8978 0.3189, 2.3031 -2.8982 0.3228, 2.3031 -2.8978 0.0039, 2.3031 -2.8982 0.0, 2.3031 -2.5833 0.0039, 2.3031 -2.5833 0.0, 2.2634 -2.8982 0.3228, 2.2634 -2.8982 0.0, 2.2634 -2.8978 0.3228, 2.2634 -2.8978 0.0, 2.26 -2.8725 0.0, 2.26 -2.8725 0.3228, 2.2503 -2.8488 0.0, 2.2503 -2.8488 0.3228, 2.2347 -2.8285 0.0, 2.2347 -2.8285 0.3228, 2.2144 -2.8129 0.0, 2.2144 -2.8129 0.3228, 2.1907 -2.8031 0.0, 2.1907 -2.8031 0.3228, 2.1654 -2.7998 0.0, 2.1654 -2.7998 0.3228, 2.14 -2.8031 0.0, 2.14 -2.8031 0.3228, 2.1163 -2.8129 0.0, 2.1163 -2.8129 0.3228, 2.096 -2.8285 0.0, 2.096 -2.8285 0.3228, 2.0805 -2.8488 0.0, 2.0805 -2.8488 0.3228, 2.0707 -2.8725 0.0, 2.0707 -2.8725 0.3228, 2.0673 -2.8978 0.0, 2.0673 -2.8978 0.3228, 2.0673 -2.8982 0.3228, 2.0673 -2.8982 0.0, 2.0276 -2.8982 0.3228, 2.0276 -2.8982 0.0, 2.0276 -2.5833 0.0039, 2.0276 -2.5833 0.0, 2.0276 -2.8978 0.0039, 2.0276 -2.8978 0.3189, 1.4764 -1.3034 0.0, 1.4764 -1.5789 0.0, 1.4764 -1.3034 0.0039, 1.4764 -1.5789 0.0039, 1.8701 -1.3034 0.0, 1.8701 -1.3034 0.0039, 1.8701 -1.5789 0.0, 1.8701 -1.5789 0.0039, 1.4764 -0.8703 0.0, 1.4764 -1.1459 0.0, 1.4764 -0.8703 0.0039, 1.4764 -1.1459 0.0039, 1.8701 -0.8703 0.0, 1.8701 -0.8703 0.0039, 1.8701 -1.1459 0.0, 1.8701 -1.1459 0.0039, -1.4764 -1.5789 0.0, -1.4764 -1.3034 0.0, -1.4764 -1.5789 0.0039, -1.4764 -1.3034 0.0039, -1.8701 -1.5789 0.0, -1.8701 -1.5789 0.0039, -1.8701 -1.3034 0.0, -1.8701 -1.3034 0.0039, -1.4764 -1.1459 0.0, -1.4764 -0.8703 0.0, -1.4764 -1.1459 0.0039, -1.4764 -0.8703 0.0039, -1.8701 -1.1459 0.0, -1.8701 -1.1459 0.0039, -1.8701 -0.8703 0.0, -1.8701 -0.8703 0.0039, -1.4764 -0.7128 0.0, -1.4764 -0.4372 0.0, -1.4764 -0.7128 0.0039, -1.4764 -0.4372 0.0039, -1.8701 -0.7128 0.0, -1.8701 -0.7128 0.0039, -1.8701 -0.4372 0.0, -1.8701 -0.4372 0.0039, -1.4764 -0.2797 0.0, -1.4764 -0.0041 0.0, -1.4764 -0.2797 0.0039, -1.4764 -0.0041 0.0039, -1.8701 -0.2797 0.0, -1.8701 -0.2797 0.0039, -1.8701 -0.0041 0.0, -1.8701 -0.0041 0.0039, -1.4764 0.1533 0.0, -1.4764 0.4289 0.0, -1.4764 0.1533 0.0039, -1.4764 0.4289 0.0039, -1.8701 0.1533 0.0, -1.8701 0.1533 0.0039, -1.8701 0.4289 0.0, -1.8701 0.4289 0.0039, -1.4764 0.5864 0.0, -1.4764 0.862 0.0, -1.4764 0.5864 0.0039, -1.4764 0.862 0.0039, -1.8701 0.5864 0.0, -1.8701 0.5864 0.0039, -1.8701 0.862 0.0, -1.8701 0.862 0.0039, -1.4764 1.0195 0.0, -1.4764 1.2951 0.0, -1.4764 1.0195 0.0039, -1.4764 1.2951 0.0039, -1.8701 1.0195 0.0, -1.8701 1.0195 0.0039, -1.8701 1.2951 0.0, -1.8701 1.2951 0.0039, -1.4764 1.4526 0.0, -1.4764 1.7281 0.0, -1.4764 1.4526 0.0039, -1.4764 1.7281 0.0039, -1.8701 1.4526 0.0, -1.8701 1.4526 0.0039, -1.8701 1.7281 0.0, -1.8701 1.7281 0.0039, -1.4764 1.8856 0.0, -1.4764 2.1612 0.0, -1.4764 1.8856 0.0039, -1.4764 2.1612 0.0039, -1.8701 1.8856 0.0, -1.8701 1.8856 0.0039, -1.8701 2.1612 0.0, -1.8701 2.1612 0.0039
            ]
        }
        coordIndex [
            0,1,2,-1,2,1,3,-1,2,3,4,-1,4,3,5,-1,4,5,6,-1,6,5,7,-1,7,8,6,-1,6,8,9,-1,9,8,10,-1,10,8,11,-1,10,11,12,-1,12,11,13,-1,12,13,14,-1,14,13,15,-1,16,17,18,-1,18,17,19,-1,5,3,17,-1,17,3,19,-1,20,21,11,-1,11,21,13,-1,22,23,20,-1,20,23,21,-1,18,19,3,-1,24,25,15,-1,15,25,26,-1,15,26,1,-1,21,23,13,-1,13,23,27,-1,13,27,15,-1,15,27,28,-1,15,28,24,-1,26,29,1,-1,1,29,30,-1,1,30,31,-1,31,32,1,-1,1,32,33,-1,1,33,3,-1,3,33,34,-1,3,34,18,-1,22,20,11,-1,7,35,36,-1,36,37,7,-1,7,37,38,-1,7,38,8,-1,8,38,39,-1,8,39,40,-1,17,16,5,-1,5,16,41,-1,5,41,7,-1,7,41,42,-1,7,42,35,-1,40,43,8,-1,8,43,44,-1,8,44,11,-1,11,44,45,-1,11,45,22,-1,23,22,27,-1,27,22,45,-1,27,45,28,-1,28,45,44,-1,28,44,24,-1,24,44,43,-1,24,43,25,-1,25,43,40,-1,25,40,26,-1,26,40,39,-1,26,39,29,-1,29,39,38,-1,29,38,30,-1,30,38,37,-1,30,37,31,-1,31,37,36,-1,31,36,32,-1,32,36,35,-1,32,35,33,-1,33,35,42,-1,33,42,34,-1,34,42,41,-1,34,41,18,-1,18,41,16,-1,0,14,1,-1,1,14,15,-1,46,47,48,-1,48,47,49,-1,48,49,50,-1,50,49,51,-1,50,51,52,-1,52,51,53,-1,53,54,52,-1,52,54,55,-1,55,54,56,-1,56,54,57,-1,56,57,58,-1,58,57,59,-1,58,59,60,-1,60,59,61,-1,62,63,64,-1,64,63,65,-1,51,49,63,-1,63,49,65,-1,66,67,57,-1,57,67,59,-1,68,69,66,-1,66,69,67,-1,64,65,49,-1,70,71,61,-1,61,71,72,-1,61,72,47,-1,67,69,59,-1,59,69,73,-1,59,73,61,-1,61,73,74,-1,61,74,70,-1,72,75,47,-1,47,75,76,-1,47,76,77,-1,77,78,47,-1,47,78,79,-1,47,79,49,-1,49,79,80,-1,49,80,64,-1,68,66,57,-1,53,81,82,-1,82,83,53,-1,53,83,84,-1,53,84,54,-1,54,84,85,-1,54,85,86,-1,63,62,51,-1,51,62,87,-1,51,87,53,-1,53,87,88,-1,53,88,81,-1,86,89,54,-1,54,89,90,-1,54,90,57,-1,57,90,91,-1,57,91,68,-1,69,68,73,-1,73,68,91,-1,73,91,74,-1,74,91,90,-1,74,90,70,-1,70,90,89,-1,70,89,71,-1,71,89,86,-1,71,86,72,-1,72,86,85,-1,72,85,75,-1,75,85,84,-1,75,84,76,-1,76,84,83,-1,76,83,77,-1,77,83,82,-1,77,82,78,-1,78,82,81,-1,78,81,79,-1,79,81,88,-1,79,88,80,-1,80,88,87,-1,80,87,64,-1,64,87,62,-1,92,93,94,-1,94,93,95,-1,94,95,96,-1,96,95,97,-1,96,97,98,-1,98,97,99,-1,99,100,98,-1,98,100,101,-1,101,100,102,-1,102,100,103,-1,102,103,104,-1,104,103,105,-1,104,105,106,-1,106,105,107,-1,108,109,110,-1,110,109,111,-1,97,95,109,-1,109,95,111,-1,112,113,103,-1,103,113,105,-1,114,115,112,-1,112,115,113,-1,110,111,95,-1,116,117,107,-1,107,117,118,-1,107,118,93,-1,113,115,105,-1,105,115,119,-1,105,119,107,-1,107,119,120,-1,107,120,116,-1,118,121,93,-1,93,121,122,-1,93,122,123,-1,123,124,93,-1,93,124,125,-1,93,125,95,-1,95,125,126,-1,95,126,110,-1,114,112,103,-1,99,127,128,-1,128,129,99,-1,99,129,130,-1,99,130,100,-1,100,130,131,-1,100,131,132,-1,109,108,97,-1,97,108,133,-1,97,133,99,-1,99,133,134,-1,99,134,127,-1,132,135,100,-1,100,135,136,-1,100,136,103,-1,103,136,137,-1,103,137,114,-1,115,114,119,-1,119,114,137,-1,119,137,120,-1,120,137,136,-1,120,136,116,-1,116,136,135,-1,116,135,117,-1,117,135,132,-1,117,132,118,-1,118,132,131,-1,118,131,121,-1,121,131,130,-1,121,130,122,-1,122,130,129,-1,122,129,123,-1,123,129,128,-1,123,128,124,-1,124,128,127,-1,124,127,125,-1,125,127,134,-1,125,134,126,-1,126,134,133,-1,126,133,110,-1,110,133,108,-1,138,139,140,-1,140,139,141,-1,140,141,142,-1,142,141,143,-1,142,143,144,-1,144,143,145,-1,145,146,144,-1,144,146,147,-1,147,146,148,-1,148,146,149,-1,148,149,150,-1,150,149,151,-1,150,151,152,-1,152,151,153,-1,154,155,156,-1,156,155,157,-1,143,141,155,-1,155,141,157,-1,158,159,149,-1,149,159,151,-1,160,161,158,-1,158,161,159,-1,156,157,141,-1,162,163,153,-1,153,163,164,-1,153,164,139,-1,164,165,139,-1,139,165,166,-1,139,166,167,-1,159,161,151,-1,151,161,168,-1,151,168,153,-1,153,168,169,-1,153,169,162,-1,167,170,139,-1,139,170,171,-1,139,171,141,-1,141,171,172,-1,141,172,156,-1,160,158,149,-1,145,173,174,-1,174,175,145,-1,145,175,176,-1,145,176,146,-1,146,176,177,-1,146,177,178,-1,178,179,146,-1,146,179,180,-1,146,180,149,-1,149,180,181,-1,149,181,160,-1,155,154,143,-1,143,154,182,-1,143,182,145,-1,145,182,183,-1,145,183,173,-1,161,160,168,-1,168,160,181,-1,168,181,169,-1,169,181,180,-1,169,180,162,-1,162,180,179,-1,162,179,163,-1,163,179,178,-1,163,178,164,-1,164,178,177,-1,164,177,165,-1,165,177,176,-1,165,176,166,-1,166,176,175,-1,166,175,167,-1,167,175,174,-1,167,174,170,-1,170,174,173,-1,170,173,171,-1,171,173,183,-1,171,183,172,-1,172,183,182,-1,172,182,156,-1,156,182,154,-1,184,185,186,-1,186,185,187,-1,186,187,188,-1,188,187,189,-1,188,189,190,-1,190,189,191,-1,191,192,190,-1,190,192,193,-1,193,192,194,-1,194,192,195,-1,194,195,196,-1,196,195,197,-1,196,197,198,-1,198,197,199,-1,200,201,202,-1,202,201,203,-1,189,187,201,-1,201,187,203,-1,204,205,195,-1,195,205,197,-1,206,207,204,-1,204,207,205,-1,202,203,187,-1,205,207,197,-1,197,207,208,-1,197,208,199,-1,208,209,199,-1,199,209,210,-1,199,210,211,-1,211,212,199,-1,199,212,213,-1,199,213,185,-1,185,213,214,-1,185,214,215,-1,215,216,185,-1,185,216,217,-1,185,217,187,-1,187,217,218,-1,187,218,202,-1,206,204,195,-1,191,219,220,-1,201,200,189,-1,189,200,221,-1,189,221,191,-1,191,221,222,-1,191,222,219,-1,223,224,192,-1,192,224,225,-1,192,225,195,-1,195,225,226,-1,195,226,206,-1,220,227,191,-1,191,227,228,-1,191,228,192,-1,192,228,229,-1,192,229,223,-1,207,206,208,-1,208,206,226,-1,208,226,209,-1,209,226,225,-1,209,225,210,-1,210,225,224,-1,210,224,211,-1,211,224,223,-1,211,223,212,-1,212,223,229,-1,212,229,213,-1,213,229,228,-1,213,228,214,-1,214,228,227,-1,214,227,215,-1,215,227,220,-1,215,220,216,-1,216,220,219,-1,216,219,217,-1,217,219,222,-1,217,222,218,-1,218,222,221,-1,218,221,202,-1,202,221,200,-1,230,231,232,-1,232,231,233,-1,232,233,234,-1,234,233,235,-1,234,235,236,-1,236,235,237,-1,237,238,236,-1,236,238,239,-1,239,238,240,-1,240,238,241,-1,240,241,242,-1,242,241,243,-1,242,243,244,-1,244,243,245,-1,246,247,248,-1,248,247,249,-1,235,233,247,-1,247,233,249,-1,250,251,241,-1,241,251,243,-1,252,253,250,-1,250,253,251,-1,248,249,233,-1,251,253,243,-1,243,253,254,-1,243,254,245,-1,254,255,245,-1,245,255,256,-1,245,256,257,-1,257,258,245,-1,245,258,259,-1,245,259,231,-1,231,259,260,-1,231,260,261,-1,261,262,231,-1,231,262,263,-1,231,263,233,-1,233,263,264,-1,233,264,248,-1,252,250,241,-1,237,265,266,-1,247,246,235,-1,235,246,267,-1,235,267,237,-1,237,267,268,-1,237,268,265,-1,269,270,238,-1,238,270,271,-1,238,271,241,-1,241,271,272,-1,241,272,252,-1,266,273,237,-1,237,273,274,-1,237,274,238,-1,238,274,275,-1,238,275,269,-1,253,252,254,-1,254,252,272,-1,254,272,255,-1,255,272,271,-1,255,271,256,-1,256,271,270,-1,256,270,257,-1,257,270,269,-1,257,269,258,-1,258,269,275,-1,258,275,259,-1,259,275,274,-1,259,274,260,-1,260,274,273,-1,260,273,261,-1,261,273,266,-1,261,266,262,-1,262,266,265,-1,262,265,263,-1,263,265,268,-1,263,268,264,-1,264,268,267,-1,264,267,248,-1,248,267,246,-1,276,277,278,-1,278,277,279,-1,278,279,280,-1,280,279,281,-1,280,281,282,-1,282,281,283,-1,283,284,282,-1,282,284,285,-1,285,284,286,-1,286,284,287,-1,286,287,288,-1,288,287,289,-1,288,289,290,-1,290,289,291,-1,292,293,294,-1,294,293,295,-1,281,279,293,-1,293,279,295,-1,296,297,287,-1,287,297,289,-1,298,299,296,-1,296,299,297,-1,294,295,279,-1,291,300,277,-1,277,300,301,-1,277,301,302,-1,297,299,289,-1,289,299,303,-1,289,303,291,-1,291,303,304,-1,291,304,305,-1,302,306,277,-1,277,306,307,-1,277,307,279,-1,279,307,308,-1,279,308,294,-1,305,309,291,-1,291,309,310,-1,291,310,300,-1,298,296,287,-1,283,311,312,-1,293,292,281,-1,281,292,313,-1,281,313,283,-1,283,313,314,-1,283,314,311,-1,315,316,284,-1,284,316,317,-1,284,317,287,-1,287,317,318,-1,287,318,298,-1,312,319,283,-1,283,319,320,-1,283,320,284,-1,284,320,321,-1,284,321,315,-1,299,298,303,-1,303,298,318,-1,303,318,304,-1,304,318,317,-1,304,317,305,-1,305,317,316,-1,305,316,309,-1,309,316,315,-1,309,315,310,-1,310,315,321,-1,310,321,300,-1,300,321,320,-1,300,320,301,-1,301,320,319,-1,301,319,302,-1,302,319,312,-1,302,312,306,-1,306,312,311,-1,306,311,307,-1,307,311,314,-1,307,314,308,-1,308,314,313,-1,308,313,294,-1,294,313,292,-1,322,323,324,-1,324,323,325,-1,324,325,326,-1,326,325,327,-1,326,327,328,-1,328,327,329,-1,329,330,328,-1,328,330,331,-1,331,330,332,-1,332,330,333,-1,332,333,334,-1,334,333,335,-1,334,335,336,-1,336,335,337,-1,338,339,340,-1,340,339,341,-1,327,325,339,-1,339,325,341,-1,342,343,333,-1,333,343,335,-1,344,345,342,-1,342,345,343,-1,340,341,325,-1,343,345,335,-1,335,345,346,-1,335,346,337,-1,346,347,337,-1,337,347,348,-1,337,348,349,-1,349,350,337,-1,337,350,351,-1,337,351,323,-1,323,351,352,-1,323,352,353,-1,353,354,323,-1,323,354,355,-1,323,355,325,-1,325,355,356,-1,325,356,340,-1,344,342,333,-1,329,357,358,-1,339,338,327,-1,327,338,359,-1,327,359,329,-1,329,359,360,-1,329,360,357,-1,361,362,330,-1,330,362,363,-1,330,363,333,-1,333,363,364,-1,333,364,344,-1,358,365,329,-1,329,365,366,-1,329,366,330,-1,330,366,367,-1,330,367,361,-1,345,344,346,-1,346,344,364,-1,346,364,347,-1,347,364,363,-1,347,363,348,-1,348,363,362,-1,348,362,349,-1,349,362,361,-1,349,361,350,-1,350,361,367,-1,350,367,351,-1,351,367,366,-1,351,366,352,-1,352,366,365,-1,352,365,353,-1,353,365,358,-1,353,358,354,-1,354,358,357,-1,354,357,355,-1,355,357,360,-1,355,360,356,-1,356,360,359,-1,356,359,340,-1,340,359,338,-1,368,369,370,-1,370,369,371,-1,370,371,372,-1,372,371,373,-1,372,373,374,-1,374,373,375,-1,375,376,374,-1,374,376,377,-1,377,376,378,-1,378,376,379,-1,378,379,380,-1,380,379,381,-1,380,381,382,-1,382,381,383,-1,384,385,386,-1,386,385,387,-1,373,371,385,-1,385,371,387,-1,388,389,379,-1,379,389,381,-1,390,391,388,-1,388,391,389,-1,386,387,371,-1,383,392,369,-1,369,392,393,-1,369,393,394,-1,389,391,381,-1,381,391,395,-1,381,395,383,-1,383,395,396,-1,383,396,397,-1,394,398,369,-1,369,398,399,-1,369,399,371,-1,371,399,400,-1,371,400,386,-1,397,401,383,-1,383,401,402,-1,383,402,392,-1,390,388,379,-1,375,403,404,-1,385,384,373,-1,373,384,405,-1,373,405,375,-1,375,405,406,-1,375,406,403,-1,407,408,376,-1,376,408,409,-1,376,409,379,-1,379,409,410,-1,379,410,390,-1,404,411,375,-1,375,411,412,-1,375,412,376,-1,376,412,413,-1,376,413,407,-1,391,390,395,-1,395,390,410,-1,395,410,396,-1,396,410,409,-1,396,409,397,-1,397,409,408,-1,397,408,401,-1,401,408,407,-1,401,407,402,-1,402,407,413,-1,402,413,392,-1,392,413,412,-1,392,412,393,-1,393,412,411,-1,393,411,394,-1,394,411,404,-1,394,404,398,-1,398,404,403,-1,398,403,399,-1,399,403,406,-1,399,406,400,-1,400,406,405,-1,400,405,386,-1,386,405,384,-1,414,415,416,-1,416,415,417,-1,416,417,418,-1,418,417,419,-1,418,419,420,-1,420,419,421,-1,421,422,420,-1,420,422,423,-1,423,422,424,-1,424,422,425,-1,424,425,426,-1,426,425,427,-1,426,427,428,-1,428,427,429,-1,430,431,432,-1,432,431,433,-1,419,417,431,-1,431,417,433,-1,434,435,425,-1,425,435,427,-1,436,437,434,-1,434,437,435,-1,432,433,417,-1,435,437,427,-1,427,437,438,-1,427,438,429,-1,438,439,429,-1,429,439,440,-1,429,440,441,-1,441,442,429,-1,429,442,443,-1,429,443,415,-1,415,443,444,-1,415,444,445,-1,445,446,415,-1,415,446,447,-1,415,447,417,-1,417,447,448,-1,417,448,432,-1,436,434,425,-1,421,449,450,-1,431,430,419,-1,419,430,451,-1,419,451,421,-1,421,451,452,-1,421,452,449,-1,453,454,422,-1,422,454,455,-1,422,455,425,-1,425,455,456,-1,425,456,436,-1,450,457,421,-1,421,457,458,-1,421,458,422,-1,422,458,459,-1,422,459,453,-1,437,436,438,-1,438,436,456,-1,438,456,439,-1,439,456,455,-1,439,455,440,-1,440,455,454,-1,440,454,441,-1,441,454,453,-1,441,453,442,-1,442,453,459,-1,442,459,443,-1,443,459,458,-1,443,458,444,-1,444,458,457,-1,444,457,445,-1,445,457,450,-1,445,450,446,-1,446,450,449,-1,446,449,447,-1,447,449,452,-1,447,452,448,-1,448,452,451,-1,448,451,432,-1,432,451,430,-1,460,461,462,-1,462,461,463,-1,462,463,464,-1,464,463,465,-1,464,465,466,-1,466,465,467,-1,467,468,466,-1,466,468,469,-1,469,468,470,-1,470,468,471,-1,470,471,472,-1,472,471,473,-1,472,473,474,-1,474,473,475,-1,476,477,478,-1,478,477,479,-1,465,463,477,-1,477,463,479,-1,480,481,471,-1,471,481,473,-1,482,483,480,-1,480,483,481,-1,478,479,463,-1,481,483,473,-1,473,483,484,-1,473,484,475,-1,484,485,475,-1,475,485,486,-1,475,486,487,-1,487,488,475,-1,475,488,489,-1,475,489,461,-1,461,489,490,-1,461,490,491,-1,491,492,461,-1,461,492,493,-1,461,493,463,-1,463,493,494,-1,463,494,478,-1,482,480,471,-1,467,495,496,-1,477,476,465,-1,465,476,497,-1,465,497,467,-1,467,497,498,-1,467,498,495,-1,499,500,468,-1,468,500,501,-1,468,501,471,-1,471,501,502,-1,471,502,482,-1,496,503,467,-1,467,503,504,-1,467,504,468,-1,468,504,505,-1,468,505,499,-1,483,482,484,-1,484,482,502,-1,484,502,485,-1,485,502,501,-1,485,501,486,-1,486,501,500,-1,486,500,487,-1,487,500,499,-1,487,499,488,-1,488,499,505,-1,488,505,489,-1,489,505,504,-1,489,504,490,-1,490,504,503,-1,490,503,491,-1,491,503,496,-1,491,496,492,-1,492,496,495,-1,492,495,493,-1,493,495,498,-1,493,498,494,-1,494,498,497,-1,494,497,478,-1,478,497,476,-1,506,507,508,-1,508,507,509,-1,508,509,510,-1,510,509,511,-1,510,511,512,-1,512,511,513,-1,513,514,512,-1,512,514,515,-1,515,514,516,-1,516,514,517,-1,516,517,518,-1,518,517,519,-1,518,519,520,-1,520,519,521,-1,522,523,524,-1,524,523,525,-1,511,509,523,-1,523,509,525,-1,526,527,517,-1,517,527,519,-1,528,529,526,-1,526,529,527,-1,524,525,509,-1,530,531,521,-1,521,531,532,-1,521,532,507,-1,527,529,519,-1,519,529,533,-1,519,533,521,-1,521,533,534,-1,521,534,530,-1,532,535,507,-1,507,535,536,-1,507,536,537,-1,537,538,507,-1,507,538,539,-1,507,539,509,-1,509,539,540,-1,509,540,524,-1,528,526,517,-1,513,541,542,-1,542,543,513,-1,513,543,544,-1,513,544,514,-1,514,544,545,-1,514,545,546,-1,523,522,511,-1,511,522,547,-1,511,547,513,-1,513,547,548,-1,513,548,541,-1,546,549,514,-1,514,549,550,-1,514,550,517,-1,517,550,551,-1,517,551,528,-1,529,528,533,-1,533,528,551,-1,533,551,534,-1,534,551,550,-1,534,550,530,-1,530,550,549,-1,530,549,531,-1,531,549,546,-1,531,546,532,-1,532,546,545,-1,532,545,535,-1,535,545,544,-1,535,544,536,-1,536,544,543,-1,536,543,537,-1,537,543,542,-1,537,542,538,-1,538,542,541,-1,538,541,539,-1,539,541,548,-1,539,548,540,-1,540,548,547,-1,540,547,524,-1,524,547,522,-1,552,553,554,-1,554,553,555,-1,554,555,556,-1,556,555,557,-1,556,557,558,-1,558,557,559,-1,559,560,558,-1,558,560,561,-1,561,560,562,-1,562,560,563,-1,562,563,564,-1,564,563,565,-1,564,565,566,-1,566,565,567,-1,568,569,570,-1,570,569,571,-1,557,555,569,-1,569,555,571,-1,572,573,563,-1,563,573,565,-1,574,575,572,-1,572,575,573,-1,570,571,555,-1,576,577,567,-1,567,577,578,-1,567,578,553,-1,573,575,565,-1,565,575,579,-1,565,579,567,-1,567,579,580,-1,567,580,576,-1,578,581,553,-1,553,581,582,-1,553,582,583,-1,583,584,553,-1,553,584,585,-1,553,585,555,-1,555,585,586,-1,555,586,570,-1,574,572,563,-1,559,587,588,-1,588,589,559,-1,559,589,590,-1,559,590,560,-1,560,590,591,-1,560,591,592,-1,569,568,557,-1,557,568,593,-1,557,593,559,-1,559,593,594,-1,559,594,587,-1,592,595,560,-1,560,595,596,-1,560,596,563,-1,563,596,597,-1,563,597,574,-1,575,574,579,-1,579,574,597,-1,579,597,580,-1,580,597,596,-1,580,596,576,-1,576,596,595,-1,576,595,577,-1,577,595,592,-1,577,592,578,-1,578,592,591,-1,578,591,581,-1,581,591,590,-1,581,590,582,-1,582,590,589,-1,582,589,583,-1,583,589,588,-1,583,588,584,-1,584,588,587,-1,584,587,585,-1,585,587,594,-1,585,594,586,-1,586,594,593,-1,586,593,570,-1,570,593,568,-1,46,60,47,-1,47,60,61,-1,92,106,93,-1,93,106,107,-1,138,152,139,-1,139,152,153,-1,184,198,185,-1,185,198,199,-1,230,244,231,-1,231,244,245,-1,276,290,277,-1,277,290,291,-1,322,336,323,-1,323,336,337,-1,368,382,369,-1,369,382,383,-1,414,428,415,-1,415,428,429,-1,460,474,461,-1,461,474,475,-1,506,520,507,-1,507,520,521,-1,552,566,553,-1,553,566,567,-1,598,599,600,-1,600,599,601,-1,600,601,602,-1,602,601,603,-1,602,603,604,-1,604,603,605,-1,604,605,606,-1,606,605,607,-1,606,607,608,-1,608,607,609,-1,608,609,610,-1,610,609,611,-1,610,611,612,-1,612,611,613,-1,614,615,616,-1,616,615,617,-1,603,601,615,-1,615,601,617,-1,618,619,609,-1,609,619,611,-1,620,621,618,-1,618,621,619,-1,616,617,601,-1,622,623,613,-1,619,621,611,-1,611,621,624,-1,611,624,613,-1,613,624,625,-1,613,625,622,-1,626,627,599,-1,599,627,628,-1,599,628,601,-1,601,628,629,-1,601,629,616,-1,623,630,613,-1,613,630,631,-1,613,631,599,-1,599,631,632,-1,599,632,626,-1,620,618,609,-1,633,634,605,-1,615,614,603,-1,603,614,635,-1,603,635,605,-1,605,635,636,-1,605,636,633,-1,637,638,607,-1,607,638,639,-1,607,639,609,-1,609,639,640,-1,609,640,620,-1,634,641,605,-1,605,641,642,-1,605,642,607,-1,607,642,643,-1,607,643,637,-1,621,620,624,-1,624,620,640,-1,624,640,625,-1,625,640,639,-1,625,639,622,-1,622,639,638,-1,622,638,623,-1,623,638,637,-1,623,637,630,-1,630,637,643,-1,630,643,631,-1,631,643,642,-1,631,642,632,-1,632,642,641,-1,632,641,626,-1,626,641,634,-1,626,634,627,-1,627,634,633,-1,627,633,628,-1,628,633,636,-1,628,636,629,-1,629,636,635,-1,629,635,616,-1,616,635,614,-1,644,645,646,-1,646,645,647,-1,646,647,648,-1,648,647,649,-1,648,649,650,-1,650,649,651,-1,650,651,652,-1,652,651,653,-1,652,653,654,-1,654,653,655,-1,654,655,656,-1,656,655,657,-1,656,657,658,-1,658,657,659,-1,660,661,662,-1,662,661,663,-1,649,647,661,-1,661,647,663,-1,664,665,655,-1,655,665,657,-1,666,667,664,-1,664,667,665,-1,662,663,647,-1,668,669,659,-1,665,667,657,-1,657,667,670,-1,657,670,659,-1,659,670,671,-1,659,671,668,-1,672,673,645,-1,645,673,674,-1,645,674,647,-1,647,674,675,-1,647,675,662,-1,669,676,659,-1,659,676,677,-1,659,677,645,-1,645,677,678,-1,645,678,672,-1,666,664,655,-1,679,680,651,-1,661,660,649,-1,649,660,681,-1,649,681,651,-1,651,681,682,-1,651,682,679,-1,683,684,653,-1,653,684,685,-1,653,685,655,-1,655,685,686,-1,655,686,666,-1,680,687,651,-1,651,687,688,-1,651,688,653,-1,653,688,689,-1,653,689,683,-1,667,666,670,-1,670,666,686,-1,670,686,671,-1,671,686,685,-1,671,685,668,-1,668,685,684,-1,668,684,669,-1,669,684,683,-1,669,683,676,-1,676,683,689,-1,676,689,677,-1,677,689,688,-1,677,688,678,-1,678,688,687,-1,678,687,672,-1,672,687,680,-1,672,680,673,-1,673,680,679,-1,673,679,674,-1,674,679,682,-1,674,682,675,-1,675,682,681,-1,675,681,662,-1,662,681,660,-1,690,691,692,-1,692,691,693,-1,694,695,696,-1,696,695,697,-1,696,697,698,-1,698,697,699,-1,698,699,690,-1,690,699,691,-1,692,693,700,-1,700,693,701,-1,700,701,702,-1,702,701,703,-1,702,703,704,-1,704,703,705,-1,706,707,708,-1,708,707,709,-1,699,697,707,-1,707,697,709,-1,710,711,701,-1,701,711,703,-1,712,713,710,-1,710,713,711,-1,708,709,697,-1,714,715,705,-1,711,713,703,-1,703,713,716,-1,703,716,705,-1,705,716,717,-1,705,717,714,-1,718,719,695,-1,695,719,720,-1,695,720,697,-1,697,720,721,-1,697,721,708,-1,715,722,705,-1,705,722,723,-1,705,723,695,-1,695,723,724,-1,695,724,718,-1,712,710,701,-1,725,726,691,-1,707,706,699,-1,699,706,727,-1,699,727,691,-1,691,727,728,-1,691,728,725,-1,729,730,693,-1,693,730,731,-1,693,731,701,-1,701,731,732,-1,701,732,712,-1,726,733,691,-1,691,733,734,-1,691,734,693,-1,693,734,735,-1,693,735,729,-1,713,712,716,-1,716,712,732,-1,716,732,717,-1,717,732,731,-1,717,731,714,-1,714,731,730,-1,714,730,715,-1,715,730,729,-1,715,729,722,-1,722,729,735,-1,722,735,723,-1,723,735,734,-1,723,734,724,-1,724,734,733,-1,724,733,718,-1,718,733,726,-1,718,726,719,-1,719,726,725,-1,719,725,720,-1,720,725,728,-1,720,728,721,-1,721,728,727,-1,721,727,708,-1,708,727,706,-1,736,737,738,-1,738,737,739,-1,740,741,742,-1,742,741,743,-1,742,743,744,-1,744,743,745,-1,744,745,736,-1,736,745,737,-1,738,739,746,-1,746,739,747,-1,746,747,748,-1,748,747,749,-1,748,749,750,-1,750,749,751,-1,752,753,754,-1,754,753,755,-1,745,743,753,-1,753,743,755,-1,756,757,747,-1,747,757,749,-1,758,759,756,-1,756,759,757,-1,754,755,743,-1,760,761,751,-1,757,759,749,-1,749,759,762,-1,749,762,751,-1,751,762,763,-1,751,763,760,-1,764,765,741,-1,741,765,766,-1,741,766,743,-1,743,766,767,-1,743,767,754,-1,761,768,751,-1,751,768,769,-1,751,769,741,-1,741,769,770,-1,741,770,764,-1,758,756,747,-1,771,772,737,-1,753,752,745,-1,745,752,773,-1,745,773,737,-1,737,773,774,-1,737,774,771,-1,775,776,739,-1,739,776,777,-1,739,777,747,-1,747,777,778,-1,747,778,758,-1,772,779,737,-1,737,779,780,-1,737,780,739,-1,739,780,781,-1,739,781,775,-1,759,758,762,-1,762,758,778,-1,762,778,763,-1,763,778,777,-1,763,777,760,-1,760,777,776,-1,760,776,761,-1,761,776,775,-1,761,775,768,-1,768,775,781,-1,768,781,769,-1,769,781,780,-1,769,780,770,-1,770,780,779,-1,770,779,764,-1,764,779,772,-1,764,772,765,-1,765,772,771,-1,765,771,766,-1,766,771,774,-1,766,774,767,-1,767,774,773,-1,767,773,754,-1,754,773,752,-1,782,783,784,-1,784,783,785,-1,786,787,788,-1,788,787,789,-1,788,789,790,-1,790,789,791,-1,790,791,782,-1,782,791,783,-1,784,785,792,-1,792,785,793,-1,792,793,794,-1,794,793,795,-1,794,795,796,-1,796,795,797,-1,798,799,800,-1,800,799,801,-1,791,789,799,-1,799,789,801,-1,802,803,793,-1,793,803,795,-1,804,805,802,-1,802,805,803,-1,800,801,789,-1,787,806,807,-1,803,805,795,-1,795,805,808,-1,795,808,797,-1,797,808,809,-1,797,809,810,-1,810,811,797,-1,797,811,812,-1,797,812,787,-1,787,812,813,-1,787,813,806,-1,807,814,787,-1,787,814,815,-1,787,815,789,-1,789,815,816,-1,789,816,800,-1,804,802,793,-1,783,817,818,-1,799,798,791,-1,791,798,819,-1,791,819,783,-1,783,819,820,-1,783,820,817,-1,818,821,783,-1,783,821,822,-1,783,822,785,-1,785,822,823,-1,785,823,824,-1,824,825,785,-1,785,825,826,-1,785,826,793,-1,793,826,827,-1,793,827,804,-1,805,804,808,-1,808,804,827,-1,808,827,809,-1,809,827,826,-1,809,826,810,-1,810,826,825,-1,810,825,811,-1,811,825,824,-1,811,824,812,-1,812,824,823,-1,812,823,813,-1,813,823,822,-1,813,822,806,-1,806,822,821,-1,806,821,807,-1,807,821,818,-1,807,818,814,-1,814,818,817,-1,814,817,815,-1,815,817,820,-1,815,820,816,-1,816,820,819,-1,816,819,800,-1,800,819,798,-1,828,829,830,-1,830,829,831,-1,832,833,834,-1,834,833,835,-1,834,835,836,-1,836,835,837,-1,836,837,828,-1,828,837,829,-1,830,831,838,-1,838,831,839,-1,838,839,840,-1,840,839,841,-1,840,841,842,-1,842,841,843,-1,844,845,846,-1,846,845,847,-1,837,835,845,-1,845,835,847,-1,848,849,839,-1,839,849,841,-1,850,851,848,-1,848,851,849,-1,846,847,835,-1,843,852,853,-1,849,851,841,-1,841,851,854,-1,841,854,843,-1,843,854,855,-1,843,855,852,-1,853,856,843,-1,843,856,857,-1,843,857,833,-1,833,857,858,-1,833,858,859,-1,859,860,833,-1,833,860,861,-1,833,861,835,-1,835,861,862,-1,835,862,846,-1,850,848,839,-1,845,844,837,-1,837,844,863,-1,837,863,829,-1,863,864,829,-1,829,864,865,-1,829,865,866,-1,866,867,829,-1,829,867,868,-1,829,868,831,-1,831,868,869,-1,831,869,870,-1,870,871,831,-1,831,871,872,-1,831,872,839,-1,839,872,873,-1,839,873,850,-1,851,850,854,-1,854,850,873,-1,854,873,855,-1,855,873,872,-1,855,872,852,-1,852,872,871,-1,852,871,853,-1,853,871,870,-1,853,870,856,-1,856,870,869,-1,856,869,857,-1,857,869,868,-1,857,868,858,-1,858,868,867,-1,858,867,859,-1,859,867,866,-1,859,866,860,-1,860,866,865,-1,860,865,861,-1,861,865,864,-1,861,864,862,-1,862,864,863,-1,862,863,846,-1,846,863,844,-1,874,875,876,-1,876,875,877,-1,878,879,880,-1,880,879,881,-1,880,881,882,-1,882,881,883,-1,882,883,874,-1,874,883,875,-1,876,877,884,-1,884,877,885,-1,884,885,886,-1,886,885,887,-1,886,887,888,-1,888,887,889,-1,890,891,892,-1,892,891,893,-1,883,881,891,-1,891,881,893,-1,894,895,885,-1,885,895,887,-1,896,897,894,-1,894,897,895,-1,892,893,881,-1,879,898,899,-1,895,897,887,-1,887,897,900,-1,887,900,889,-1,889,900,901,-1,889,901,902,-1,902,903,889,-1,889,903,904,-1,889,904,879,-1,879,904,905,-1,879,905,898,-1,899,906,879,-1,879,906,907,-1,879,907,881,-1,881,907,908,-1,881,908,892,-1,896,894,885,-1,909,910,875,-1,891,890,883,-1,883,890,911,-1,883,911,875,-1,875,911,912,-1,875,912,909,-1,910,913,875,-1,875,913,914,-1,875,914,877,-1,877,914,915,-1,877,915,916,-1,916,917,877,-1,877,917,918,-1,877,918,885,-1,885,918,919,-1,885,919,896,-1,897,896,900,-1,900,896,919,-1,900,919,901,-1,901,919,918,-1,901,918,902,-1,902,918,917,-1,902,917,903,-1,903,917,916,-1,903,916,904,-1,904,916,915,-1,904,915,905,-1,905,915,914,-1,905,914,898,-1,898,914,913,-1,898,913,899,-1,899,913,910,-1,899,910,906,-1,906,910,909,-1,906,909,907,-1,907,909,912,-1,907,912,908,-1,908,912,911,-1,908,911,892,-1,892,911,890,-1,920,921,922,-1,922,921,923,-1,924,925,926,-1,926,925,927,-1,926,927,928,-1,928,927,929,-1,928,929,920,-1,920,929,921,-1,922,923,930,-1,930,923,931,-1,930,931,932,-1,932,931,933,-1,932,933,934,-1,934,933,935,-1,936,937,938,-1,938,937,939,-1,929,927,937,-1,937,927,939,-1,940,941,931,-1,931,941,933,-1,942,943,940,-1,940,943,941,-1,938,939,927,-1,944,945,935,-1,941,943,933,-1,933,943,946,-1,933,946,935,-1,935,946,947,-1,935,947,944,-1,945,948,935,-1,935,948,949,-1,935,949,925,-1,925,949,950,-1,925,950,951,-1,951,952,925,-1,925,952,953,-1,925,953,927,-1,927,953,954,-1,927,954,938,-1,942,940,931,-1,955,956,921,-1,937,936,929,-1,929,936,957,-1,929,957,921,-1,921,957,958,-1,921,958,955,-1,956,959,921,-1,921,959,960,-1,921,960,923,-1,923,960,961,-1,923,961,962,-1,962,963,923,-1,923,963,964,-1,923,964,931,-1,931,964,965,-1,931,965,942,-1,943,942,946,-1,946,942,965,-1,946,965,947,-1,947,965,964,-1,947,964,944,-1,944,964,963,-1,944,963,945,-1,945,963,962,-1,945,962,948,-1,948,962,961,-1,948,961,949,-1,949,961,960,-1,949,960,950,-1,950,960,959,-1,950,959,951,-1,951,959,956,-1,951,956,952,-1,952,956,955,-1,952,955,953,-1,953,955,958,-1,953,958,954,-1,954,958,957,-1,954,957,938,-1,938,957,936,-1,966,967,968,-1,968,967,969,-1,970,971,972,-1,972,971,973,-1,972,973,974,-1,974,973,975,-1,974,975,966,-1,966,975,967,-1,968,969,976,-1,976,969,977,-1,976,977,978,-1,978,977,979,-1,978,979,980,-1,980,979,981,-1,982,983,984,-1,984,983,985,-1,975,973,983,-1,983,973,985,-1,986,987,977,-1,977,987,979,-1,988,989,986,-1,986,989,987,-1,984,985,973,-1,981,990,991,-1,987,989,979,-1,979,989,992,-1,979,992,981,-1,981,992,993,-1,981,993,990,-1,991,994,981,-1,981,994,995,-1,981,995,971,-1,971,995,996,-1,971,996,997,-1,997,998,971,-1,971,998,999,-1,971,999,973,-1,973,999,1000,-1,973,1000,984,-1,988,986,977,-1,1001,1002,967,-1,983,982,975,-1,975,982,1003,-1,975,1003,967,-1,967,1003,1004,-1,967,1004,1001,-1,1002,1005,967,-1,967,1005,1006,-1,967,1006,969,-1,969,1006,1007,-1,969,1007,1008,-1,1008,1009,969,-1,969,1009,1010,-1,969,1010,977,-1,977,1010,1011,-1,977,1011,988,-1,989,988,992,-1,992,988,1011,-1,992,1011,993,-1,993,1011,1010,-1,993,1010,990,-1,990,1010,1009,-1,990,1009,991,-1,991,1009,1008,-1,991,1008,994,-1,994,1008,1007,-1,994,1007,995,-1,995,1007,1006,-1,995,1006,996,-1,996,1006,1005,-1,996,1005,997,-1,997,1005,1002,-1,997,1002,998,-1,998,1002,1001,-1,998,1001,999,-1,999,1001,1004,-1,999,1004,1000,-1,1000,1004,1003,-1,1000,1003,984,-1,984,1003,982,-1,1012,1013,1014,-1,1014,1013,1015,-1,1016,1017,1018,-1,1018,1017,1019,-1,1018,1019,1020,-1,1020,1019,1021,-1,1020,1021,1012,-1,1012,1021,1013,-1,1014,1015,1022,-1,1022,1015,1023,-1,1022,1023,1024,-1,1024,1023,1025,-1,1024,1025,1026,-1,1026,1025,1027,-1,1028,1029,1030,-1,1030,1029,1031,-1,1021,1019,1029,-1,1029,1019,1031,-1,1032,1033,1023,-1,1023,1033,1025,-1,1034,1035,1032,-1,1032,1035,1033,-1,1030,1031,1019,-1,1017,1036,1037,-1,1033,1035,1025,-1,1025,1035,1038,-1,1025,1038,1027,-1,1027,1038,1039,-1,1027,1039,1040,-1,1040,1041,1027,-1,1027,1041,1042,-1,1027,1042,1017,-1,1017,1042,1043,-1,1017,1043,1036,-1,1037,1044,1017,-1,1017,1044,1045,-1,1017,1045,1019,-1,1019,1045,1046,-1,1019,1046,1030,-1,1034,1032,1023,-1,1013,1047,1048,-1,1029,1028,1021,-1,1021,1028,1049,-1,1021,1049,1013,-1,1013,1049,1050,-1,1013,1050,1047,-1,1048,1051,1013,-1,1013,1051,1052,-1,1013,1052,1015,-1,1015,1052,1053,-1,1015,1053,1054,-1,1054,1055,1015,-1,1015,1055,1056,-1,1015,1056,1023,-1,1023,1056,1057,-1,1023,1057,1034,-1,1035,1034,1038,-1,1038,1034,1057,-1,1038,1057,1039,-1,1039,1057,1056,-1,1039,1056,1040,-1,1040,1056,1055,-1,1040,1055,1041,-1,1041,1055,1054,-1,1041,1054,1042,-1,1042,1054,1053,-1,1042,1053,1043,-1,1043,1053,1052,-1,1043,1052,1036,-1,1036,1052,1051,-1,1036,1051,1037,-1,1037,1051,1048,-1,1037,1048,1044,-1,1044,1048,1047,-1,1044,1047,1045,-1,1045,1047,1050,-1,1045,1050,1046,-1,1046,1050,1049,-1,1046,1049,1030,-1,1030,1049,1028,-1,1058,1059,1060,-1,1060,1059,1061,-1,1062,1063,1064,-1,1064,1063,1065,-1,1064,1065,1066,-1,1066,1065,1067,-1,1066,1067,1058,-1,1058,1067,1059,-1,1060,1061,1068,-1,1068,1061,1069,-1,1068,1069,1070,-1,1070,1069,1071,-1,1070,1071,1072,-1,1072,1071,1073,-1,1074,1075,1076,-1,1076,1075,1077,-1,1067,1065,1075,-1,1075,1065,1077,-1,1078,1079,1069,-1,1069,1079,1071,-1,1080,1081,1078,-1,1078,1081,1079,-1,1076,1077,1065,-1,1063,1082,1083,-1,1079,1081,1071,-1,1071,1081,1084,-1,1071,1084,1073,-1,1073,1084,1085,-1,1073,1085,1086,-1,1086,1087,1073,-1,1073,1087,1088,-1,1073,1088,1063,-1,1063,1088,1089,-1,1063,1089,1082,-1,1083,1090,1063,-1,1063,1090,1091,-1,1063,1091,1065,-1,1065,1091,1092,-1,1065,1092,1076,-1,1080,1078,1069,-1,1059,1093,1094,-1,1075,1074,1067,-1,1067,1074,1095,-1,1067,1095,1059,-1,1059,1095,1096,-1,1059,1096,1093,-1,1094,1097,1059,-1,1059,1097,1098,-1,1059,1098,1061,-1,1061,1098,1099,-1,1061,1099,1100,-1,1100,1101,1061,-1,1061,1101,1102,-1,1061,1102,1069,-1,1069,1102,1103,-1,1069,1103,1080,-1,1081,1080,1084,-1,1084,1080,1103,-1,1084,1103,1085,-1,1085,1103,1102,-1,1085,1102,1086,-1,1086,1102,1101,-1,1086,1101,1087,-1,1087,1101,1100,-1,1087,1100,1088,-1,1088,1100,1099,-1,1088,1099,1089,-1,1089,1099,1098,-1,1089,1098,1082,-1,1082,1098,1097,-1,1082,1097,1083,-1,1083,1097,1094,-1,1083,1094,1090,-1,1090,1094,1093,-1,1090,1093,1091,-1,1091,1093,1096,-1,1091,1096,1092,-1,1092,1096,1095,-1,1092,1095,1076,-1,1076,1095,1074,-1,1104,1105,1106,-1,1106,1105,1107,-1,1108,1109,1110,-1,1110,1109,1111,-1,1110,1111,1112,-1,1112,1111,1113,-1,1112,1113,1104,-1,1104,1113,1105,-1,1106,1107,1114,-1,1114,1107,1115,-1,1114,1115,1116,-1,1116,1115,1117,-1,1116,1117,1118,-1,1118,1117,1119,-1,1120,1121,1122,-1,1122,1121,1123,-1,1113,1111,1121,-1,1121,1111,1123,-1,1124,1125,1115,-1,1115,1125,1117,-1,1126,1127,1124,-1,1124,1127,1125,-1,1122,1123,1111,-1,1128,1129,1119,-1,1125,1127,1117,-1,1117,1127,1130,-1,1117,1130,1119,-1,1119,1130,1131,-1,1119,1131,1128,-1,1132,1133,1109,-1,1109,1133,1134,-1,1109,1134,1111,-1,1111,1134,1135,-1,1111,1135,1122,-1,1129,1136,1119,-1,1119,1136,1137,-1,1119,1137,1109,-1,1109,1137,1138,-1,1109,1138,1132,-1,1126,1124,1115,-1,1139,1140,1105,-1,1121,1120,1113,-1,1113,1120,1141,-1,1113,1141,1105,-1,1105,1141,1142,-1,1105,1142,1139,-1,1143,1144,1107,-1,1107,1144,1145,-1,1107,1145,1115,-1,1115,1145,1146,-1,1115,1146,1126,-1,1140,1147,1105,-1,1105,1147,1148,-1,1105,1148,1107,-1,1107,1148,1149,-1,1107,1149,1143,-1,1127,1126,1130,-1,1130,1126,1146,-1,1130,1146,1131,-1,1131,1146,1145,-1,1131,1145,1128,-1,1128,1145,1144,-1,1128,1144,1129,-1,1129,1144,1143,-1,1129,1143,1136,-1,1136,1143,1149,-1,1136,1149,1137,-1,1137,1149,1148,-1,1137,1148,1138,-1,1138,1148,1147,-1,1138,1147,1132,-1,1132,1147,1140,-1,1132,1140,1133,-1,1133,1140,1139,-1,1133,1139,1134,-1,1134,1139,1142,-1,1134,1142,1135,-1,1135,1142,1141,-1,1135,1141,1122,-1,1122,1141,1120,-1,1150,1151,1152,-1,1152,1151,1153,-1,1154,1155,1156,-1,1156,1155,1157,-1,1156,1157,1158,-1,1158,1157,1159,-1,1158,1159,1150,-1,1150,1159,1151,-1,1152,1153,1160,-1,1160,1153,1161,-1,1160,1161,1162,-1,1162,1161,1163,-1,1162,1163,1164,-1,1164,1163,1165,-1,1166,1167,1168,-1,1168,1167,1169,-1,1159,1157,1167,-1,1167,1157,1169,-1,1170,1171,1161,-1,1161,1171,1163,-1,1172,1173,1170,-1,1170,1173,1171,-1,1168,1169,1157,-1,1174,1175,1165,-1,1171,1173,1163,-1,1163,1173,1176,-1,1163,1176,1165,-1,1165,1176,1177,-1,1165,1177,1174,-1,1178,1179,1155,-1,1155,1179,1180,-1,1155,1180,1157,-1,1157,1180,1181,-1,1157,1181,1168,-1,1175,1182,1165,-1,1165,1182,1183,-1,1165,1183,1155,-1,1155,1183,1184,-1,1155,1184,1178,-1,1172,1170,1161,-1,1185,1186,1151,-1,1167,1166,1159,-1,1159,1166,1187,-1,1159,1187,1151,-1,1151,1187,1188,-1,1151,1188,1185,-1,1189,1190,1153,-1,1153,1190,1191,-1,1153,1191,1161,-1,1161,1191,1192,-1,1161,1192,1172,-1,1186,1193,1151,-1,1151,1193,1194,-1,1151,1194,1153,-1,1153,1194,1195,-1,1153,1195,1189,-1,1173,1172,1176,-1,1176,1172,1192,-1,1176,1192,1177,-1,1177,1192,1191,-1,1177,1191,1174,-1,1174,1191,1190,-1,1174,1190,1175,-1,1175,1190,1189,-1,1175,1189,1182,-1,1182,1189,1195,-1,1182,1195,1183,-1,1183,1195,1194,-1,1183,1194,1184,-1,1184,1194,1193,-1,1184,1193,1178,-1,1178,1193,1186,-1,1178,1186,1179,-1,1179,1186,1185,-1,1179,1185,1180,-1,1180,1185,1188,-1,1180,1188,1181,-1,1181,1188,1187,-1,1181,1187,1168,-1,1168,1187,1166,-1,598,612,599,-1,599,612,613,-1,644,658,645,-1,645,658,659,-1,694,704,695,-1,695,704,705,-1,740,750,741,-1,741,750,751,-1,786,796,787,-1,787,796,797,-1,832,842,833,-1,833,842,843,-1,878,888,879,-1,879,888,889,-1,924,934,925,-1,925,934,935,-1,970,980,971,-1,971,980,981,-1,1016,1026,1017,-1,1017,1026,1027,-1,1062,1072,1063,-1,1063,1072,1073,-1,1108,1118,1109,-1,1109,1118,1119,-1,1154,1164,1155,-1,1155,1164,1165,-1,1196,1197,1198,-1,1198,1197,1199,-1,1199,1197,1200,-1,1200,1197,1201,-1,1200,1201,1202,-1,1202,1201,1203,-1,1202,1203,1204,-1,1204,1203,1205,-1,1206,1207,1201,-1,1201,1207,1203,-1,1208,1209,1206,-1,1206,1209,1207,-1,1209,1208,1210,-1,1210,1208,1211,-1,1210,1211,1212,-1,1212,1211,1213,-1,1212,1213,1214,-1,1214,1213,1215,-1,1214,1215,1216,-1,1216,1215,1217,-1,1216,1217,1218,-1,1218,1217,1219,-1,1218,1219,1220,-1,1220,1219,1221,-1,1220,1221,1222,-1,1222,1221,1223,-1,1222,1223,1224,-1,1224,1223,1225,-1,1224,1225,1226,-1,1226,1225,1227,-1,1226,1227,1228,-1,1228,1227,1229,-1,1228,1229,1230,-1,1230,1229,1231,-1,1230,1231,1232,-1,1232,1231,1233,-1,1234,1235,1233,-1,1233,1235,1232,-1,1236,1237,1234,-1,1234,1237,1235,-1,1238,1239,1240,-1,1240,1239,1237,-1,1240,1237,1241,-1,1241,1237,1236,-1,1241,1236,1198,-1,1198,1236,1196,-1,1232,1235,1237,-1,1207,1209,1203,-1,1203,1209,1210,-1,1203,1210,1205,-1,1210,1212,1205,-1,1205,1212,1214,-1,1205,1214,1216,-1,1216,1218,1205,-1,1205,1218,1220,-1,1205,1220,1239,-1,1239,1220,1222,-1,1239,1222,1224,-1,1224,1226,1239,-1,1239,1226,1228,-1,1239,1228,1237,-1,1237,1228,1230,-1,1237,1230,1232,-1,1208,1206,1201,-1,1217,1215,1197,-1,1197,1215,1213,-1,1197,1213,1201,-1,1201,1213,1211,-1,1201,1211,1208,-1,1196,1227,1225,-1,1225,1223,1196,-1,1196,1223,1221,-1,1196,1221,1197,-1,1197,1221,1219,-1,1197,1219,1217,-1,1234,1233,1236,-1,1236,1233,1231,-1,1236,1231,1196,-1,1196,1231,1229,-1,1196,1229,1227,-1,1238,1204,1239,-1,1239,1204,1205,-1,1242,1243,1244,-1,1244,1243,1245,-1,1245,1243,1246,-1,1246,1243,1247,-1,1246,1247,1248,-1,1248,1247,1249,-1,1248,1249,1250,-1,1250,1249,1251,-1,1252,1253,1247,-1,1247,1253,1249,-1,1254,1255,1252,-1,1252,1255,1253,-1,1255,1254,1256,-1,1256,1254,1257,-1,1256,1257,1258,-1,1258,1257,1259,-1,1258,1259,1260,-1,1260,1259,1261,-1,1260,1261,1262,-1,1262,1261,1263,-1,1262,1263,1264,-1,1264,1263,1265,-1,1264,1265,1266,-1,1266,1265,1267,-1,1266,1267,1268,-1,1268,1267,1269,-1,1268,1269,1270,-1,1270,1269,1271,-1,1270,1271,1272,-1,1272,1271,1273,-1,1272,1273,1274,-1,1274,1273,1275,-1,1274,1275,1276,-1,1276,1275,1277,-1,1276,1277,1278,-1,1278,1277,1279,-1,1280,1281,1279,-1,1279,1281,1278,-1,1282,1283,1280,-1,1280,1283,1281,-1,1284,1285,1286,-1,1286,1285,1283,-1,1286,1283,1287,-1,1287,1283,1282,-1,1287,1282,1244,-1,1244,1282,1242,-1,1278,1281,1283,-1,1253,1255,1249,-1,1249,1255,1256,-1,1249,1256,1251,-1,1256,1258,1251,-1,1251,1258,1260,-1,1251,1260,1262,-1,1262,1264,1251,-1,1251,1264,1266,-1,1251,1266,1285,-1,1285,1266,1268,-1,1285,1268,1270,-1,1270,1272,1285,-1,1285,1272,1274,-1,1285,1274,1283,-1,1283,1274,1276,-1,1283,1276,1278,-1,1254,1252,1247,-1,1263,1261,1243,-1,1243,1261,1259,-1,1243,1259,1247,-1,1247,1259,1257,-1,1247,1257,1254,-1,1242,1273,1271,-1,1271,1269,1242,-1,1242,1269,1267,-1,1242,1267,1243,-1,1243,1267,1265,-1,1243,1265,1263,-1,1280,1279,1282,-1,1282,1279,1277,-1,1282,1277,1242,-1,1242,1277,1275,-1,1242,1275,1273,-1,1288,1289,1290,-1,1290,1289,1291,-1,1291,1289,1292,-1,1292,1289,1293,-1,1292,1293,1294,-1,1294,1293,1295,-1,1294,1295,1296,-1,1296,1295,1297,-1,1298,1299,1293,-1,1293,1299,1295,-1,1300,1301,1298,-1,1298,1301,1299,-1,1301,1300,1302,-1,1302,1300,1303,-1,1302,1303,1304,-1,1304,1303,1305,-1,1304,1305,1306,-1,1306,1305,1307,-1,1306,1307,1308,-1,1308,1307,1309,-1,1308,1309,1310,-1,1310,1309,1311,-1,1310,1311,1312,-1,1312,1311,1313,-1,1312,1313,1314,-1,1314,1313,1315,-1,1314,1315,1316,-1,1316,1315,1317,-1,1316,1317,1318,-1,1318,1317,1319,-1,1318,1319,1320,-1,1320,1319,1321,-1,1320,1321,1322,-1,1322,1321,1323,-1,1322,1323,1324,-1,1324,1323,1325,-1,1326,1327,1325,-1,1325,1327,1324,-1,1328,1329,1326,-1,1326,1329,1327,-1,1330,1331,1332,-1,1332,1331,1329,-1,1332,1329,1333,-1,1333,1329,1328,-1,1333,1328,1290,-1,1290,1328,1288,-1,1324,1327,1329,-1,1299,1301,1295,-1,1295,1301,1302,-1,1295,1302,1297,-1,1302,1304,1297,-1,1297,1304,1306,-1,1297,1306,1308,-1,1308,1310,1297,-1,1297,1310,1312,-1,1297,1312,1331,-1,1331,1312,1314,-1,1331,1314,1316,-1,1316,1318,1331,-1,1331,1318,1320,-1,1331,1320,1329,-1,1329,1320,1322,-1,1329,1322,1324,-1,1300,1298,1293,-1,1309,1307,1289,-1,1289,1307,1305,-1,1289,1305,1293,-1,1293,1305,1303,-1,1293,1303,1300,-1,1326,1325,1328,-1,1328,1325,1323,-1,1328,1323,1288,-1,1323,1321,1288,-1,1288,1321,1319,-1,1288,1319,1317,-1,1317,1315,1288,-1,1288,1315,1313,-1,1288,1313,1289,-1,1289,1313,1311,-1,1289,1311,1309,-1,1334,1335,1336,-1,1336,1335,1337,-1,1337,1335,1338,-1,1338,1335,1339,-1,1338,1339,1340,-1,1340,1339,1341,-1,1340,1341,1342,-1,1342,1341,1343,-1,1344,1345,1339,-1,1339,1345,1341,-1,1346,1347,1344,-1,1344,1347,1345,-1,1347,1346,1348,-1,1348,1346,1349,-1,1348,1349,1350,-1,1350,1349,1351,-1,1350,1351,1352,-1,1352,1351,1353,-1,1352,1353,1354,-1,1354,1353,1355,-1,1354,1355,1356,-1,1356,1355,1357,-1,1356,1357,1358,-1,1358,1357,1359,-1,1358,1359,1360,-1,1360,1359,1361,-1,1360,1361,1362,-1,1362,1361,1363,-1,1362,1363,1364,-1,1364,1363,1365,-1,1364,1365,1366,-1,1366,1365,1367,-1,1366,1367,1368,-1,1368,1367,1369,-1,1368,1369,1370,-1,1370,1369,1371,-1,1372,1373,1371,-1,1371,1373,1370,-1,1374,1375,1372,-1,1372,1375,1373,-1,1376,1377,1378,-1,1378,1377,1375,-1,1378,1375,1379,-1,1379,1375,1374,-1,1379,1374,1336,-1,1336,1374,1334,-1,1370,1373,1375,-1,1345,1347,1341,-1,1341,1347,1348,-1,1341,1348,1343,-1,1348,1350,1343,-1,1343,1350,1352,-1,1343,1352,1354,-1,1354,1356,1343,-1,1343,1356,1358,-1,1343,1358,1377,-1,1377,1358,1360,-1,1377,1360,1362,-1,1362,1364,1377,-1,1377,1364,1366,-1,1377,1366,1375,-1,1375,1366,1368,-1,1375,1368,1370,-1,1346,1344,1339,-1,1372,1371,1374,-1,1374,1371,1369,-1,1374,1369,1334,-1,1369,1367,1334,-1,1334,1367,1365,-1,1334,1365,1363,-1,1363,1361,1334,-1,1334,1361,1359,-1,1334,1359,1335,-1,1335,1359,1357,-1,1335,1357,1355,-1,1355,1353,1335,-1,1335,1353,1351,-1,1335,1351,1339,-1,1339,1351,1349,-1,1339,1349,1346,-1,1380,1381,1382,-1,1382,1381,1383,-1,1383,1381,1384,-1,1384,1381,1385,-1,1384,1385,1386,-1,1386,1385,1387,-1,1386,1387,1388,-1,1388,1387,1389,-1,1390,1391,1385,-1,1385,1391,1387,-1,1392,1393,1390,-1,1390,1393,1391,-1,1393,1392,1394,-1,1394,1392,1395,-1,1394,1395,1396,-1,1396,1395,1397,-1,1396,1397,1398,-1,1398,1397,1399,-1,1398,1399,1400,-1,1400,1399,1401,-1,1400,1401,1402,-1,1402,1401,1403,-1,1402,1403,1404,-1,1404,1403,1405,-1,1404,1405,1406,-1,1406,1405,1407,-1,1406,1407,1408,-1,1408,1407,1409,-1,1408,1409,1410,-1,1410,1409,1411,-1,1410,1411,1412,-1,1412,1411,1413,-1,1412,1413,1414,-1,1414,1413,1415,-1,1414,1415,1416,-1,1416,1415,1417,-1,1418,1419,1417,-1,1417,1419,1416,-1,1420,1421,1418,-1,1418,1421,1419,-1,1422,1423,1424,-1,1424,1423,1421,-1,1424,1421,1425,-1,1425,1421,1420,-1,1425,1420,1382,-1,1382,1420,1380,-1,1416,1419,1421,-1,1389,1398,1400,-1,1400,1402,1389,-1,1389,1402,1404,-1,1389,1404,1423,-1,1423,1404,1406,-1,1423,1406,1408,-1,1391,1393,1387,-1,1387,1393,1394,-1,1387,1394,1389,-1,1389,1394,1396,-1,1389,1396,1398,-1,1408,1410,1423,-1,1423,1410,1412,-1,1423,1412,1421,-1,1421,1412,1414,-1,1421,1414,1416,-1,1392,1390,1385,-1,1380,1411,1409,-1,1409,1407,1380,-1,1380,1407,1405,-1,1380,1405,1381,-1,1381,1405,1403,-1,1381,1403,1401,-1,1418,1417,1420,-1,1420,1417,1415,-1,1420,1415,1380,-1,1380,1415,1413,-1,1380,1413,1411,-1,1401,1399,1381,-1,1381,1399,1397,-1,1381,1397,1385,-1,1385,1397,1395,-1,1385,1395,1392,-1,1426,1427,1428,-1,1428,1427,1429,-1,1429,1427,1430,-1,1430,1427,1431,-1,1430,1431,1432,-1,1432,1431,1433,-1,1432,1433,1434,-1,1434,1433,1435,-1,1436,1437,1431,-1,1431,1437,1433,-1,1438,1439,1436,-1,1436,1439,1437,-1,1439,1438,1440,-1,1440,1438,1441,-1,1440,1441,1442,-1,1442,1441,1443,-1,1442,1443,1444,-1,1444,1443,1445,-1,1444,1445,1446,-1,1446,1445,1447,-1,1446,1447,1448,-1,1448,1447,1449,-1,1448,1449,1450,-1,1450,1449,1451,-1,1450,1451,1452,-1,1452,1451,1453,-1,1452,1453,1454,-1,1454,1453,1455,-1,1454,1455,1456,-1,1456,1455,1457,-1,1456,1457,1458,-1,1458,1457,1459,-1,1458,1459,1460,-1,1460,1459,1461,-1,1460,1461,1462,-1,1462,1461,1463,-1,1464,1465,1463,-1,1463,1465,1462,-1,1466,1467,1464,-1,1464,1467,1465,-1,1468,1469,1470,-1,1470,1469,1467,-1,1470,1467,1471,-1,1471,1467,1466,-1,1471,1466,1428,-1,1428,1466,1426,-1,1462,1465,1467,-1,1435,1444,1446,-1,1446,1448,1435,-1,1435,1448,1450,-1,1435,1450,1469,-1,1469,1450,1452,-1,1469,1452,1454,-1,1437,1439,1433,-1,1433,1439,1440,-1,1433,1440,1435,-1,1435,1440,1442,-1,1435,1442,1444,-1,1454,1456,1469,-1,1469,1456,1458,-1,1469,1458,1467,-1,1467,1458,1460,-1,1467,1460,1462,-1,1438,1436,1431,-1,1426,1457,1455,-1,1455,1453,1426,-1,1426,1453,1451,-1,1426,1451,1427,-1,1427,1451,1449,-1,1427,1449,1447,-1,1464,1463,1466,-1,1466,1463,1461,-1,1466,1461,1426,-1,1426,1461,1459,-1,1426,1459,1457,-1,1447,1445,1427,-1,1427,1445,1443,-1,1427,1443,1431,-1,1431,1443,1441,-1,1431,1441,1438,-1,1472,1473,1474,-1,1474,1473,1475,-1,1475,1473,1476,-1,1476,1473,1477,-1,1476,1477,1478,-1,1478,1477,1479,-1,1478,1479,1480,-1,1480,1479,1481,-1,1482,1483,1477,-1,1477,1483,1479,-1,1484,1485,1482,-1,1482,1485,1483,-1,1485,1484,1486,-1,1486,1484,1487,-1,1486,1487,1488,-1,1488,1487,1489,-1,1488,1489,1490,-1,1490,1489,1491,-1,1490,1491,1492,-1,1492,1491,1493,-1,1492,1493,1494,-1,1494,1493,1495,-1,1494,1495,1496,-1,1496,1495,1497,-1,1496,1497,1498,-1,1498,1497,1499,-1,1498,1499,1500,-1,1500,1499,1501,-1,1500,1501,1502,-1,1502,1501,1503,-1,1502,1503,1504,-1,1504,1503,1505,-1,1504,1505,1506,-1,1506,1505,1507,-1,1506,1507,1508,-1,1508,1507,1509,-1,1510,1511,1509,-1,1509,1511,1508,-1,1512,1513,1510,-1,1510,1513,1511,-1,1514,1515,1516,-1,1516,1515,1513,-1,1516,1513,1517,-1,1517,1513,1512,-1,1517,1512,1474,-1,1474,1512,1472,-1,1508,1511,1513,-1,1481,1490,1492,-1,1492,1494,1481,-1,1481,1494,1496,-1,1481,1496,1515,-1,1515,1496,1498,-1,1515,1498,1500,-1,1483,1485,1479,-1,1479,1485,1486,-1,1479,1486,1481,-1,1481,1486,1488,-1,1481,1488,1490,-1,1500,1502,1515,-1,1515,1502,1504,-1,1515,1504,1513,-1,1513,1504,1506,-1,1513,1506,1508,-1,1484,1482,1477,-1,1472,1503,1501,-1,1501,1499,1472,-1,1472,1499,1497,-1,1472,1497,1473,-1,1473,1497,1495,-1,1473,1495,1493,-1,1510,1509,1512,-1,1512,1509,1507,-1,1512,1507,1472,-1,1472,1507,1505,-1,1472,1505,1503,-1,1493,1491,1473,-1,1473,1491,1489,-1,1473,1489,1477,-1,1477,1489,1487,-1,1477,1487,1484,-1,1518,1519,1520,-1,1520,1519,1521,-1,1521,1519,1522,-1,1522,1519,1523,-1,1522,1523,1524,-1,1524,1523,1525,-1,1524,1525,1526,-1,1526,1525,1527,-1,1528,1529,1523,-1,1523,1529,1525,-1,1530,1531,1528,-1,1528,1531,1529,-1,1531,1530,1532,-1,1532,1530,1533,-1,1532,1533,1534,-1,1534,1533,1535,-1,1534,1535,1536,-1,1536,1535,1537,-1,1536,1537,1538,-1,1538,1537,1539,-1,1538,1539,1540,-1,1540,1539,1541,-1,1540,1541,1542,-1,1542,1541,1543,-1,1542,1543,1544,-1,1544,1543,1545,-1,1544,1545,1546,-1,1546,1545,1547,-1,1546,1547,1548,-1,1548,1547,1549,-1,1548,1549,1550,-1,1550,1549,1551,-1,1550,1551,1552,-1,1552,1551,1553,-1,1552,1553,1554,-1,1554,1553,1555,-1,1556,1557,1555,-1,1555,1557,1554,-1,1558,1559,1556,-1,1556,1559,1557,-1,1560,1561,1562,-1,1562,1561,1559,-1,1562,1559,1563,-1,1563,1559,1558,-1,1563,1558,1520,-1,1520,1558,1518,-1,1554,1557,1559,-1,1529,1531,1525,-1,1525,1531,1532,-1,1525,1532,1527,-1,1532,1534,1527,-1,1527,1534,1536,-1,1527,1536,1538,-1,1538,1540,1527,-1,1527,1540,1542,-1,1527,1542,1561,-1,1561,1542,1544,-1,1561,1544,1546,-1,1546,1548,1561,-1,1561,1548,1550,-1,1561,1550,1559,-1,1559,1550,1552,-1,1559,1552,1554,-1,1530,1528,1523,-1,1556,1555,1558,-1,1558,1555,1553,-1,1558,1553,1518,-1,1553,1551,1518,-1,1518,1551,1549,-1,1518,1549,1547,-1,1547,1545,1518,-1,1518,1545,1543,-1,1518,1543,1519,-1,1519,1543,1541,-1,1519,1541,1539,-1,1539,1537,1519,-1,1519,1537,1535,-1,1519,1535,1523,-1,1523,1535,1533,-1,1523,1533,1530,-1,1564,1565,1566,-1,1566,1565,1567,-1,1567,1565,1568,-1,1568,1565,1569,-1,1568,1569,1570,-1,1570,1569,1571,-1,1570,1571,1572,-1,1572,1571,1573,-1,1574,1575,1569,-1,1569,1575,1571,-1,1576,1577,1574,-1,1574,1577,1575,-1,1577,1576,1578,-1,1578,1576,1579,-1,1578,1579,1580,-1,1580,1579,1581,-1,1580,1581,1582,-1,1582,1581,1583,-1,1582,1583,1584,-1,1584,1583,1585,-1,1584,1585,1586,-1,1586,1585,1587,-1,1586,1587,1588,-1,1588,1587,1589,-1,1588,1589,1590,-1,1590,1589,1591,-1,1590,1591,1592,-1,1592,1591,1593,-1,1592,1593,1594,-1,1594,1593,1595,-1,1594,1595,1596,-1,1596,1595,1597,-1,1596,1597,1598,-1,1598,1597,1599,-1,1598,1599,1600,-1,1600,1599,1601,-1,1602,1603,1601,-1,1601,1603,1600,-1,1604,1605,1602,-1,1602,1605,1603,-1,1606,1607,1608,-1,1608,1607,1605,-1,1608,1605,1609,-1,1609,1605,1604,-1,1609,1604,1566,-1,1566,1604,1564,-1,1600,1603,1605,-1,1575,1577,1571,-1,1571,1577,1578,-1,1571,1578,1573,-1,1578,1580,1573,-1,1573,1580,1582,-1,1573,1582,1584,-1,1584,1586,1573,-1,1573,1586,1588,-1,1573,1588,1607,-1,1607,1588,1590,-1,1607,1590,1592,-1,1592,1594,1607,-1,1607,1594,1596,-1,1607,1596,1605,-1,1605,1596,1598,-1,1605,1598,1600,-1,1576,1574,1569,-1,1602,1601,1604,-1,1604,1601,1599,-1,1604,1599,1564,-1,1599,1597,1564,-1,1564,1597,1595,-1,1564,1595,1593,-1,1593,1591,1564,-1,1564,1591,1589,-1,1564,1589,1565,-1,1565,1589,1587,-1,1565,1587,1585,-1,1585,1583,1565,-1,1565,1583,1581,-1,1565,1581,1569,-1,1569,1581,1579,-1,1569,1579,1576,-1,1610,1611,1612,-1,1612,1611,1613,-1,1613,1611,1614,-1,1614,1611,1615,-1,1614,1615,1616,-1,1616,1615,1617,-1,1616,1617,1618,-1,1618,1617,1619,-1,1620,1621,1615,-1,1615,1621,1617,-1,1622,1623,1620,-1,1620,1623,1621,-1,1623,1622,1624,-1,1624,1622,1625,-1,1624,1625,1626,-1,1626,1625,1627,-1,1626,1627,1628,-1,1628,1627,1629,-1,1628,1629,1630,-1,1630,1629,1631,-1,1630,1631,1632,-1,1632,1631,1633,-1,1632,1633,1634,-1,1634,1633,1635,-1,1634,1635,1636,-1,1636,1635,1637,-1,1636,1637,1638,-1,1638,1637,1639,-1,1638,1639,1640,-1,1640,1639,1641,-1,1640,1641,1642,-1,1642,1641,1643,-1,1642,1643,1644,-1,1644,1643,1645,-1,1644,1645,1646,-1,1646,1645,1647,-1,1648,1649,1647,-1,1647,1649,1646,-1,1650,1651,1648,-1,1648,1651,1649,-1,1652,1653,1654,-1,1654,1653,1651,-1,1654,1651,1655,-1,1655,1651,1650,-1,1655,1650,1612,-1,1612,1650,1610,-1,1646,1649,1651,-1,1621,1623,1617,-1,1617,1623,1624,-1,1617,1624,1619,-1,1624,1626,1619,-1,1619,1626,1628,-1,1619,1628,1630,-1,1630,1632,1619,-1,1619,1632,1634,-1,1619,1634,1653,-1,1653,1634,1636,-1,1653,1636,1638,-1,1638,1640,1653,-1,1653,1640,1642,-1,1653,1642,1651,-1,1651,1642,1644,-1,1651,1644,1646,-1,1622,1620,1615,-1,1631,1629,1611,-1,1611,1629,1627,-1,1611,1627,1615,-1,1615,1627,1625,-1,1615,1625,1622,-1,1610,1641,1639,-1,1639,1637,1610,-1,1610,1637,1635,-1,1610,1635,1611,-1,1611,1635,1633,-1,1611,1633,1631,-1,1648,1647,1650,-1,1650,1647,1645,-1,1650,1645,1610,-1,1610,1645,1643,-1,1610,1643,1641,-1,1656,1657,1658,-1,1658,1657,1659,-1,1659,1657,1660,-1,1660,1657,1661,-1,1660,1661,1662,-1,1662,1661,1663,-1,1662,1663,1664,-1,1664,1663,1665,-1,1666,1667,1661,-1,1661,1667,1663,-1,1668,1669,1666,-1,1666,1669,1667,-1,1669,1668,1670,-1,1670,1668,1671,-1,1670,1671,1672,-1,1672,1671,1673,-1,1672,1673,1674,-1,1674,1673,1675,-1,1674,1675,1676,-1,1676,1675,1677,-1,1676,1677,1678,-1,1678,1677,1679,-1,1678,1679,1680,-1,1680,1679,1681,-1,1680,1681,1682,-1,1682,1681,1683,-1,1682,1683,1684,-1,1684,1683,1685,-1,1684,1685,1686,-1,1686,1685,1687,-1,1686,1687,1688,-1,1688,1687,1689,-1,1688,1689,1690,-1,1690,1689,1691,-1,1690,1691,1692,-1,1692,1691,1693,-1,1694,1695,1693,-1,1693,1695,1692,-1,1696,1697,1694,-1,1694,1697,1695,-1,1698,1699,1700,-1,1700,1699,1697,-1,1700,1697,1701,-1,1701,1697,1696,-1,1701,1696,1658,-1,1658,1696,1656,-1,1692,1695,1697,-1,1667,1669,1663,-1,1663,1669,1670,-1,1663,1670,1665,-1,1670,1672,1665,-1,1665,1672,1674,-1,1665,1674,1676,-1,1676,1678,1665,-1,1665,1678,1680,-1,1665,1680,1699,-1,1699,1680,1682,-1,1699,1682,1684,-1,1684,1686,1699,-1,1699,1686,1688,-1,1699,1688,1697,-1,1697,1688,1690,-1,1697,1690,1692,-1,1668,1666,1661,-1,1677,1675,1657,-1,1657,1675,1673,-1,1657,1673,1661,-1,1661,1673,1671,-1,1661,1671,1668,-1,1656,1687,1685,-1,1685,1683,1656,-1,1656,1683,1681,-1,1656,1681,1657,-1,1657,1681,1679,-1,1657,1679,1677,-1,1694,1693,1696,-1,1696,1693,1691,-1,1696,1691,1656,-1,1656,1691,1689,-1,1656,1689,1687,-1,1284,1250,1285,-1,1285,1250,1251,-1,1330,1296,1331,-1,1331,1296,1297,-1,1376,1342,1377,-1,1377,1342,1343,-1,1422,1388,1423,-1,1423,1388,1389,-1,1468,1434,1469,-1,1469,1434,1435,-1,1514,1480,1515,-1,1515,1480,1481,-1,1560,1526,1561,-1,1561,1526,1527,-1,1606,1572,1607,-1,1607,1572,1573,-1,1652,1618,1653,-1,1653,1618,1619,-1,1698,1664,1699,-1,1699,1664,1665,-1,1702,1703,1704,-1,1704,1703,1705,-1,1706,1702,1707,-1,1707,1702,1704,-1,1708,1706,1709,-1,1709,1706,1707,-1,1703,1708,1705,-1,1705,1708,1709,-1,1706,1708,1702,-1,1702,1708,1703,-1,1710,1711,1712,-1,1712,1711,1713,-1,1714,1710,1715,-1,1715,1710,1712,-1,1716,1714,1717,-1,1717,1714,1715,-1,1711,1716,1713,-1,1713,1716,1717,-1,1714,1716,1710,-1,1710,1716,1711,-1,1718,1719,1720,-1,1720,1719,1721,-1,1722,1718,1723,-1,1723,1718,1720,-1,1724,1722,1725,-1,1725,1722,1723,-1,1719,1724,1721,-1,1721,1724,1725,-1,1722,1724,1718,-1,1718,1724,1719,-1,1726,1727,1728,-1,1728,1727,1729,-1,1730,1726,1731,-1,1731,1726,1728,-1,1732,1730,1733,-1,1733,1730,1731,-1,1727,1732,1729,-1,1729,1732,1733,-1,1730,1732,1726,-1,1726,1732,1727,-1,1734,1735,1736,-1,1736,1735,1737,-1,1738,1734,1739,-1,1739,1734,1736,-1,1740,1738,1741,-1,1741,1738,1739,-1,1735,1740,1737,-1,1737,1740,1741,-1,1738,1740,1734,-1,1734,1740,1735,-1,1742,1743,1744,-1,1744,1743,1745,-1,1746,1742,1747,-1,1747,1742,1744,-1,1748,1746,1749,-1,1749,1746,1747,-1,1743,1748,1745,-1,1745,1748,1749,-1,1746,1748,1742,-1,1742,1748,1743,-1,1750,1751,1752,-1,1752,1751,1753,-1,1754,1750,1755,-1,1755,1750,1752,-1,1756,1754,1757,-1,1757,1754,1755,-1,1751,1756,1753,-1,1753,1756,1757,-1,1754,1756,1750,-1,1750,1756,1751,-1,1758,1759,1760,-1,1760,1759,1761,-1,1762,1758,1763,-1,1763,1758,1760,-1,1764,1762,1765,-1,1765,1762,1763,-1,1759,1764,1761,-1,1761,1764,1765,-1,1762,1764,1758,-1,1758,1764,1759,-1,1766,1767,1768,-1,1768,1767,1769,-1,1770,1766,1771,-1,1771,1766,1768,-1,1772,1770,1773,-1,1773,1770,1771,-1,1767,1772,1769,-1,1769,1772,1773,-1,1770,1772,1766,-1,1766,1772,1767,-1,1774,1775,1776,-1,1776,1775,1777,-1,1778,1774,1779,-1,1779,1774,1776,-1,1780,1778,1781,-1,1781,1778,1779,-1,1775,1780,1777,-1,1777,1780,1781,-1,1778,1780,1774,-1,1774,1780,1775,-1,1782,1783,1784,-1,1784,1783,1785,-1,1786,1782,1787,-1,1787,1782,1784,-1,1788,1786,1789,-1,1789,1786,1787,-1,1783,1788,1785,-1,1785,1788,1789,-1,1786,1788,1782,-1,1782,1788,1783,-1,
        ]
    }
}
Shape{
    appearance Appearance {
        material  Material 	{
            diffuseColor 0.0 0.0 0.0
            specularColor 0.0 0.0 0.0
            ambientIntensity 0.0
            transparency 0.0
            shininess 0.5
        }
    }
    geometry IndexedFaceSet {
        ccw TRUE
        solid FALSE
        coord DEF co Coordinate {
            point [
                -0.9842 2.5109 0.7953, -0.9741 2.5171 0.7953, -0.9871 2.5138 0.7953, -0.9781 2.5211 0.7953, -0.9944 2.5186 0.7953, -0.9873 2.5275 0.7953, -1.0027 2.5215 0.7953, -0.9987 2.5319 0.7953, -1.0146 2.5227 0.7953, -1.0141 2.5337 0.7953, -1.029 2.5227 0.7953, -1.0413 2.5337 0.7953, -1.029 2.4493 0.7953, -1.0413 2.4384 0.7953, -1.0151 2.4493 0.7953, -1.0151 2.4384 0.7953, -1.003 2.4506 0.7953, -0.9991 2.4403 0.7953, -0.9948 2.4535 0.7953, -0.9882 2.4445 0.7953, -0.9885 2.4576 0.7953, -0.979 2.4509 0.7953, -0.9868 2.4592 0.7953, -0.9781 2.4517 0.7953, -0.9818 2.4655 0.7953, -0.9711 2.46 0.7953, -0.9786 2.4726 0.7953, -0.9663 2.4698 0.7953, -0.9769 2.4815 0.7953, -0.964 2.481 0.7953, -0.9766 2.4869 0.7953, -0.9637 2.4873 0.7953, -0.9779 2.4985 0.7953, -0.965 2.4993 0.7953, -0.9806 2.5055 0.7953, -0.9683 2.5086 0.7953, -0.9781 2.4517 0.7913, -0.9711 2.46 0.7913, -0.9663 2.4698 0.7913, -0.964 2.481 0.7913, -0.9637 2.4873 0.7913, -0.965 2.4993 0.7913, -0.9683 2.5086 0.7913, -0.9741 2.5171 0.7913, -0.9781 2.5211 0.7913, -0.9873 2.5275 0.7913, -0.9987 2.5319 0.7913, -1.0141 2.5337 0.7913, -1.0413 2.5337 0.7913, -1.0413 2.4384 0.7913, -1.0151 2.4384 0.7913, -0.9991 2.4403 0.7913, -0.9882 2.4445 0.7913, -0.979 2.4509 0.7913, -0.9871 2.5138 0.7913, -0.9842 2.5109 0.7913, -0.9806 2.5055 0.7913, -0.9779 2.4985 0.7913, -0.9766 2.4869 0.7913, -1.0146 2.5227 0.7913, -1.0027 2.5215 0.7913, -0.9944 2.5186 0.7913, -1.029 2.5227 0.7913, -1.029 2.4493 0.7913, -1.0151 2.4493 0.7913, -0.9868 2.4592 0.7913, -0.9885 2.4576 0.7913, -0.9948 2.4535 0.7913, -1.003 2.4506 0.7913, -0.9769 2.4815 0.7913, -0.9786 2.4726 0.7913, -0.9818 2.4655 0.7913
            ]
        }
        coordIndex [
            0,1,2,-1,2,1,3,-1,2,3,4,-1,4,3,5,-1,4,5,6,-1,6,5,7,-1,6,7,8,-1,8,7,9,-1,8,9,10,-1,10,9,11,-1,10,11,12,-1,12,11,13,-1,12,13,14,-1,14,13,15,-1,14,15,16,-1,16,15,17,-1,16,17,18,-1,18,17,19,-1,18,19,20,-1,20,19,21,-1,20,21,22,-1,22,21,23,-1,22,23,24,-1,24,23,25,-1,24,25,26,-1,26,25,27,-1,26,27,28,-1,28,27,29,-1,28,29,30,-1,30,29,31,-1,30,31,32,-1,32,31,33,-1,32,33,34,-1,34,33,35,-1,34,35,0,-1,0,35,1,-1,23,36,37,-1,23,37,25,-1,25,37,38,-1,25,38,27,-1,27,38,39,-1,27,39,29,-1,29,39,40,-1,29,40,31,-1,31,40,41,-1,31,41,33,-1,33,41,42,-1,33,42,35,-1,35,42,43,-1,35,43,1,-1,1,43,44,-1,1,44,3,-1,3,44,45,-1,3,45,5,-1,5,45,46,-1,5,46,7,-1,7,46,47,-1,7,47,9,-1,11,9,48,-1,48,9,47,-1,13,11,49,-1,49,11,48,-1,15,13,50,-1,50,13,49,-1,15,50,51,-1,15,51,17,-1,17,51,52,-1,17,52,19,-1,19,52,53,-1,19,53,21,-1,21,53,36,-1,21,36,23,-1,2,54,55,-1,2,55,0,-1,0,55,56,-1,0,56,34,-1,34,56,57,-1,34,57,32,-1,32,57,58,-1,32,58,30,-1,8,59,60,-1,8,60,6,-1,6,60,61,-1,6,61,4,-1,4,61,54,-1,4,54,2,-1,8,10,59,-1,59,10,62,-1,10,12,62,-1,62,12,63,-1,12,14,63,-1,63,14,64,-1,22,65,66,-1,22,66,20,-1,20,66,67,-1,20,67,18,-1,18,67,68,-1,18,68,16,-1,16,68,64,-1,16,64,14,-1,30,58,69,-1,30,69,28,-1,28,69,70,-1,28,70,26,-1,26,70,71,-1,26,71,24,-1,24,71,65,-1,24,65,22,-1,
        ]
    }
}
Shape{
    appearance Appearance {
        material  Material 	{
            diffuseColor 0.6666666666666666 0.6666666666666666 0.6666666666666666
            specularColor 0.4666666666666667 0.4666666666666667 0.4666666666666667
            ambientIntensity 0.6667
            transparency 0.0
            shininess 0.5
        }
    }
    geometry IndexedFaceSet {
        ccw TRUE
        solid FALSE
        coord DEF co Coordinate {
            point [
                -1.029 2.5227 0.7913, -1.029 2.4493 0.7913, -1.0146 2.5227 0.7913, -1.0151 2.4493 0.7913, -1.003 2.4506 0.7913, -0.9948 2.4535 0.7913, -0.9885 2.4576 0.7913, -0.9868 2.4592 0.7913, -0.9818 2.4655 0.7913, -0.9786 2.4726 0.7913, -0.9769 2.4815 0.7913, -0.9766 2.4869 0.7913, -0.9779 2.4985 0.7913, -0.9806 2.5055 0.7913, -0.9842 2.5109 0.7913, -0.9871 2.5138 0.7913, -1.0027 2.5215 0.7913, -0.9944 2.5186 0.7913
            ]
        }
        coordIndex [
            0,1,2,-1,2,1,3,-1,2,3,4,-1,4,5,2,-1,2,5,6,-1,2,6,7,-1,7,8,2,-1,2,8,9,-1,2,9,10,-1,10,11,2,-1,2,11,12,-1,2,12,13,-1,13,14,2,-1,2,14,15,-1,2,15,16,-1,16,15,17,-1,
        ]
    }
}
Shape{
    appearance Appearance {
        material  Material 	{
            diffuseColor 0.0 0.0 0.0
            specularColor 0.0 0.0 0.0
            ambientIntensity 0.0
            transparency 0.0
            shininess 0.5
        }
    }
    geometry IndexedFaceSet {
        ccw TRUE
        solid FALSE
        coord DEF co Coordinate {
            point [
                -1.1544 2.4552 0.7953, -1.1544 2.4552 0.7913, -1.1553 2.452 0.7913, -1.1553 2.452 0.7953, -1.1559 2.4497 0.7913, -1.1559 2.4497 0.7953, -1.1562 2.4497 0.7953, -1.1562 2.4497 0.7913, -1.1576 2.4553 0.7953, -1.1576 2.4553 0.7913, -1.1754 2.5065 0.7913, -1.1754 2.5065 0.7953, -1.1697 2.4899 0.7913, -1.1888 2.5065 0.7953, -1.1888 2.5065 0.7913, -1.1621 2.4385 0.7913, -1.1621 2.4385 0.7953, -1.1697 2.4578 0.7913, -1.1673 2.4262 0.7913, -1.1673 2.4262 0.7953, -1.1625 2.4376 0.7913, -1.1697 2.4219 0.7913, -1.1697 2.4219 0.7953, -1.1697 2.4218 0.7913, -1.1719 2.4194 0.7953, -1.1719 2.4194 0.7913, -1.1741 2.4179 0.7913, -1.1741 2.4179 0.7953, -1.1767 2.4169 0.7913, -1.1767 2.4169 0.7953, -1.1796 2.4165 0.7913, -1.1796 2.4165 0.7953, -1.1839 2.4171 0.7913, -1.1839 2.4171 0.7953, -1.1863 2.4179 0.7913, -1.1863 2.4179 0.7953, -1.1863 2.4073 0.7953, -1.1863 2.4073 0.7913, -1.1813 2.4064 0.7913, -1.1813 2.4064 0.7953, -1.1786 2.4063 0.7913, -1.1786 2.4063 0.7953, -1.1738 2.4069 0.7913, -1.1738 2.4069 0.7953, -1.1697 2.4084 0.7913, -1.1691 2.4087 0.7953, -1.1691 2.4087 0.7913, -1.1649 2.4116 0.7913, -1.1649 2.4116 0.7953, -1.1641 2.4123 0.7913, -1.1641 2.4123 0.7953, -1.1597 2.4176 0.7913, -1.1597 2.4176 0.7953, -1.1543 2.4281 0.7913, -1.1543 2.4281 0.7953, -1.1234 2.5065 0.7913, -1.1234 2.5065 0.7953, -1.1506 2.4376 0.7913, -1.1358 2.5065 0.7953, -1.1358 2.5065 0.7913, -1.2225 2.4368 0.7953, -1.2225 2.4368 0.7913, -1.2116 2.4381 0.7953, -1.2158 2.4376 0.7913, -1.2116 2.4381 0.7913, -1.2054 2.4405 0.7913, -1.2054 2.4405 0.7953, -1.2027 2.4422 0.7913, -1.2027 2.4422 0.7953, -1.1993 2.4452 0.7913, -1.1993 2.4452 0.7953, -1.197 2.4483 0.7913, -1.197 2.4483 0.7953, -1.1956 2.4521 0.7913, -1.1956 2.4521 0.7953, -1.195 2.4569 0.7913, -1.195 2.4569 0.7953, -1.1955 2.4614 0.7913, -1.1955 2.4614 0.7953, -1.1968 2.4649 0.7913, -1.1968 2.4649 0.7953, -1.199 2.4682 0.7913, -1.199 2.4682 0.7953, -1.2018 2.4707 0.7913, -1.2018 2.4707 0.7953, -1.2098 2.4751 0.7913, -1.2098 2.4751 0.7953, -1.2144 2.477 0.7913, -1.2144 2.477 0.7953, -1.2218 2.4802 0.7913, -1.2218 2.4802 0.7953, -1.226 2.4828 0.7913, -1.226 2.4828 0.7953, -1.2272 2.4841 0.7913, -1.2272 2.4841 0.7953, -1.228 2.4857 0.7913, -1.228 2.4857 0.7953, -1.2285 2.4876 0.7913, -1.2285 2.4876 0.7953, -1.2286 2.4892 0.7913, -1.2286 2.4892 0.7953, -1.2284 2.4911 0.7913, -1.2284 2.4911 0.7953, -1.2278 2.4927 0.7913, -1.2278 2.4927 0.7953, -1.2268 2.4942 0.7913, -1.2268 2.4942 0.7953, -1.225 2.4958 0.7913, -1.225 2.4958 0.7953, -1.2223 2.4972 0.7913, -1.2223 2.4972 0.7953, -1.2191 2.4981 0.7913, -1.2191 2.4981 0.7953, -1.2156 2.4983 0.7913, -1.2156 2.4983 0.7953, -1.2077 2.4974 0.7913, -1.2077 2.4974 0.7953, -1.201 2.495 0.7913, -1.201 2.495 0.7953, -1.1983 2.4934 0.7913, -1.1983 2.4934 0.7953, -1.1983 2.505 0.7953, -1.1983 2.505 0.7913, -1.2078 2.5076 0.7913, -1.2078 2.5076 0.7953, -1.2144 2.508 0.7913, -1.2144 2.508 0.7953, -1.2232 2.5071 0.7913, -1.2232 2.5071 0.7953, -1.2298 2.5047 0.7913, -1.2298 2.5047 0.7953, -1.2333 2.5026 0.7913, -1.2333 2.5026 0.7953, -1.2355 2.5006 0.7913, -1.2368 2.4994 0.7953, -1.2368 2.4994 0.7913, -1.239 2.4962 0.7913, -1.239 2.4962 0.7953, -1.2404 2.4924 0.7913, -1.2404 2.4924 0.7953, -1.2409 2.4881 0.7913, -1.2409 2.4881 0.7953, -1.2404 2.4835 0.7913, -1.2404 2.4835 0.7953, -1.2391 2.4798 0.7913, -1.2391 2.4798 0.7953, -1.2375 2.4773 0.7913, -1.2375 2.4773 0.7953, -1.2228 2.4683 0.7913, -1.2228 2.4683 0.7953, -1.2299 2.4716 0.7953, -1.2356 2.4753 0.7913, -1.2356 2.4753 0.7953, -1.2355 2.4752 0.7913, -1.2299 2.4716 0.7913, -1.215 2.465 0.7913, -1.215 2.465 0.7953, -1.2103 2.4622 0.7913, -1.2103 2.4622 0.7953, -1.2088 2.4607 0.7913, -1.2088 2.4607 0.7953, -1.2079 2.4591 0.7913, -1.2079 2.4591 0.7953, -1.2074 2.4572 0.7913, -1.2074 2.4572 0.7953, -1.2073 2.4557 0.7913, -1.2073 2.4557 0.7953, -1.2075 2.4535 0.7913, -1.2075 2.4535 0.7953, -1.2081 2.4518 0.7913, -1.2081 2.4518 0.7953, -1.2092 2.4502 0.7913, -1.2092 2.4502 0.7953, -1.2105 2.449 0.7913, -1.2105 2.449 0.7953, -1.2116 2.4483 0.7913, -1.2116 2.4483 0.7953, -1.2147 2.4472 0.7913, -1.2147 2.4472 0.7953, -1.2208 2.4465 0.7913, -1.2208 2.4465 0.7953, -1.2213 2.4465 0.7913, -1.2213 2.4465 0.7953, -1.241 2.4531 0.7913, -1.241 2.4531 0.7953, -1.2363 2.4502 0.7953, -1.2288 2.4474 0.7913, -1.2288 2.4474 0.7953, -1.2355 2.4499 0.7913, -1.2363 2.4502 0.7913, -1.241 2.4408 0.7953, -1.241 2.4408 0.7913, -1.2324 2.4378 0.7953, -1.2355 2.4388 0.7913, -1.2304 2.4376 0.7913, -1.2324 2.4378 0.7913, -1.2691 2.4384 0.7953, -1.2572 2.4384 0.7953, -1.2691 2.4489 0.7953, -1.2572 2.4822 0.7953, -1.2691 2.4817 0.7953, -1.2948 2.4675 0.7953, -1.2918 2.4689 0.7953, -1.285 2.4704 0.7953, -1.2691 2.4725 0.7953, -1.2691 2.466 0.7953, -1.2694 2.4489 0.7953, -1.2757 2.4507 0.7953, -1.2713 2.4461 0.7953, -1.2791 2.4484 0.7953, -1.2691 2.4652 0.7953, -1.2699 2.4599 0.7953, -1.2716 2.4556 0.7953, -1.2742 2.4521 0.7953, -1.2695 2.4869 0.7953, -1.2581 2.4913 0.7953, -1.2708 2.4912 0.7953, -1.26 2.4967 0.7953, -1.2722 2.4937 0.7953, -1.2624 2.5006 0.7953, -1.274 2.4956 0.7953, -1.2656 2.5036 0.7953, -1.2761 2.4969 0.7953, -1.2696 2.5059 0.7953, -1.2788 2.4979 0.7953, -1.2747 2.5074 0.7953, -1.2829 2.4983 0.7953, -1.2818 2.508 0.7953, -1.2901 2.4976 0.7953, -1.2932 2.5067 0.7953, -1.2975 2.495 0.7953, -1.3022 2.5034 0.7953, -1.3052 2.4901 0.7953, -1.3052 2.5017 0.7953, -1.2973 2.4507 0.7953, -1.306 2.4421 0.7953, -1.2963 2.4496 0.7953, -1.302 2.4393 0.7953, -1.2939 2.448 0.7953, -1.2974 2.4376 0.7953, -1.2912 2.447 0.7953, -1.2903 2.4368 0.7953, -1.2872 2.4466 0.7953, -1.2841 2.4375 0.7953, -1.2827 2.4471 0.7953, -1.2793 2.4392 0.7953, -1.2751 2.442 0.7953, -1.2997 2.4595 0.7953, -1.3118 2.4581 0.7953, -1.2998 2.4576 0.7953, -1.3119 2.4566 0.7953, -1.2995 2.4548 0.7953, -1.3113 2.4512 0.7953, -1.2987 2.4527 0.7953, -1.3098 2.4472 0.7953, -1.3074 2.4435 0.7953, -1.2893 2.4788 0.7953, -1.2983 2.4766 0.7953, -1.2966 2.4662 0.7953, -1.3034 2.474 0.7953, -1.298 2.4644 0.7953, -1.307 2.4708 0.7953, -1.2991 2.4622 0.7953, -1.3094 2.4674 0.7953, -1.3111 2.4632 0.7953, -1.2829 2.4983 0.7913, -1.2788 2.4979 0.7913, -1.2761 2.4969 0.7913, -1.274 2.4956 0.7913, -1.2722 2.4937 0.7913, -1.2708 2.4912 0.7913, -1.2695 2.4869 0.7913, -1.2691 2.4817 0.7913, -1.2893 2.4788 0.7913, -1.2983 2.4766 0.7913, -1.3034 2.474 0.7913, -1.307 2.4708 0.7913, -1.3094 2.4674 0.7913, -1.3111 2.4632 0.7913, -1.3118 2.4581 0.7913, -1.3119 2.4566 0.7913, -1.3113 2.4512 0.7913, -1.3098 2.4472 0.7913, -1.3074 2.4435 0.7913, -1.306 2.4421 0.7913, -1.2903 2.4368 0.7913, -1.2972 2.4376 0.7913, -1.2974 2.4376 0.7913, -1.302 2.4393 0.7913, -1.2841 2.4375 0.7913, -1.2838 2.4376 0.7913, -1.2793 2.4392 0.7913, -1.2751 2.442 0.7913, -1.2713 2.4461 0.7913, -1.2694 2.4489 0.7913, -1.2691 2.4489 0.7913, -1.2691 2.4384 0.7913, -1.2572 2.4384 0.7913, -1.2572 2.4822 0.7913, -1.2581 2.4913 0.7913, -1.26 2.4967 0.7913, -1.2624 2.5006 0.7913, -1.2656 2.5036 0.7913, -1.2696 2.5059 0.7913, -1.2747 2.5074 0.7913, -1.2818 2.508 0.7913, -1.2932 2.5067 0.7913, -1.3022 2.5034 0.7913, -1.3052 2.5017 0.7913, -1.3052 2.4901 0.7913, -1.2975 2.495 0.7913, -1.2901 2.4976 0.7913, -1.2742 2.4521 0.7913, -1.2757 2.4507 0.7913, -1.2791 2.4484 0.7913, -1.2827 2.4471 0.7913, -1.2872 2.4466 0.7913, -1.2691 2.466 0.7913, -1.2691 2.4652 0.7913, -1.2699 2.4599 0.7913, -1.2716 2.4556 0.7913, -1.2691 2.4725 0.7913, -1.285 2.4704 0.7913, -1.2966 2.4662 0.7913, -1.2948 2.4675 0.7913, -1.2918 2.4689 0.7913, -1.2998 2.4576 0.7913, -1.2997 2.4595 0.7913, -1.2991 2.4622 0.7913, -1.298 2.4644 0.7913, -1.2963 2.4496 0.7913, -1.2973 2.4507 0.7913, -1.2987 2.4527 0.7913, -1.2995 2.4548 0.7913, -1.2912 2.447 0.7913, -1.2939 2.448 0.7913
            ]
        }
        coordIndex [
            0,1,2,-1,0,2,3,-1,3,2,4,-1,3,4,5,-1,6,5,7,-1,7,5,4,-1,8,6,9,-1,9,6,7,-1,10,11,12,-1,12,11,8,-1,12,8,9,-1,13,11,14,-1,14,11,10,-1,15,16,17,-1,17,16,13,-1,17,13,14,-1,18,19,20,-1,20,19,16,-1,20,16,15,-1,19,18,21,-1,19,21,22,-1,22,21,23,-1,22,23,24,-1,23,25,24,-1,24,25,26,-1,24,26,27,-1,27,26,28,-1,27,28,29,-1,29,28,30,-1,29,30,31,-1,31,30,32,-1,31,32,33,-1,33,32,34,-1,33,34,35,-1,36,35,37,-1,37,35,34,-1,36,37,38,-1,36,38,39,-1,39,38,40,-1,39,40,41,-1,41,40,42,-1,41,42,43,-1,43,42,44,-1,43,44,45,-1,44,46,45,-1,45,46,47,-1,45,47,48,-1,48,47,49,-1,48,49,50,-1,50,49,51,-1,50,51,52,-1,52,51,53,-1,52,53,54,-1,55,56,57,-1,57,56,54,-1,57,54,53,-1,58,56,59,-1,59,56,55,-1,0,58,1,-1,1,58,59,-1,3,5,54,-1,56,58,54,-1,54,58,0,-1,54,0,3,-1,11,13,8,-1,8,13,16,-1,8,16,6,-1,52,22,50,-1,50,22,24,-1,35,36,33,-1,33,36,39,-1,33,39,31,-1,31,39,41,-1,31,41,29,-1,29,41,43,-1,29,43,27,-1,27,43,45,-1,27,45,24,-1,24,45,48,-1,24,48,50,-1,5,6,54,-1,54,6,16,-1,54,16,52,-1,52,16,19,-1,52,19,22,-1,60,61,62,-1,62,61,63,-1,63,64,62,-1,62,64,65,-1,62,65,66,-1,66,65,67,-1,66,67,68,-1,68,67,69,-1,68,69,70,-1,70,69,71,-1,70,71,72,-1,72,71,73,-1,72,73,74,-1,74,73,75,-1,74,75,76,-1,76,75,77,-1,76,77,78,-1,78,77,79,-1,78,79,80,-1,80,79,81,-1,80,81,82,-1,82,81,83,-1,82,83,84,-1,84,83,85,-1,84,85,86,-1,86,85,87,-1,86,87,88,-1,88,87,89,-1,88,89,90,-1,90,89,91,-1,90,91,92,-1,92,91,93,-1,92,93,94,-1,94,93,95,-1,94,95,96,-1,96,95,97,-1,96,97,98,-1,98,97,99,-1,98,99,100,-1,100,99,101,-1,100,101,102,-1,102,101,103,-1,102,103,104,-1,104,103,105,-1,104,105,106,-1,106,105,107,-1,106,107,108,-1,108,107,109,-1,108,109,110,-1,110,109,111,-1,110,111,112,-1,112,111,113,-1,112,113,114,-1,114,113,115,-1,114,115,116,-1,116,115,117,-1,116,117,118,-1,118,117,119,-1,118,119,120,-1,121,120,122,-1,122,120,119,-1,121,122,123,-1,121,123,124,-1,124,123,125,-1,124,125,126,-1,126,125,127,-1,126,127,128,-1,128,127,129,-1,128,129,130,-1,130,129,131,-1,130,131,132,-1,131,133,132,-1,132,133,134,-1,133,135,134,-1,134,135,136,-1,134,136,137,-1,137,136,138,-1,137,138,139,-1,139,138,140,-1,139,140,141,-1,141,140,142,-1,141,142,143,-1,143,142,144,-1,143,144,145,-1,145,144,146,-1,145,146,147,-1,148,149,150,-1,147,146,151,-1,147,151,152,-1,152,151,153,-1,152,153,150,-1,150,153,154,-1,150,154,148,-1,149,148,155,-1,149,155,156,-1,156,155,157,-1,156,157,158,-1,158,157,159,-1,158,159,160,-1,160,159,161,-1,160,161,162,-1,162,161,163,-1,162,163,164,-1,164,163,165,-1,164,165,166,-1,166,165,167,-1,166,167,168,-1,168,167,169,-1,168,169,170,-1,170,169,171,-1,170,171,172,-1,172,171,173,-1,172,173,174,-1,174,173,175,-1,174,175,176,-1,176,175,177,-1,176,177,178,-1,178,177,179,-1,178,179,180,-1,180,179,181,-1,180,181,182,-1,183,184,185,-1,182,181,186,-1,182,186,187,-1,187,186,188,-1,187,188,185,-1,185,188,189,-1,185,189,183,-1,190,184,191,-1,191,184,183,-1,190,191,192,-1,192,191,193,-1,61,60,194,-1,194,60,192,-1,194,192,195,-1,195,192,193,-1,106,108,130,-1,130,108,128,-1,156,88,149,-1,149,88,90,-1,66,68,172,-1,172,68,70,-1,172,70,170,-1,170,70,72,-1,170,72,168,-1,168,72,74,-1,168,74,166,-1,166,74,76,-1,166,76,164,-1,164,76,78,-1,164,78,162,-1,162,78,80,-1,162,80,160,-1,160,80,82,-1,160,82,158,-1,158,82,84,-1,158,84,156,-1,156,84,86,-1,156,86,88,-1,60,182,192,-1,192,182,187,-1,192,187,190,-1,190,187,185,-1,190,185,184,-1,108,110,128,-1,128,110,112,-1,128,112,126,-1,126,112,114,-1,126,114,124,-1,124,114,116,-1,124,116,121,-1,121,116,118,-1,121,118,120,-1,172,174,66,-1,66,174,176,-1,66,176,62,-1,62,176,178,-1,62,178,60,-1,60,178,180,-1,60,180,182,-1,130,132,106,-1,106,132,134,-1,106,134,104,-1,104,134,137,-1,104,137,102,-1,102,137,139,-1,102,139,100,-1,100,139,141,-1,100,141,98,-1,98,141,143,-1,98,143,96,-1,96,143,145,-1,96,145,94,-1,94,145,147,-1,94,147,92,-1,92,147,152,-1,92,152,90,-1,90,152,150,-1,90,150,149,-1,196,197,198,-1,198,197,199,-1,200,201,202,-1,203,204,199,-1,199,204,205,-1,206,207,208,-1,208,207,209,-1,205,210,199,-1,199,210,211,-1,199,211,198,-1,198,211,212,-1,198,212,206,-1,206,212,213,-1,206,213,207,-1,202,203,200,-1,200,203,199,-1,200,199,214,-1,214,199,215,-1,214,215,216,-1,216,215,217,-1,216,217,218,-1,218,217,219,-1,218,219,220,-1,220,219,221,-1,220,221,222,-1,222,221,223,-1,222,223,224,-1,224,223,225,-1,224,225,226,-1,226,225,227,-1,226,227,228,-1,228,227,229,-1,228,229,230,-1,230,229,231,-1,230,231,232,-1,232,231,233,-1,234,235,236,-1,236,235,237,-1,236,237,238,-1,238,237,239,-1,238,239,240,-1,240,239,241,-1,240,241,242,-1,242,241,243,-1,242,243,244,-1,244,243,245,-1,244,245,209,-1,209,245,246,-1,209,246,208,-1,247,248,249,-1,249,248,250,-1,249,250,251,-1,251,250,252,-1,251,252,253,-1,253,252,254,-1,253,254,234,-1,234,254,255,-1,234,255,235,-1,200,256,201,-1,201,256,257,-1,201,257,258,-1,258,257,259,-1,258,259,260,-1,260,259,261,-1,260,261,262,-1,262,261,263,-1,262,263,247,-1,247,263,264,-1,247,264,248,-1,226,265,266,-1,226,266,224,-1,224,266,267,-1,224,267,222,-1,222,267,268,-1,222,268,220,-1,220,268,269,-1,220,269,218,-1,218,269,270,-1,218,270,216,-1,216,270,271,-1,216,271,214,-1,214,271,272,-1,214,272,200,-1,256,200,273,-1,273,200,272,-1,256,273,274,-1,256,274,257,-1,257,274,275,-1,257,275,259,-1,259,275,276,-1,259,276,261,-1,261,276,277,-1,261,277,263,-1,263,277,278,-1,263,278,264,-1,264,278,279,-1,264,279,248,-1,248,279,280,-1,248,280,250,-1,250,280,281,-1,250,281,252,-1,252,281,282,-1,252,282,254,-1,254,282,283,-1,254,283,255,-1,255,283,284,-1,255,284,235,-1,285,241,286,-1,286,241,239,-1,286,239,287,-1,287,239,237,-1,287,237,288,-1,288,237,235,-1,288,235,284,-1,241,285,289,-1,241,289,243,-1,243,289,290,-1,243,290,245,-1,290,291,245,-1,245,291,292,-1,245,292,246,-1,246,292,293,-1,246,293,208,-1,208,293,294,-1,208,294,206,-1,198,206,295,-1,295,206,294,-1,196,198,296,-1,296,198,295,-1,197,196,297,-1,297,196,296,-1,199,197,298,-1,298,197,297,-1,199,298,299,-1,199,299,215,-1,215,299,300,-1,215,300,217,-1,217,300,301,-1,217,301,219,-1,219,301,302,-1,219,302,221,-1,221,302,303,-1,221,303,223,-1,223,303,304,-1,223,304,225,-1,225,304,305,-1,225,305,227,-1,227,305,306,-1,227,306,229,-1,229,306,307,-1,229,307,231,-1,231,307,308,-1,231,308,233,-1,232,233,309,-1,309,233,308,-1,232,309,310,-1,232,310,230,-1,230,310,311,-1,230,311,228,-1,228,311,265,-1,228,265,226,-1,213,312,313,-1,213,313,207,-1,207,313,314,-1,207,314,209,-1,209,314,315,-1,209,315,244,-1,244,315,316,-1,244,316,242,-1,205,317,318,-1,205,318,210,-1,210,318,319,-1,210,319,211,-1,211,319,320,-1,211,320,212,-1,212,320,312,-1,212,312,213,-1,205,204,317,-1,317,204,321,-1,204,203,321,-1,321,203,322,-1,258,323,324,-1,258,324,201,-1,201,324,325,-1,201,325,202,-1,202,325,322,-1,202,322,203,-1,249,326,327,-1,249,327,247,-1,247,327,328,-1,247,328,262,-1,262,328,329,-1,262,329,260,-1,260,329,323,-1,260,323,258,-1,236,330,331,-1,236,331,234,-1,234,331,332,-1,234,332,253,-1,253,332,333,-1,253,333,251,-1,251,333,326,-1,251,326,249,-1,242,316,334,-1,242,334,240,-1,240,334,335,-1,240,335,238,-1,238,335,330,-1,238,330,236,-1,
        ]
    }
}
Shape{
    appearance Appearance {
        material  Material 	{
            diffuseColor 0.6666666666666666 0.6666666666666666 0.6666666666666666
            specularColor 0.4666666666666667 0.4666666666666667 0.4666666666666667
            ambientIntensity 0.6667
            transparency 0.0
            shininess 0.5
        }
    }
    geometry IndexedFaceSet {
        ccw TRUE
        solid FALSE
        coord DEF co Coordinate {
            point [
                -1.2691 2.4725 0.7913, -1.285 2.4704 0.7913, -1.2691 2.466 0.7913, -1.2918 2.4689 0.7913, -1.2948 2.4675 0.7913, -1.2966 2.4662 0.7913, -1.2691 2.4652 0.7913, -1.2699 2.4599 0.7913, -1.298 2.4644 0.7913, -1.2716 2.4556 0.7913, -1.2973 2.4507 0.7913, -1.2963 2.4496 0.7913, -1.2757 2.4507 0.7913, -1.2987 2.4527 0.7913, -1.2791 2.4484 0.7913, -1.2827 2.4471 0.7913, -1.2872 2.4466 0.7913, -1.2991 2.4622 0.7913, -1.2997 2.4595 0.7913, -1.2742 2.4521 0.7913, -1.2998 2.4576 0.7913, -1.2995 2.4548 0.7913, -1.2939 2.448 0.7913, -1.2912 2.447 0.7913
            ]
        }
        coordIndex [
            0,1,2,-1,2,1,3,-1,3,4,2,-1,2,4,5,-1,2,5,6,-1,6,5,7,-1,7,5,8,-1,7,8,9,-1,10,11,12,-1,10,12,13,-1,14,12,15,-1,15,12,16,-1,8,17,9,-1,9,17,18,-1,9,18,19,-1,19,18,20,-1,19,20,12,-1,12,20,21,-1,12,21,13,-1,11,22,12,-1,12,22,23,-1,12,23,16,-1,
        ]
    }
}
Shape{
    appearance Appearance {
        material  Material 	{
            diffuseColor 0.0 0.0 0.0
            specularColor 0.0 0.0 0.0
            ambientIntensity 0.0
            transparency 0.0
            shininess 0.5
        }
    }
    geometry IndexedFaceSet {
        ccw TRUE
        solid FALSE
        coord DEF co Coordinate {
            point [
                -1.7955 2.4248 0.7953, -1.7854 2.4124 0.7953, -1.8017 2.4848 0.7953, -1.8136 2.6025 0.7953, -1.7985 2.6105 0.7953, -1.802 2.6523 0.7953, -1.7597 2.6543 0.7953, -1.7387 2.6048 0.7953, -1.7283 2.6263 0.7953, -1.8165 2.494 0.7953, -1.811 2.442 0.7953, -1.8024 2.4394 0.7953, -1.7753 2.6556 0.7953, -1.733 2.4862 0.7953, -1.7267 2.484 0.7953, -1.6702 2.4679 0.7953, -1.7213 2.4803 0.7953, -1.7169 2.4754 0.7953, -1.5753 2.518 0.7953, -1.5963 2.554 0.7953, -1.6871 2.5065 0.7953, -1.7387 2.4869 0.7953, -1.7453 2.486 0.7953, -1.7542 2.5275 0.7953, -1.7512 2.4837 0.7953, -1.7692 2.5218 0.7953, -1.7565 2.4799 0.7953, -1.783 2.5122 0.7953, -1.7592 2.4771 0.7953, -1.7942 2.4993 0.7953, -1.7627 2.4715 0.7953, -1.7647 2.4651 0.7953, -1.765 2.4585 0.7953, -1.7134 2.525 0.7953, -1.7298 2.5291 0.7953, -1.738 2.5296 0.7953, -1.714 2.4699 0.7953, -1.7124 2.4636 0.7953, -1.6702 2.4611 0.7953, -1.7124 2.4574 0.7953, -1.6706 2.4539 0.7953, -1.7458 2.6704 0.7953, -1.7131 2.6444 0.7953, -1.7298 2.6841 0.7953, -1.695 2.6576 0.7953, -1.7133 2.6943 0.7953, -1.7818 2.6146 0.7953, -1.7746 2.6149 0.7953, -1.7675 2.6552 0.7953, -1.7585 2.6129 0.7953, -1.7433 2.6073 0.7953, -1.699 2.5173 0.7953, -1.4777 2.4686 0.7953, -1.5128 2.4921 0.7953, -1.4961 2.453 0.7953, -1.5236 2.4849 0.7953, -1.5168 2.4428 0.7953, -1.5361 2.4805 0.7953, -1.5394 2.4381 0.7953, -1.5435 2.4794 0.7953, -1.5794 2.4381 0.7953, -1.574 2.4794 0.7953, -1.5832 2.4387 0.7953, -1.7638 2.4521 0.7953, -1.7611 2.4464 0.7953, -1.5529 2.5851 0.7953, -1.5475 2.5851 0.7953, -1.5197 2.6217 0.7953, -1.536 2.5839 0.7953, -1.5165 2.6206 0.7953, -1.5241 2.5796 0.7953, -1.4963 2.6106 0.7953, -1.5134 2.5726 0.7953, -1.4779 2.5951 0.7953, -1.5045 2.5629 0.7953, -1.4641 2.5758 0.7953, -1.4982 2.5512 0.7953, -1.4558 2.5551 0.7953, -1.495 2.5382 0.7953, -1.4526 2.5329 0.7953, -1.4947 2.5323 0.7953, -1.4557 2.5088 0.7953, -1.4959 2.5206 0.7953, -1.4642 2.4873 0.7953, -1.5002 2.5084 0.7953, -1.5074 2.4976 0.7953, -1.5563 2.6753 0.7953, -1.583 2.6442 0.7953, -1.5339 2.6493 0.7953, -1.5677 2.626 0.7953, -1.5572 2.6042 0.7953, -1.8403 2.5636 0.7953, -1.8849 2.5523 0.7953, -1.8424 2.5472 0.7953, -1.8851 2.5458 0.7953, -1.8415 2.5365 0.7953, -1.8818 2.5192 0.7953, -1.8366 2.52 0.7953, -1.872 2.494 0.7953, -1.8286 2.5064 0.7953, -1.8566 2.4719 0.7953, -1.8355 2.4539 0.7953, -1.8271 2.6426 0.7953, -1.8486 2.6274 0.7953, -1.8251 2.5922 0.7953, -1.8532 2.6231 0.7953, -1.8345 2.5787 0.7953, -1.8695 2.6021 0.7953, -1.8803 2.5777 0.7953, -1.6746 2.4371 0.7953, -1.714 2.4509 0.7953, -1.6827 2.4221 0.7953, -1.7172 2.4451 0.7953, -1.6929 2.4106 0.7953, -1.7208 2.4409 0.7953, -1.7064 2.4012 0.7953, -1.726 2.4372 0.7953, -1.7215 2.3954 0.7953, -1.7319 2.4349 0.7953, -1.738 2.3933 0.7953, -1.7387 2.434 0.7953, -1.7405 2.3934 0.7953, -1.7398 2.434 0.7953, -1.7565 2.3958 0.7953, -1.7459 2.435 0.7953, -1.7722 2.4024 0.7953, -1.752 2.4376 0.7953, -1.7572 2.4416 0.7953, -1.682 2.7064 0.7953, -1.6728 2.6666 0.7953, -1.6485 2.7105 0.7953, -1.6478 2.6698 0.7953, -1.6206 2.7076 0.7953, -1.6248 2.667 0.7953, -1.5866 2.6956 0.7953, -1.6035 2.6588 0.7953, -1.5845 2.6456 0.7953, -1.5774 2.48 0.7953, -1.5937 2.4452 0.7953, -1.5921 2.4436 0.7953, -1.5753 2.4796 0.7953, -1.5877 2.4404 0.7953, -1.599 2.4591 0.7953, -1.5984 2.454 0.7953, -1.5966 2.4494 0.7953, -1.5833 2.4794 0.7953, -1.5879 2.4776 0.7953, -1.5989 2.4617 0.7953, -1.5921 2.4746 0.7953, -1.5949 2.4715 0.7953, -1.5975 2.4669 0.7953, -1.578 2.4801 0.7953, -1.4734 2.5888 0.7913, -1.4641 2.5758 0.7913, -1.4581 2.5609 0.7913, -1.4558 2.5551 0.7913, -1.4526 2.5329 0.7913, -1.4779 2.5951 0.7913, -1.4963 2.6106 0.7913, -1.5165 2.6206 0.7913, -1.5197 2.6217 0.7913, -1.5339 2.6493 0.7913, -1.5563 2.6753 0.7913, -1.5719 2.6857 0.7913, -1.5866 2.6956 0.7913, -1.6206 2.7076 0.7913, -1.6485 2.7105 0.7913, -1.682 2.7064 0.7913, -1.7133 2.6943 0.7913, -1.7272 2.6857 0.7913, -1.7298 2.6841 0.7913, -1.7458 2.6704 0.7913, -1.7597 2.6543 0.7913, -1.7675 2.6552 0.7913, -1.7753 2.6556 0.7913, -1.802 2.6523 0.7913, -1.8271 2.6426 0.7913, -1.8486 2.6274 0.7913, -1.8532 2.6231 0.7913, -1.8695 2.6021 0.7913, -1.8754 2.5888 0.7913, -1.8803 2.5777 0.7913, -1.8833 2.5609 0.7913, -1.8849 2.5523 0.7913, -1.8851 2.5458 0.7913, -1.8818 2.5192 0.7913, -1.872 2.494 0.7913, -1.8566 2.4719 0.7913, -1.8355 2.4539 0.7913, -1.811 2.442 0.7913, -1.8024 2.4394 0.7913, -1.8015 2.4376 0.7913, -1.7955 2.4248 0.7913, -1.7854 2.4124 0.7913, -1.7722 2.4024 0.7913, -1.766 2.3998 0.7913, -1.7565 2.3958 0.7913, -1.7405 2.3934 0.7913, -1.738 2.3933 0.7913, -1.6702 2.4611 0.7913, -1.7215 2.3954 0.7913, -1.7099 2.3998 0.7913, -1.7064 2.4012 0.7913, -1.6929 2.4106 0.7913, -1.6827 2.4221 0.7913, -1.6746 2.4371 0.7913, -1.6745 2.4376 0.7913, -1.6706 2.4539 0.7913, -1.6702 2.4679 0.7913, -1.5753 2.518 0.7913, -1.5963 2.554 0.7913, -1.6871 2.5065 0.7913, -1.699 2.5173 0.7913, -1.7134 2.525 0.7913, -1.7298 2.5291 0.7913, -1.738 2.5296 0.7913, -1.7542 2.5275 0.7913, -1.7692 2.5218 0.7913, -1.783 2.5122 0.7913, -1.7942 2.4993 0.7913, -1.8017 2.4848 0.7913, -1.8165 2.494 0.7913, -1.8286 2.5064 0.7913, -1.8366 2.52 0.7913, -1.8415 2.5365 0.7913, -1.8424 2.5472 0.7913, -1.8407 2.5609 0.7913, -1.8403 2.5636 0.7913, -1.8345 2.5787 0.7913, -1.8275 2.5888 0.7913, -1.8251 2.5922 0.7913, -1.8136 2.6025 0.7913, -1.7985 2.6105 0.7913, -1.7818 2.6146 0.7913, -1.7746 2.6149 0.7913, -1.7585 2.6129 0.7913, -1.7433 2.6073 0.7913, -1.7387 2.6048 0.7913, -1.7283 2.6263 0.7913, -1.7131 2.6444 0.7913, -1.695 2.6576 0.7913, -1.6728 2.6666 0.7913, -1.6478 2.6698 0.7913, -1.6248 2.667 0.7913, -1.6035 2.6588 0.7913, -1.5845 2.6456 0.7913, -1.583 2.6442 0.7913, -1.5677 2.626 0.7913, -1.5572 2.6042 0.7913, -1.5538 2.5888 0.7913, -1.5529 2.5851 0.7913, -1.5475 2.5851 0.7913, -1.536 2.5839 0.7913, -1.5241 2.5796 0.7913, -1.5134 2.5726 0.7913, -1.5045 2.5629 0.7913, -1.5034 2.5609 0.7913, -1.4982 2.5512 0.7913, -1.495 2.5382 0.7913, -1.4947 2.5323 0.7913, -1.4959 2.5206 0.7913, -1.5002 2.5084 0.7913, -1.5074 2.4976 0.7913, -1.5128 2.4921 0.7913, -1.5236 2.4849 0.7913, -1.5361 2.4805 0.7913, -1.5435 2.4794 0.7913, -1.574 2.4794 0.7913, -1.5753 2.4796 0.7913, -1.5774 2.48 0.7913, -1.578 2.4801 0.7913, -1.5833 2.4794 0.7913, -1.5879 2.4776 0.7913, -1.5921 2.4746 0.7913, -1.5949 2.4715 0.7913, -1.5975 2.4669 0.7913, -1.5989 2.4617 0.7913, -1.599 2.4591 0.7913, -1.5984 2.454 0.7913, -1.5966 2.4494 0.7913, -1.5937 2.4452 0.7913, -1.5921 2.4436 0.7913, -1.5877 2.4404 0.7913, -1.5832 2.4387 0.7913, -1.5794 2.4381 0.7913, -1.5394 2.4381 0.7913, -1.5168 2.4428 0.7913, -1.4961 2.453 0.7913, -1.4777 2.4686 0.7913, -1.4642 2.4873 0.7913, -1.4557 2.5088 0.7913, -1.7387 2.4869 0.7913, -1.733 2.4862 0.7913, -1.7267 2.484 0.7913, -1.7213 2.4803 0.7913, -1.7169 2.4754 0.7913, -1.714 2.4699 0.7913, -1.7124 2.4636 0.7913, -1.7124 2.4574 0.7913, -1.714 2.4509 0.7913, -1.7172 2.4451 0.7913, -1.7208 2.4409 0.7913, -1.726 2.4372 0.7913, -1.7319 2.4349 0.7913, -1.7387 2.434 0.7913, -1.7398 2.434 0.7913, -1.7459 2.435 0.7913, -1.752 2.4376 0.7913, -1.7572 2.4416 0.7913, -1.7611 2.4464 0.7913, -1.7638 2.4521 0.7913, -1.765 2.4585 0.7913, -1.7647 2.4651 0.7913, -1.7627 2.4715 0.7913, -1.7592 2.4771 0.7913, -1.7565 2.4799 0.7913, -1.7512 2.4837 0.7913, -1.7453 2.486 0.7913
            ]
        }
        coordIndex [
            0,1,2,-1,3,4,5,-1,6,7,8,-1,9,10,2,-1,2,10,11,-1,2,11,0,-1,5,4,12,-1,13,14,15,-1,15,14,16,-1,15,16,17,-1,18,19,15,-1,15,19,20,-1,15,20,13,-1,13,20,21,-1,22,23,24,-1,24,23,25,-1,24,25,26,-1,26,25,27,-1,26,27,28,-1,28,27,29,-1,28,29,30,-1,30,29,2,-1,30,2,31,-1,31,2,32,-1,33,34,22,-1,22,34,35,-1,22,35,23,-1,17,36,15,-1,15,36,37,-1,15,37,38,-1,38,37,39,-1,38,39,40,-1,6,8,41,-1,41,8,42,-1,41,42,43,-1,43,42,44,-1,43,44,45,-1,4,46,12,-1,12,46,47,-1,12,47,48,-1,48,47,49,-1,48,49,6,-1,6,49,50,-1,6,50,7,-1,21,20,22,-1,22,20,51,-1,22,51,33,-1,52,53,54,-1,54,53,55,-1,54,55,56,-1,56,55,57,-1,56,57,58,-1,58,57,59,-1,58,59,60,-1,60,59,61,-1,60,61,62,-1,32,2,63,-1,63,2,1,-1,63,1,64,-1,65,66,67,-1,67,66,68,-1,67,68,69,-1,69,68,70,-1,69,70,71,-1,71,70,72,-1,71,72,73,-1,73,72,74,-1,73,74,75,-1,75,74,76,-1,75,76,77,-1,77,76,78,-1,77,78,79,-1,79,78,80,-1,79,80,81,-1,81,80,82,-1,81,82,83,-1,83,82,84,-1,83,84,52,-1,52,84,85,-1,52,85,53,-1,86,87,88,-1,88,87,89,-1,88,89,67,-1,67,89,90,-1,67,90,65,-1,91,92,93,-1,93,92,94,-1,93,94,95,-1,95,94,96,-1,95,96,97,-1,97,96,98,-1,97,98,99,-1,99,98,100,-1,99,100,9,-1,9,100,101,-1,9,101,10,-1,5,102,3,-1,3,102,103,-1,3,103,104,-1,104,103,105,-1,104,105,106,-1,106,105,107,-1,106,107,91,-1,91,107,108,-1,91,108,92,-1,40,39,109,-1,109,39,110,-1,109,110,111,-1,111,110,112,-1,111,112,113,-1,113,112,114,-1,113,114,115,-1,115,114,116,-1,115,116,117,-1,117,116,118,-1,117,118,119,-1,119,118,120,-1,119,120,121,-1,121,120,122,-1,121,122,123,-1,123,122,124,-1,123,124,125,-1,125,124,126,-1,125,126,1,-1,1,126,127,-1,1,127,64,-1,45,44,128,-1,128,44,129,-1,128,129,130,-1,130,129,131,-1,130,131,132,-1,132,131,133,-1,132,133,134,-1,134,133,135,-1,134,135,86,-1,86,135,136,-1,86,136,87,-1,137,138,139,-1,61,140,62,-1,62,140,137,-1,62,137,141,-1,141,137,139,-1,142,143,137,-1,137,143,144,-1,137,144,138,-1,145,146,147,-1,146,148,147,-1,147,148,149,-1,147,149,150,-1,142,137,147,-1,147,137,151,-1,147,151,145,-1,152,73,153,-1,153,73,75,-1,153,75,154,-1,154,75,77,-1,154,77,155,-1,155,77,79,-1,155,79,156,-1,152,157,73,-1,73,157,158,-1,73,158,71,-1,71,158,159,-1,71,159,69,-1,69,159,160,-1,69,160,67,-1,67,160,161,-1,67,161,88,-1,88,161,162,-1,88,162,86,-1,134,86,163,-1,163,86,162,-1,163,164,134,-1,134,164,165,-1,134,165,132,-1,132,165,166,-1,132,166,130,-1,130,166,167,-1,130,167,128,-1,128,167,168,-1,128,168,45,-1,45,168,43,-1,43,168,169,-1,43,169,170,-1,43,170,171,-1,43,171,41,-1,41,171,172,-1,41,172,6,-1,6,172,173,-1,6,173,48,-1,48,173,174,-1,48,174,12,-1,12,174,175,-1,12,175,5,-1,5,175,176,-1,5,176,102,-1,102,176,177,-1,102,177,103,-1,103,177,178,-1,103,178,105,-1,108,107,179,-1,179,107,105,-1,179,105,178,-1,179,180,108,-1,108,180,181,-1,108,181,92,-1,92,181,182,-1,182,183,92,-1,92,183,184,-1,92,184,94,-1,94,184,185,-1,94,185,96,-1,96,185,186,-1,96,186,98,-1,98,186,187,-1,98,187,100,-1,100,187,188,-1,100,188,101,-1,101,188,189,-1,101,189,10,-1,10,189,190,-1,10,190,11,-1,11,190,191,-1,11,191,0,-1,191,192,0,-1,0,192,193,-1,0,193,1,-1,1,193,194,-1,1,194,125,-1,125,194,195,-1,125,195,123,-1,195,196,123,-1,123,196,197,-1,123,197,121,-1,121,197,198,-1,121,198,119,-1,199,38,40,-1,119,198,200,-1,201,115,200,-1,200,115,117,-1,200,117,119,-1,201,202,115,-1,115,202,203,-1,115,203,113,-1,113,203,204,-1,113,204,111,-1,111,204,205,-1,111,205,109,-1,109,205,206,-1,109,206,40,-1,40,206,207,-1,40,207,199,-1,15,38,208,-1,208,38,199,-1,18,15,209,-1,209,15,208,-1,19,18,210,-1,210,18,209,-1,20,19,211,-1,211,19,210,-1,20,211,212,-1,20,212,51,-1,51,212,213,-1,51,213,33,-1,33,213,214,-1,33,214,34,-1,34,214,215,-1,34,215,35,-1,35,215,216,-1,35,216,23,-1,23,216,217,-1,23,217,25,-1,25,217,218,-1,25,218,27,-1,27,218,219,-1,27,219,29,-1,29,219,220,-1,29,220,2,-1,2,220,221,-1,2,221,9,-1,9,221,222,-1,9,222,99,-1,99,222,223,-1,99,223,97,-1,97,223,224,-1,97,224,95,-1,95,224,225,-1,95,225,93,-1,91,93,225,-1,225,226,91,-1,91,226,227,-1,91,227,228,-1,229,104,228,-1,228,104,106,-1,228,106,91,-1,229,230,104,-1,104,230,231,-1,104,231,3,-1,3,231,232,-1,3,232,4,-1,4,232,233,-1,4,233,46,-1,46,233,234,-1,46,234,47,-1,47,234,235,-1,47,235,49,-1,49,235,236,-1,49,236,50,-1,50,236,237,-1,50,237,7,-1,7,237,238,-1,7,238,8,-1,8,238,239,-1,8,239,42,-1,42,239,240,-1,42,240,44,-1,44,240,241,-1,44,241,129,-1,129,241,242,-1,129,242,131,-1,131,242,243,-1,131,243,133,-1,133,243,244,-1,133,244,135,-1,135,244,245,-1,135,245,136,-1,136,245,246,-1,136,246,87,-1,87,246,247,-1,87,247,89,-1,89,247,248,-1,89,248,90,-1,90,248,65,-1,65,248,249,-1,65,249,250,-1,66,65,251,-1,251,65,250,-1,66,251,252,-1,66,252,68,-1,68,252,253,-1,68,253,70,-1,70,253,254,-1,70,254,72,-1,72,254,255,-1,72,255,74,-1,74,255,256,-1,74,256,76,-1,256,257,76,-1,76,257,258,-1,76,258,78,-1,78,258,259,-1,78,259,80,-1,80,259,260,-1,80,260,82,-1,82,260,261,-1,82,261,84,-1,84,261,262,-1,84,262,85,-1,85,262,263,-1,85,263,53,-1,53,263,264,-1,53,264,55,-1,55,264,265,-1,55,265,57,-1,57,265,266,-1,57,266,59,-1,61,59,267,-1,267,59,266,-1,61,267,268,-1,61,268,140,-1,140,268,269,-1,140,269,137,-1,137,269,270,-1,137,270,151,-1,151,270,271,-1,151,271,145,-1,145,271,272,-1,145,272,146,-1,146,272,273,-1,146,273,148,-1,148,273,274,-1,148,274,149,-1,149,274,275,-1,149,275,150,-1,150,275,276,-1,150,276,147,-1,147,276,277,-1,147,277,142,-1,142,277,278,-1,142,278,143,-1,143,278,279,-1,143,279,144,-1,144,279,280,-1,144,280,138,-1,138,280,281,-1,138,281,139,-1,139,281,282,-1,139,282,141,-1,141,282,283,-1,141,283,62,-1,62,283,284,-1,62,284,60,-1,58,60,285,-1,285,60,284,-1,58,285,286,-1,58,286,56,-1,56,286,287,-1,56,287,54,-1,54,287,288,-1,54,288,52,-1,52,288,289,-1,52,289,83,-1,83,289,290,-1,83,290,81,-1,81,290,156,-1,81,156,79,-1,21,291,292,-1,21,292,13,-1,13,292,293,-1,13,293,14,-1,14,293,294,-1,14,294,16,-1,16,294,295,-1,16,295,17,-1,17,295,296,-1,17,296,36,-1,36,296,297,-1,36,297,37,-1,37,297,298,-1,37,298,39,-1,39,298,299,-1,39,299,110,-1,110,299,300,-1,110,300,112,-1,112,300,301,-1,112,301,114,-1,114,301,302,-1,114,302,116,-1,116,302,303,-1,116,303,118,-1,118,303,304,-1,118,304,120,-1,120,304,305,-1,120,305,122,-1,122,305,306,-1,122,306,124,-1,124,306,307,-1,124,307,126,-1,126,307,308,-1,126,308,127,-1,127,308,309,-1,127,309,64,-1,64,309,310,-1,64,310,63,-1,63,310,311,-1,63,311,32,-1,32,311,312,-1,32,312,31,-1,31,312,313,-1,31,313,30,-1,30,313,314,-1,30,314,28,-1,28,314,315,-1,28,315,26,-1,26,315,316,-1,26,316,24,-1,24,316,317,-1,24,317,22,-1,22,317,291,-1,22,291,21,-1,
        ]
    }
}
Shape{
    appearance Appearance {
        material  Material 	{
            diffuseColor 0.6666666666666666 0.6666666666666666 0.6666666666666666
            specularColor 0.4666666666666667 0.4666666666666667 0.4666666666666667
            ambientIntensity 0.6667
            transparency 0.0
            shininess 0.5
        }
    }
    geometry IndexedFaceSet {
        ccw TRUE
        solid FALSE
        coord DEF co Coordinate {
            point [
                -1.7398 2.434 0.7913, -1.7565 2.4799 0.7913, -1.7592 2.4771 0.7913, -1.7319 2.4349 0.7913, -1.726 2.4372 0.7913, -1.733 2.4862 0.7913, -1.7387 2.4869 0.7913, -1.7453 2.486 0.7913, -1.7512 2.4837 0.7913, -1.7638 2.4521 0.7913, -1.7611 2.4464 0.7913, -1.7572 2.4416 0.7913, -1.7387 2.434 0.7913, -1.7627 2.4715 0.7913, -1.7647 2.4651 0.7913, -1.765 2.4585 0.7913, -1.752 2.4376 0.7913, -1.7459 2.435 0.7913, -1.7208 2.4409 0.7913, -1.7172 2.4451 0.7913, -1.714 2.4509 0.7913, -1.7124 2.4574 0.7913, -1.7124 2.4636 0.7913, -1.714 2.4699 0.7913, -1.7169 2.4754 0.7913, -1.7213 2.4803 0.7913, -1.7267 2.484 0.7913
            ]
        }
        coordIndex [
            0,1,2,-1,3,4,5,-1,6,7,0,-1,0,7,8,-1,0,8,1,-1,9,10,2,-1,2,10,11,-1,6,0,5,-1,5,0,12,-1,5,12,3,-1,13,14,2,-1,2,14,15,-1,2,15,9,-1,11,16,2,-1,2,16,17,-1,2,17,0,-1,4,18,5,-1,5,18,19,-1,5,19,20,-1,20,21,5,-1,5,21,22,-1,5,22,23,-1,23,24,5,-1,5,24,25,-1,5,25,26,-1,
        ]
    }
}
Shape{
    appearance Appearance {
        material  Material 	{
            diffuseColor 0.0 0.0 0.0
            specularColor 0.0 0.0 0.0
            ambientIntensity 0.0
            transparency 0.0
            shininess 0.5
        }
    }
    geometry IndexedFaceSet {
        ccw TRUE
        solid FALSE
        coord DEF co Coordinate {
            point [
                -1.1036 2.6622 0.7953, -1.0934 2.6683 0.7953, -1.1064 2.665 0.7953, -1.0974 2.6723 0.7953, -1.1138 2.6698 0.7953, -1.1067 2.6788 0.7953, -1.1221 2.6727 0.7953, -1.1181 2.6831 0.7953, -1.134 2.674 0.7953, -1.1335 2.6849 0.7953, -1.1484 2.674 0.7953, -1.1607 2.6849 0.7953, -1.1484 2.6005 0.7953, -1.1607 2.5896 0.7953, -1.1345 2.6005 0.7953, -1.1344 2.5896 0.7953, -1.1224 2.6018 0.7953, -1.1185 2.5915 0.7953, -1.1142 2.6047 0.7953, -1.1076 2.5957 0.7953, -1.1079 2.6088 0.7953, -1.0984 2.6021 0.7953, -1.1062 2.6104 0.7953, -1.0974 2.603 0.7953, -1.1012 2.6167 0.7953, -1.0905 2.6112 0.7953, -1.098 2.6239 0.7953, -1.0857 2.6211 0.7953, -1.0962 2.6327 0.7953, -1.0834 2.6322 0.7953, -1.096 2.6382 0.7953, -1.0831 2.6385 0.7953, -1.0973 2.6497 0.7953, -1.0844 2.6505 0.7953, -1.0999 2.6567 0.7953, -1.0877 2.6598 0.7953, -1.0974 2.603 0.7913, -1.0905 2.6112 0.7913, -1.0857 2.6211 0.7913, -1.0834 2.6322 0.7913, -1.0831 2.6385 0.7913, -1.0844 2.6505 0.7913, -1.0877 2.6598 0.7913, -1.0934 2.6683 0.7913, -1.0974 2.6723 0.7913, -1.1067 2.6788 0.7913, -1.1181 2.6831 0.7913, -1.1335 2.6849 0.7913, -1.1607 2.6849 0.7913, -1.1607 2.5896 0.7913, -1.1344 2.5896 0.7913, -1.1185 2.5915 0.7913, -1.1076 2.5957 0.7913, -1.0984 2.6021 0.7913, -1.1064 2.665 0.7913, -1.1036 2.6622 0.7913, -1.0999 2.6567 0.7913, -1.0973 2.6497 0.7913, -1.096 2.6382 0.7913, -1.134 2.674 0.7913, -1.1221 2.6727 0.7913, -1.1138 2.6698 0.7913, -1.1484 2.674 0.7913, -1.1484 2.6005 0.7913, -1.1345 2.6005 0.7913, -1.1062 2.6104 0.7913, -1.1079 2.6088 0.7913, -1.1142 2.6047 0.7913, -1.1224 2.6018 0.7913, -1.0962 2.6327 0.7913, -1.098 2.6239 0.7913, -1.1012 2.6167 0.7913
            ]
        }
        coordIndex [
            0,1,2,-1,2,1,3,-1,2,3,4,-1,4,3,5,-1,4,5,6,-1,6,5,7,-1,6,7,8,-1,8,7,9,-1,8,9,10,-1,10,9,11,-1,10,11,12,-1,12,11,13,-1,12,13,14,-1,14,13,15,-1,14,15,16,-1,16,15,17,-1,16,17,18,-1,18,17,19,-1,18,19,20,-1,20,19,21,-1,20,21,22,-1,22,21,23,-1,22,23,24,-1,24,23,25,-1,24,25,26,-1,26,25,27,-1,26,27,28,-1,28,27,29,-1,28,29,30,-1,30,29,31,-1,30,31,32,-1,32,31,33,-1,32,33,34,-1,34,33,35,-1,34,35,0,-1,0,35,1,-1,23,36,37,-1,23,37,25,-1,25,37,38,-1,25,38,27,-1,27,38,39,-1,27,39,29,-1,29,39,40,-1,29,40,31,-1,31,40,41,-1,31,41,33,-1,33,41,42,-1,33,42,35,-1,35,42,43,-1,35,43,1,-1,1,43,44,-1,1,44,3,-1,3,44,45,-1,3,45,5,-1,5,45,46,-1,5,46,7,-1,7,46,47,-1,7,47,9,-1,11,9,48,-1,48,9,47,-1,13,11,49,-1,49,11,48,-1,15,13,50,-1,50,13,49,-1,15,50,51,-1,15,51,17,-1,17,51,52,-1,17,52,19,-1,19,52,53,-1,19,53,21,-1,21,53,36,-1,21,36,23,-1,2,54,55,-1,2,55,0,-1,0,55,56,-1,0,56,34,-1,34,56,57,-1,34,57,32,-1,32,57,58,-1,32,58,30,-1,8,59,60,-1,8,60,6,-1,6,60,61,-1,6,61,4,-1,4,61,54,-1,4,54,2,-1,8,10,59,-1,59,10,62,-1,10,12,62,-1,62,12,63,-1,12,14,63,-1,63,14,64,-1,22,65,66,-1,22,66,20,-1,20,66,67,-1,20,67,18,-1,18,67,68,-1,18,68,16,-1,16,68,64,-1,16,64,14,-1,30,58,69,-1,30,69,28,-1,28,69,70,-1,28,70,26,-1,26,70,71,-1,26,71,24,-1,24,71,65,-1,24,65,22,-1,
        ]
    }
}
Shape{
    appearance Appearance {
        material  Material 	{
            diffuseColor 0.6666666666666666 0.6666666666666666 0.6666666666666666
            specularColor 0.4666666666666667 0.4666666666666667 0.4666666666666667
            ambientIntensity 0.6667
            transparency 0.0
            shininess 0.5
        }
    }
    geometry IndexedFaceSet {
        ccw TRUE
        solid FALSE
        coord DEF co Coordinate {
            point [
                -1.1484 2.674 0.7913, -1.1484 2.6005 0.7913, -1.134 2.674 0.7913, -1.1345 2.6005 0.7913, -1.1224 2.6018 0.7913, -1.1142 2.6047 0.7913, -1.1079 2.6088 0.7913, -1.1062 2.6104 0.7913, -1.1012 2.6167 0.7913, -1.098 2.6239 0.7913, -1.0962 2.6327 0.7913, -1.096 2.6382 0.7913, -1.0973 2.6497 0.7913, -1.0999 2.6567 0.7913, -1.1036 2.6622 0.7913, -1.1064 2.665 0.7913, -1.1221 2.6727 0.7913, -1.1138 2.6698 0.7913
            ]
        }
        coordIndex [
            0,1,2,-1,2,1,3,-1,2,3,4,-1,4,5,2,-1,2,5,6,-1,2,6,7,-1,7,8,2,-1,2,8,9,-1,2,9,10,-1,10,11,2,-1,2,11,12,-1,2,12,13,-1,13,14,2,-1,2,14,15,-1,2,15,16,-1,16,15,17,-1,
        ]
    }
}
Shape{
    appearance Appearance {
        material  Material 	{
            diffuseColor 0.0 0.0 0.0
            specularColor 0.0 0.0 0.0
            ambientIntensity 0.0
            transparency 0.0
            shininess 0.5
        }
    }
    geometry IndexedFaceSet {
        ccw TRUE
        solid FALSE
        coord DEF co Coordinate {
            point [
                -1.2736 2.599 0.7953, -1.2736 2.599 0.7913, -1.2826 2.6 0.7913, -1.2826 2.6 0.7953, -1.2895 2.6025 0.7913, -1.2895 2.6025 0.7953, -1.2958 2.6068 0.7913, -1.2958 2.6068 0.7953, -1.2981 2.609 0.7913, -1.2981 2.609 0.7953, -1.303 2.6158 0.7913, -1.303 2.6158 0.7953, -1.306 2.6236 0.7913, -1.306 2.6236 0.7953, -1.3075 2.6353 0.7913, -1.3075 2.6353 0.7953, -1.3075 2.6362 0.7913, -1.3075 2.6362 0.7953, -1.3062 2.6483 0.7913, -1.3062 2.6483 0.7953, -1.3031 2.6567 0.7913, -1.3031 2.6567 0.7953, -1.2987 2.6635 0.7913, -1.2987 2.6635 0.7953, -1.2975 2.6649 0.7913, -1.2975 2.6649 0.7953, -1.2914 2.67 0.7913, -1.2914 2.67 0.7953, -1.2839 2.6735 0.7913, -1.2839 2.6735 0.7953, -1.2757 2.6752 0.7913, -1.2757 2.6752 0.7953, -1.2715 2.6754 0.7913, -1.2715 2.6754 0.7953, -1.2601 2.6741 0.7913, -1.2531 2.6715 0.7913, -1.2504 2.6705 0.7953, -1.2601 2.6741 0.7953, -1.2504 2.6705 0.7913, -1.249 2.6698 0.7913, -1.249 2.6698 0.7953, -1.249 2.6826 0.7953, -1.249 2.6826 0.7913, -1.2716 2.6865 0.7913, -1.2716 2.6865 0.7953, -1.2707 2.6865 0.7953, -1.2531 2.6839 0.7913, -1.2584 2.6854 0.7953, -1.2584 2.6854 0.7913, -1.2618 2.6857 0.7913, -1.2707 2.6865 0.7913, -1.2839 2.6852 0.7953, -1.2791 2.6857 0.7913, -1.2839 2.6852 0.7913, -1.2941 2.6816 0.7913, -1.2941 2.6816 0.7953, -1.3036 2.6754 0.7913, -1.3036 2.6754 0.7953, -1.3066 2.6725 0.7913, -1.3066 2.6725 0.7953, -1.3133 2.6638 0.7913, -1.3161 2.6574 0.7913, -1.3179 2.6533 0.7953, -1.3133 2.6638 0.7953, -1.3179 2.6533 0.7913, -1.3202 2.641 0.7913, -1.3202 2.641 0.7953, -1.3204 2.6355 0.7913, -1.3204 2.6355 0.7953, -1.3191 2.6223 0.7913, -1.3191 2.6223 0.7953, -1.3161 2.6135 0.7913, -1.3155 2.6118 0.7953, -1.3155 2.6118 0.7913, -1.3102 2.6034 0.7913, -1.3102 2.6034 0.7953, -1.3082 2.601 0.7913, -1.3082 2.601 0.7953, -1.2912 2.5903 0.7913, -1.3003 2.5945 0.7953, -1.3003 2.5945 0.7913, -1.2837 2.5888 0.7913, -1.2809 2.5882 0.7953, -1.2912 2.5903 0.7953, -1.2809 2.5882 0.7913, -1.2754 2.588 0.7913, -1.2754 2.588 0.7953, -1.2609 2.5894 0.7953, -1.267 2.5888 0.7913, -1.2609 2.5894 0.7913, -1.2506 2.5927 0.7953, -1.2531 2.5919 0.7913, -1.2506 2.5927 0.7913, -1.249 2.5936 0.7913, -1.249 2.5936 0.7953, -1.249 2.6054 0.7953, -1.249 2.6054 0.7913, -1.2531 2.6035 0.7913, -1.2584 2.6011 0.7953, -1.2584 2.6011 0.7913, -1.2692 2.5991 0.7913, -1.2692 2.5991 0.7953, -0.9317 2.4752 0.7953, -0.9356 2.4645 0.7953, -0.8997 2.4752 0.7953, -0.8959 2.4645 0.7953, -0.9175 2.5148 0.7953, -0.9221 2.5337 0.7953, -0.9584 2.4384 0.7953, -0.9448 2.4384 0.7953, -0.9166 2.5177 0.7953, -0.9159 2.5215 0.7953, -0.9089 2.5337 0.7953, -0.9156 2.5215 0.7953, -0.9149 2.5175 0.7953, -0.9141 2.5148 0.7953, -0.8726 2.4384 0.7953, -0.8862 2.4384 0.7953, -0.9221 2.5337 0.7913, -0.9089 2.5337 0.7913, -0.9584 2.4384 0.7913, -0.9448 2.4384 0.7913, -0.9356 2.4645 0.7913, -0.8959 2.4645 0.7913, -0.8862 2.4384 0.7913, -0.8726 2.4384 0.7913, -0.9175 2.5148 0.7913, -0.9166 2.5177 0.7913, -0.9159 2.5215 0.7913, -0.9317 2.4752 0.7913, -0.8997 2.4752 0.7913, -0.9141 2.5148 0.7913, -0.9156 2.5215 0.7913, -0.9149 2.5175 0.7913
            ]
        }
        coordIndex [
            0,1,2,-1,0,2,3,-1,3,2,4,-1,3,4,5,-1,5,4,6,-1,5,6,7,-1,7,6,8,-1,7,8,9,-1,9,8,10,-1,9,10,11,-1,11,10,12,-1,11,12,13,-1,13,12,14,-1,13,14,15,-1,15,14,16,-1,15,16,17,-1,17,16,18,-1,17,18,19,-1,19,18,20,-1,19,20,21,-1,21,20,22,-1,21,22,23,-1,23,22,24,-1,23,24,25,-1,25,24,26,-1,25,26,27,-1,27,26,28,-1,27,28,29,-1,29,28,30,-1,29,30,31,-1,31,30,32,-1,31,32,33,-1,33,32,34,-1,35,36,34,-1,34,36,37,-1,34,37,33,-1,35,38,36,-1,36,38,39,-1,36,39,40,-1,41,40,42,-1,42,40,39,-1,43,44,45,-1,41,42,46,-1,41,46,47,-1,46,48,47,-1,47,48,49,-1,47,49,45,-1,45,49,50,-1,45,50,43,-1,44,43,51,-1,51,43,52,-1,52,53,51,-1,51,53,54,-1,51,54,55,-1,55,54,56,-1,55,56,57,-1,57,56,58,-1,57,58,59,-1,59,58,60,-1,61,62,60,-1,60,62,63,-1,60,63,59,-1,61,64,62,-1,62,64,65,-1,62,65,66,-1,66,65,67,-1,66,67,68,-1,68,67,69,-1,68,69,70,-1,70,69,71,-1,70,71,72,-1,71,73,72,-1,72,73,74,-1,72,74,75,-1,75,74,76,-1,75,76,77,-1,78,79,80,-1,80,79,77,-1,80,77,76,-1,81,82,78,-1,78,82,83,-1,78,83,79,-1,81,84,82,-1,82,84,85,-1,82,85,86,-1,87,86,85,-1,85,88,87,-1,87,88,89,-1,87,89,90,-1,90,89,91,-1,91,92,90,-1,90,92,93,-1,90,93,94,-1,95,94,96,-1,96,94,93,-1,95,96,97,-1,95,97,98,-1,97,99,98,-1,98,99,100,-1,98,100,101,-1,101,100,1,-1,101,1,0,-1,36,40,41,-1,11,13,70,-1,19,21,63,-1,70,13,68,-1,63,21,59,-1,36,41,37,-1,37,41,47,-1,37,47,33,-1,33,47,45,-1,33,45,31,-1,31,45,44,-1,31,44,29,-1,29,44,51,-1,29,51,27,-1,51,55,27,-1,27,55,57,-1,27,57,25,-1,25,57,59,-1,25,59,23,-1,23,59,21,-1,70,72,11,-1,11,72,75,-1,11,75,9,-1,9,75,77,-1,9,77,7,-1,7,77,79,-1,7,79,5,-1,5,79,83,-1,5,83,3,-1,3,83,82,-1,3,82,0,-1,0,82,86,-1,0,86,101,-1,101,86,87,-1,101,87,98,-1,98,87,90,-1,98,90,95,-1,95,90,94,-1,13,15,68,-1,68,15,17,-1,68,17,66,-1,66,17,19,-1,66,19,62,-1,62,19,63,-1,102,103,104,-1,104,103,105,-1,106,107,102,-1,102,107,108,-1,102,108,103,-1,103,108,109,-1,106,110,107,-1,107,110,111,-1,107,111,112,-1,112,111,113,-1,112,113,114,-1,114,115,112,-1,112,115,104,-1,112,104,116,-1,116,104,105,-1,116,105,117,-1,107,112,118,-1,118,112,119,-1,108,107,120,-1,120,107,118,-1,109,108,121,-1,121,108,120,-1,103,109,122,-1,122,109,121,-1,105,103,123,-1,123,103,122,-1,117,105,124,-1,124,105,123,-1,116,117,125,-1,125,117,124,-1,112,116,119,-1,119,116,125,-1,106,126,127,-1,106,127,110,-1,110,127,128,-1,110,128,111,-1,106,102,126,-1,126,102,129,-1,102,104,129,-1,129,104,130,-1,104,115,130,-1,130,115,131,-1,113,132,133,-1,113,133,114,-1,114,133,131,-1,114,131,115,-1,113,111,132,-1,132,111,128,-1,
        ]
    }
}
Shape{
    appearance Appearance {
        material  Material 	{
            diffuseColor 0.6666666666666666 0.6666666666666666 0.6666666666666666
            specularColor 0.4666666666666667 0.4666666666666667 0.4666666666666667
            ambientIntensity 0.6667
            transparency 0.0
            shininess 0.5
        }
    }
    geometry IndexedFaceSet {
        ccw TRUE
        solid FALSE
        coord DEF co Coordinate {
            point [
                -0.9156 2.5215 0.7913, -0.9159 2.5215 0.7913, -0.9149 2.5175 0.7913, -0.9166 2.5177 0.7913, -0.9141 2.5148 0.7913, -0.9175 2.5148 0.7913, -0.8997 2.4752 0.7913, -0.9317 2.4752 0.7913
            ]
        }
        coordIndex [
            0,1,2,-1,2,1,3,-1,2,3,4,-1,4,3,5,-1,4,5,6,-1,6,5,7,-1,
        ]
    }
}
Shape{
    appearance Appearance {
        material  Material 	{
            diffuseColor 0.0 0.0 0.0
            specularColor 0.0 0.0 0.0
            ambientIntensity 0.0
            transparency 0.0
            shininess 0.5
        }
    }
    geometry IndexedFaceSet {
        ccw TRUE
        solid FALSE
        coord DEF co Coordinate {
            point [
                -1.0983 2.4493 0.7913, -1.0983 2.4493 0.7953, -1.0804 2.4493 0.7913, -1.0593 2.4493 0.7953, -1.0593 2.4493 0.7913, -1.0983 2.4813 0.7953, -1.0983 2.4813 0.7913, -1.0642 2.4813 0.7913, -1.0642 2.4813 0.7953, -1.0804 2.4813 0.7913, -1.0642 2.4922 0.7953, -1.0642 2.4922 0.7913, -1.0983 2.4922 0.7913, -1.0983 2.4922 0.7953, -1.0804 2.4922 0.7913, -1.0983 2.5227 0.7953, -1.0983 2.5227 0.7913, -1.0615 2.5227 0.7913, -1.0615 2.5227 0.7953, -1.0804 2.5227 0.7913, -1.0615 2.5337 0.7953, -1.0615 2.5337 0.7913, -1.1106 2.5337 0.7913, -1.1106 2.5337 0.7953, -1.0804 2.5337 0.7913, -1.1106 2.4384 0.7953, -1.1106 2.4384 0.7913, -1.0593 2.4384 0.7913, -1.0593 2.4384 0.7953, -1.0804 2.4384 0.7913, -1.3623 2.4493 0.7953, -1.3233 2.4493 0.7953, -1.3623 2.4493 0.7913, -1.3233 2.4493 0.7913, -1.3623 2.4813 0.7953, -1.3623 2.4813 0.7913, -1.3282 2.4813 0.7953, -1.3282 2.4813 0.7913, -1.3282 2.4922 0.7953, -1.3282 2.4922 0.7913, -1.3623 2.4922 0.7953, -1.3623 2.4922 0.7913, -1.3623 2.5227 0.7953, -1.3623 2.5227 0.7913, -1.3255 2.5227 0.7953, -1.3255 2.5227 0.7913, -1.3255 2.5337 0.7953, -1.3255 2.5337 0.7913, -1.3746 2.5337 0.7953, -1.3746 2.5337 0.7913, -1.3746 2.4384 0.7953, -1.3746 2.4384 0.7913, -1.3233 2.4384 0.7953, -1.3233 2.4384 0.7913, -1.0511 2.6265 0.7953, -1.055 2.6157 0.7953, -1.0191 2.6265 0.7953, -1.0153 2.6157 0.7953, -1.0369 2.6661 0.7953, -1.0415 2.6849 0.7953, -1.0778 2.5896 0.7953, -1.0642 2.5896 0.7953, -1.036 2.6689 0.7953, -1.0353 2.6728 0.7953, -1.0283 2.6849 0.7953, -1.035 2.6728 0.7953, -1.0342 2.6687 0.7953, -1.0335 2.6661 0.7953, -0.992 2.5896 0.7953, -1.0056 2.5896 0.7953, -1.0415 2.6849 0.7913, -1.0283 2.6849 0.7913, -1.0778 2.5896 0.7913, -1.0503 2.6617 0.7913, -1.0642 2.5896 0.7913, -1.055 2.6157 0.7913, -1.0153 2.6157 0.7913, -1.0503 2.6157 0.7913, -1.0056 2.5896 0.7913, -0.992 2.5896 0.7913, -1.0369 2.6661 0.7913, -1.036 2.6689 0.7913, -1.0353 2.6728 0.7913, -1.0511 2.6265 0.7913, -1.0191 2.6265 0.7913, -1.0335 2.6661 0.7913, -1.035 2.6728 0.7913, -1.0342 2.6687 0.7913
            ]
        }
        coordIndex [
            0,1,2,-1,2,1,3,-1,2,3,4,-1,5,1,6,-1,6,1,0,-1,7,8,9,-1,9,8,5,-1,9,5,6,-1,10,8,11,-1,11,8,7,-1,12,13,14,-1,14,13,10,-1,14,10,11,-1,15,13,16,-1,16,13,12,-1,17,18,19,-1,19,18,15,-1,19,15,16,-1,20,18,21,-1,21,18,17,-1,22,23,24,-1,24,23,20,-1,24,20,21,-1,25,23,26,-1,26,23,22,-1,27,28,29,-1,29,28,25,-1,29,25,26,-1,3,28,4,-1,4,28,27,-1,25,28,3,-1,3,1,25,-1,25,1,5,-1,25,5,23,-1,18,20,15,-1,15,20,23,-1,15,23,13,-1,13,23,5,-1,13,5,10,-1,10,5,8,-1,30,31,32,-1,32,31,33,-1,34,30,35,-1,35,30,32,-1,36,34,37,-1,37,34,35,-1,38,36,39,-1,39,36,37,-1,40,38,41,-1,41,38,39,-1,42,40,43,-1,43,40,41,-1,44,42,45,-1,45,42,43,-1,46,44,47,-1,47,44,45,-1,48,46,49,-1,49,46,47,-1,50,48,51,-1,51,48,49,-1,52,50,53,-1,53,50,51,-1,31,52,33,-1,33,52,53,-1,50,52,31,-1,31,30,50,-1,50,30,34,-1,50,34,48,-1,44,46,42,-1,42,46,48,-1,42,48,40,-1,40,48,34,-1,40,34,38,-1,38,34,36,-1,54,55,56,-1,56,55,57,-1,58,59,54,-1,54,59,60,-1,54,60,55,-1,55,60,61,-1,58,62,59,-1,59,62,63,-1,59,63,64,-1,64,63,65,-1,64,65,66,-1,66,67,64,-1,64,67,56,-1,64,56,68,-1,68,56,57,-1,68,57,69,-1,59,64,70,-1,70,64,71,-1,72,60,73,-1,73,60,59,-1,73,59,70,-1,61,60,74,-1,74,60,72,-1,55,61,75,-1,75,61,74,-1,76,57,77,-1,77,57,55,-1,77,55,75,-1,69,57,78,-1,78,57,76,-1,68,69,79,-1,79,69,78,-1,64,68,71,-1,71,68,79,-1,58,80,81,-1,58,81,62,-1,62,81,82,-1,62,82,63,-1,58,54,80,-1,80,54,83,-1,54,56,83,-1,83,56,84,-1,56,67,84,-1,84,67,85,-1,65,86,87,-1,65,87,66,-1,66,87,85,-1,66,85,67,-1,65,63,86,-1,86,63,82,-1,
        ]
    }
}
Shape{
    appearance Appearance {
        material  Material 	{
            diffuseColor 0.6666666666666666 0.6666666666666666 0.6666666666666666
            specularColor 0.4666666666666667 0.4666666666666667 0.4666666666666667
            ambientIntensity 0.6667
            transparency 0.0
            shininess 0.5
        }
    }
    geometry IndexedFaceSet {
        ccw TRUE
        solid FALSE
        coord DEF co Coordinate {
            point [
                -1.035 2.6728 0.7913, -1.0353 2.6728 0.7913, -1.0342 2.6687 0.7913, -1.036 2.6689 0.7913, -1.0335 2.6661 0.7913, -1.0369 2.6661 0.7913, -1.0191 2.6265 0.7913, -1.0511 2.6265 0.7913
            ]
        }
        coordIndex [
            0,1,2,-1,2,1,3,-1,2,3,4,-1,4,3,5,-1,4,5,6,-1,6,5,7,-1,
        ]
    }
}
Shape{
    appearance Appearance {
        material  Material 	{
            diffuseColor 0.0 0.0 0.0
            specularColor 0.0 0.0 0.0
            ambientIntensity 0.0
            transparency 0.0
            shininess 0.5
        }
    }
    geometry IndexedFaceSet {
        ccw TRUE
        solid FALSE
        coord DEF co Coordinate {
            point [
                -1.2176 2.6005 0.7913, -1.2176 2.6005 0.7953, -1.1919 2.6005 0.7913, -1.1787 2.6005 0.7953, -1.1787 2.6005 0.7913, -1.2176 2.6325 0.7953, -1.2176 2.6325 0.7913, -1.1835 2.6325 0.7953, -1.1919 2.6325 0.7913, -1.1835 2.6325 0.7913, -1.1835 2.6435 0.7953, -1.1835 2.6435 0.7913, -1.2176 2.6435 0.7913, -1.2176 2.6435 0.7953, -1.1919 2.6435 0.7913, -1.2176 2.674 0.7953, -1.2176 2.674 0.7913, -1.1808 2.674 0.7953, -1.1919 2.674 0.7913, -1.1808 2.674 0.7913, -1.1808 2.6849 0.7953, -1.1808 2.6849 0.7913, -1.2299 2.6849 0.7913, -1.2299 2.6849 0.7953, -1.1919 2.6849 0.7913, -1.2299 2.5896 0.7953, -1.2299 2.5896 0.7913, -1.1787 2.5896 0.7913, -1.1787 2.5896 0.7953, -1.1919 2.5896 0.7913, -1.3623 2.6005 0.7953, -1.3243 2.6005 0.7953, -1.3623 2.6005 0.7913, -1.3243 2.6005 0.7913, -1.3623 2.6849 0.7953, -1.3623 2.6849 0.7913, -1.3746 2.6849 0.7953, -1.3746 2.6849 0.7913, -1.3746 2.5896 0.7953, -1.3746 2.5896 0.7913, -1.3243 2.5896 0.7953, -1.3243 2.5896 0.7913
            ]
        }
        coordIndex [
            0,1,2,-1,2,1,3,-1,2,3,4,-1,5,1,6,-1,6,1,0,-1,5,6,7,-1,7,6,8,-1,7,8,9,-1,10,7,11,-1,11,7,9,-1,12,13,14,-1,14,13,10,-1,14,10,11,-1,15,13,16,-1,16,13,12,-1,15,16,17,-1,17,16,18,-1,17,18,19,-1,20,17,21,-1,21,17,19,-1,22,23,24,-1,24,23,20,-1,24,20,21,-1,25,23,26,-1,26,23,22,-1,27,28,29,-1,29,28,25,-1,29,25,26,-1,3,28,4,-1,4,28,27,-1,25,28,3,-1,3,1,25,-1,25,1,5,-1,25,5,23,-1,17,20,15,-1,15,20,23,-1,15,23,13,-1,13,23,5,-1,13,5,10,-1,10,5,7,-1,30,31,32,-1,32,31,33,-1,34,30,35,-1,35,30,32,-1,36,34,37,-1,37,34,35,-1,38,36,39,-1,39,36,37,-1,40,38,41,-1,41,38,39,-1,31,40,33,-1,33,40,41,-1,34,36,30,-1,30,36,38,-1,30,38,31,-1,31,38,40,-1,
        ]
    }
}